FEEDER_ID,FROM_TO,SOURCE_LOCATION,DESTINATION_LOCATION,RANK,FROM_SWITCH,TO_SWITCH
15454,15454-38196,1S-MH-MU-ZST-RSTN-24TH,1S-MH-MU-ZST-CL02-1238,1,15454,38196
15454,38195-34116,1S-MH-MU-ZST-CL02-1238,1S-MH-MU-ZST-CL02-0894,2,38195,34116
15454,34114-32764,1S-MH-MU-ZST-CL02-0894,1S-MH-MU-ZST-CL01-0860,3,34114,32764
15454,32766-31556,1S-MH-MU-ZST-CL01-0860,1S-MH-MU-ZST-CL02-0815,4,32766,31556
15454,31555-4467,1S-MH-MU-ZST-CL02-0815,1S-MH-MU-ZST-CL02-0054,5,31555,4467
15454,4465-17733,1S-MH-MU-ZST-CL02-0054,1S-MH-MU-ZST-CL02-0003,6,4465,17733
15454,17731-38557,1S-MH-MU-ZST-CL02-0003,1S-MH-MU-ZST-CL02-1240,7,17731,38557
15454,38558-10421,1S-MH-MU-ZST-CL02-1240,1S-MH-MU-ZST-CL03-0344,8,38558,10421
15454,4466-35381,1S-MH-MU-ZST-CL02-0054,1S-MH-MU-ZST-CL02-0645,5.1,4466,35381
15454,40767-9016,1S-MH-MU-ZST-CL02-0054,1S-MH-MU-ZST-CL02-0526,5.2,40767,9016
15451,15451-31551,1S-MH-MU-ZST-RSTN-24TH,1S-MH-MU-ZST-CL02-0885,1,15451,31551
15451,39786-39785,1S-MH-MU-ZST-CL02-0885,1S-MH-MU-ZST-CL02-0414,2,39786,39785
15451,15770-29785,1S-MH-MU-ZST-CL02-0414,1S-MH-MU-ZST-CL02-0198,3,15770,29785
15451,29783-37301,1S-MH-MU-ZST-CL02-0198,1S-MH-MU-ZST-CL02-1121,4,29783,37301
15451,37302-6351,1S-MH-MU-ZST-CL02-1121,1S-MH-MU-ZST-CL02-0200,5,37302,6351
15451,6353-38538,1S-MH-MU-ZST-CL02-0200,1S-MH-MU-ZST-CL02-1253,6,6353,38538
15451,38537-5999,1S-MH-MU-ZST-CL02-1253,1S-MH-MU-ZST-CL02-0013,7,38537,5999
15451,30975-36876,1S-MH-MU-ZST-CL02-0013,1S-MH-MU-ZST-CL02-1164,8,30975,36876
15451,36874-32412,1S-MH-MU-ZST-CL02-1164,1S-MH-MU-ZST-CL02-0842,9,36874,32412
15451,32410-35496,1S-MH-MU-ZST-CL02-0842,1S-MH-MU-ZST-CL02-0978,10,32410,35496
15451,35494-40416,1S-MH-MU-ZST-CL02-0978,1S-MH-MU-ZST-CL02-1347,11,35494,40416
15451,6001-39046,1S-MH-MU-ZST-CL02-0013,1S-MH-MU-ZST-CL02-1278,7.1,6001,39046
15451,18940-719,1S-MH-MU-ZST-CL02-0200,1S-MH-MU-ZST-CL02-0296,5.1,18940,719
15451,31553-39603,1S-MH-MU-ZST-CL02-0885,1S-MH-MU-ZST-RSTN-KHAR,1.1,31553,39603
15452,15452-44097,1S-MH-MU-ZST-RSTN-24TH,1S-MH-MU-ZST-CL03-1207,1,15452,44097
15452,39817-29542,1S-MH-MU-ZST-CL03-1207,1S-MH-MU-ZST-CL02-0746,2,39817,29542
15452,29544-29539,1S-MH-MU-ZST-CL02-0746,1S-MH-MU-ZST-CL02-0745,3,29544,29539
15452,29541-26907,1S-MH-MU-ZST-CL02-0745,1S-MH-MU-ZST-CL02-0698,4,29541,26907
15452,26905-1011,1S-MH-MU-ZST-CL02-0698,1S-MH-MU-ZST-CL02-0298,5,26905,1011
15452,2661-5952,1S-MH-MU-ZST-CL02-0298,1S-MH-MU-ZST-CL02-0005,6,2661,5952
15452,5954-39984,1S-MH-MU-ZST-CL02-0005,1S-MH-MU-ZST-CL02-0942,7,5954,39984
15452,39982-37631,1S-MH-MU-ZST-CL02-0942,1S-MH-MU-ZST-CL02-1052,8,39982,37631
15452,37629-32992,1S-MH-MU-ZST-CL02-1052,1S-MH-MU-ZST-CL02-0872,9,37629,32992
15452,32990-32887,1S-MH-MU-ZST-CL02-0872,1S-MH-MU-ZST-CL02-0865,10,32990,32887
15452,32889-44229,1S-MH-MU-ZST-CL02-0865,1S-MH-MU-ZST-CL02-0996,11,32889,44229
15452,44230-2469,1S-MH-MU-ZST-CL02-0996,1S-MH-MU-ZST-CL02-0114,12,44230,2469
15452,2467-25702,1S-MH-MU-ZST-CL02-0114,1S-MH-MU-ZST-CL02-0657,13,2467,25702
15452,25700-528,1S-MH-MU-ZST-CL02-0657,1S-MH-MU-ZST-CL02-0541,14,25700,528
15452,6811-HTCONSUMER,1S-MH-MU-ZST-CL02-0298,NAN,5.1,6811,HTCONSUMER
15452,37568-31740,1S-MH-MU-ZST-CL03-1207,1S-MH-MU-ZST-CL03-0822,1.1,37568,31740
15452,31738-32926,1S-MH-MU-ZST-CL03-0822,1S-MH-MU-ZST-CL02-0867,1.2,31738,32926
15452,32928-41902,1S-MH-MU-ZST-CL02-0867,1S-MH-MU-ZST-RSTN-BAND,1.3,32928,41902
15452,41902-43307,1S-MH-MU-ZST-RSTN-BAND,1S-MH-MU-ZST-CL01-1398,1.4,41902,43307
15455,15455-26553,1S-MH-MU-ZST-RSTN-24TH,1S-MH-MU-ZST-CL02-0683,1,15455,26553
15455,26555-29004,1S-MH-MU-ZST-CL02-0683,1S-MH-MU-ZST-CL02-0728,2,26555,29004
15455,29003-36632,1S-MH-MU-ZST-CL02-0728,1S-MH-MU-ZST-CL02-1158,3,29003,36632
15455,36631-39108,1S-MH-MU-ZST-CL02-1158,1S-MH-MU-ZST-CL02-0490,4,36631,39108
15455,39107-35015,1S-MH-MU-ZST-CL02-0490,1S-MH-MU-ZST-CL02-0969,5,39107,35015
15455,35013-NAN,1S-MH-MU-ZST-CL02-0969,NAN,6,35013,NAN
15455,35013-43066,1S-MH-MU-ZST-CL02-0969,1S-MH-MU-ZST-CL02-0031,5.1,35013,43066
15455,35015-NAN,1S-MH-MU-ZST-CL02-0969,NAN,5.2,35015,NAN
15458,15458-CAP BANK,1S-MH-MU-ZST-RSTN-24TH,1S-MH-MU-ZST-RSTN-24TH,1,15458,CAP BANK
29198,29198-30178,1S-MH-MU-ZET-RSTN-ACRO,1S-MH-MU-ZET-CL11-9179,1,29198,30178
29198,30179-30487,1S-MH-MU-ZET-CL11-9179,1S-MH-MU-ZET-CL11-9183,2,30179,30487
29199,29199-30083,1S-MH-MU-ZET-RSTN-ACRO,1S-MH-MU-ZET-CL11-9180,1,29199,30083
29199,30084-30694,1S-MH-MU-ZET-CL11-9180,1S-MH-MU-ZET-CL11-9198,2,30084,30694
29199,30695-30488,1S-MH-MU-ZET-CL11-9198,1S-MH-MU-ZET-CL11-9183,3,30695,30488
29201,29201-2609,1S-MH-MU-ZET-RSTN-ACRO,1S-MH-MU-ZET-CL11-8539,1,29201,2609
29201,2610-12508,1S-MH-MU-ZET-CL11-8539,1S-MH-MU-ZET-CL11-8863,2,2610,12508
29201,12509-32786,1S-MH-MU-ZET-CL11-8863,1S-MH-MU-ZET-CL11-8141,3,12509,32786
29201,19391-35759,1S-MH-MU-ZET-CL11-8141,1S-MH-MU-ZET-CL11-9488,4,19391,35759
29201,35757-30452,1S-MH-MU-ZET-CL11-9488,1S-MH-MU-ZET-CL11-8879,5,35757,30452
29201,30451-11634,1S-MH-MU-ZET-CL11-8879,1S-MH-MU-ZET-CL11-8872,6,30451,11634
29201,32723-13745,1S-MH-MU-ZET-CL11-8872,1S-MH-MU-ZET-CL11-8875,7,32723,13745
29201,13744-26807,1S-MH-MU-ZET-CL11-8875,1S-MH-MU-ZET-CL11-9056,8,13744,26807
29201,26809-11688,1S-MH-MU-ZET-CL11-9056,1S-MH-MU-ZET-CL11-8871,9,26809,11688
29201,35758-HTCONSUMER,1S-MH-MU-ZET-CL11-9488,NAN,4.1,35758,HTCONSUMER
29201,36479-16376,1S-MH-MU-ZET-CL11-8141,1S-MH-MU-ZET-CL11-8140,3.1,36479,16376
29201,32785-11535,1S-MH-MU-ZET-CL11-8141,1S-MH-MU-ZET-CL11-8138,3.2,32785,11535
29202,29202-5297,1S-MH-MU-ZET-RSTN-ACRO,1S-MH-MU-ZET-CL11-8177,1,29202,5297
29202,17631-7335,1S-MH-MU-ZET-CL11-8177,1S-MH-MU-ZET-CL08-8499,2,17631,7335
29202,7336-10190,1S-MH-MU-ZET-CL08-8499,1S-MH-MU-ZET-CL08-8221,3,7336,10190
29202,10188-41048,1S-MH-MU-ZET-CL08-8221,1S-MH-MU-ZET-CL08-9765,4,10188,41048
29202,41047-39969,1S-MH-MU-ZET-CL08-9765,1S-MH-MU-ZET-CL08-9732,5,41047,39969
29202,7337-25661,1S-MH-MU-ZET-CL08-8499,1S-MH-MU-ZET-CL08-9011,2.1,7337,25661
29202,5296-17595,1S-MH-MU-ZET-CL11-8177,1S-MH-MU-ZET-CL11-8036,1.1,5296,17595
29202,17596-12373,1S-MH-MU-ZET-CL11-8036,1S-MH-MU-ZET-CL12-8090,1.2,17596,12373
29202,12372-12151,1S-MH-MU-ZET-CL12-8090,1S-MH-MU-ZET-CL12-8524,1.3,12372,12151
29202,5298-31036,1S-MH-MU-ZET-CL11-8177,1S-MH-MU-ZET-CL11-8049,1.2,5298,31036
29203,29203-17065,1S-MH-MU-ZET-RSTN-ACRO,1S-MH-MU-ZET-CL11-8553,1,29203,17065
29203,17066-18431,1S-MH-MU-ZET-CL11-8553,1S-MH-MU-ZET-CL11-8852,2,17066,18431
29203,18433-6021,1S-MH-MU-ZET-CL11-8852,1S-MH-MU-ZET-CL11-8240,3,18433,6021
29203,6020-19377,1S-MH-MU-ZET-CL11-8240,1S-MH-MU-ZET-CL11-9871,4,6020,19377
29203,19378-25697,1S-MH-MU-ZET-CL11-9871,1S-MH-MU-ZET-CL11-9014,5,19378,25697
29203,25698-2883,1S-MH-MU-ZET-CL11-9014,1S-MH-MU-ZET-CL11-8548,6,25698,2883
29203,2881-38596,1S-MH-MU-ZET-CL11-8548,1S-MH-MU-ZET-CL11-9681,7,2881,38596
29203,38597-16414,1S-MH-MU-ZET-CL11-9681,1S-MH-MU-ZET-CL11-8218,8,38597,16414
29203,38598-30489,1S-MH-MU-ZET-CL11-9681,1S-MH-MU-ZET-CL11-9183,7.1,38598,30489
29203,17067-10672,1S-MH-MU-ZET-CL11-8553,1S-MH-MU-ZET-CL11-8003,1.1,17067,10672
29205,29205-CAP BANK,1S-MH-MU-ZET-RSTN-ACRO,1S-MH-MU-ZET-RSTN-ACRO,1,29205,CAP BANK
29207,29207-6630,1S-MH-MU-ZET-RSTN-ACRO,1S-MH-MU-ZET-CL11-8898,1,29207,6630
29207,11436-842,1S-MH-MU-ZET-CL11-8898,1S-MH-MU-ZET-CL11-8324,2,11436,842
29207,14441-2872,1S-MH-MU-ZET-CL11-8324,1S-MH-MU-ZET-CL11-8116,3,14441,2872
29207,2874-25279,1S-MH-MU-ZET-CL11-8116,1S-MH-MU-ZET-RSTN-CHEM,4,2874,25279
29207,2873-HTCONSUMER,1S-MH-MU-ZET-CL11-8116,NAN,3.1,2873,HTCONSUMER
29207,2207-29494,1S-MH-MU-ZET-CL11-8324,1S-MH-MU-ZET-CL11-9139,2.1,2207,29494
29207,29493-4973,1S-MH-MU-ZET-CL11-9139,1S-MH-MU-ZET-CL11-8749,2.2,29493,4973
29209,29209-26899,1S-MH-MU-ZET-RSTN-ACRO,1S-MH-MU-ZET-CL11-9060,1,29209,26899
29209,26901-17394,1S-MH-MU-ZET-CL11-9060,1S-MH-MU-ZET-CL11-8878,2,26901,17394
29209,29252-43105,1S-MH-MU-ZET-CL11-8878,1S-MH-MU-ZET-CL11-9866,3,29252,43105
29209,43104-14389,1S-MH-MU-ZET-CL11-9866,1S-MH-MU-ZET-CL11-8534,4,43104,14389
29209,14392-11690,1S-MH-MU-ZET-CL11-8534,1S-MH-MU-ZET-CL11-8871,5,14392,11690
29211,29211-4706,1S-MH-MU-ZET-RSTN-ACRO,1S-MH-MU-ZET-CL11-8322,1,29211,4706
29211,4708-2982,1S-MH-MU-ZET-CL11-8322,1S-MH-MU-ZET-CL11-8909,2,4708,2982
29211,2984-13325,1S-MH-MU-ZET-CL11-8909,1S-MH-MU-ZET-CL11-8706,3,2984,13325
29211,13324-26176,1S-MH-MU-ZET-CL11-8706,1S-MH-MU-ZET-CL11-8323,4,13324,26176
29211,26177-34431,1S-MH-MU-ZET-CL11-8323,1S-MH-MU-ZET-CL11-9353,5,26177,34431
29211,34432-32515,1S-MH-MU-ZET-CL11-9353,1S-MH-MU-ZET-CL11-8605,6,34432,32515
29211,31636-HTCONSUMER,1S-MH-MU-ZET-CL11-8909,NAN,2.1,31636,HTCONSUMER
29212,29212-6713,1S-MH-MU-ZET-RSTN-ACRO,1S-MH-MU-ZET-CL11-8890,1,29212,6713
29212,6711-12818,1S-MH-MU-ZET-CL11-8890,1S-MH-MU-ZET-CL11-8060,2,6711,12818
29212,12820-2926,1S-MH-MU-ZET-CL11-8060,1S-MH-MU-ZET-CL11-8877,3,12820,2926
29212,2927-14001,1S-MH-MU-ZET-CL11-8877,1S-MH-MU-ZET-CL11-8049,4,2927,14001
29212,12819-HTCONSUMER,1S-MH-MU-ZET-CL11-8060,NAN,2.1,12819,HTCONSUMER
29213,29213-14919,1S-MH-MU-ZET-RSTN-ACRO,1S-MH-MU-ZET-CL11-8054,1,29213,14919
29213,14921-28926,1S-MH-MU-ZET-CL11-8054,1S-MH-MU-ZET-CL11-9108,2,14921,28926
29213,28925-15620,1S-MH-MU-ZET-CL11-9108,1S-MH-MU-ZET-CL11-8357,3,28925,15620
29213,15622-14292,1S-MH-MU-ZET-CL11-8357,1S-MH-MU-ZET-CL11-8889,4,15622,14292
29214,29214-CAP BANK,1S-MH-MU-ZET-RSTN-ACRO,1S-MH-MU-ZET-RSTN-ACRO,1,29214,CAP BANK
10205,10205-18556,1S-MH-MU-ZSC-RSTN-AMBI,1S-MH-MU-ZSC-CL09-2382,1,10205,18556
10205,18558-18559,1S-MH-MU-ZSC-CL09-2382,1S-MH-MU-ZSC-CL09-2383,2,18558,18559
10205,10205-10634,1S-MH-MU-ZSC-RSTN-AMBI,1S-MH-MU-ZSC-CL09-2723,2,10205,10634
10205,10632-573,1S-MH-MU-ZSC-CL09-2723,1S-MH-MU-ZSC-CL09-2074,3,10632,573
10205,574-39130,1S-MH-MU-ZSC-CL09-2074,1S-MH-MU-ZSC-CL09-3373,4,574,39130
10205,39131-28802,1S-MH-MU-ZSC-CL09-3373,1S-MH-MU-ZSC-CL09-3058,5,39131,28802
10205,28803-32963,1S-MH-MU-ZSC-CL09-3058,1S-MH-MU-ZSC-CL08-3241,6,28803,32963
10205,32965-4857,1S-MH-MU-ZSC-CL08-3241,1S-MH-MU-ZSC-CL09-2185,7,32965,4857
10205,572-39962,1S-MH-MU-ZSC-CL09-2074,1S-MH-MU-ZSC-CL06-3404,3.1,572,39962
10205,39964-39632,1S-MH-MU-ZSC-CL06-3404,1S-MH-MU-ZSC-CL06-3489,3.2,39964,39632
10205,39633-5821,1S-MH-MU-ZSC-CL06-3489,1S-MH-MU-ZSC-CL06-2088,3.3,39633,5821
10205,16951-4853,1S-MH-MU-ZSC-CL09-2723,1S-MH-MU-ZSC-CL09-2366,2.1,16951,4853
10205,4855-6089,1S-MH-MU-ZSC-CL09-2366,1S-MH-MU-ZSC-CL09-2348,2.2,4855,6089
10205,6088-25212,1S-MH-MU-ZSC-CL09-2348,1S-MH-MU-ZSC-CL09-2019,2.3,6088,25212
10206,10206-4804,1S-MH-MU-ZSC-RSTN-AMBI,1S-MH-MU-ZSC-CL09-2298,1,10206,4804
10206,4806-4856,1S-MH-MU-ZSC-CL09-2298,1S-MH-MU-ZSC-CL09-2185,2,4806,4856
10206,16854-18162,1S-MH-MU-ZSC-CL09-2185,1S-MH-MU-ZSC-CL09-2027,3,16854,18162
10206,18160-10129,1S-MH-MU-ZSC-CL09-2027,1S-MH-MU-ZSC-CL07-2739,4,18160,10129
10206,10131-35474,1S-MH-MU-ZSC-CL07-2739,1S-MH-MU-ZSC-CL07-3317,5,10131,35474
10206,35475-1045,1S-MH-MU-ZSC-CL07-3317,1S-MH-MU-ZSC-CL07-2297,6,35475,1045
10206,1047-35450,1S-MH-MU-ZSC-CL07-2297,1S-MH-MU-ZSC-CL09-3297,7,1047,35450
10206,4858-40848,1S-MH-MU-ZSC-CL09-2185,1S-MH-MU-ZSC-CL08-3291,2.1,4858,40848
10206,40847-29393,1S-MH-MU-ZSC-CL08-3291,1S-MH-MU-ZSC-CL09-3085,2.2,40847,29393
10206,29395-29956,1S-MH-MU-ZSC-CL09-3085,1S-MH-MU-ZSC-CL09-3112,2.3,29395,29956
10206,29954-29957,1S-MH-MU-ZSC-CL09-3112,1S-MH-MU-ZSC-CL09-3113,2.4,29954,29957
10206,29959-9025,1S-MH-MU-ZSC-CL09-3113,1S-MH-MU-ZSC-CL09-2075,2.5,29959,9025
10207,10207-41773,1S-MH-MU-ZSC-RSTN-AMBI,1S-MH-MU-ZSC-CL05-3321,1,10207,41773
10207,41772-35754,1S-MH-MU-ZSC-CL05-3321,1S-MH-MU-ZSC-CL09-3211,2,41772,35754
10207,35755-15803,1S-MH-MU-ZSC-CL09-3211,1S-MH-MU-ZSC-CL09-2281,3,35755,15803
10207,15801-34616,1S-MH-MU-ZSC-CL09-2281,1S-MH-MU-ZSC-CL06-3280,4,15801,34616
10207,34614-7119,1S-MH-MU-ZSC-CL06-3280,1S-MH-MU-ZSC-CL06-2835,5,34614,7119
10207,32854-18508,1S-MH-MU-ZSC-CL06-2835,1S-MH-MU-ZSC-CL06-2221,6,32854,18508
10207,7118-15373,1S-MH-MU-ZSC-CL06-2835,1S-MH-MU-ZSC-CL06-2222,5.1,7118,15373
10207,7117-37387,1S-MH-MU-ZSC-CL06-2835,1S-MH-MU-ZSC-CL06-3428,5.2,7117,37387
10207,35756-HTCONSUMER,1S-MH-MU-ZSC-CL09-3211,NAN,2.1,35756,HTCONSUMER
10209,10209-14433,1S-MH-MU-ZSC-RSTN-AMBI,1S-MH-MU-ZSC-CL09-2244,1,10209,14433
10209,14435-7339,1S-MH-MU-ZSC-CL09-2244,1S-MH-MU-ZSC-CL09-2432,2,14435,7339
10209,7341-32373,1S-MH-MU-ZSC-CL09-2432,1S-MH-MU-ZSC-CL09-3225,3,7341,32373
10209,32374-32272,1S-MH-MU-ZSC-CL09-3225,1S-MH-MU-ZSC-CL09-3168,4,32374,32272
10209,32274-16164,1S-MH-MU-ZSC-CL09-3168,1S-MH-MU-ZSC-CL09-2806,5,32274,16164
10210,10210-38517,1S-MH-MU-ZSC-RSTN-AMBI,1S-MH-MU-ZSC-CL08-3475,1,10210,38517
10210,38516-19899,1S-MH-MU-ZSC-CL08-3475,1S-MH-MU-ZSC-CL09-2926,2,38516,19899
10210,19902-16613,1S-MH-MU-ZSC-CL09-2926,1S-MH-MU-ZSC-CL09-2607,3,19902,16613
10210,16615-9880,1S-MH-MU-ZSC-CL09-2607,1S-MH-MU-ZSC-CL09-3004,4,16615,9880
10210,9882-32413,1S-MH-MU-ZSC-CL09-3004,1S-MH-MU-ZSC-CL09-2765,5,9882,32413
10210,32415-7439,1S-MH-MU-ZSC-CL09-2765,1S-MH-MU-ZSC-CL09-2040,6,32415,7439
10210,7440-14263,1S-MH-MU-ZSC-CL09-2040,1S-MH-MU-ZSC-CL09-2815,7,7440,14263
10210,7442-15923,1S-MH-MU-ZSC-CL09-2040,1S-MH-MU-ZSC-CL09-2840,6.1,7442,15923
10210,32414-HTCONSUMER,1S-MH-MU-ZSC-CL09-2765,NAN,5.1,32414,HTCONSUMER
10210,10210-18335,1S-MH-MU-ZSC-RSTN-AMBI,1S-MH-MU-ZSC-CL05-2583,2,10210,18335
10210,18333-37506,1S-MH-MU-ZSC-CL05-2583,1S-MH-MU-ZSC-CL05-3379,3,18333,37506
10210,37508-15445,1S-MH-MU-ZSC-CL05-3379,1S-MH-MU-ZSC-CL05-2737,4,37508,15445
10210,15444-15393,1S-MH-MU-ZSC-CL05-2737,1S-MH-MU-ZSC-CL05-2288,5,15444,15393
10210,15391-32151,1S-MH-MU-ZSC-CL05-2288,1S-MH-MU-ZSC-CL05-3219,6,15391,32151
10210,32152-32146,1S-MH-MU-ZSC-CL05-3219,1S-MH-MU-ZSC-CL05-3217,7,32152,32146
10210,32144-32150,1S-MH-MU-ZSC-CL05-3217,1S-MH-MU-ZSC-CL05-3218,8,32144,32150
10210,32154-40189,1S-MH-MU-ZSC-CL05-3219,1S-MH-MU-ZSC-CL05-3499,6.2,32154,40189
10210,15391-9312,1S-MH-MU-ZSC-CL05-2288,1S-MH-MU-ZSC-CL05-2080,5.2,15391,9312
10211,10211-29463,1S-MH-MU-ZSC-RSTN-AMBI,1S-MH-MU-ZSC-CL05-3075,1,10211,29463
10212,10212-CAP BANK,1S-MH-MU-ZSC-RSTN-AMBI,1S-MH-MU-ZSC-RSTN-AMBI,1,10212,CAP BANK
10214,10214-38924,1S-MH-MU-ZSC-RSTN-AMBI,1S-MH-MU-ZSC-RSTN-AMBI,1,10214,38924
10214,38926-14475,1S-MH-MU-ZSC-RSTN-AMBI,1S-MH-MU-ZSC-CL05-2828,2,38926,14475
10214,14474-42675,1S-MH-MU-ZSC-CL05-2828,1S-MH-MU-ZSC-CL06-3484,3,14474,42675
10214,42676-14258,1S-MH-MU-ZSC-CL06-3484,1S-MH-MU-ZSC-CL06-2144,4,42676,14258
10214,14257-34656,1S-MH-MU-ZSC-CL06-2144,1S-MH-MU-ZSC-CL06-3254,5,14257,34656
10214,34658-9766,1S-MH-MU-ZSC-CL06-3254,1S-MH-MU-ZSC-CL06-2097,6,34658,9766
10214,9765-6024,1S-MH-MU-ZSC-CL06-2097,1S-MH-MU-ZSC-CL06-2229,7,9765,6024
10214,14442-6372,1S-MH-MU-ZSC-CL06-2229,1S-MH-MU-ZSC-CL06-2827,8,14442,6372
10214,6374-12473,1S-MH-MU-ZSC-CL06-2827,1S-MH-MU-ZSC-CL06-2309,9,6374,12473
10214,12471-7628,1S-MH-MU-ZSC-CL06-2309,1S-MH-MU-ZSC-CL06-2187,10,12471,7628
10214,6026-6084,1S-MH-MU-ZSC-CL06-2229,1S-MH-MU-ZSC-CL06-2433,7.1,6026,6084
10214,6082-10264,1S-MH-MU-ZSC-CL06-2433,1S-MH-MU-ZSC-CL06-2726,7.2,6082,10264
10214,14473-14574,1S-MH-MU-ZSC-CL05-2828,1S-MH-MU-ZSC-CL05-2833,2.1,14473,14574
10214,14573-15349,1S-MH-MU-ZSC-CL05-2833,1S-MH-MU-ZSC-CL05-2832,2.2,14573,15349
10214,38925-28218,1S-MH-MU-ZSC-RSTN-AMBI,1S-MH-MU-ZSC-CL09-2895,1.1,38925,28218
10217,10217-11238,1S-MH-MU-ZSC-RSTN-AMBI,1S-MH-MU-ZSC-CL09-2132,1,10217,11238
10217,11240-35525,1S-MH-MU-ZSC-CL09-2132,1S-MH-MU-ZSC-CL06-3340,2,11240,35525
10217,39662-9170,1S-MH-MU-ZSC-CL06-3340,1S-MH-MU-ZSC-CL06-2564,3,39662,9170
10217,9171-15123,1S-MH-MU-ZSC-CL06-2564,1S-MH-MU-ZSC-CL06-2677,4,9171,15123
10217,15125-11679,1S-MH-MU-ZSC-CL06-2677,1S-MH-MU-ZSC-CL06-2029,5,15125,11679
10217,11681-31830,1S-MH-MU-ZSC-CL06-2029,1S-MH-MU-ZSC-CL06-3194,6,11681,31830
10217,31832-26683,1S-MH-MU-ZSC-CL06-3194,1S-MH-MU-ZSC-CL06-2998,7,31832,26683
10217,9169-12456,1S-MH-MU-ZSC-CL06-2564,1S-MH-MU-ZSC-CL06-2598,3.1,9169,12456
10217,12454-37388,1S-MH-MU-ZSC-CL06-2598,1S-MH-MU-ZSC-CL06-3428,3.2,12454,37388
10219,10219-12470,1S-MH-MU-ZSC-RSTN-AMBI,1S-MH-MU-ZSC-CL09-2376,1,10219,12470
10219,12468-7093,1S-MH-MU-ZSC-CL09-2376,1S-MH-MU-ZSC-CL09-2377,2,12468,7093
10219,12467-11778,1S-MH-MU-ZSC-CL09-2377,1S-MH-MU-ZSC-CL09-2381,3,12467,11778
10219,19605-19780,1S-MH-MU-ZSC-CL09-2381,1S-MH-MU-ZSC-CL09-2537,4,19605,19780
10219,7095-10340,1S-MH-MU-ZSC-CL09-2377,1S-MH-MU-ZSC-CL09-2378,2.1,7095,10340
10220,10220-14237,1S-MH-MU-ZSC-RSTN-AMBI,1S-MH-MU-ZSC-CL09-2358,1,10220,14237
10220,15118-16367,1S-MH-MU-ZSC-CL09-2358,1S-MH-MU-ZSC-CL09-2372,2,15118,16367
10220,14235-28375,1S-MH-MU-ZSC-CL09-2358,NAN,1.1,14235,28375
10221,10221-CAP BANK,1S-MH-MU-ZSC-RSTN-AMBI,1S-MH-MU-ZSC-RSTN-AMBI,1,10221,CAP BANK
10222,10222-42332,1S-MH-MU-ZSC-RSTN-AMBI,1S-MH-MU-ZSC-CL09-3613,1,10222,42332
10222,42331-7258,1S-MH-MU-ZSC-CL09-3613,1S-MH-MU-ZSC-CL09-2380,2,42331,7258
10222,7258-12368,1S-MH-MU-ZSC-CL09-2380,1S-MH-MU-ZSC-CL05-2735,3,7258,12368
10222,12371-9305,1S-MH-MU-ZSC-CL05-2735,1S-MH-MU-ZSC-CL05-2733,4,12371,9305
10222,12370-30600,1S-MH-MU-ZSC-CL05-2735,1S-MH-MU-ZSC-CL05-3144,3.1,12370,30600
10222,7260-13666,1S-MH-MU-ZSC-CL09-2380,1S-MH-MU-ZSC-CL09-2379,2.1,7260,13666
10222,13665-10338,1S-MH-MU-ZSC-CL09-2379,1S-MH-MU-ZSC-CL09-2378,2.2,13665,10338
10222,10222-4722,1S-MH-MU-ZSC-RSTN-AMBI,1S-MH-MU-ZSC-CL09-2765,2,10222,4722
10222,4721-37314,1S-MH-MU-ZSC-CL09-2765,1S-MH-MU-ZSC-CL09-3455,3,4721,37314
10222,37312-32306,1S-MH-MU-ZSC-CL09-3455,1S-MH-MU-ZSC-CL09-3226,4,37312,32306
10222,32308-25210,1S-MH-MU-ZSC-CL09-3226,1S-MH-MU-ZSC-CL09-2019,5,32308,25210
10222,35794-HTCONSUMER,1S-MH-MU-ZSC-CL09-2019,NAN,6,35794,HTCONSUMER
10222,37313-HTCONSUMER,1S-MH-MU-ZSC-CL09-3455,NAN,3.2,37313,HTCONSUMER
10222,4723-11990,1S-MH-MU-ZSC-CL09-2765,1S-MH-MU-ZSC-CL09-2617,2.2,4723,11990
10223,10223-29460,1S-MH-MU-ZSC-RSTN-AMBI,1S-MH-MU-ZSC-CL05-3075,1,10223,29460
10223,29461-HTCONSUMER,1S-MH-MU-ZSC-CL05-3075,NAN,2,29461,HTCONSUMER
19552,19552-15240,1S-MH-MU-ZSC-RSTN-AMBI,1S-MH-MU-ZSC-CL09-2549,1,19552,15240
19552,15238-26648,1S-MH-MU-ZSC-CL09-2549,1S-MH-MU-ZSC-CL09-2996,2,15238,26648
19552,26650-18735,1S-MH-MU-ZSC-CL09-2996,1S-MH-MU-ZSC-CL09-2666,3,26650,18735
19552,18734-11396,1S-MH-MU-ZSC-CL09-2666,1S-MH-MU-ZSC-CL09-2161,4,18734,11396
19553,19553-28864,1S-MH-MU-ZSC-RSTN-AMBI,1S-MH-MU-ZSC-CL02-3061,1,19553,28864
19553,28862-30445,1S-MH-MU-ZSC-CL02-3061,1S-MH-MU-ZSC-CL08-3138,2,28862,30445
19553,30447-30450,1S-MH-MU-ZSC-CL08-3138,1S-MH-MU-ZSC-CL08-3139,3,30447,30450
19553,30448-26821,1S-MH-MU-ZSC-CL08-3139,1S-MH-MU-ZSC-CL08-3006,4,30448,26821
19553,26819-28443,1S-MH-MU-ZSC-CL08-3006,1S-MH-MU-ZSC-CL09-3044,5,26819,28443
19553,28445-41094,1S-MH-MU-ZSC-CL09-3044,1S-MH-MU-ZSC-CL08-3609,6,28445,41094
19553,41095-30170,1S-MH-MU-ZSC-CL08-3609,1S-MH-MU-ZSC-CL09-3122,7,41095,30170
19553,30169-29453,1S-MH-MU-ZSC-CL09-3122,1S-MH-MU-ZSC-CL09-3089,8,30169,29453
19553,29451-18733,1S-MH-MU-ZSC-CL09-3089,1S-MH-MU-ZSC-CL09-2666,9,29451,18733
19553,19553-26154,1S-MH-MU-ZSC-RSTN-AMBI,1S-MH-MU-ZSC-CL09-2984,2,19553,26154
19553,26156-42016,1S-MH-MU-ZSC-CL09-2984,1S-MH-MU-ZSC-CL09-3627,3,26156,42016
19553,42017-19427,1S-MH-MU-ZSC-CL09-3627,1S-MH-MU-ZSC-CL09-2892,4,42017,19427
19553,19424-38889,1S-MH-MU-ZSC-CL09-2892,1S-MH-MU-ZSC-CL09-2926,5,19424,38889
19553,38890-42863,1S-MH-MU-ZSC-CL09-2926,1S-MH-MU-ZSC-CL09-3650,6,38890,42863
19553,42864-11991,1S-MH-MU-ZSC-CL09-3650,1S-MH-MU-ZSC-CL09-2617,7,42864,11991
19553,37745-37740,1S-MH-MU-ZSC-CL09-2617,1S-MH-MU-ZSC-CL09-2840,8,37745,37740
19553,15925-32690,1S-MH-MU-ZSC-CL09-2840,1S-MH-MU-ZSC-CL09-3227,9,15925,32690
19553,32688-12390,1S-MH-MU-ZSC-CL09-3227,1S-MH-MU-ZSC-CL09-2814,10,32688,12390
19553,12388-6981,1S-MH-MU-ZSC-CL09-2814,1S-MH-MU-ZSC-CL09-2523,11,12388,6981
19553,6984-41368,1S-MH-MU-ZSC-CL09-2523,1S-MH-MU-ZSC-CL09-3517,12,6984,41368
19553,41369-32722,1S-MH-MU-ZSC-CL09-3517,1S-MH-MU-ZSC-CL09-3238,13,41369,32722
19553,9023-29732,1S-MH-MU-ZSC-CL09-2523,1S-MH-MU-ZSC-CL09-3098,11.1,9023,29732
19553,19425-HTCONSUMER,1S-MH-MU-ZSC-CL09-2892,NAN,4.1,19425,HTCONSUMER
19555,19555-25249,NAN,NAN,1,19555,25249
19556,19556-37812,NAN,NAN,1,19556,37812
19557,19557-12116,1S-MH-MU-ZSC-RSTN-AMBI,1S-MH-MU-ZSC-CL09-2041,1,19557,12116
19557,7111-28054,1S-MH-MU-ZSC-CL09-2041,1S-MH-MU-ZSC-CL09-2502,2,7111,28054
19557,28055-31756,1S-MH-MU-ZSC-CL09-2502,1S-MH-MU-ZSC-CL09-3187,3,28055,31756
19557,31754-13362,1S-MH-MU-ZSC-CL09-3187,1S-MH-MU-ZSC-CL09-2308,4,31754,13362
19557,13364-25872,1S-MH-MU-ZSC-CL09-2308,1S-MH-MU-ZSC-CL09-2972,5,13364,25872
19557,25870-6982,1S-MH-MU-ZSC-CL09-2972,1S-MH-MU-ZSC-CL09-2523,6,25870,6982
19559,19559-CAP BANK,1S-MH-MU-ZSC-RSTN-AMBI,1S-MH-MU-ZSC-RSTN-AMBI,1,19559,CAP BANK
28692,28692-25390,1S-MH-MU-ZSC-RSTN-AMBI,1S-MH-MU-ZSC-CL08-2955,1,28692,25390
28692,25389-30175,1S-MH-MU-ZSC-CL08-2955,1S-MH-MU-ZSC-CL08-3123,2,25389,30175
28692,30177-35761,1S-MH-MU-ZSC-CL08-3123,1S-MH-MU-ZSC-CL08-3242,3,30177,35761
28692,28692-43238,1S-MH-MU-ZSC-RSTN-AMBI,1S-MH-MU-ZSC-CL06-3515,2,28692,43238
28692,43239-36449,1S-MH-MU-ZSC-CL06-3515,1S-MH-MU-ZSC-CL06-3346,3,43239,36449
28692,36447-6177,1S-MH-MU-ZSC-CL06-3346,1S-MH-MU-ZSC-CL06-2826,4,36447,6177
28692,6176-36113,1S-MH-MU-ZSC-CL06-2826,1S-MH-MU-ZSC-CL06-2220,5,6176,36113
28692,5686-34594,1S-MH-MU-ZSC-CL06-2220,1S-MH-MU-ZSC-CL06-3178,6,5686,34594
28692,34596-35986,1S-MH-MU-ZSC-CL06-3178,1S-MH-MU-ZSC-CL06-3377,7,34596,35986
28692,35988-10244,1S-MH-MU-ZSC-CL06-3377,1S-MH-MU-ZSC-CL06-2846,8,35988,10244
28692,10243-16651,1S-MH-MU-ZSC-CL06-2846,1S-MH-MU-ZSC-CL06-2808,9,10243,16651
28692,16653-18517,1S-MH-MU-ZSC-CL06-2808,1S-MH-MU-ZSC-CL06-2663,10,16653,18517
28692,18519-14884,1S-MH-MU-ZSC-CL06-2663,1S-MH-MU-ZSC-CL06-2263,11,18519,14884
28692,14882-14535,1S-MH-MU-ZSC-CL06-2263,1S-MH-MU-ZSC-CL06-2757,12,14882,14535
28692,14537-7116,1S-MH-MU-ZSC-CL06-2757,1S-MH-MU-ZSC-CL06-2835,13,14537,7116
28692,19512-HTCONSUMER,1S-MH-MU-ZSC-CL06-2263,NAN,11.1,19512,HTCONSUMER
28692,10245-13605,1S-MH-MU-ZSC-CL06-2846,1S-MH-MU-ZSC-CL06-2646,8.1,10245,13605
28692,13603-10262,1S-MH-MU-ZSC-CL06-2646,1S-MH-MU-ZSC-CL06-2726,8.2,13603,10262
28692,34595-18509,1S-MH-MU-ZSC-CL06-3178,1S-MH-MU-ZSC-CL06-2221,6.1,34595,18509
28692,6178-29136,1S-MH-MU-ZSC-CL06-2826,1S-MH-MU-ZSC-CL06-3071,4.1,6178,29136
28692,29138-9141,1S-MH-MU-ZSC-CL06-3071,1S-MH-MU-ZSC-CL06-2700,4.2,29138,9141
28693,28693-29466,1S-MH-MU-ZSC-RSTN-AMBI,1S-MH-MU-ZSC-CL05-3075,1,28693,29466
28693,29465-HTCONSUMER,1S-MH-MU-ZSC-CL05-3075,NAN,2,29465,HTCONSUMER
28695,28695-29696,1S-MH-MU-ZSC-RSTN-AMBI,1S-MH-MU-ZSC-CL05-3104,1,28695,29696
28695,29694-30603,1S-MH-MU-ZSC-CL05-3104,1S-MH-MU-ZSC-CL05-3145,2,29694,30603
28695,30605-30221,1S-MH-MU-ZSC-CL05-3145,1S-MH-MU-ZSC-CL05-3126,3,30605,30221
28695,30222-36408,1S-MH-MU-ZSC-CL05-3126,1S-MH-MU-ZSC-CL05-3367,4,30222,36408
28695,36409-19290,1S-MH-MU-ZSC-CL05-3367,1S-MH-MU-ZSC-CL05-2764,5,36409,19290
28695,6361-28119,1S-MH-MU-ZSC-CL05-2764,1S-MH-MU-ZSC-CL05-3025,6,6361,28119
28695,28121-35818,1S-MH-MU-ZSC-CL05-3025,1S-MH-MU-ZSC-CL06-3343,7,28121,35818
28695,35816-35526,1S-MH-MU-ZSC-CL06-3343,1S-MH-MU-ZSC-CL06-3340,8,35816,35526
28695,6359-42232,1S-MH-MU-ZSC-CL05-2764,1S-MH-MU-ZSC-CL06-3632,5.1,6359,42232
28695,42231-18952,1S-MH-MU-ZSC-CL06-3632,1S-MH-MU-ZSC-CL06-2874,5.2,42231,18952
28695,18954-6179,1S-MH-MU-ZSC-CL06-2874,1S-MH-MU-ZSC-CL06-2826,5.3,18954,6179
28696,28696-43929,NAN,NAN,1,28696,43929
28696,28696-18560,1S-MH-MU-ZSC-RSTN-AMBI,1S-MH-MU-ZSC-CL09-2383,2,28696,18560
28696,18562-29744,1S-MH-MU-ZSC-CL09-2383,1S-MH-MU-ZSC-CL05-3099,3,18562,29744
28696,29745-18175,1S-MH-MU-ZSC-CL05-3099,1S-MH-MU-ZSC-CL05-2655,4,29745,18175
28696,18177-12031,1S-MH-MU-ZSC-CL05-2655,1S-MH-MU-ZSC-CL05-2656,5,18177,12031
28697,28697-38485,1S-MH-MU-ZSC-RSTN-AMBI,1S-MH-MU-ZSC-CL09-3418,1,28697,38485
28697,38486-38671,1S-MH-MU-ZSC-CL09-3418,1S-MH-MU-ZSC-CL08-2109,2,38486,38671
28697,10585-25391,1S-MH-MU-ZSC-CL08-2109,1S-MH-MU-ZSC-CL08-2955,3,10585,25391
28698,28698-CAP BANK,1S-MH-MU-ZSC-RSTN-AMBI,1S-MH-MU-ZSC-RSTN-AMBI,1,28698,CAP BANK
38742,39403-38742,1S-MH-MU-ZSC-CL05-3556,1S-MH-MU-ZSC-RSTN-SWAM,1,39403,38742
4426,4426-14201,1S-MH-MU-ZSC-RSTN-ANDH,1S-MH-MU-ZSC-CL08-2062,1,4426,14201
4427,4427-2369,1S-MH-MU-ZSC-RSTN-ANDH,1S-MH-MU-ZSC-CL07-2064,1,4427,2369
4427,2367-7718,1S-MH-MU-ZSC-CL07-2064,1S-MH-MU-ZSC-CL07-2292,2,2367,7718
4427,7716-13986,1S-MH-MU-ZSC-CL07-2292,1S-MH-MU-ZSC-CL07-2091,3,7716,13986
4427,13988-31859,1S-MH-MU-ZSC-CL07-2091,1S-MH-MU-ZSC-CL07-3173,4,13988,31859
4427,31860-39338,1S-MH-MU-ZSC-CL07-3173,1S-MH-MU-ZSC-CL07-3565,5,31860,39338
4427,40075-41926,1S-MH-MU-ZSC-CL07-3565,1S-MH-MU-ZSC-CL07-3366,6,40075,41926
4427,7717-19071,1S-MH-MU-ZSC-CL07-2292,1S-MH-MU-ZSC-CL07-2340,2.1,7717,19071
4427,19072-18503,1S-MH-MU-ZSC-CL07-2340,1S-MH-MU-ZSC-CL07-2092,2.2,19072,18503
4427,32899-38015,1S-MH-MU-ZSC-CL07-2292,1S-MH-MU-ZST-CL04-1228,2.2,32899,38015
4428,4428-30414,1S-MH-MU-ZSC-RSTN-ANDH,1S-MH-MU-ZSC-CL07-2216,1,4428,30414
4428,4701-29365,1S-MH-MU-ZSC-CL07-2216,1S-MH-MU-ZSC-CL07-3083,2,4701,29365
4428,29366-7104,1S-MH-MU-ZSC-CL07-3083,1S-MH-MU-ZSC-CL07-2339,3,29366,7104
4428,7105-30028,1S-MH-MU-ZSC-CL07-2339,1S-MH-MU-ZSC-CL07-3116,4,7105,30028
4428,30030-29817,1S-MH-MU-ZSC-CL07-3116,1S-MH-MU-ZSC-CL07-3105,5,30030,29817
4428,29819-10366,1S-MH-MU-ZSC-CL07-3105,1S-MH-MU-ZSC-CL07-2103,6,29819,10366
4428,37677-41243,1S-MH-MU-ZSC-CL07-2339,1S-MH-MU-ZSC-CL07-3544,3.1,37677,41243
4430,4430-15612,1S-MH-MU-ZSC-RSTN-ANDH,1S-MH-MU-ZSC-CL07-2697,1,4430,15612
4430,15614-10472,1S-MH-MU-ZSC-CL07-2697,1S-MH-MU-ZSC-CL07-2352,2,15614,10472
4430,15244-35388,1S-MH-MU-ZSC-CL07-2352,1S-MH-MU-ZSC-CL07-3295,3,15244,35388
4430,35389-4171,1S-MH-MU-ZSC-CL07-3295,1S-MH-MU-ZSC-CL07-2343,4,35389,4171
4430,4169-35145,1S-MH-MU-ZSC-CL07-2343,1S-MH-MU-ZSC-CL07-3302,5,4169,35145
4430,35147-15018,1S-MH-MU-ZSC-CL07-3302,1S-MH-MU-ZSC-CL07-2651,6,35147,15018
4430,16721-HTCONSUMER,1S-MH-MU-ZSC-CL07-2343,NAN,4.1,16721,HTCONSUMER
4430,10474-26740,1S-MH-MU-ZSC-CL07-2352,1S-MH-MU-ZSC-CL07-2063,2.1,10474,26740
4432,4432-32103,1S-MH-MU-ZSC-RSTN-ANDH,1S-MH-MU-ZSC-CL07-3214,1,4432,32103
4432,32105-19985,1S-MH-MU-ZSC-CL07-3214,1S-MH-MU-ZSC-CL07-2932,2,32105,19985
4432,19977-39251,1S-MH-MU-ZSC-CL07-2932,1S-MH-MU-ZSC-CL07-3541,3,19977,39251
4432,39250-40613,1S-MH-MU-ZSC-CL07-3541,1S-MH-MU-ZSC-CL07-2238,4,39250,40613
4432,40612-19239,1S-MH-MU-ZSC-CL07-2238,1S-MH-MU-ZSC-CL07-2867,5,40612,19239
4432,28462-15264,1S-MH-MU-ZSC-CL07-2867,1S-MH-MU-ZSC-CL07-2310,6,28462,15264
4432,36117-9223,1S-MH-MU-ZSC-CL07-2310,1S-MH-MU-ZSC-CL07-2239,7,36117,9223
4432,9225-34989,1S-MH-MU-ZSC-CL07-2239,1S-MH-MU-ZSC-CL07-3299,8,9225,34989
4432,40609-35685,1S-MH-MU-ZSC-CL07-2238,1S-MH-MU-ZSC-CL07-3336,4.1,40609,35685
4432,37675-41242,1S-MH-MU-ZSC-CL07-3336,1S-MH-MU-ZSC-CL07-3544,4.2,37675,41242
4432,40608-13483,1S-MH-MU-ZSC-CL07-2238,1S-MH-MU-ZSC-CL07-2345,4.2,40608,13483
4433,4433-36443,1S-MH-MU-ZSC-RSTN-ANDH,1S-MH-MU-ZSC-CL07-3391,1,4433,36443
4433,36445-26046,1S-MH-MU-ZSC-CL07-3391,1S-MH-MU-ZST-CL04-0668,2,36445,26046
4433,26048-471,1S-MH-MU-ZST-CL04-0668,1S-MH-MU-ZST-CL04-0163,3,26048,471
4433,471-42193,1S-MH-MU-ZST-CL04-0163,1S-MH-MU-ZST-CL04-1362,4,471,42193
4433,42192-38638,1S-MH-MU-ZST-CL04-1362,1S-MH-MU-ZST-CL04-1144,5,42192,38638
4433,38640-35473,1S-MH-MU-ZST-CL04-1144,1S-MH-MU-ZST-CL04-1022,6,38640,35473
4433,35471-31355,1S-MH-MU-ZST-CL04-1022,1S-MH-MU-ZST-CL04-0812,7,35471,31355
4433,31353-37762,1S-MH-MU-ZST-CL04-0812,1S-MH-MU-ZST-CL04-1130,8,31353,37762
4433,37760-32767,1S-MH-MU-ZST-CL04-1130,1S-MH-MU-ZST-CL04-0369,9,37760,32767
4433,270-30562,1S-MH-MU-ZST-CL04-0369,1S-MH-MU-ZST-CL03-0786,10,270,30562
4433,210-7212,1S-MH-MU-ZST-CL04-0369,1S-MH-MU-ZST-CL04-0370,9.1,210,7212
4433,42194-HTCONSUMER,1S-MH-MU-ZST-CL04-1362,NAN,4.1,42194,HTCONSUMER
4434,4434-CAP BANK,1S-MH-MU-ZSC-RSTN-ANDH,1S-MH-MU-ZSC-RSTN-ANDH,1,4434,CAP BANK
4436,4436-37597,1S-MH-MU-ZSC-RSTN-ANDH,1S-MH-MU-ZSC-CL03-2192,1,4436,37597
4436,19675-34091,1S-MH-MU-ZSC-CL03-2192,1S-MH-MU-ZSC-CL03-3250,2,19675,34091
4436,34089-9243,1S-MH-MU-ZSC-CL03-3250,1S-MH-MU-ZSC-CL03-2536,3,34089,9243
4436,9242-41847,1S-MH-MU-ZSC-CL03-2536,1S-MH-MU-ZSC-CL03-3506,4,9242,41847
4436,41845-2248,1S-MH-MU-ZSC-CL03-3506,1S-MH-MU-ZSC-CL03-3164,5,41845,2248
4436,2250-26068,1S-MH-MU-ZSC-CL03-3164,1S-MH-MU-ZSC-CL03-2982,6,2250,26068
4436,2249-HTCONSUMER,1S-MH-MU-ZSC-CL03-3164,NAN,5.1,2249,HTCONSUMER
4436,19677-430,1S-MH-MU-ZSC-CL03-2192,1S-MH-MU-ZSC-CL03-2552,1.1,19677,430
4437,4437-4553,1S-MH-MU-ZSC-RSTN-ANDH,1S-MH-MU-ZSC-CL07-2055,1,4437,4553
4437,4555-31829,1S-MH-MU-ZSC-CL07-2055,1S-MH-MU-ZSC-CL07-3193,2,4555,31829
4437,31827-14451,1S-MH-MU-ZSC-CL07-3193,1S-MH-MU-ZSC-CL07-2076,3,31827,14451
4437,14453-4220,1S-MH-MU-ZSC-CL07-2076,1S-MH-MU-ZSC-CL07-2780,4,14453,4220
4437,4218-34039,1S-MH-MU-ZSC-CL07-2780,1S-MH-MU-ZSC-CL07-3247,5,4218,34039
4437,34040-40591,1S-MH-MU-ZSC-CL07-3247,1S-MH-MU-ZSC-CL07-3286,6,34040,40591
4437,34038-10621,1S-MH-MU-ZSC-CL07-3247,1S-MH-MU-ZSC-CL07-2374,5.1,34038,10621
4437,4437-42793,1S-MH-MU-ZSC-RSTN-ANDH,1S-MH-MU-ZSC-CL07-3640,2,4437,42793
4437,42792-691,1S-MH-MU-ZSC-CL07-3640,1S-MH-MU-ZSC-CL07-2063,3,42792,691
4437,692-10465,1S-MH-MU-ZSC-CL07-2063,1S-MH-MU-ZSC-CL07-2301,4,692,10465
4437,10467-35183,1S-MH-MU-ZSC-CL07-2301,1S-MH-MU-ZSC-CL07-3301,5,10467,35183
4437,35181-374,1S-MH-MU-ZSC-CL07-3301,1S-MH-MU-ZST-CL04-0211,6,35181,374
4437,42794-HTCONSUMER,1S-MH-MU-ZSC-CL07-3640,NAN,2.1,42794,HTCONSUMER
4439,4439-17538,1S-MH-MU-ZSC-RSTN-ANDH,1S-MH-MU-ZSC-CL07-2131,1,4439,17538
4439,17540-29220,1S-MH-MU-ZSC-CL07-2131,1S-MH-MU-ZSC-CL07-3074,2,17540,29220
4439,29221-18936,1S-MH-MU-ZSC-CL07-3074,1S-MH-MU-ZSC-CL07-2651,3,29221,18936
4439,15020-14990,1S-MH-MU-ZSC-CL07-2651,1S-MH-MU-ZSC-CL07-2103,4,15020,14990
4439,10364-35057,1S-MH-MU-ZSC-CL07-2103,1S-MH-MU-ZSC-CL07-3298,5,10364,35057
4439,35059-13130,1S-MH-MU-ZSC-CL07-3298,1S-MH-MU-ZSC-CL07-2342,6,35059,13130
4439,13128-11594,1S-MH-MU-ZSC-CL07-2342,1S-MH-MU-ZSC-CL07-2104,7,13128,11594
4439,11596-35294,1S-MH-MU-ZSC-CL07-2104,1S-MH-MU-ZSC-CL07-3296,8,11596,35294
4439,35292-19909,1S-MH-MU-ZSC-CL07-3296,1S-MH-MU-ZSC-CL07-2927,9,35292,19909
4439,19907-32330,1S-MH-MU-ZSC-CL07-2927,1S-MH-MU-ZSC-CL07-3209,10,19907,32330
4439,32331-34868,1S-MH-MU-ZSC-CL07-3209,1S-MH-MU-ZSC-CL07-2092,11,32331,34868
4439,18502-7553,1S-MH-MU-ZSC-CL07-2092,1S-MH-MU-ZSC-CL07-2093,12,18502,7553
4439,41671-41453,1S-MH-MU-ZSC-CL07-2342,1S-MH-MU-ZSC-CL07-2345,6.1,41671,41453
4439,13484-11792,1S-MH-MU-ZSC-CL07-2345,1S-MH-MU-ZSC-CL07-2346,6.2,13484,11792
4440,4440-10883,1S-MH-MU-ZSC-RSTN-ANDH,1S-MH-MU-ZSC-CL07-2067,1,4440,10883
4440,10882-6664,1S-MH-MU-ZSC-CL07-2067,1S-MH-MU-ZSC-CL07-2069,2,10882,6664
4440,6662-28633,1S-MH-MU-ZSC-CL07-2069,1S-MH-MU-ZSC-CL07-3055,3,6662,28633
4440,28634-35094,1S-MH-MU-ZSC-CL07-3055,1S-MH-MU-ZSC-CL07-3294,4,28634,35094
4440,35096-36986,1S-MH-MU-ZSC-CL07-3294,1S-MH-MU-ZSC-CL07-3429,5,35096,36986
4440,36984-31654,1S-MH-MU-ZSC-CL07-3429,1S-MH-MU-ZSC-CL07-3183,6,36984,31654
4440,31652-5066,1S-MH-MU-ZSC-CL07-3183,1S-MH-MU-ZSC-CL07-2065,7,31652,5066
4441,4441-26503,1S-MH-MU-ZSC-RSTN-ANDH,1S-MH-MU-ZSC-CL07-2992,1,4441,26503
4441,26501-19524,1S-MH-MU-ZSC-CL07-2992,1S-MH-MU-ZSC-CL07-2907,2,26501,19524
4441,19526-5805,1S-MH-MU-ZSC-CL07-2907,1S-MH-MU-ZSC-CL07-2068,3,19526,5805
4441,5803-9844,1S-MH-MU-ZSC-CL07-2068,1S-MH-MU-ZSC-CL07-2261,4,5803,9844
4441,9842-14967,1S-MH-MU-ZSC-CL07-2261,1S-MH-MU-ZSC-CL07-2065,5,9842,14967
4442,4442-34681,1S-MH-MU-ZSC-RSTN-ANDH,1S-MH-MU-ZSC-CL07-3282,1,4442,34681
4442,34683-36383,1S-MH-MU-ZSC-CL07-3282,1S-MH-MU-ZSC-CL07-3386,2,34683,36383
4442,36385-18505,1S-MH-MU-ZSC-CL07-3386,1S-MH-MU-ZSC-CL07-2066,3,36385,18505
4442,18507-37111,1S-MH-MU-ZSC-CL07-2066,1S-MH-MU-ZSC-CL08-3403,4,18507,37111
4442,37112-42163,1S-MH-MU-ZSC-CL08-3403,1S-MH-MU-ZSC-CL08-3533,5,37112,42163
4442,42162-11800,1S-MH-MU-ZSC-CL08-3533,1S-MH-MU-ZSC-CL08-2243,6,42162,11800
4442,39740-26743,1S-MH-MU-ZSC-CL08-2243,1S-MH-MU-ZSC-CL08-2501,7,39740,26743
4442,9187-41287,1S-MH-MU-ZSC-CL08-2501,1S-MH-MU-ZSC-CL08-3273,8,9187,41287
4442,41286-39343,1S-MH-MU-ZSC-CL08-3273,1S-MH-MU-ZSC-CL08-3470,9,41286,39343
4442,39344-10588,1S-MH-MU-ZSC-CL08-3470,1S-MH-MU-ZSC-CL08-2246,10,39344,10588
4442,11799-39358,1S-MH-MU-ZSC-CL08-2243,1S-MH-MU-ZSC-CL08-3507,6.1,11799,39358
4442,39357-16955,1S-MH-MU-ZSC-CL08-3507,1S-MH-MU-ZSC-CL08-2800,6.2,39357,16955
4442,32724-10666,1S-MH-MU-ZSC-CL08-2800,1S-MH-MU-ZSC-CL08-2854,6.3,32724,10666
4442,4442-DT,1S-MH-MU-ZSC-RSTN-ANDH,1S-MH-MU-ZSC-RSTN-ANDH,2,4442,DT
4442,4442-34681,1S-MH-MU-ZSC-RSTN-ANDH,1S-MH-MU-ZSC-CL07-3282,3,4442,34681
4442,34683-36383,1S-MH-MU-ZSC-CL07-3282,1S-MH-MU-ZSC-CL07-3386,4,34683,36383
4442,36385-18505,1S-MH-MU-ZSC-CL07-3386,1S-MH-MU-ZSC-CL07-2066,5,36385,18505
4442,18507-37111,1S-MH-MU-ZSC-CL07-2066,1S-MH-MU-ZSC-CL08-3403,6,18507,37111
4442,37112-42163,1S-MH-MU-ZSC-CL08-3403,1S-MH-MU-ZSC-CL08-3533,7,37112,42163
4442,42162-11800,1S-MH-MU-ZSC-CL08-3533,1S-MH-MU-ZSC-CL08-2243,8,42162,11800
4442,39740-26743,1S-MH-MU-ZSC-CL08-2243,1S-MH-MU-ZSC-CL08-2501,9,39740,26743
4442,9187-41287,1S-MH-MU-ZSC-CL08-2501,1S-MH-MU-ZSC-CL08-3273,10,9187,41287
4442,41286-39343,1S-MH-MU-ZSC-CL08-3273,1S-MH-MU-ZSC-CL08-3470,11,41286,39343
4442,39344-10588,1S-MH-MU-ZSC-CL08-3470,1S-MH-MU-ZSC-CL08-2246,12,39344,10588
4442,11799-39358,1S-MH-MU-ZSC-CL08-2243,1S-MH-MU-ZSC-CL08-3507,8.1,11799,39358
4442,39357-16955,1S-MH-MU-ZSC-CL08-3507,1S-MH-MU-ZSC-CL08-2800,8.2,39357,16955
4442,32724-10666,1S-MH-MU-ZSC-CL08-2800,1S-MH-MU-ZSC-CL08-2854,8.3,32724,10666
4640,4640-CAP BANK,1S-MH-MU-ZSC-RSTN-ANDH,1S-MH-MU-ZSC-RSTN-ANDH,1,4640,CAP BANK
4991,4991-15159,1S-MH-MU-ZSC-RSTN-ANDH,1S-MH-MU-ZSC-CL07-2117,1,4991,15159
4991,15161-41970,1S-MH-MU-ZSC-CL07-2117,1S-MH-MU-ZSC-CL07-3457,2,15161,41970
4991,41971-32498,1S-MH-MU-ZSC-CL07-3457,1S-MH-MU-ZSC-CL07-3229,3,41971,32498
4991,32500-39916,1S-MH-MU-ZSC-CL07-3229,1S-MH-MU-ZSC-CL07-3338,4,32500,39916
4991,39915-25092,1S-MH-MU-ZSC-CL07-3338,1S-MH-MU-ZSC-CL07-2938,5,39915,25092
4991,25090-10620,1S-MH-MU-ZSC-CL07-2938,1S-MH-MU-ZSC-CL07-2374,6,25090,10620
4991,10619-39056,1S-MH-MU-ZSC-CL07-2374,1S-MH-MU-ZSC-CL07-3445,7,10619,39056
4991,39055-28101,1S-MH-MU-ZSC-CL07-3445,1S-MH-MU-ZSC-CL07-3021,8,39055,28101
4991,28103-41927,1S-MH-MU-ZSC-CL07-3021,1S-MH-MU-ZSC-CL07-3366,9,28103,41927
4991,4991-40047,1S-MH-MU-ZSC-RSTN-ANDH,1S-MH-MU-ZSC-CL07-3501,2,4991,40047
4991,40045-37896,1S-MH-MU-ZSC-CL07-3501,1S-MH-MU-ZSC-CL07-3120,3,40045,37896
4991,29997-6606,1S-MH-MU-ZSC-CL07-3120,1S-MH-MU-ZSC-CL08-2053,4,29997,6606
4991,6607-31152,1S-MH-MU-ZSC-CL08-2053,1S-MH-MU-ZSC-CL09-3163,5,6607,31152
4991,31153-14153,1S-MH-MU-ZSC-CL09-3163,1S-MH-MU-ZSC-CL09-2652,6,31153,14153
4991,13759-40943,1S-MH-MU-ZSC-CL09-2652,1S-MH-MU-ZSC-CL09-3529,7,13759,40943
4991,40944-13790,1S-MH-MU-ZSC-CL09-3529,1S-MH-MU-ZSC-CL09-2505,8,40944,13790
4991,13761-41356,1S-MH-MU-ZSC-CL09-2652,1S-MH-MU-ZSC-CL09-2679,6.1,13761,41356
4991,13761-10664,1S-MH-MU-ZSC-CL09-2652,1S-MH-MU-ZSC-CL08-2854,6.2,13761,10664
4991,6604-19546,1S-MH-MU-ZSC-CL08-2053,1S-MH-MU-ZSC-CL08-2910,4.1,6604,19546
4991,19544-38304,1S-MH-MU-ZSC-CL08-2910,1S-MH-MU-ZSC-CL07-3458,4.2,19544,38304
4992,4992-171,1S-MH-MU-ZSC-CL04-2839,1S-MH-MU-ZSC-RSTN-ANDH,1,4992,171
4994,4994-36639,1S-MH-MU-ZSC-RSTN-ANDH,1S-MH-MU-ZSC-CL03-3413,1,4994,36639
4994,36637-14607,1S-MH-MU-ZSC-CL03-3413,1S-MH-MU-ZSC-CL03-2031,2,36637,14607
4994,14609-29574,1S-MH-MU-ZSC-CL03-2031,1S-MH-MU-ZSC-CL03-3091,3,14609,29574
4994,29576-11063,1S-MH-MU-ZSC-CL03-3091,1S-MH-MU-ZSC-CL03-2844,4,29576,11063
4994,11065-38833,1S-MH-MU-ZSC-CL03-2844,1S-MH-MU-ZSC-CL03-3516,5,11065,38833
4994,11062-9801,1S-MH-MU-ZSC-CL03-2844,1S-MH-MU-ZSC-CL03-2532,4.1,11062,9801
4994,11061-26066,1S-MH-MU-ZSC-CL03-2844,1S-MH-MU-ZSC-CL03-2982,4.2,11061,26066
4994,36638-HTCONSUMER,1S-MH-MU-ZSC-CL03-3413,NAN,1.1,36638,HTCONSUMER
4994,4994-29407,1S-MH-MU-ZSC-RSTN-ANDH,1S-MH-MU-ZSC-CL07-3086,2,4994,29407
4994,29406-28545,1S-MH-MU-ZSC-CL07-3086,1S-MH-MU-ZSC-CL07-3050,3,29406,28545
4994,28543-7182,1S-MH-MU-ZSC-CL07-3050,1S-MH-MU-ZSC-CL07-2134,4,28543,7182
4994,7184-37394,1S-MH-MU-ZSC-CL07-2134,1S-MH-MU-ZSC-CL07-3460,5,7184,37394
4994,37395-14813,1S-MH-MU-ZSC-CL07-3460,1S-MH-MU-ZSC-CL07-2226,6,37395,14813
4994,14815-13197,1S-MH-MU-ZSC-CL07-2226,1S-MH-MU-ZSC-CL07-2225,7,14815,13197
4994,13195-35683,1S-MH-MU-ZSC-CL07-2225,1S-MH-MU-ZSC-CL07-3336,8,13195,35683
4995,4995-6590,1S-MH-MU-ZSC-RSTN-ANDH,1S-MH-MU-ZSC-CL07-2788,1,4995,6590
4995,6588-9308,1S-MH-MU-ZSC-CL07-2788,1S-MH-MU-ZSC-CL07-2115,2,6588,9308
4995,4995-DT,1S-MH-MU-ZSC-RSTN-ANDH,1S-MH-MU-ZSC-RSTN-ANDH,2,4995,DT
4995,4995-6590,1S-MH-MU-ZSC-RSTN-ANDH,1S-MH-MU-ZSC-CL07-2788,3,4995,6590
4995,6588-9308,1S-MH-MU-ZSC-CL07-2788,1S-MH-MU-ZSC-CL07-2115,4,6588,9308
4996,4996-26300,1S-MH-MU-ZSC-RSTN-ANDH,1S-MH-MU-ZSC-CL08-2987,1,4996,26300
4996,26302-28579,1S-MH-MU-ZSC-CL08-2987,1S-MH-MU-ZSC-CL08-3052,2,26302,28579
4996,28581-74,1S-MH-MU-ZSC-CL08-3052,1S-MH-MU-ZSC-CL08-2048,3,28581,74
4996,77-11656,1S-MH-MU-ZSC-CL08-2048,1S-MH-MU-ZSC-CL08-2184,4,77,11656
4996,11658-34186,1S-MH-MU-ZSC-CL08-2184,1S-MH-MU-ZSC-CL08-3252,5,11658,34186
4996,34188-37876,1S-MH-MU-ZSC-CL08-3252,1S-MH-MU-ZSC-CL08-3169,6,34188,37876
4996,37874-34182,1S-MH-MU-ZSC-CL08-3169,1S-MH-MU-ZSC-CL08-3253,7,37874,34182
4996,34185-13679,1S-MH-MU-ZSC-CL08-3253,1S-MH-MU-ZSC-CL08-2667,8,34185,13679
4996,13677-18877,1S-MH-MU-ZSC-CL08-2667,1S-MH-MU-ZSC-CL08-2861,9,13677,18877
4996,18879-41357,1S-MH-MU-ZSC-CL08-2861,1S-MH-MU-ZSC-CL09-2679,10,18879,41357
4996,34184-14304,1S-MH-MU-ZSC-CL08-3253,1S-MH-MU-ZSC-CL08-2449,7.1,34184,14304
4996,17513-34359,1S-MH-MU-ZSC-CL08-2184,1S-MH-MU-ZSC-CL08-3262,4.1,17513,34359
4996,34361-6818,1S-MH-MU-ZSC-CL08-3262,1S-MH-MU-ZSC-CL08-2050,4.2,34361,6818
4996,2755-41312,1S-MH-MU-ZSC-CL08-2050,1S-MH-MU-ZSC-CL08-3443,4.3,2755,41312
4996,41313-10589,1S-MH-MU-ZSC-CL08-3443,1S-MH-MU-ZSC-CL08-2246,4.4,41313,10589
4997,4997-CAP BANK,1S-MH-MU-ZSC-RSTN-ANDH,1S-MH-MU-ZSC-RSTN-ANDH,1,4997,CAP BANK
28963,28963-25575,1S-MH-MU-ZET-RSTN-ANIK,1S-MH-MU-ZET-CL10-9008,1,28963,25575
28963,25573-11988,1S-MH-MU-ZET-CL10-9008,1S-MH-MU-ZET-CL10-8262,2,25573,11988
28964,28964-CAP BANK,1S-MH-MU-ZET-RSTN-ANIK,1S-MH-MU-ZET-RSTN-ANIK,1,28964,CAP BANK
28966,28966-30427,1S-MH-MU-ZET-RSTN-ANIK,1S-MH-MU-ZET-CL10-8537,1,28966,30427
28966,9902-25492,1S-MH-MU-ZET-CL10-8537,1S-MH-MU-ZET-CL10-9005,2,9902,25492
28966,25491-30803,1S-MH-MU-ZET-CL10-9005,1S-MH-MU-ZET-CL10-8816,3,25491,30803
28966,2013-25361,1S-MH-MU-ZET-CL10-8816,1S-MH-MU-ZET-CL10-9001,4,2013,25361
28966,25359-28026,1S-MH-MU-ZET-CL10-9001,1S-MH-MU-ZET-CL10-9064,5,25359,28026
28966,28024-26060,1S-MH-MU-ZET-CL10-9064,1S-MH-MU-ZET-CL10-9031,6,28024,26060
28966,26059-16337,1S-MH-MU-ZET-CL10-9031,1S-MH-MU-ZET-CL10-8590,7,26059,16337
28966,25346-16291,1S-MH-MU-ZET-CL10-8590,1S-MH-MU-ZET-CL10-8091,8,25346,16291
28966,16292-25186,1S-MH-MU-ZET-CL10-8091,1S-MH-MU-ZET-CL10-8995,9,16292,25186
28966,301-26016,1S-MH-MU-ZET-CL10-8816,1S-MH-MU-ZET-CL10-9030,3.1,301,26016
28966,26018-26355,1S-MH-MU-ZET-CL10-9030,1S-MH-MU-ZET-CL10-9035,3.2,26018,26355
28966,26357-30663,1S-MH-MU-ZET-CL10-9035,1S-MH-MU-ZET-CL10-9192,3.3,26357,30663
28966,302-HTCONSUMER,1S-MH-MU-ZET-CL10-8816,NAN,3.2,302,HTCONSUMER
28967,28967-26216,1S-MH-MU-ZET-RSTN-ANIK,1S-MH-MU-ZET-CL10-8944,1,28967,26216
28967,26215-2169,1S-MH-MU-ZET-CL10-8944,1S-MH-MU-ZET-CL10-8318,2,26215,2169
28967,2170-16146,1S-MH-MU-ZET-CL10-8318,1S-MH-MU-ZET-CL10-8319,3,2170,16146
32856,32856-455,1S-MH-MU-ZET-RSTN-ANIK,1S-MH-MU-ZET-CL10-8818,1,32856,455
32856,454-31352,1S-MH-MU-ZET-CL10-8818,1S-MH-MU-ZET-CL10-9233,2,454,31352
32856,31350-14794,1S-MH-MU-ZET-CL10-9233,1S-MH-MU-ZET-CL10-8705,3,31350,14794
32856,31349-26692,1S-MH-MU-ZET-CL10-8705,1S-MH-MU-ZET-CL10-9052,4,31349,26692
32856,26690-26695,1S-MH-MU-ZET-CL10-9052,1S-MH-MU-ZET-CL10-9053,5,26690,26695
32856,26693-25499,1S-MH-MU-ZET-CL10-9053,1S-MH-MU-ZET-CL10-9003,6,26693,25499
32856,25497-25496,1S-MH-MU-ZET-CL10-9003,1S-MH-MU-ZET-CL10-9004,7,25497,25496
32856,25494-25493,1S-MH-MU-ZET-CL10-9004,1S-MH-MU-ZET-CL10-9005,8,25494,25493
32856,14796-25184,1S-MH-MU-ZET-CL10-8705,1S-MH-MU-ZET-CL10-8995,3.1,14796,25184
32856,453-16439,1S-MH-MU-ZET-CL10-8818,1S-MH-MU-ZET-CL10-8058,1.1,453,16439
32856,16438-25462,1S-MH-MU-ZET-CL10-8058,1S-MH-MU-ZET-CL10-8565,1.2,16438,25462
32857,32857-28033,1S-MH-MU-ZET-RSTN-ANIK,1S-MH-MU-ZET-CL10-8644,1,32857,28033
32857,28035-2734,1S-MH-MU-ZET-CL10-8644,1S-MH-MU-ZET-CL10-8748,2,28035,2734
32857,2735-41342,1S-MH-MU-ZET-CL10-8748,1S-MH-MU-ZET-CL10-8643,3,2735,41342
32857,41343-17994,1S-MH-MU-ZET-CL10-8643,1S-MH-MU-ZET-CL10-8104,4,41343,17994
32857,17996-26150,1S-MH-MU-ZET-CL10-8104,1S-MH-MU-ZET-CL10-9039,5,17996,26150
32857,41189-686,1S-MH-MU-ZET-CL10-9039,1S-MH-MU-ZET-CL10-8454,6,41189,686
32857,685-11987,1S-MH-MU-ZET-CL10-8454,1S-MH-MU-ZET-CL10-8262,7,685,11987
32857,28034-7725,1S-MH-MU-ZET-CL10-8644,1S-MH-MU-ZET-CL10-8273,1.1,28034,7725
32857,7724-2100,1S-MH-MU-ZET-CL10-8273,1S-MH-MU-ZET-CL10-8370,1.2,7724,2100
32857,5585-16943,1S-MH-MU-ZET-CL10-8370,1S-MH-MU-ZET-CL10-8598,1.3,5585,16943
32857,7726-17969,1S-MH-MU-ZET-CL10-8273,1S-MH-MU-ZET-CL10-8814,1.1.1,7726,17969
32857,28036-HTCONSUMER,1S-MH-MU-ZET-CL10-8644,NAN,1.2,28036,HTCONSUMER
32858,32858-11410,1S-MH-MU-ZET-RSTN-ANIK,1S-MH-MU-ZET-CL10-8136,1,32858,11410
32858,11409-1070,1S-MH-MU-ZET-CL10-8136,1S-MH-MU-ZET-CL10-8945,2,11409,1070
32858,1068-9991,1S-MH-MU-ZET-CL10-8945,1S-MH-MU-ZET-CL10-8376,3,1068,9991
32858,9993-11495,1S-MH-MU-ZET-CL10-8376,1S-MH-MU-ZET-CL10-8201,4,9993,11495
32858,11408-2190,1S-MH-MU-ZET-CL10-8136,1S-MH-MU-ZET-CL10-8699,1.1,11408,2190
32861,32861-CAP BANK,1S-MH-MU-ZET-RSTN-ANIK,1S-MH-MU-ZET-RSTN-ANIK,1,32861,CAP BANK
32863,32863-5307,1S-MH-MU-ZET-RSTN-ANIK,1S-MH-MU-ZET-CL10-8596,1,32863,5307
32863,5308-31690,1S-MH-MU-ZET-CL10-8596,1S-MH-MU-ZET-CL10-9255,2,5308,31690
32863,31692-11494,1S-MH-MU-ZET-CL10-9255,1S-MH-MU-ZET-CL10-8201,3,31692,11494
32863,11496-38367,1S-MH-MU-ZET-CL10-8201,1S-MH-MU-ZET-CL10-9629,4,11496,38367
32863,38369-38371,1S-MH-MU-ZET-CL10-9629,1S-MH-MU-ZET-CL10-9573,5,38369,38371
32863,38370-40217,1S-MH-MU-ZET-CL10-9573,1S-MH-MU-ZET-CL10-9733,6,38370,40217
32863,40218-38374,1S-MH-MU-ZET-CL10-9733,1S-MH-MU-ZET-CL10-9605,7,40218,38374
32863,38373-25527,1S-MH-MU-ZET-CL10-9605,1S-MH-MU-ZET-CL10-9007,8,38373,25527
32863,36693-36908,1S-MH-MU-ZET-CL10-9007,1S-MH-MU-ZET-CL10-9241,9,36693,36908
32863,32132-15951,1S-MH-MU-ZET-CL10-9241,1S-MH-MU-ZET-CL10-8502,10,32132,15951
32863,15953-15822,1S-MH-MU-ZET-CL10-8502,1S-MH-MU-ZET-CL10-8900,11,15953,15822
32863,15821-18946,1S-MH-MU-ZET-CL10-8900,1S-MH-MU-ZET-CL10-8963,12,15821,18946
32863,31691-13312,1S-MH-MU-ZET-CL10-9255,1S-MH-MU-ZET-CL10-8682,2.1,31691,13312
32865,32865-28968,1S-MH-MU-ZET-RSTN-ANIK,1S-MH-MU-ZET-RSTN-ANIK,1,32865,28968
32865,32865-7873,1S-MH-MU-ZET-RSTN-ANIK,1S-MH-MU-ZET-CL10-8540,2,32865,7873
32865,7874-41006,1S-MH-MU-ZET-CL10-8540,1S-MH-MU-ZET-CL10-9724,3,7874,41006
32865,41005-34999,1S-MH-MU-ZET-CL10-9724,1S-MH-MU-ZET-CL10-9402,4,41005,34999
32865,34997-34589,1S-MH-MU-ZET-CL10-9402,1S-MH-MU-ZET-CL10-8758,5,34997,34589
32865,34588-837,1S-MH-MU-ZET-CL10-8758,1S-MH-MU-ZET-CL10-8250,6,34588,837
32865,835-9043,1S-MH-MU-ZET-CL10-8250,1S-MH-MU-ZET-CL10-8680,7,835,9043
32868,32868-2315,1S-MH-MU-ZET-RSTN-ANIK,1S-MH-MU-ZET-CL10-8643,1,32868,2315
32868,2678-HTCONSUMER,1S-MH-MU-ZET-CL10-8643,NAN,2,2678,HTCONSUMER
32870,32870-STN XMER,1S-MH-MU-ZET-RSTN-ANIK,1S-MH-MU-ZET-RSTN-ANIK,1,32870,STN XMER
32871,32871-CAP BANK,1S-MH-MU-ZET-RSTN-ANIK,1S-MH-MU-ZET-RSTN-ANIK,1,32871,CAP BANK
14324,14324-15693,1S-MH-MU-ZSC-RSTN-AARE,1S-MH-MU-ZSC-CL01-2013,1,14324,15693
14324,15691-16981,1S-MH-MU-ZSC-CL01-2013,1S-MH-MU-ZSC-CL10-2005,2,15691,16981
14324,16982-6727,1S-MH-MU-ZSC-CL10-2005,1S-MH-MU-ZSC-CL10-2010,3,16982,6727
14324,16980-26298,1S-MH-MU-ZSC-CL10-2005,1S-MH-MU-ZSC-CL01-2015,2.1,16980,26298
14327,14327-38675,1S-MH-MU-ZSC-RSTN-AARE,1S-MH-MU-ZSC-CL10-2012,1,14327,38675
14327,38678-39495,1S-MH-MU-ZSC-CL10-2012,1S-MH-MU-ZSC-CL10-2007,2,38678,39495
14327,17096-17176,1S-MH-MU-ZSC-CL10-2007,1S-MH-MU-ZSC-CL10-2008,3,17096,17176
14327,17174-18352,1S-MH-MU-ZSC-CL10-2008,1S-MH-MU-ZCT-CL08-4926,4,17174,18352
14327,18353-16121,1S-MH-MU-ZCT-CL08-4926,1S-MH-MU-ZCT-CL07-4005,5,18353,16121
14327,16119-26163,1S-MH-MU-ZCT-CL07-4005,1S-MH-MU-ZCT-CL07-4028,6,16119,26163
14327,26161-36114,1S-MH-MU-ZCT-CL07-4028,1S-MH-MU-ZCT-CL07-5352,7,26161,36114
14327,36115-28328,1S-MH-MU-ZCT-CL07-5352,1S-MH-MU-ZCT-CL08-4526,8,36115,28328
14327,7089-37672,1S-MH-MU-ZCT-CL08-4526,1S-MH-MU-ZCT-CL07-5446,9,7089,37672
14327,37671-36337,1S-MH-MU-ZCT-CL07-5446,1S-MH-MU-ZCT-CL08-5432,10,37671,36337
14327,17095-39699,1S-MH-MU-ZSC-CL10-2007,1S-MH-MU-ZCT-CL07-5443,2.1,17095,39699
14327,39698-36399,1S-MH-MU-ZCT-CL07-5443,1S-MH-MU-ZCT-CL07-5427,2.2,39698,36399
14327,17094-19720,1S-MH-MU-ZSC-CL10-2007,1S-MH-MU-ZCT-CL07-4927,2.2,17094,19720
14327,38677-27018,1S-MH-MU-ZSC-CL10-2012,1S-MH-MU-ZCT-CL07-5001,1.1,38677,27018
14327,39418-29510,1S-MH-MU-ZCT-CL07-5001,1S-MH-MU-ZCT-CL08-5066,1.2,39418,29510
14327,29508-39492,1S-MH-MU-ZCT-CL08-5066,1S-MH-MU-ZCT-CL07-5459,1.3,29508,39492
14327,39493-39297,1S-MH-MU-ZCT-CL07-5459,1S-MH-MU-ZCT-CL07-5660,1.4,39493,39297
14327,39296-36041,1S-MH-MU-ZCT-CL07-5660,1S-MH-MU-ZCT-CL07-5370,1.5,39296,36041
14327,36043-34467,1S-MH-MU-ZCT-CL07-5370,1S-MH-MU-ZCT-CL07-5217,1.6,36043,34467
14327,39419-26615,1S-MH-MU-ZCT-CL07-5001,1S-MH-MU-ZCT-CL08-4866,1.1.1,39419,26615
14327,26616-35164,1S-MH-MU-ZCT-CL08-4866,1S-MH-MU-ZCT-CL07-5274,1.1.2,26616,35164
14327,35166-40316,1S-MH-MU-ZCT-CL07-5274,1S-MH-MU-ZCT-RSTN-ROYA,1.1.3,35166,40316
14327,38676-2808,1S-MH-MU-ZSC-CL10-2012,1S-MH-MU-ZSC-CL10-2531,1.2,38676,2808
14327,15595-15642,1S-MH-MU-ZSC-CL10-2531,1S-MH-MU-ZSC-CL01-2004,1.3,15595,15642
14327,15640-6729,1S-MH-MU-ZSC-CL01-2004,1S-MH-MU-ZSC-CL10-2010,1.4,15640,6729
14327,15596-34434,1S-MH-MU-ZSC-CL10-2531,1S-MH-MU-ZSC-CL10-2006,1.2.1,15596,34434
14327,38681-GOD01334,1S-MH-MU-ZSC-CL10-2012,NAN,1.3,38681,GOD01334
14328,14328-31228,1S-MH-MU-ZSC-RSTN-AARE,1S-MH-MU-ZET-CL14-8500,1,14328,31228
14329,14329-43093,1S-MH-MU-ZSC-RSTN-AARE,1S-MH-MU-ZSC-CL01-2719,1,14329,43093
14329,43095-29430,1S-MH-MU-ZSC-CL01-2719,1S-MH-MU-ZSC-CL01-3088,2,43095,29430
14330,14330-STN XMER,1S-MH-MU-ZSC-RSTN-AARE,1S-MH-MU-ZSC-RSTN-AARE,1,14330,STN XMER
14331,220AAR31-220AAR31,1T-MH-MU-ARY,1T-MH-MU-ARY,1,220AAR31,220AAR31
14626,14626-26594,1S-MH-MU-ZSC-RSTN-AARE,1S-MH-MU-ZET-CL14-9050,1,14626,26594
16031,16031-19746,1S-MH-MU-ZSC-RSTN-AARE,1S-MH-MU-ZSC-CL10-2920,1,16031,19746
16031,19747-38580,1S-MH-MU-ZSC-CL10-2920,1S-MH-MU-ZET-CL14-8020,2,19747,38580
16031,38576-14948,1S-MH-MU-ZET-CL14-8020,1S-MH-MU-ZET-CL14-8764,3,38576,14948
16031,14950-19402,1S-MH-MU-ZET-CL14-8764,1S-MH-MU-ZET-CL14-8978,4,14950,19402
16031,42707-5310,1S-MH-MU-ZET-CL14-8978,1S-MH-MU-ZET-CL14-8914,5,42707,5310
16031,5323-16388,1S-MH-MU-ZET-CL14-8914,1S-MH-MU-ZET-CL14-8899,6,5323,16388
16031,19404-13660,1S-MH-MU-ZET-CL14-8978,1S-MH-MU-ZET-CL14-8368,4.1,19404,13660
16031,19403-HTCONSUMER,1S-MH-MU-ZET-CL14-8978,NAN,4.2,19403,HTCONSUMER
16032,16032-39520,1S-MH-MU-ZSC-RSTN-AARE,1T-MH-MU-ARY,1,16032,39520
16032,39517-16326,1T-MH-MU-ARY,1S-MH-MU-ZSC-CL10-2484,2,39517,16326
16032,16327-28177,1S-MH-MU-ZSC-CL10-2484,1S-MH-MU-ZSC-CL10-3035,3,16327,28177
16032,28175-32892,1S-MH-MU-ZSC-CL10-3035,1S-MH-MU-ZSC-CL10-3200,4,28175,32892
16032,32891-14333,1S-MH-MU-ZSC-CL10-3200,1S-MH-MU-ZSC-CL10-2481,5,32891,14333
16032,14335-16304,1S-MH-MU-ZSC-CL10-2481,1S-MH-MU-ZSC-CL10-2761,6,14335,16304
16032,5196-25475,1S-MH-MU-ZSC-CL10-2761,1S-MH-MU-ZSC-CL10-2953,7,5196,25475
16032,25473-38426,1S-MH-MU-ZSC-CL10-2953,1S-MH-MU-ZSC-CL10-3466,8,25473,38426
16032,38425-10641,1S-MH-MU-ZSC-CL10-3466,1S-MH-MU-ZSC-CL10-2463,9,38425,10641
16032,2551-4182,1S-MH-MU-ZSC-CL10-2761,1S-MH-MU-ZSC-CL10-2483,6.1,2551,4182
16032,4180-12117,1S-MH-MU-ZSC-CL10-2483,1S-MH-MU-ZSC-CL10-2556,6.2,4180,12117
16032,2550-29041,1S-MH-MU-ZSC-CL10-2761,1S-MH-MU-ZSC-CL10-3068,6.2,2550,29041
16032,29040-25730,1S-MH-MU-ZSC-CL10-3068,1S-MH-MU-ZSC-CL10-2965,6.3,29040,25730
16032,15117-9698,1S-MH-MU-ZSC-CL10-2761,1S-MH-MU-ZSC-CL10-2446,6.3,15117,9698
16032,13555-13161,1S-MH-MU-ZSC-CL10-2761,1S-MH-MU-ZSC-CL10-2455,6.4,13555,13161
16032,39518-30828,1T-MH-MU-ARY,1S-MH-MU-ZSC-CL01-3154,1.1,39518,30828
16032,30829-9794,1S-MH-MU-ZSC-CL01-3154,1S-MH-MU-ZSC-CL01-2511,1.2,30829,9794
16032,9796-26895,1S-MH-MU-ZSC-CL01-2511,1S-MH-MU-ZSC-CL01-2028,1.3,9796,26895
16032,17544-18874,1S-MH-MU-ZSC-CL01-2028,1S-MH-MU-ZSC-CL01-2574,1.4,17544,18874
16032,18876-25759,1S-MH-MU-ZSC-CL01-2574,1S-MH-MU-ZSC-CL01-2968,1.5,18876,25759
16032,25761-43068,1S-MH-MU-ZSC-CL01-2968,1S-MH-MU-ZSC-CL01-2766,1.6,25761,43068
16032,30830-HTCONSUMER,1S-MH-MU-ZSC-CL01-3154,NAN,1.1.1,30830,HTCONSUMER
16033,16033-39481,1S-MH-MU-ZSC-RSTN-AARE,1S-MH-MU-ZSC-CL01-3569,1,16033,39481
16033,39479-28726,1S-MH-MU-ZSC-CL01-3569,1S-MH-MU-ZSC-CL01-3057,2,39479,28726
16033,28727-25840,1S-MH-MU-ZSC-CL01-3057,1S-MH-MU-ZSC-CL01-2970,3,28727,25840
16033,25838-19178,1S-MH-MU-ZSC-CL01-2970,1S-MH-MU-ZSC-CL01-2866,4,25838,19178
16033,19180-19725,1S-MH-MU-ZSC-CL01-2866,1S-MH-MU-ZSC-CL01-2918,5,19180,19725
16033,19727-16766,1S-MH-MU-ZSC-CL01-2918,1S-MH-MU-ZSC-CL01-2847,6,19727,16766
16033,25840-16816,1S-MH-MU-ZSC-CL01-2970,1S-MH-MU-ZSC-CL01-2219,3.1,25840,16816
16034,16034-CAP BANK,1T-MH-MU-ARY,1T-MH-MU-ARY,1,16034,CAP BANK
26653,26653-39211,1S-MH-MU-ZSC-RSTN-AARE,1S-MH-MU-ZSC-CL10-3549,1,26653,39211
26653,39212-42425,1S-MH-MU-ZSC-CL10-3549,1S-MH-MU-ZSC-CL10-3602,2,39212,42425
26653,42426-39483,1S-MH-MU-ZSC-CL10-3602,1S-MH-MU-ZSC-CL10-3550,3,42426,39483
26657,26657-19881,1S-MH-MU-ZSC-RSTN-AARE,1S-MH-MU-ZSC-CL10-2014,1,26657,19881
26657,19880-11540,1S-MH-MU-ZSC-CL10-2014,1S-MH-MU-ZSC-CL10-2009,2,19880,11540
26657,11539-31630,1S-MH-MU-ZSC-CL10-2009,1S-MH-MU-ZSC-CL10-3195,3,11539,31630
26657,31632-28352,1S-MH-MU-ZSC-CL10-3195,1S-MH-MU-ZSC-CL10-3037,4,31632,28352
26657,28354-29306,1S-MH-MU-ZSC-CL10-3037,1S-MH-MU-ZSC-CL10-3080,5,28354,29306
26657,29308-6766,1S-MH-MU-ZSC-CL10-3080,1S-MH-MU-ZSC-CL10-2842,6,29308,6766
26657,6765-18913,1S-MH-MU-ZSC-CL10-2842,1S-MH-MU-ZSC-CL10-2884,7,6765,18913
26657,18915-18911,1S-MH-MU-ZSC-CL10-2884,1S-MH-MU-ZSC-CL10-2490,8,18915,18911
26657,18912-28082,1S-MH-MU-ZSC-CL10-2490,1S-MH-MU-ZSC-CL10-3023,9,18912,28082
26657,28084-16690,1S-MH-MU-ZSC-CL10-3023,1S-MH-MU-ZSC-CL10-2464,10,28084,16690
26657,6764-43070,1S-MH-MU-ZSC-CL10-2842,1S-MH-MU-ZSC-CL10-3200,6.1,6764,43070
26658,26658-43097,1S-MH-MU-ZSC-RSTN-AARE,1S-MH-MU-ZSC-CL01-2675,1,26658,43097
26658,16382-14317,1S-MH-MU-ZSC-CL01-2675,1S-MH-MU-ZSC-CL01-2779,2,16382,14317
26658,11210-7791,1S-MH-MU-ZSC-CL01-2779,1S-MH-MU-ZSC-CL01-2143,3,11210,7791
26658,7790-10062,1S-MH-MU-ZSC-CL01-2143,1S-MH-MU-ZSC-CL01-2106,4,7790,10062
26658,10061-15684,1S-MH-MU-ZSC-CL01-2106,1S-MH-MU-ZSC-CL01-2200,5,10061,15684
26658,15682-15565,1S-MH-MU-ZSC-CL01-2200,1S-MH-MU-ZSC-CL01-2794,6,15682,15565
26658,15564-5848,1S-MH-MU-ZSC-CL01-2794,1S-MH-MU-ZSC-CL01-2717,7,15564,5848
26658,42493-9421,1S-MH-MU-ZSC-CL01-2143,1S-MH-MU-ZSC-CL01-2142,3.1,42493,9421
26658,9363-25167,1S-MH-MU-ZSC-CL01-2142,1S-MH-MU-ZSC-CL01-2266,3.2,9363,25167
26658,25165-15581,1S-MH-MU-ZSC-CL01-2266,1S-MH-MU-ZSC-CL01-2785,3.3,25165,15581
26658,15582-HTCONSUMER,1S-MH-MU-ZSC-CL01-2785,NAN,3.4,15582,HTCONSUMER
26658,25166-HTCONSUMER,1S-MH-MU-ZSC-CL01-2266,NAN,3.2.1,25166,HTCONSUMER
26659,26659-CAP BANK,1T-MH-MU-ARY,1T-MH-MU-ARY,1,26659,CAP BANK
41850,41850-25572,1S-MH-MU-ZST-RSTN-BAND,1S-MH-MU-ZST-CL02-0191,1,41850,25572
41850,25570-36163,1S-MH-MU-ZST-CL02-0191,1S-MH-MU-ZST-CL02-0902,2,25570,36163
41850,36165-38406,1S-MH-MU-ZST-CL02-0902,1S-MH-MU-ZST-CL02-1261,3,36165,38406
41850,38408-32597,1S-MH-MU-ZST-CL02-1261,1S-MH-MU-ZST-CL02-0849,4,38408,32597
41850,32598-39105,1S-MH-MU-ZST-CL02-0849,1S-MH-MU-ZST-CL02-0490,5,32598,39105
41850,39103-40831,1S-MH-MU-ZST-CL02-0490,1S-MH-MU-ZST-CL02-1088,6,39103,40831
41850,40830-7676,1S-MH-MU-ZST-CL02-1088,1S-MH-MU-ZST-CL02-0351,7,40830,7676
41850,7674-41929,1S-MH-MU-ZST-CL02-0351,1S-MH-MU-ZST-CL02-1056,8,7674,41929
41850,41930-13318,1S-MH-MU-ZST-CL02-1056,1S-MH-MU-ZST-CL02-0299,9,41930,13318
41850,13320-29865,1S-MH-MU-ZST-CL02-0299,1S-MH-MU-ZST-CL02-0759,10,13320,29865
41850,29866-29864,1S-MH-MU-ZST-CL02-0759,1S-MH-MU-ZST-CL02-0758,11,29866,29864
41850,29862-32027,1S-MH-MU-ZST-CL02-0758,1S-MH-MU-ZST-CL02-0828,12,29862,32027
41850,32025-37108,1S-MH-MU-ZST-CL02-0828,1S-MH-MU-ZST-CL02-1168,13,32025,37108
41850,37109-9848,1S-MH-MU-ZST-CL02-1168,1S-MH-MU-ZST-CL02-0489,14,37109,9848
41850,9850-6368,1S-MH-MU-ZST-CL02-0489,1S-MH-MU-ZST-CL02-0006,15,9850,6368
41851,41851-38031,1S-MH-MU-ZST-RSTN-BAND,1S-MH-MU-ZST-CL02-1239,1,41851,38031
41851,38032-37915,1S-MH-MU-ZST-CL02-1239,1S-MH-MU-ZST-CL02-1201,2,38032,37915
41851,37916-17068,1S-MH-MU-ZST-CL02-1201,1S-MH-MU-ZST-CL02-0227,3,37916,17068
41851,17069-40906,1S-MH-MU-ZST-CL02-0227,1S-MH-MU-ZST-CL02-1344,4,17069,40906
41851,40907-35132,1S-MH-MU-ZST-CL02-1344,1S-MH-MU-ZST-CL02-0923,5,40907,35132
41851,35130-35067,1S-MH-MU-ZST-CL02-0923,1S-MH-MU-ZST-CL02-0967,6,35130,35067
41851,35069-6248,1S-MH-MU-ZST-CL02-0967,1S-MH-MU-ZST-CL02-0127,7,35069,6248
41851,6245-30163,1S-MH-MU-ZST-CL02-0127,1S-MH-MU-ZST-CL02-0769,8,6245,30163
41851,30165-16360,1S-MH-MU-ZST-CL02-0769,1S-MH-MU-ZST-CL02-0285,9,30165,16360
41851,16358-10625,1S-MH-MU-ZST-CL02-0285,1S-MH-MU-ZST-CL01-0286,10,16358,10625
41851,39174-15166,1S-MH-MU-ZST-CL01-0286,1S-MH-MU-ZST-CL01-0390,11,39174,15166
41851,15164-17487,1S-MH-MU-ZST-CL01-0390,1S-MH-MU-ZST-CL02-0100,12,15164,17487
41851,15165-HTCONSUMER,1S-MH-MU-ZST-CL01-0390,NAN,11.1,15165,HTCONSUMER
41851,6246-13731,1S-MH-MU-ZST-CL02-0127,1S-MH-MU-ZST-CL02-0399,7.1,6246,13731
41853,41853-18899,1S-MH-MU-ZST-RSTN-BAND,1S-MH-MU-ZST-CL02-0594,1,41853,18899
41853,18896-2890,1S-MH-MU-ZST-CL02-0594,1S-MH-MU-ZST-CL02-0057,2,18896,2890
41853,2888-37051,1S-MH-MU-ZST-CL02-0057,1S-MH-MU-ZST-CL02-1036,3,2888,37051
41853,37053-34974,1S-MH-MU-ZST-CL02-1036,1S-MH-MU-ZST-CL02-0961,4,37053,34974
41853,34975-9221,1S-MH-MU-ZST-CL02-0961,1S-MH-MU-ZST-CL02-0196,5,34975,9221
41853,9220-39549,1S-MH-MU-ZST-CL02-0196,1S-MH-MU-ZST-CL02-1315,6,9220,39549
41853,39548-28905,1S-MH-MU-ZST-CL02-1315,1S-MH-MU-ZST-CL02-0722,7,39548,28905
41853,28906-29235,1S-MH-MU-ZST-CL02-0722,1S-MH-MU-ZST-CL02-0738,8,28906,29235
41853,29236-32679,1S-MH-MU-ZST-CL02-0738,1S-MH-MU-ZST-CL02-0851,9,29236,32679
41853,9221-720,1S-MH-MU-ZST-CL02-0196,1S-MH-MU-ZST-CL02-0296,5.1,9221,720
41853,34975-43724,1S-MH-MU-ZST-CL02-0961,1S-MH-MU-ZST-CL02-1403,4.1,34975,43724
41854,41854-STN XMER,1S-MH-MU-ZST-RSTN-BAND,1S-MH-MU-ZST-RSTN-BAND,1,41854,STN XMER
41855,41855-43306,1S-MH-MU-ZST-RSTN-BAND,1S-MH-MU-ZST-CL01-1398,1,41855,43306
41855,41855-26051,1S-MH-MU-ZST-RSTN-BAND,1S-MH-MU-ZST-CL02-0669,2,41855,26051
41855,26049-25199,1S-MH-MU-ZST-CL02-0669,1S-MH-MU-ZST-CL02-0643,3,26049,25199
41855,25201-25068,1S-MH-MU-ZST-CL02-0643,1S-MH-MU-ZST-CL02-0631,4,25201,25068
41855,25066-29572,1S-MH-MU-ZST-CL02-0631,1S-MH-MU-ZST-CL02-0747,5,25066,29572
41855,29571-35435,1S-MH-MU-ZST-CL02-0747,1S-MH-MU-ZST-CL02-0976,6,29571,35435
41855,35437-40694,1S-MH-MU-ZST-CL02-0976,1S-MH-MU-ZST-CL02-1265,7,35437,40694
41856,41856-37115,1S-MH-MU-ZST-RSTN-BAND,1S-MH-MU-ZST-CL02-1042,1,41856,37115
41856,37114-14299,1S-MH-MU-ZST-CL02-1042,1S-MH-MU-ZST-CL02-0162,2,37114,14299
41856,14297-34447,1S-MH-MU-ZST-CL02-0162,1S-MH-MU-ZST-CL02-0880,3,14297,34447
41856,34446-29878,1S-MH-MU-ZST-CL02-0880,1S-MH-MU-ZST-CL02-0761,4,34446,29878
41856,29880-36763,1S-MH-MU-ZST-CL02-0761,1S-MH-MU-ZST-CL02-1133,5,29880,36763
41856,36764-32495,1S-MH-MU-ZST-CL02-1133,1S-MH-MU-ZST-CL02-0844,6,36764,32495
41856,32497-16116,1S-MH-MU-ZST-CL02-0844,1S-MH-MU-ZST-CL02-0014,7,32497,16116
41856,16118-34888,1S-MH-MU-ZST-CL02-0014,1S-MH-MU-ZST-CL02-0917,8,16118,34888
41856,34886-32832,1S-MH-MU-ZST-CL02-0917,1S-MH-MU-ZST-CL02-0862,9,34886,32832
41856,32830-14104,1S-MH-MU-ZST-CL02-0862,1S-MH-MU-ZST-CL03-0503,10,32830,14104
41856,41708-34956,1S-MH-MU-ZST-CL03-0503,1S-MH-MU-ZST-CL03-0960,11,41708,34956
41856,39465-37060,1S-MH-MU-ZST-CL02-0014,1S-MH-MU-ZST-CL03-1177,7.1,39465,37060
41856,34448-HTCONSUMER,1S-MH-MU-ZST-CL02-0880,NAN,3.1,34448,HTCONSUMER
41896,41896-35980,1S-MH-MU-ZST-RSTN-BAND,1S-MH-MU-ZST-CL02-1096,1,41896,35980
41896,35982-25984,1S-MH-MU-ZST-CL02-1096,1S-MH-MU-ZST-CL02-0372,2,35982,25984
41896,25986-36011,1S-MH-MU-ZST-CL02-0372,1S-MH-MU-ZST-CL02-1076,3,25986,36011
41896,36013-19808,1S-MH-MU-ZST-CL02-1076,1S-MH-MU-ZST-CL02-0619,4,36013,19808
41896,19810-32809,1S-MH-MU-ZST-CL02-0619,1S-MH-MU-ZST-CL02-0861,5,19810,32809
41896,32807-39908,1S-MH-MU-ZST-CL02-0861,1S-MH-MU-ZST-CL02-1322,6,32807,39908
41896,39909-25743,1S-MH-MU-ZST-CL02-1322,1S-MH-MU-ZST-CL03-0101,7,39909,25743
41896,25745-6810,1S-MH-MU-ZST-CL03-0101,1S-MH-MU-ZST-CL02-0334,8,25745,6810
41896,5968-32748,1S-MH-MU-ZST-CL02-0334,1S-MH-MU-ZST-CL02-0858,9,5968,32748
41896,32750-34071,1S-MH-MU-ZST-CL02-0858,1S-MH-MU-ZST-CL02-0879,10,32750,34071
41896,34069-34961,1S-MH-MU-ZST-CL02-0879,1S-MH-MU-ZST-CL02-0963,11,34069,34961
41896,34959-32538,1S-MH-MU-ZST-CL02-0963,1S-MH-MU-ZST-CL03-0845,12,34959,32538
41896,19810-9018,1S-MH-MU-ZST-CL02-0619,1S-MH-MU-ZST-CL02-0526,4.1,19810,9018
41896,25986-36276,1S-MH-MU-ZST-CL02-0372,1S-MH-MU-ZST-CL02-0832,2.1,25986,36276
41897,41897-34756,1S-MH-MU-ZST-RSTN-BAND,1S-MH-MU-ZST-CL01-0955,1,41897,34756
41897,34754-15258,1S-MH-MU-ZST-CL01-0955,1S-MH-MU-ZST-CL02-0384,2,34754,15258
41897,15256-6541,1S-MH-MU-ZST-CL02-0384,1S-MH-MU-ZST-CL02-0011,3,15256,6541
41897,6543-32172,1S-MH-MU-ZST-CL02-0011,1S-MH-MU-ZST-CL02-0830,4,6543,32172
41897,32174-9566,1S-MH-MU-ZST-CL02-0830,1S-MH-MU-ZST-CL01-0039,5,32174,9566
41897,9568-32569,1S-MH-MU-ZST-CL01-0039,1S-MH-MU-ZST-CL01-0846,6,9568,32569
41897,32567-31578,1S-MH-MU-ZST-CL01-0846,1S-MH-MU-ZST-CL01-0816,7,32567,31578
41897,31576-26233,1S-MH-MU-ZST-CL01-0816,1S-MH-MU-ZST-CL01-0265,8,31576,26233
41897,26235-37189,1S-MH-MU-ZST-CL01-0265,1S-MH-MU-ZST-CL01-1179,9,26235,37189
41897,37191-43892,1S-MH-MU-ZST-CL01-1179,1S-MH-MU-ZST-RSTN-BOMB,10,37191,43892
41897,43892-19410,1S-MH-MU-ZST-RSTN-BOMB,1S-MH-MU-ZST-CL01-0576,11,43892,19410
41897,19410-13534,1S-MH-MU-ZST-CL01-0576,1S-MH-MU-ZST-CL01-0109,12,19410,13534
41897,13532-28959,1S-MH-MU-ZST-CL01-0109,1S-MH-MU-ZST-CL01-0725,13,13532,28959
41898,41898-19129,1S-MH-MU-ZST-RSTN-BAND,1S-MH-MU-ZST-CL01-0590,1,41898,19129
41898,19131-4957,1S-MH-MU-ZST-CL01-0590,1S-MH-MU-ZST-CL01-0413,2,19131,4957
41898,4955-36362,1S-MH-MU-ZST-CL01-0413,1S-MH-MU-ZST-CL01-0977,3,4955,36362
41898,36364-34851,1S-MH-MU-ZST-CL01-0977,1S-MH-MU-ZST-CL02-0886,4,36364,34851
41898,34849-7128,1S-MH-MU-ZST-CL02-0886,1S-MH-MU-ZST-CL01-0350,5,34849,7128
41898,7126-30804,1S-MH-MU-ZST-CL01-0350,1S-MH-MU-ZST-CL01-0794,6,7126,30804
41898,30806-19540,1S-MH-MU-ZST-CL01-0794,1S-MH-MU-ZST-CL02-0507,7,30806,19540
41898,19539-11000,1S-MH-MU-ZST-CL02-0507,1S-MH-MU-ZST-CL02-0290,8,19539,11000
41898,19538-13476,1S-MH-MU-ZST-CL02-0507,1S-MH-MU-ZST-CL02-0504,7.1,19538,13476
41899,41899-37855,1S-MH-MU-ZST-RSTN-BAND,1S-MH-MU-ZST-CL01-1166,1,41899,37855
41899,37856-30326,1S-MH-MU-ZST-CL01-1166,1S-MH-MU-ZST-CL01-0785,2,37856,30326
41899,30328-4767,1S-MH-MU-ZST-CL01-0785,1S-MH-MU-ZST-CL01-0073,3,30328,4767
41899,7034-10437,1S-MH-MU-ZST-CL01-0073,1S-MH-MU-ZST-CL01-0443,4,7034,10437
41899,10435-28960,1S-MH-MU-ZST-CL01-0443,1S-MH-MU-ZST-CL01-0725,5,10435,28960
41900,41900-38457,1S-MH-MU-ZST-RSTN-BAND,1S-MH-MU-ZST-CL02-1259,1,41900,38457
41900,38455-4568,1S-MH-MU-ZST-CL02-1259,1S-MH-MU-ZST-CL02-0142,2,38455,4568
41900,4566-18925,1S-MH-MU-ZST-CL02-0142,1S-MH-MU-ZST-CL02-0593,3,4566,18925
41900,18927-4117,1S-MH-MU-ZST-CL02-0593,1S-MH-MU-ZST-CL02-0300,4,18927,4117
41900,14243-15836,1S-MH-MU-ZST-CL02-0300,1S-MH-MU-ZST-CL02-0218,5,14243,15836
41900,15838-38936,1S-MH-MU-ZST-CL02-0218,1S-MH-MU-ZST-CL02-1151,6,15838,38936
41900,38934-39509,1S-MH-MU-ZST-CL02-1151,1S-MH-MU-ZST-CL02-1320,7,38934,39509
41900,39508-39047,1S-MH-MU-ZST-CL02-1320,1S-MH-MU-ZST-CL02-1278,8,39508,39047
41900,39510-HTCONSUMER,1S-MH-MU-ZST-CL02-1320,NAN,7.1,39510,HTCONSUMER
41900,13086-36642,1S-MH-MU-ZST-CL02-0142,1S-MH-MU-ZST-CL01-1081,2.1,13086,36642
41900,36640-25666,1S-MH-MU-ZST-CL01-1081,1S-MH-MU-ZST-CL01-0658,2.2,36640,25666
41900,25664-39346,1S-MH-MU-ZST-CL01-0658,1S-MH-MU-ZST-CL01-0401,2.3,25664,39346
41903,41903-CAP BANK,1S-MH-MU-ZST-RSTN-BAND,1S-MH-MU-ZST-RSTN-BAND,1,41903,CAP BANK
41905,41905-43176,1S-MH-MU-ZST-RSTN-BAND,1S-MH-MU-ZST-CL02-1393,1,41905,43176
41905,43175-29816,1S-MH-MU-ZST-CL02-1393,1S-MH-MU-ZST-CL02-0756,2,43175,29816
41905,29814-32837,1S-MH-MU-ZST-CL02-0756,1S-MH-MU-ZST-CL02-0863,3,29814,32837
41905,32839-11020,1S-MH-MU-ZST-CL02-0863,1S-MH-MU-ZST-CL02-0352,4,32839,11020
41905,11018-29475,1S-MH-MU-ZST-CL02-0352,1S-MH-MU-ZST-CL02-0741,5,11018,29475
41905,29474-25217,1S-MH-MU-ZST-CL02-0741,1S-MH-MU-ZST-CL02-0645,6,29474,25217
41905,25215-40665,1S-MH-MU-ZST-CL02-0645,1S-MH-MU-ZST-CL02-1329,7,25215,40665
41905,40666-25909,1S-MH-MU-ZST-CL02-1329,1S-MH-MU-ZST-CL02-0667,8,40666,25909
41905,25907-30715,1S-MH-MU-ZST-CL02-0667,1S-MH-MU-ZST-CL02-0790,9,25907,30715
41905,30717-32703,1S-MH-MU-ZST-CL02-0790,1S-MH-MU-ZST-CL02-0854,10,30717,32703
41905,32705-19420,1S-MH-MU-ZST-CL02-0854,1S-MH-MU-ZST-CL02-0592,11,32705,19420
41905,19418-10922,1S-MH-MU-ZST-CL02-0592,1S-MH-MU-ZST-CL02-0007,12,19418,10922
41905,10886-41346,1S-MH-MU-ZST-CL02-0007,1S-MH-MU-ZST-CL02-1183,13,10886,41346
41905,41345-10877,1S-MH-MU-ZST-CL02-1183,1S-MH-MU-ZST-CL02-0389,14,41345,10877
41905,10878-38501,1S-MH-MU-ZST-CL02-0389,1S-MH-MU-ZST-CL02-1274,15,10878,38501
41905,25216-HTCONSUMER,1S-MH-MU-ZST-CL02-0645,NAN,6.1,25216,HTCONSUMER
41906,41906-32488,1S-MH-MU-ZST-RSTN-BAND,1S-MH-MU-ZST-CL02-0843,1,41906,32488
41906,32486-40221,1S-MH-MU-ZST-CL02-0843,1S-MH-MU-ZST-CL02-1335,2,32486,40221
41906,40222-32351,1S-MH-MU-ZST-CL02-1335,1S-MH-MU-ZST-CL02-0832,3,40222,32351
41906,32349-7850,1S-MH-MU-ZST-CL02-0832,1S-MH-MU-ZST-CL02-0012,4,32349,7850
41906,7849-15747,1S-MH-MU-ZST-CL02-0012,1S-MH-MU-ZST-CL02-0302,5,7849,15747
41906,15749-6585,1S-MH-MU-ZST-CL02-0302,1S-MH-MU-ZST-CL02-0002,6,15749,6585
41906,6583-42354,1S-MH-MU-ZST-CL02-0002,1S-MH-MU-ZST-CL02-1365,7,6583,42354
41906,42353-36966,1S-MH-MU-ZST-CL02-1365,1S-MH-MU-ZST-CL02-1176,8,42353,36966
41906,36968-15768,1S-MH-MU-ZST-CL02-1176,1S-MH-MU-ZST-CL02-0414,9,36968,15768
41906,41906-30152,1S-MH-MU-ZST-RSTN-BAND,1S-MH-MU-ZST-CL01-0772,2,41906,30152
41906,30151-36652,1S-MH-MU-ZST-CL01-0772,1S-MH-MU-ZST-CL02-1124,3,30151,36652
41906,36650-30749,1S-MH-MU-ZST-CL02-1124,1S-MH-MU-ZST-CL01-0791,4,36650,30749
41906,30748-30196,1S-MH-MU-ZST-CL01-0791,1S-MH-MU-ZST-CL01-0773,5,30748,30196
41906,30194-34899,1S-MH-MU-ZST-CL01-0773,1S-MH-MU-ZST-CL01-0947,6,30194,34899
41906,34901-32429,1S-MH-MU-ZST-CL01-0947,1S-MH-MU-ZST-CL01-0506,7,34901,32429
41906,535-6945,1S-MH-MU-ZST-CL01-0506,1S-MH-MU-ZST-CL01-0106,8,535,6945
41906,6947-26631,1S-MH-MU-ZST-CL01-0106,1S-MH-MU-ZST-CL01-0688,9,6947,26631
41906,26629-14843,1S-MH-MU-ZST-CL01-0688,1S-MH-MU-ZST-CL01-0124,10,26629,14843
41906,6944-5040,1S-MH-MU-ZST-CL01-0106,1S-MH-MU-ZST-CL01-0509,8.1,6944,5040
41906,2091-10999,1S-MH-MU-ZST-CL01-0509,1S-MH-MU-ZST-CL02-0290,8.2,2091,10999
41906,537-26617,1S-MH-MU-ZST-CL01-0506,1S-MH-MU-ZST-CL01-0686,7.1,537,26617
41906,26619-32725,1S-MH-MU-ZST-CL01-0686,1S-MH-MU-ZST-CL01-0856,7.2,26619,32725
41906,34696-43885,1S-MH-MU-ZST-CL01-0773,1S-MH-MU-ZST-RSTN-BOMB,5.1,34696,43885
41906,42395-38058,1S-MH-MU-ZST-CL01-0791,1S-MH-MU-ZST-CL01-0413,4.1,42395,38058
41907,41907-STN XMER,1S-MH-MU-ZST-RSTN-BAND,1S-MH-MU-ZST-RSTN-BAND,1,41907,STN XMER
41908,41908-15457,1S-MH-MU-ZST-RSTN-BAND,1S-MH-MU-ZST-RSTN-24TH,1,41908,15457
41908,41908-43305,1S-MH-MU-ZST-RSTN-BAND,1S-MH-MU-ZST-CL01-1398,2,41908,43305
41910,41910-31116,1S-MH-MU-ZST-RSTN-BAND,1S-MH-MU-ZST-CL02-0802,1,41910,31116
41910,31117-15456,1S-MH-MU-ZST-CL02-0802,1S-MH-MU-ZST-RSTN-24TH,2,31117,15456
41910,15456-31334,1S-MH-MU-ZST-RSTN-24TH,1S-MH-MU-ZST-CL02-0809,3,15456,31334
41910,31336-32083,1S-MH-MU-ZST-CL02-0809,1S-MH-MU-ZST-CL02-0829,4,31336,32083
41910,32085-12668,1S-MH-MU-ZST-CL02-0829,1S-MH-MU-ZST-CL02-0450,5,32085,12668
41910,43365-40626,1S-MH-MU-ZST-CL02-0450,1S-MH-MU-ZST-CL02-1326,6,43365,40626
41910,40627-31239,1S-MH-MU-ZST-CL02-1326,1S-MH-MU-ZST-CL02-0806,7,40627,31239
41910,31238-35078,1S-MH-MU-ZST-CL02-0806,1S-MH-MU-ZST-CL02-0938,8,31238,35078
41910,35076-35447,1S-MH-MU-ZST-CL02-0938,1S-MH-MU-ZST-CL02-1020,9,35076,35447
41910,35445-6425,1S-MH-MU-ZST-CL02-1020,1S-MH-MU-ZST-CL02-0397,10,35445,6425
41910,31240-240,1S-MH-MU-ZST-CL02-0806,1S-MH-MU-ZST-CL02-0541,7.1,31240,240
41910,844-6639,1S-MH-MU-ZST-CL02-0541,1S-MH-MU-ZST-CL02-0304,7.2,844,6639
41910,32824-12362,1S-MH-MU-ZST-CL02-0541,1S-MH-MU-ZST-CL02-0396,7.1.1,32824,12362
41911,41911-40475,1S-MH-MU-ZST-RSTN-BAND,1S-MH-MU-ZST-CL01-1286,1,41911,40475
41911,40476-16724,1S-MH-MU-ZST-CL01-1286,1S-MH-MU-ZST-CL02-0348,2,40476,16724
41911,16726-30767,1S-MH-MU-ZST-CL02-0348,1S-MH-MU-ZST-CL01-0793,3,16726,30767
41911,30768-14200,1S-MH-MU-ZST-CL01-0793,1S-MH-MU-ZST-CL01-0429,4,30768,14200
41911,35458-9022,1S-MH-MU-ZST-CL01-0429,1S-MH-MU-ZST-CL01-0086,5,35458,9022
41911,4084-31591,1S-MH-MU-ZST-CL01-0086,1S-MH-MU-ZST-CL01-0818,6,4084,31591
41911,31593-596,1S-MH-MU-ZST-CL01-0818,1S-MH-MU-ZST-CL01-0375,7,31593,596
41911,598-12945,1S-MH-MU-ZST-CL01-0375,1S-MH-MU-ZST-CL01-0112,8,598,12945
41911,12947-30004,1S-MH-MU-ZST-CL01-0112,1S-MH-MU-ZST-CL01-0763,9,12947,30004
41911,30005-39347,1S-MH-MU-ZST-CL01-0763,1S-MH-MU-ZST-CL01-0401,10,30005,39347
41911,14198-32424,1S-MH-MU-ZST-CL01-0429,1S-MH-MU-ZST-CL02-0831,4.1,14198,32424
41912,41912-CAP BANK,1S-MH-MU-ZST-RSTN-BAND,1S-MH-MU-ZST-RSTN-BAND,1,41912,CAP BANK
43876,43876-30609,1S-MH-MU-ZST-RSTN-BOMB,1S-MH-MU-ZST-CL01-0787,1,43876,30609
43876,30607-6722,1S-MH-MU-ZST-CL01-0787,1S-MH-MU-ZST-CL01-0155,2,30607,6722
43876,30316-29994,1S-MH-MU-ZST-CL01-0155,1S-MH-MU-ZST-CL01-0764,3,30316,29994
43876,29996-19412,1S-MH-MU-ZST-CL01-0764,1S-MH-MU-ZST-CL01-0576,4,29996,19412
43876,19412-2781,1S-MH-MU-ZST-CL01-0576,1S-MH-MU-ZST-CL01-0508,5,19412,2781
43876,2779-32422,1S-MH-MU-ZST-CL01-0508,1S-MH-MU-ZST-CL02-0831,6,2779,32422
43876,19413-HTCONSUMER,1S-MH-MU-ZST-CL01-0576,NAN,4.1,19413,HTCONSUMER
43878,43878-36782,1S-MH-MU-ZST-RSTN-BOMB,1S-MH-MU-ZST-CL01-1029,1,43878,36782
43878,36784-39164,1S-MH-MU-ZST-CL01-1029,1S-MH-MU-ZST-CL01-0058,2,36784,39164
43878,2278-11185,1S-MH-MU-ZST-CL01-0058,1S-MH-MU-ZST-CL01-0079,3,2278,11185
43878,11187-4963,1S-MH-MU-ZST-CL01-0079,1S-MH-MU-ZST-CL01-0449,4,11187,4963
43879,43879-5825,1S-MH-MU-ZST-RSTN-BOMB,1S-MH-MU-ZST-CL01-0574,1,43879,5825
43879,5823-9657,1S-MH-MU-ZST-CL01-0574,1S-MH-MU-ZST-CL01-0331,2,5823,9657
43879,9655-342,1S-MH-MU-ZST-CL01-0331,1S-MH-MU-ZST-CL01-0360,3,9655,342
43879,9397-9194,1S-MH-MU-ZST-CL01-0360,1S-MH-MU-ZST-CL01-0438,4,9397,9194
43879,9196-9148,1S-MH-MU-ZST-CL01-0438,1S-MH-MU-ZST-CL01-0416,5,9196,9148
43879,9147-5555,1S-MH-MU-ZST-CL01-0416,1S-MH-MU-ZST-CL01-0368,6,9147,5555
43879,2643-16912,1S-MH-MU-ZST-CL01-0368,1S-MH-MU-ZST-CL01-0267,7,2643,16912
43879,14701-43672,1S-MH-MU-ZST-CL01-0267,1S-MH-MU-ZST-CL01-1413,8,14701,43672
43879,43673-34494,1S-MH-MU-ZST-CL01-1413,1S-MH-MU-ZST-CL01-0936,9,43673,34494
43879,34493-HTCONSUMER,1S-MH-MU-ZST-CL01-0936,NAN,10,34493,HTCONSUMER
43879,38839-38574,1S-MH-MU-ZST-CL01-0331,1S-MH-MU-ZST-CL01-0066,2.1,38839,38574
43879,13898-14349,1S-MH-MU-ZST-CL01-0066,1S-MH-MU-ZST-CL01-0386,2.2,13898,14349
43879,14348-38531,1S-MH-MU-ZST-CL01-0386,1S-MH-MU-ZST-CL01-1270,2.3,14348,38531
43879,38532-43559,1S-MH-MU-ZST-CL01-1270,1S-MH-MU-ZST-CL01-1406,2.4,38532,43559
43879,43560-15681,1S-MH-MU-ZST-CL01-1406,1S-MH-MU-ZST-CL01-0071,2.5,43560,15681
43879,13896-14892,1S-MH-MU-ZST-CL01-0066,1S-MH-MU-ZST-CL01-0067,2.1.1,13896,14892
43881,43881-STN XMER,1S-MH-MU-ZST-RSTN-BOMB,1S-MH-MU-ZST-RSTN-BOMB,1,43881,STN XMER
43886,43886-11045,1S-MH-MU-ZST-RSTN-BOMB,1S-MH-MU-ZST-CL01-0228,1,43886,11045
43886,11047-30168,1S-MH-MU-ZST-CL01-0228,1S-MH-MU-ZST-CL01-0770,2,11047,30168
43886,30166-7252,1S-MH-MU-ZST-CL01-0770,1S-MH-MU-ZST-CL01-0505,3,30166,7252
43886,7254-4266,1S-MH-MU-ZST-CL01-0505,1S-MH-MU-ZST-CL01-0108,4,7254,4266
43888,43888-9956,1S-MH-MU-ZST-RSTN-BOMB,1S-MH-MU-ZST-CL01-0088,1,43888,9956
43888,9954-35646,1S-MH-MU-ZST-CL01-0088,1S-MH-MU-ZST-CL01-0972,2,9954,35646
43888,35647-17385,1S-MH-MU-ZST-CL01-0972,1S-MH-MU-ZST-CL01-0427,3,35647,17385
43888,17387-9229,1S-MH-MU-ZST-CL01-0427,1S-MH-MU-ZST-CL01-0498,4,17387,9229
43888,6974-HTCONSUMER,1S-MH-MU-ZST-CL01-0498,NAN,5,6974,HTCONSUMER
43888,43888-7655,1S-MH-MU-ZST-RSTN-BOMB,1S-MH-MU-ZST-CL01-0575,2,43888,7655
43888,7654-30224,1S-MH-MU-ZST-CL01-0575,1S-MH-MU-ZST-CL01-0192,3,7654,30224
43888,30225-6724,1S-MH-MU-ZST-CL01-0192,1S-MH-MU-ZST-CL01-0155,4,30225,6724
43889,43889-11583,1S-MH-MU-ZST-RSTN-BOMB,1S-MH-MU-ZST-CL01-0333,1,43889,11583
43889,11581-6822,1S-MH-MU-ZST-CL01-0333,1S-MH-MU-ZST-CL01-0226,2,11581,6822
43889,6821-14793,1S-MH-MU-ZST-CL01-0226,1S-MH-MU-ZST-CL01-0070,3,6821,14793
43889,14791-13983,1S-MH-MU-ZST-CL01-0070,1S-MH-MU-ZST-CL01-0071,4,14791,13983
43889,6823-2645,1S-MH-MU-ZST-CL01-0226,1S-MH-MU-ZST-CL01-0368,2.1,6823,2645
43889,11582-HTCONSUMER,1S-MH-MU-ZST-CL01-0333,NAN,1.1,11582,HTCONSUMER
43891,43891-37975,1S-MH-MU-ZST-RSTN-BOMB,1S-MH-MU-ZST-CL01-1131,1,43891,37975
43891,37974-34702,1S-MH-MU-ZST-CL01-1131,1S-MH-MU-ZST-CL02-0032,2,37974,34702
43891,14787-11376,1S-MH-MU-ZST-CL02-0032,1S-MH-MU-ZST-CL02-0033,3,14787,11376
43891,11375-32942,1S-MH-MU-ZST-CL02-0033,1S-MH-MU-ZST-CL02-0868,4,11375,32942
43891,32944-29124,1S-MH-MU-ZST-CL02-0868,1S-MH-MU-ZST-CL02-0735,5,32944,29124
43891,29123-42742,1S-MH-MU-ZST-CL02-0735,1S-MH-MU-ZST-CL02-1371,6,29123,42742
43891,42741-17085,1S-MH-MU-ZST-CL02-1371,1S-MH-MU-ZST-CL02-0388,7,42741,17085
43891,43891-6424,1S-MH-MU-ZST-RSTN-BOMB,1S-MH-MU-ZST-CL01-0189,2,43891,6424
43891,6422-6679,1S-MH-MU-ZST-CL01-0189,1S-MH-MU-ZST-CL01-0065,3,6422,6679
43891,6678-14031,1S-MH-MU-ZST-CL01-0065,1S-MH-MU-ZST-CL01-0340,4,6678,14031
43891,14033-32740,1S-MH-MU-ZST-CL01-0340,1S-MH-MU-ZST-CL01-0333,5,14033,32740
43891,16038-14894,1S-MH-MU-ZST-CL01-0333,1S-MH-MU-ZST-CL01-0067,6,16038,14894
43891,19347-HTCONSUMER,1S-MH-MU-ZST-CL01-0340,NAN,4.1,19347,HTCONSUMER
43891,6681-19036,1S-MH-MU-ZST-CL01-0065,1S-MH-MU-ZST-CL01-0435,3.1,6681,19036
43894,43894-37717,1S-MH-MU-ZST-RSTN-BOMB,1S-MH-MU-ZST-CL01-0124,1,43894,37717
43894,14841-475,1S-MH-MU-ZST-CL01-0124,1S-MH-MU-ZST-CL01-0062,2,14841,475
43894,39-9375,1S-MH-MU-ZST-CL01-0062,1S-MH-MU-ZST-CL01-0569,3,39,9375
43894,9376-5377,1S-MH-MU-ZST-CL01-0569,1S-MH-MU-ZST-CL01-0288,4,9376,5377
43894,39960-344,1S-MH-MU-ZST-CL01-0062,1S-MH-MU-ZST-CL01-0360,2.1,39960,344
43895,43895-32912,1S-MH-MU-ZST-RSTN-BOMB,1S-MH-MU-ZST-CL01-0866,1,43895,32912
43895,32914-11195,1S-MH-MU-ZST-CL01-0866,1S-MH-MU-ZST-CL01-0137,2,32914,11195
43895,11193-28800,1S-MH-MU-ZST-CL01-0137,1S-MH-MU-ZST-CL01-0719,3,11193,28800
43895,28799-26586,1S-MH-MU-ZST-CL01-0719,1S-MH-MU-ZST-CL01-0685,4,28799,26586
43895,26584-13688,1S-MH-MU-ZST-CL01-0685,1S-MH-MU-ZST-CL01-0289,5,26584,13688
43895,13686-4770,1S-MH-MU-ZST-CL01-0289,1S-MH-MU-ZST-CL01-0361,6,13686,4770
43895,4772-30837,1S-MH-MU-ZST-CL01-0361,1S-MH-MU-ZST-CL01-0368,7,4772,30837
40013,40013-18738,1S-MH-MU-ZSC-RSTN-BHAV,1S-MH-MU-ZSC-CL07-2258,1,40013,18738
40013,18736-16732,1S-MH-MU-ZSC-CL07-2258,1S-MH-MU-ZSC-CL07-2257,2,18736,16732
40013,16734-18367,1S-MH-MU-ZSC-CL07-2257,1S-MH-MU-ZSC-CL07-2650,3,16734,18367
40013,18368-10950,1S-MH-MU-ZSC-CL07-2650,1S-MH-MU-ZSC-CL07-2631,4,18368,10950
40013,10951-17938,1S-MH-MU-ZSC-CL07-2631,1S-MH-MU-ZSC-CL07-2073,5,10951,17938
40013,17939-19234,1S-MH-MU-ZSC-CL07-2073,1S-MH-MU-ZSC-CL07-2870,6,17939,19234
40013,19236-31133,1S-MH-MU-ZSC-CL07-2870,1S-MH-MU-ZSC-CL07-3161,7,19236,31133
40013,31132-34793,1S-MH-MU-ZSC-CL07-3161,1S-MH-MU-ZSC-CL07-3265,8,31132,34793
40013,34795-41326,1S-MH-MU-ZSC-CL07-3265,1S-MH-MU-ZSC-CL07-3563,9,34795,41326
40013,41325-9309,1S-MH-MU-ZSC-CL07-3563,1S-MH-MU-ZSC-CL07-2115,10,41325,9309
40013,19571-HTCONSUMER,1S-MH-MU-ZSC-CL07-2073,NAN,5.1,19571,HTCONSUMER
40013,15198-34987,1S-MH-MU-ZSC-CL07-2650,1S-MH-MU-ZSC-CL07-3299,3.1,15198,34987
40014,40014-37591,1S-MH-MU-ZSC-RSTN-BHAV,1S-MH-MU-ZSC-CL06-3390,1,40014,37591
40014,37592-40826,1S-MH-MU-ZSC-CL06-3390,1S-MH-MU-ZSC-CL06-3511,2,37592,40826
40014,40825-18235,1S-MH-MU-ZSC-CL06-3511,1S-MH-MU-ZSC-CL06-2420,3,40825,18235
40014,18233-28780,1S-MH-MU-ZSC-CL06-2420,1S-MH-MU-ZSC-CL06-3062,4,18233,28780
40014,28778-30913,1S-MH-MU-ZSC-CL06-3062,1S-MH-MU-ZSC-CL06-3157,5,28778,30913
40014,37593-11363,1S-MH-MU-ZSC-CL06-3390,1S-MH-MU-ZSC-CL06-2451,1.1,37593,11363
40014,11362-5822,1S-MH-MU-ZSC-CL06-2451,1S-MH-MU-ZSC-CL06-2088,1.2,11362,5822
40014,5819-5688,1S-MH-MU-ZSC-CL06-2088,1S-MH-MU-ZSC-CL06-2220,1.3,5819,5688
40015,40015-6303,1S-MH-MU-ZSC-RSTN-BHAV,1S-MH-MU-ZSC-CL06-2201,1,40015,6303
40015,15483-4189,1S-MH-MU-ZSC-CL06-2201,1S-MH-MU-ZSC-CL06-2173,2,15483,4189
40015,16322-39193,1S-MH-MU-ZSC-CL06-2173,1S-MH-MU-ZSC-CL07-3534,3,16322,39193
40015,39192-34979,1S-MH-MU-ZSC-CL07-3534,1S-MH-MU-ZSC-CL07-3255,4,39192,34979
40015,4187-9565,1S-MH-MU-ZSC-CL06-2173,1S-MH-MU-ZSC-CL06-2282,2.1,4187,9565
40015,9563-5956,1S-MH-MU-ZSC-CL06-2282,1S-MH-MU-ZSC-CL09-2074,2.2,9563,5956
40015,5963-25431,1S-MH-MU-ZSC-CL06-2282,1S-MH-MU-ZSC-CL09-2074,2.1.1,5963,25431
40015,18273-30914,1S-MH-MU-ZSC-CL06-2282,1S-MH-MU-ZSC-CL06-3157,2.1.2,18273,30914
40015,6301-6931,1S-MH-MU-ZSC-CL06-2201,1S-MH-MU-ZSC-CL06-2174,1.1,6301,6931
40015,6933-26684,1S-MH-MU-ZSC-CL06-2174,1S-MH-MU-ZSC-CL06-2998,1.2,6933,26684
40016,40016-42700,1S-MH-MU-ZSC-RSTN-BHAV,1S-MH-MU-ZSC-CL07-3639,1,40016,42700
40016,42701-42682,1S-MH-MU-ZSC-CL07-3639,1S-MH-MU-ZSC-CL07-3402,2,42701,42682
40016,36524-41258,1S-MH-MU-ZSC-CL07-3402,1S-MH-MU-ZSC-CL09-3618,3,36524,41258
40016,41259-19558,1S-MH-MU-ZSC-CL09-3618,1S-MH-MU-ZSC-RSTN-AMBI,4,41259,19558
40018,40018-34915,1S-MH-MU-ZSC-RSTN-BHAV,1S-MH-MU-ZSC-CL07-3267,1,40018,34915
40020,40020-CAP BANK,1S-MH-MU-ZSC-RSTN-BHAV,1S-MH-MU-ZSC-RSTN-BHAV,1,40020,CAP BANK
40022,40022-25416,1S-MH-MU-ZSC-RSTN-BHAV,1S-MH-MU-ZSC-CL06-2951,1,40022,25416
40022,25418-19479,1S-MH-MU-ZSC-CL06-2951,1S-MH-MU-ZSC-CL06-2904,2,25418,19479
40022,19477-13682,1S-MH-MU-ZSC-CL06-2904,1S-MH-MU-ZSC-CL06-2016,3,19477,13682
40022,13680-7573,1S-MH-MU-ZSC-CL06-2016,1S-MH-MU-ZSC-CL06-2228,4,13680,7573
40022,7574-15375,1S-MH-MU-ZSC-CL06-2228,1S-MH-MU-ZSC-CL06-2222,5,7574,15375
40023,40023-36373,1S-MH-MU-ZSC-RSTN-BHAV,1S-MH-MU-ZSC-CL07-3371,1,40023,36373
40023,36371-1089,1S-MH-MU-ZSC-CL07-3371,1S-MH-MU-ZSC-CL07-2237,2,36371,1089
40023,17967-35443,1S-MH-MU-ZSC-CL07-2237,1S-MH-MU-ZSC-CL09-3240,3,17967,35443
40023,35442-7646,1S-MH-MU-ZSC-CL09-3240,1S-MH-MU-ZSC-CL07-2140,4,35442,7646
40023,7644-15173,1S-MH-MU-ZSC-CL07-2140,1S-MH-MU-ZSC-CL07-2299,5,7644,15173
40023,15175-10805,1S-MH-MU-ZSC-CL07-2299,1S-MH-MU-ZSC-CL07-2816,6,15175,10805
40023,10805-14968,1S-MH-MU-ZSC-CL07-2816,1S-MH-MU-ZSC-CL07-2065,7,10805,14968
40023,5067-36402,1S-MH-MU-ZSC-CL07-2065,1S-MH-MU-ZSC-CL07-3372,8,5067,36402
40023,36403-40198,1S-MH-MU-ZSC-CL07-3372,1S-MH-MU-ZSC-CL07-2116,9,36403,40198
40023,40199-30719,1S-MH-MU-ZSC-CL07-2116,1S-MH-MU-ZSC-CL07-3148,10,40199,30719
40023,30718-30243,1S-MH-MU-ZSC-CL07-3148,1S-MH-MU-ZSC-CL07-2603,11,30718,30243
40023,30245-15542,1S-MH-MU-ZSC-CL07-2603,1S-MH-MU-ZSC-CL07-2276,12,30245,15542
40023,40200-4431,1S-MH-MU-ZSC-CL07-2116,1S-MH-MU-ZSC-RSTN-ANDH,9.1,40200,4431
40023,10803-25944,1S-MH-MU-ZSC-CL07-2816,1S-MH-MU-ZSC-CL09-2975,6.1,10803,25944
40023,25946-9026,1S-MH-MU-ZSC-CL09-2975,1S-MH-MU-ZSC-CL09-2075,6.2,25946,9026
40023,9027-28663,1S-MH-MU-ZSC-CL09-2075,1S-MH-MU-ZSC-CL09-3056,6.3,9027,28663
40023,28661-29729,1S-MH-MU-ZSC-CL09-3056,1S-MH-MU-ZSC-CL09-3097,6.4,28661,29729
40023,14961-HTCONSUMER,1S-MH-MU-ZSC-CL09-2075,NAN,6.2.1,14961,HTCONSUMER
40023,5788-37142,1S-MH-MU-ZSC-CL07-2237,1S-MH-MU-ZSC-CL07-3380,2.1,5788,37142
40023,37143-26739,1S-MH-MU-ZSC-CL07-3380,1S-MH-MU-ZSC-CL07-2999,2.2,37143,26739
40023,26737-26427,1S-MH-MU-ZSC-CL07-2999,1S-MH-MU-ZSC-CL07-2989,2.3,26737,26427
40023,26425-41943,1S-MH-MU-ZSC-CL07-2989,1S-MH-MU-ZSC-CL07-2073,2.4,26425,41943
40023,1087-37472,1S-MH-MU-ZSC-CL07-2237,1S-MH-MU-ZSC-CL07-3456,2.2,1087,37472
40023,17967-1046,1S-MH-MU-ZSC-CL07-2237,1S-MH-MU-ZSC-CL07-2297,2.3,17967,1046
40026,40026-41303,1S-MH-MU-ZSC-RSTN-BHAV,1S-MH-MU-ZST-CL04-0177,1,40026,41303
40026,6390-13000,1S-MH-MU-ZST-CL04-0177,1S-MH-MU-ZST-CL04-0442,2,6390,13000
40026,13002-25367,1S-MH-MU-ZST-CL04-0442,1S-MH-MU-ZST-CL04-0264,3,13002,25367
40026,29629-9197,1S-MH-MU-ZST-CL04-0264,1S-MH-MU-ZST-CL04-0586,4,29629,9197
40026,9199-17286,1S-MH-MU-ZST-CL04-0586,1S-MH-MU-ZST-CL04-0357,5,9199,17286
40026,17285-10117,1S-MH-MU-ZST-CL04-0357,1S-MH-MU-ZST-CL04-0231,6,17285,10117
40026,10119-6486,1S-MH-MU-ZST-CL04-0231,1S-MH-MU-ZST-CL04-0336,7,10119,6486
40026,25365-25834,1S-MH-MU-ZST-CL04-0264,1S-MH-MU-ZST-CL04-0663,3.1,25365,25834
40026,25835-4765,1S-MH-MU-ZST-CL04-0663,1S-MH-MU-ZST-CL04-0107,3.2,25835,4765
40026,6392-7987,1S-MH-MU-ZST-CL04-0177,1S-MH-MU-ZST-CL04-0176,1.1,6392,7987
40026,4845-44069,1S-MH-MU-ZST-CL04-0176,1S-MH-MU-ZST-CL04-1120,1.2,4845,44069
40026,44068-39446,1S-MH-MU-ZST-CL04-1120,1S-MH-MU-ZSC-CL07-3567,1.3,44068,39446
40027,40027-37326,1S-MH-MU-ZSC-RSTN-BHAV,1S-MH-MU-ZSC-CL07-3452,1,40027,37326
40027,37324-19042,1S-MH-MU-ZSC-CL07-3452,1S-MH-MU-ZSC-CL07-2863,2,37324,19042
40027,19042-34846,1S-MH-MU-ZSC-CL07-2863,1S-MH-MU-ZSC-CL07-3268,3,19042,34846
40027,34848-31194,1S-MH-MU-ZSC-CL07-3268,1S-MH-MU-ZSC-CL07-3186,4,34848,31194
40027,19044-37474,1S-MH-MU-ZSC-CL07-2863,1S-MH-MU-ZSC-CL07-3456,2.1,19044,37474
40029,40029-CAP BANK,1S-MH-MU-ZSC-RSTN-BHAV,1S-MH-MU-ZSC-RSTN-BHAV,1,40029,CAP BANK
34517,34517-5089,1S-MH-MU-ZNT-RSTN-BHWE,1S-MH-MU-ZNT-CL03-6059,1,34517,5089
34517,5090-30640,1S-MH-MU-ZNT-CL03-6059,1S-MH-MU-ZNT-CL03-7093,2,5090,30640
34517,30638-10484,1S-MH-MU-ZNT-CL03-7093,1S-MH-MU-ZNT-CL03-6058,3,30638,10484
34517,10485-18999,1S-MH-MU-ZNT-CL03-6058,1S-MH-MU-ZNT-CL03-6831,4,10485,18999
34517,18998-12128,1S-MH-MU-ZNT-CL03-6831,1S-MH-MU-ZNT-CL03-6303,5,18998,12128
34517,12130-10197,1S-MH-MU-ZNT-CL03-6303,1S-MH-MU-ZNT-CL03-6152,6,12130,10197
34517,10486-2577,1S-MH-MU-ZNT-CL03-6058,1S-MH-MU-ZNT-CL03-6057,3.1,10486,2577
34518,34518-6209,1S-MH-MU-ZNT-RSTN-BHWE,1S-MH-MU-ZNT-CL03-6791,1,34518,6209
34518,6208-35093,1S-MH-MU-ZNT-CL03-6791,1S-MH-MU-ZNT-CL03-7456,2,6208,35093
34518,35091-28604,1S-MH-MU-ZNT-CL03-7456,1S-MH-MU-ZNT-CL03-6037,3,35091,28604
34518,28605-17916,1S-MH-MU-ZNT-CL03-6037,1S-MH-MU-ZNT-CL03-6316,4,28605,17916
34518,17917-12704,1S-MH-MU-ZNT-CL03-6316,1S-MH-MU-ZNT-CL03-6315,5,17917,12704
34518,6210-11281,1S-MH-MU-ZNT-CL03-6791,1S-MH-MU-ZNT-CL03-6470,1.1,6210,11281
34518,11280-14175,1S-MH-MU-ZNT-CL03-6470,1S-MH-MU-ZNT-CL03-6055,1.2,11280,14175
34518,14173-14255,1S-MH-MU-ZNT-CL03-6055,1S-MH-MU-ZNT-CL03-6052,1.3,14173,14255
34520,34520-10332,1S-MH-MU-ZNT-RSTN-BHWE,1S-MH-MU-ZNT-CL03-6102,1,34520,10332
34520,39528-39567,1S-MH-MU-ZNT-CL03-6102,1S-MH-MU-ZNT-CL03-6052,2,39528,39567
34520,39566-16759,1S-MH-MU-ZNT-CL03-6052,1S-MH-MU-ZNT-CL03-6670,3,39566,16759
34520,16761-28871,1S-MH-MU-ZNT-CL03-6670,1S-MH-MU-ZNT-CL03-6981,4,16761,28871
34520,10333-25954,1S-MH-MU-ZNT-CL03-6102,1S-MH-MU-ZNT-CL03-6764,1.1,10333,25954
34520,25953-36952,1S-MH-MU-ZNT-CL03-6764,1S-MH-MU-ZNT-CL03-6217,1.2,25953,36952
34520,36954-10198,1S-MH-MU-ZNT-CL03-6217,1S-MH-MU-ZNT-CL03-6152,1.3,36954,10198
34520,39529-11388,1S-MH-MU-ZNT-CL03-6102,1S-MH-MU-ZNT-CL03-6061,1.2,39529,11388
34521,34521-16144,1S-MH-MU-ZNT-CL03-6059,1S-MH-MU-ZNT-CL03-6466,1,34521,16144
34521,16142-14272,1S-MH-MU-ZNT-CL03-6466,1S-MH-MU-ZNT-CL03-6613,2,16142,14272
34521,14274-32362,1S-MH-MU-ZNT-CL03-6613,1S-MH-MU-ZNT-CL03-7126,3,14274,32362
34521,32364-4134,1S-MH-MU-ZNT-CL03-7126,1S-MH-MU-ZNT-CL03-6572,4,32364,4134
34521,43763-29162,1S-MH-MU-ZNT-CL03-6572,1S-MH-MU-ZNT-CL03-7011,5,43763,29162
34521,29161-13751,1S-MH-MU-ZNT-CL03-7011,1S-MH-MU-ZNT-CL03-6172,6,29161,13751
34521,4136-29162,1S-MH-MU-ZNT-CL03-6572,1S-MH-MU-ZNT-CL03-7011,4.1,4136,29162
34521,29161-13751,1S-MH-MU-ZNT-CL03-7011,1S-MH-MU-ZNT-CL03-6172,4.2,29161,13751
34522,34522-31073,1S-MH-MU-ZNT-RSTN-BHWE,1S-MH-MU-ZNT-CL03-7287,1,34522,31073
34522,31075-29468,1S-MH-MU-ZNT-CL03-7287,1S-MH-MU-ZNT-CL03-7016,2,31075,29468
34522,29470-29505,1S-MH-MU-ZNT-CL03-7016,1S-MH-MU-ZNT-CL03-7027,3,29470,29505
34522,29507-28899,1S-MH-MU-ZNT-CL03-7027,1S-MH-MU-ZNT-CL03-6991,4,29507,28899
34522,28900-29142,1S-MH-MU-ZNT-CL03-6991,1S-MH-MU-ZNT-CL03-7003,5,28900,29142
34522,29143-31139,1S-MH-MU-ZNT-CL03-7003,1S-MH-MU-ZNT-CL03-7216,6,29143,31139
34522,31141-37559,1S-MH-MU-ZNT-CL03-7216,1S-MH-MU-ZNT-CL03-7417,7,31141,37559
34522,37558-44226,1S-MH-MU-ZNT-CL03-7417,1S-MH-MU-ZNT-CL03-7754,8,37558,44226
34522,29467-HTCONSUMER,1S-MH-MU-ZNT-CL03-7016,NAN,2.1,29467,HTCONSUMER
34524,34524-CAP BANK,1S-MH-MU-ZNT-RSTN-BHWE,1S-MH-MU-ZNT-RSTN-BHWE,1,34524,CAP BANK
40145,40145-CAP BANK,1S-MH-MU-ZNT-RSTN-BHWE,1S-MH-MU-ZNT-RSTN-BHWE,1,40145,CAP BANK
40148,40148-38257,1S-MH-MU-ZNT-RSTN-BHWE,1S-MH-MU-ZNT-CL03-7245,1,40148,38257
40148,38255-37782,1S-MH-MU-ZNT-CL03-7245,1S-MH-MU-ZNT-CL03-7257,2,38255,37782
40148,37781-31924,1S-MH-MU-ZNT-CL03-7257,1S-MH-MU-ZNT-CL03-7215,3,37781,31924
40148,31925-40461,1S-MH-MU-ZNT-CL03-7215,1S-MH-MU-ZNT-CL03-7471,4,31925,40461
40148,40460-35468,1S-MH-MU-ZNT-CL03-7471,1S-MH-MU-ZNT-CL03-7355,5,40460,35468
40148,35470-40642,1S-MH-MU-ZNT-CL03-7355,1S-MH-MU-ZNT-CL03-7799,6,35470,40642
40148,40643-44225,1S-MH-MU-ZNT-CL03-7799,1S-MH-MU-ZNT-CL03-7482,7,40643,44225
40148,37780-34418,1S-MH-MU-ZNT-CL03-7257,1S-MH-MU-ZNT-CL03-7090,2.1,37780,34418
40148,34417-28601,1S-MH-MU-ZNT-CL03-7090,1S-MH-MU-ZNT-CL03-6975,2.2,34417,28601
40148,28600-44227,1S-MH-MU-ZNT-CL03-6975,1S-MH-MU-ZNT-CL03-6560,2.3,28600,44227
40149,40149-17714,1S-MH-MU-ZNT-RSTN-BHWE,1S-MH-MU-ZNT-CL03-6527,1,40149,17714
40149,17716-15078,1S-MH-MU-ZNT-CL03-6527,1S-MH-MU-ZNT-CL03-6097,2,17716,15078
40149,15076-11389,1S-MH-MU-ZNT-CL03-6097,1S-MH-MU-ZNT-CL03-6061,3,15076,11389
40149,26239-31899,1S-MH-MU-ZNT-CL03-6061,1S-MH-MU-ZNT-CL03-7316,4,26239,31899
40149,31901-30235,1S-MH-MU-ZNT-CL03-7316,1S-MH-MU-ZNT-CL03-7081,5,31901,30235
40149,30236-26232,1S-MH-MU-ZNT-CL03-7081,1S-MH-MU-ZNT-CL03-6630,6,30236,26232
40149,26230-11111,1S-MH-MU-ZNT-CL03-6630,1S-MH-MU-ZNT-CL03-6500,7,26230,11111
40149,14690-17661,1S-MH-MU-ZNT-CL03-6500,1S-MH-MU-ZNT-CL03-6501,8,14690,17661
40149,17663-19439,1S-MH-MU-ZNT-CL03-6501,1S-MH-MU-ZNT-CL03-6865,9,17663,19439
40149,19441-17558,1S-MH-MU-ZNT-CL03-6865,1S-MH-MU-ZNT-CL03-6511,10,19441,17558
40149,19440-DT,1S-MH-MU-ZNT-CL03-6501,1S-MH-MU-ZNT-CL03-6865,8.1,19440,DT
40149,19441-17558,1S-MH-MU-ZNT-CL03-6865,1S-MH-MU-ZNT-CL03-6511,8.2,19441,17558
40149,11113-14125,1S-MH-MU-ZNT-CL03-6500,1S-MH-MU-ZNT-CL03-6785,7.1,11113,14125
40149,17557-32344,1S-MH-MU-ZNT-CL03-6785,1S-MH-MU-ZNT-CL03-7194,7.2,17557,32344
40149,14127-17837,1S-MH-MU-ZNT-CL03-6785,1S-MH-MU-ZNT-CL02-6682,7.1.1,14127,17837
40150,40150-36555,1S-MH-MU-ZNT-RSTN-BHWE,1S-MH-MU-ZNT-CL03-6060,1,40150,36555
40150,13123-5088,1S-MH-MU-ZNT-CL03-6060,1S-MH-MU-ZNT-CL03-6059,2,13123,5088
40150,13123-5088,1S-MH-MU-ZNT-CL03-6059,1S-MH-MU-ZNT-CL03-6466,3,13123,5088
40150,13124-25704,1S-MH-MU-ZNT-CL03-6060,1S-MH-MU-ZNT-CL03-6560,1.1,13124,25704
40151,40151-13805,1S-MH-MU-ZNT-RSTN-BHWE,1S-MH-MU-ZNT-CL03-6019,1,40151,13805
40151,13803-40705,1S-MH-MU-ZNT-CL03-6019,1S-MH-MU-ZNT-CL03-7941,2,13803,40705
40151,40704-10483,1S-MH-MU-ZNT-CL03-7941,1S-MH-MU-ZNT-CL03-6572,3,40704,10483
40151,4134-40955,1S-MH-MU-ZNT-CL03-6572,1S-MH-MU-ZNT-CL03-7399,4,4134,40955
40151,40956-35461,1S-MH-MU-ZNT-CL03-7399,1S-MH-MU-ZNT-CL03-7445,5,40956,35461
40151,35459-26590,1S-MH-MU-ZNT-CL03-7445,1S-MH-MU-ZNT-CL03-6458,6,35459,26590
40151,26592-37665,1S-MH-MU-ZNT-CL03-6458,NAN,7,26592,37665
40151,37664-26574,NAN,1S-MH-MU-ZNT-CL03-6943,8,37664,26574
40151,26572-12549,1S-MH-MU-ZNT-CL03-6943,1S-MH-MU-ZNT-CL03-6759,9,26572,12549
40151,5924-14406,1S-MH-MU-ZNT-CL03-6759,1S-MH-MU-ZNT-CL03-6359,10,5924,14406
40151,14581-41254,1S-MH-MU-ZNT-CL03-6359,1S-MH-MU-ZNT-CL03-7945,11,14581,41254
40151,41255-11576,1S-MH-MU-ZNT-CL03-7945,1S-MH-MU-ZNT-CL03-6016,12,41255,11576
40151,11575-26169,1S-MH-MU-ZNT-CL03-6016,1S-MH-MU-ZNT-CL03-6334,13,11575,26169
40151,26167-15290,1S-MH-MU-ZNT-CL03-6334,1S-MH-MU-ZNT-CL03-6513,14,26167,15290
40151,15289-18657,1S-MH-MU-ZNT-CL03-6513,1S-MH-MU-ZNT-CL03-6514,15,15289,18657
40151,14580-16868,1S-MH-MU-ZNT-CL03-6359,1S-MH-MU-ZNT-CL03-6557,10.1,14580,16868
40151,16866-29851,1S-MH-MU-ZNT-CL03-6557,1S-MH-MU-ZNT-CL03-7047,10.2,16866,29851
40151,29849-16538,1S-MH-MU-ZNT-CL03-7047,1S-MH-MU-ZNT-CL03-6555,10.3,29849,16538
40151,16539-16547,1S-MH-MU-ZNT-CL03-6555,1S-MH-MU-ZNT-CL03-6556,10.4,16539,16547
40151,14579-14901,1S-MH-MU-ZNT-CL03-6359,1S-MH-MU-ZNT-CL03-6512,10.2,14579,14901
40151,14579-DT,1S-MH-MU-ZNT-CL03-6359,DT,10.3,14579,DT
40151,10483-40955,1S-MH-MU-ZNT-CL03-6572,1S-MH-MU-ZNT-CL03-7399,3.1,10483,40955
40151,40956-35461,1S-MH-MU-ZNT-CL03-7399,1S-MH-MU-ZNT-CL03-7445,3.2,40956,35461
40151,35459-26590,1S-MH-MU-ZNT-CL03-7445,1S-MH-MU-ZNT-CL03-6458,3.3,35459,26590
40151,26592-37665,1S-MH-MU-ZNT-CL03-6458,NAN,3.4,26592,37665
40151,37664-26574,NAN,1S-MH-MU-ZNT-CL03-6943,3.5,37664,26574
40151,26572-12549,1S-MH-MU-ZNT-CL03-6943,1S-MH-MU-ZNT-CL03-6759,3.6,26572,12549
40151,5924-14406,1S-MH-MU-ZNT-CL03-6759,1S-MH-MU-ZNT-CL03-6359,3.7,5924,14406
40151,14581-41254,1S-MH-MU-ZNT-CL03-6359,1S-MH-MU-ZNT-CL03-7945,3.8,14581,41254
40151,41255-11576,1S-MH-MU-ZNT-CL03-7945,1S-MH-MU-ZNT-CL03-6016,3.9,41255,11576
40151,11575-26169,1S-MH-MU-ZNT-CL03-6016,1S-MH-MU-ZNT-CL03-6334,3.10,11575,26169
40151,26167-15290,1S-MH-MU-ZNT-CL03-6334,1S-MH-MU-ZNT-CL03-6513,3.11,26167,15290
40151,15289-18657,1S-MH-MU-ZNT-CL03-6513,1S-MH-MU-ZNT-CL03-6514,3.12,15289,18657
40151,14580-16868,1S-MH-MU-ZNT-CL03-6359,1S-MH-MU-ZNT-CL03-6557,3.7.1,14580,16868
40151,16866-29851,1S-MH-MU-ZNT-CL03-6557,1S-MH-MU-ZNT-CL03-7047,3.7.2,16866,29851
40151,29849-16538,1S-MH-MU-ZNT-CL03-7047,1S-MH-MU-ZNT-CL03-6555,3.7.3,29849,16538
40151,16539-16547,1S-MH-MU-ZNT-CL03-6555,1S-MH-MU-ZNT-CL03-6556,3.7.4,16539,16547
40151,14579-14901,1S-MH-MU-ZNT-CL03-6359,1S-MH-MU-ZNT-CL03-6512,3.7.2,14579,14901
40151,14579-DT,1S-MH-MU-ZNT-CL03-6359,DT,3.7.3,14579,DT
40151,6830-14280,1S-MH-MU-ZNT-CL03-6572,1S-MH-MU-ZNT-CL03-6568,3.2,6830,14280
25321,25321-28235,1S-MH-MU-ZNT-RSTN-BHWE,1S-MH-MU-ZNT-CL03-6967,1,25321,28235
25321,28237-41333,1S-MH-MU-ZNT-CL03-6967,1S-MH-MU-ZNT-CL12-7421,2,28237,41333
25321,41332-31409,1S-MH-MU-ZNT-CL12-7421,1S-MH-MU-ZNT-CL03-7233,3,41332,31409
25321,31407-36623,1S-MH-MU-ZNT-CL03-7233,1S-MH-MU-ZNT-CL03-7045,4,31407,36623
25321,36621-17866,1S-MH-MU-ZNT-CL03-7045,1S-MH-MU-ZNT-CL03-6407,5,36621,17866
25321,30058-29973,1S-MH-MU-ZNT-CL03-6407,1S-MH-MU-ZNT-CL03-7048,6,30058,29973
25321,29975-26021,1S-MH-MU-ZNT-CL03-7048,1S-MH-MU-ZNT-CL03-6927,7,29975,26021
25321,26019-29683,1S-MH-MU-ZNT-CL03-6927,1S-MH-MU-ZNT-CL03-7022,8,26019,29683
25321,29685-36006,1S-MH-MU-ZNT-CL03-7022,1S-MH-MU-ZNT-CL03-7259,9,29685,36006
25321,17868-32380,1S-MH-MU-ZNT-CL03-6407,1S-MH-MU-ZNT-CL03-7167,5.1,17868,32380
25321,32378-2576,1S-MH-MU-ZNT-CL03-7167,1S-MH-MU-ZNT-CL03-6057,5.2,32378,2576
25323,25323-18165,1S-MH-MU-ZNT-RSTN-BHWE,1S-MH-MU-ZNT-CL03-6430,1,25323,18165
25323,18163-18755,1S-MH-MU-ZNT-CL03-6430,1S-MH-MU-ZNT-CL03-6219,2,18163,18755
25323,18756-2581,1S-MH-MU-ZNT-CL03-6219,1S-MH-MU-ZNT-CL03-6051,3,18756,2581
25323,2579-28527,1S-MH-MU-ZNT-CL03-6051,1S-MH-MU-ZNT-CL03-6973,4,2579,28527
25323,28529-5302,1S-MH-MU-ZNT-CL03-6973,1S-MH-MU-ZNT-CL03-6052,5,28529,5302
25323,5418-19193,1S-MH-MU-ZNT-CL03-6219,1S-MH-MU-ZNT-CL03-6871,2.1,5418,19193
25323,19192-18776,1S-MH-MU-ZNT-CL03-6219,1S-MH-MU-ZNT-CL03-6754,2.2,19192,18776
25323,19192-DT,1S-MH-MU-ZNT-CL03-6219,DT,2.3,19192,DT
25323,5418-DT,1S-MH-MU-ZNT-CL03-6219,DT,2.4,5418,DT
25323,18164-5303,1S-MH-MU-ZNT-CL03-6430,1S-MH-MU-ZNT-CL03-6052,1.1,18164,5303
25324,25324-31920,1S-MH-MU-ZNT-RSTN-BHWE,1S-MH-MU-ZNT-CL11-7156,1,25324,31920
25324,31922-30322,1S-MH-MU-ZNT-CL11-7156,1S-MH-MU-ZNT-CL02-7465,2,31922,30322
25324,30320-12225,1S-MH-MU-ZNT-CL02-7465,1S-MH-MU-ZNT-RSTN-BHAY,3,30320,12225
25324,12225-9609,1S-MH-MU-ZNT-RSTN-BHAY,1S-MH-MU-ZNT-CL12-6659,4,12225,9609
25324,9608-10523,1S-MH-MU-ZNT-CL12-6659,1S-MH-MU-ZNT-CL02-6222,5,9608,10523
25324,10524-10836,1S-MH-MU-ZNT-CL02-6222,1S-MH-MU-ZNT-CL02-6438,6,10524,10836
25324,10834-14060,1S-MH-MU-ZNT-CL02-6438,1S-MH-MU-ZNT-CL02-6173,7,10834,14060
25324,14062-10151,1S-MH-MU-ZNT-CL02-6173,1S-MH-MU-ZNT-CL02-6524,8,14062,10151
25324,10153-5978,1S-MH-MU-ZNT-CL02-6524,1S-MH-MU-ZNT-CL02-6526,9,10153,5978
25325,25325-13787,1S-MH-MU-ZNT-RSTN-BHWE,1S-MH-MU-ZNT-CL03-6464,1,25325,13787
25325,13789-14282,1S-MH-MU-ZNT-CL03-6464,1S-MH-MU-ZNT-CL03-6568,2,13789,14282
25325,14281-13780,1S-MH-MU-ZNT-CL03-6568,NAN,3,14281,13780
25325,13779-13752,NAN,1S-MH-MU-ZNT-CL03-6172,4,13779,13752
25325,43628-6871,1S-MH-MU-ZNT-CL03-6172,1S-MH-MU-ZNT-CL03-6762,5,43628,6871
25325,6870-17973,1S-MH-MU-ZNT-CL03-6762,1S-MH-MU-ZNT-CL03-6157,6,6870,17973
25325,17972-12042,1S-MH-MU-ZNT-CL03-6157,1S-MH-MU-ZNT-CL03-6104,7,17972,12042
25325,12043-14887,1S-MH-MU-ZNT-CL03-6104,1S-MH-MU-ZNT-CL03-6105,8,12043,14887
25325,14888-34780,1S-MH-MU-ZNT-CL03-6105,1S-MH-MU-ZNT-CL04-7337,9,14888,34780
25325,34778-18659,1S-MH-MU-ZNT-CL04-7337,1S-MH-MU-ZNT-CL03-6514,10,34778,18659
25325,13750-16491,1S-MH-MU-ZNT-CL03-6172,1S-MH-MU-ZNT-CL03-6023,4.1,13750,16491
25325,16492-11874,1S-MH-MU-ZNT-CL03-6023,1S-MH-MU-ZNT-CL03-6218,4.2,16492,11874
25325,11875-38585,1S-MH-MU-ZNT-CL03-6218,1S-MH-MU-ZNT-CL03-6103,4.3,11875,38585
25325,38586-13211,1S-MH-MU-ZNT-CL03-6103,1S-MH-MU-ZNT-CL03-6769,4.4,38586,13211
25325,37138-30148,1S-MH-MU-ZNT-CL03-6218,1S-MH-MU-ZNT-CL03-7070,4.2.1,37138,30148
25325,30149-30509,1S-MH-MU-ZNT-CL03-7070,1S-MH-MU-ZNT-CL03-7288,4.2.2,30149,30509
25325,30149-DT,1S-MH-MU-ZNT-CL03-7070,DT,4.2.1.1,30149,DT
25325,13781-6871,NAN,1S-MH-MU-ZNT-CL03-6762,3.1,13781,6871
25325,6870-17973,1S-MH-MU-ZNT-CL03-6762,1S-MH-MU-ZNT-CL03-6157,3.2,6870,17973
25325,17972-12042,1S-MH-MU-ZNT-CL03-6157,1S-MH-MU-ZNT-CL03-6104,3.3,17972,12042
25325,12043-14887,1S-MH-MU-ZNT-CL03-6104,1S-MH-MU-ZNT-CL03-6105,3.4,12043,14887
25325,14888-34780,1S-MH-MU-ZNT-CL03-6105,1S-MH-MU-ZNT-CL04-7337,3.5,14888,34780
25325,34778-18659,1S-MH-MU-ZNT-CL04-7337,1S-MH-MU-ZNT-CL03-6514,3.6,34778,18659
25325,HTCONSUMER-30150,NAN,1S-MH-MU-ZNT-CL03-7070,3.2,HTCONSUMER,30150
25325,30149-30509,1S-MH-MU-ZNT-CL03-7070,1S-MH-MU-ZNT-CL03-7288,3.3,30149,30509
25325,30149-DT,1S-MH-MU-ZNT-CL03-7070,DT,3.2.1,30149,DT
25325,32314-26271,NAN,1S-MH-MU-ZNT-CL03-6930,3.3,32314,26271
25326,25326-STN XMER,1S-MH-MU-ZNT-RSTN-BHWE,1S-MH-MU-ZNT-RSTN-BHWE,1,25326,STN XMER
25327,25327-CAP BANK,1S-MH-MU-ZNT-RSTN-BHWE,1S-MH-MU-ZNT-RSTN-BHWE,1,25327,CAP BANK
12215,12215-32850,1S-MH-MU-ZNT-RSTN-BHAY,1S-MH-MU-ZNT-CL02-6353,1,12215,32850
12215,12215-36158,1S-MH-MU-ZNT-RSTN-BHAY,1S-MH-MU-ZNT-CL02-6792,2,12215,36158
12215,7571-11952,1S-MH-MU-ZNT-CL02-6792,1S-MH-MU-ZNT-CL02-6774,3,7571,11952
12215,11950-9074,1S-MH-MU-ZNT-CL02-6774,1S-MH-MU-ZNT-CL02-6036,4,11950,9074
12215,10122-17966,1S-MH-MU-ZNT-CL02-6036,1S-MH-MU-ZNT-CL02-6618,5,10122,17966
12215,17965-10594,1S-MH-MU-ZNT-CL02-6618,1S-MH-MU-ZNT-CL02-6722,6,17965,10594
12215,9075-11413,1S-MH-MU-ZNT-CL02-6036,1S-MH-MU-ZNT-CL02-6622,4.1,9075,11413
12215,11950-6233,1S-MH-MU-ZNT-CL02-6774,1S-MH-MU-ZNT-CL02-6036,3.1,11950,6233
12215,10122-17966,1S-MH-MU-ZNT-CL02-6036,1S-MH-MU-ZNT-CL02-6618,3.2,10122,17966
12215,17965-10594,1S-MH-MU-ZNT-CL02-6618,1S-MH-MU-ZNT-CL02-6722,3.3,17965,10594
12215,9075-11413,1S-MH-MU-ZNT-CL02-6036,1S-MH-MU-ZNT-CL02-6622,3.1.1,9075,11413
12215,11950-32193,1S-MH-MU-ZNT-CL02-6774,1S-MH-MU-ZNT-CL12-6221,3.2,11950,32193
12215,36159-10841,1S-MH-MU-ZNT-CL02-6792,1S-MH-MU-ZNT-CL02-6422,2.1,36159,10841
12215,10842-6232,1S-MH-MU-ZNT-CL02-6422,1S-MH-MU-ZNT-CL02-6399,2.2,10842,6232
12215,16141-6955,1S-MH-MU-ZNT-CL02-6399,1S-MH-MU-ZNT-CL02-6039,2.3,16141,6955
12216,12216-40993,1S-MH-MU-ZNT-RSTN-BHAY,1S-MH-MU-ZNT-CL02-7832,1,12216,40993
12216,40994-29778,1S-MH-MU-ZNT-CL02-7832,1S-MH-MU-ZNT-CL02-7040,2,40994,29778
12216,29779-38998,1S-MH-MU-ZNT-CL02-7040,1S-MH-MU-ZNT-CL02-7753,3,29779,38998
12216,38997-17339,1S-MH-MU-ZNT-CL02-7753,1S-MH-MU-ZNT-CL02-6308,4,38997,17339
12216,17340-17342,1S-MH-MU-ZNT-CL02-6308,1S-MH-MU-ZNT-CL02-6625,5,17340,17342
12216,17344-42102,1S-MH-MU-ZNT-CL02-6625,1S-MH-MU-ZNT-CL12-7681,6,17344,42102
12216,42103-11628,1S-MH-MU-ZNT-CL12-7681,1S-MH-MU-ZNT-CL02-6422,7,42103,11628
12216,29777-12386,1S-MH-MU-ZNT-CL02-7040,1S-MH-MU-ZNT-CL02-6793,2.1,29777,12386
12218,12218-11337,1S-MH-MU-ZNT-RSTN-BHAY,1S-MH-MU-ZNT-CL02-6595,1,12218,11337
12218,11338-39897,1S-MH-MU-ZNT-CL02-6595,1S-MH-MU-ZNT-CL02-6365,2,11338,39897
12218,35728-11829,1S-MH-MU-ZNT-CL02-6365,1S-MH-MU-ZNT-CL12-6116,3,35728,11829
12218,11831-17785,1S-MH-MU-ZNT-CL12-6116,1S-MH-MU-ZNT-CL12-6169,4,11831,17785
12218,37162-7096,1S-MH-MU-ZNT-CL02-6365,1S-MH-MU-ZNT-CL02-6363,2.1,37162,7096
12218,12218-35940,1S-MH-MU-ZNT-RSTN-BHAY,1S-MH-MU-ZNT-CL03-7606,2,12218,35940
12218,35939-12319,1S-MH-MU-ZNT-CL03-7606,1S-MH-MU-ZNT-CL03-6329,3,35939,12319
12218,12317-10487,1S-MH-MU-ZNT-CL03-6329,1S-MH-MU-ZNT-CL03-6058,4,12317,10487
12219,12219-6116,1S-MH-MU-ZNT-RSTN-BHAY,1S-MH-MU-ZNT-CL02-6660,1,12219,6116
12219,7901-11124,1S-MH-MU-ZNT-CL02-6660,1S-MH-MU-ZNT-CL02-6162,2,7901,11124
12219,6116-6237,1S-MH-MU-ZNT-CL02-6660,1S-MH-MU-ZNT-CL02-6364,1.1,6116,6237
12220,12220-19056,1S-MH-MU-ZNT-RSTN-BHAY,1S-MH-MU-ZNT-CL12-6839,1,12220,19056
12220,19057-34088,1S-MH-MU-ZNT-CL12-6839,1S-MH-MU-ZNT-CL12-6481,2,19057,34088
12220,34082-16235,1S-MH-MU-ZNT-CL12-6481,1S-MH-MU-ZNT-CL12-6356,3,34082,16235
12220,16234-9888,1S-MH-MU-ZNT-CL12-6356,1S-MH-MU-ZNT-CL12-6026,4,16234,9888
12220,9887-18576,1S-MH-MU-ZNT-CL12-6026,1S-MH-MU-ZNT-CL12-6494,5,9887,18576
12220,18578-25446,1S-MH-MU-ZNT-CL12-6494,1S-MH-MU-ZNT-CL11-6908,6,18578,25446
12220,25448-17725,1S-MH-MU-ZNT-CL11-6908,1S-MH-MU-ZNT-CL12-6101,7,25448,17725
12220,9889-17713,1S-MH-MU-ZNT-CL12-6026,1S-MH-MU-ZNT-CL12-6017,4.1,9889,17713
12220,34084-9722,1S-MH-MU-ZNT-CL12-6481,1S-MH-MU-ZNT-CL12-6746,2.1,34084,9722
12220,9720-15248,1S-MH-MU-ZNT-CL12-6746,1S-MH-MU-ZNT-CL12-6094,2.2,9720,15248
12220,15250-12493,1S-MH-MU-ZNT-CL12-6094,1S-MH-MU-ZNT-CL12-6093,2.3,15250,12493
12220,12220-6762,1S-MH-MU-ZNT-RSTN-BHAY,1S-MH-MU-ZNT-CL02-6053,2,12220,6762
12221,12221-18316,1S-MH-MU-ZNT-RSTN-BHAY,1S-MH-MU-ZNT-CL02-6775,1,12221,18316
12221,18318-32034,1S-MH-MU-ZNT-CL02-6775,1S-MH-MU-ZNT-CL02-7039,2,18318,32034
12221,32036-18314,1S-MH-MU-ZNT-CL02-7039,1S-MH-MU-ZNT-CL02-6702,3,32036,18314
12221,18315-34430,1S-MH-MU-ZNT-CL02-6702,1S-MH-MU-ZNT-CL02-7295,4,18315,34430
12221,34428-18329,1S-MH-MU-ZNT-CL02-7295,1S-MH-MU-ZNT-CL02-6619,5,34428,18329
12221,18327-30939,1S-MH-MU-ZNT-CL02-6619,1S-MH-MU-ZNT-CL02-6536,6,18327,30939
12221,30940-30911,1S-MH-MU-ZNT-CL02-6536,1S-MH-MU-ZNT-CL02-6622,7,30940,30911
12221,11412-10971,1S-MH-MU-ZNT-CL02-6622,1S-MH-MU-ZNT-CL02-6367,8,11412,10971
12221,18318-32034,1S-MH-MU-ZNT-CL02-6775,NAN,1.1,18318,32034
12221,18318-29674,1S-MH-MU-ZNT-CL02-6775,1S-MH-MU-ZNT-CL02-6040,1.2,18318,29674
12222,12222-CAP BANK,1S-MH-MU-ZNT-RSTN-BHAY,1S-MH-MU-ZNT-RSTN-BHAY,1,12222,CAP BANK
12224,12224-9836,1S-MH-MU-ZNT-RSTN-BHAY,1S-MH-MU-ZNT-CL02-6701,1,12224,9836
12224,9838-16173,1S-MH-MU-ZNT-CL02-6701,1S-MH-MU-ZNT-CL12-6681,2,9838,16173
12224,37873-11130,1S-MH-MU-ZNT-CL12-6681,1S-MH-MU-ZNT-CL02-6363,3,37873,11130
12224,6235-13418,1S-MH-MU-ZNT-CL02-6363,1S-MH-MU-ZNT-CL02-6522,4,6235,13418
12224,13416-10593,1S-MH-MU-ZNT-CL02-6522,1S-MH-MU-ZNT-CL02-6722,5,13416,10593
12224,10592-6234,1S-MH-MU-ZNT-CL02-6722,1S-MH-MU-ZNT-CL02-6399,6,10592,6234
12224,16174-19092,1S-MH-MU-ZNT-CL12-6681,1S-MH-MU-ZNT-CL12-6836,2.1,16174,19092
12228,12228-6763,1S-MH-MU-ZNT-RSTN-BHAY,1S-MH-MU-ZNT-CL02-6053,1,12228,6763
12228,6761-15480,1S-MH-MU-ZNT-CL02-6053,1S-MH-MU-ZNT-CL03-6056,2,6761,15480
12228,15482-31816,1S-MH-MU-ZNT-CL03-6056,1S-MH-MU-ZNT-CL03-7262,3,15482,31816
12228,31814-2578,1S-MH-MU-ZNT-CL03-7262,1S-MH-MU-ZNT-CL03-6057,4,31814,2578
12228,15481-HTCONSUMER,1S-MH-MU-ZNT-CL03-6056,NAN,2.1,15481,HTCONSUMER
12228,12228-17856,1S-MH-MU-ZNT-RSTN-BHAY,1S-MH-MU-ZNT-CL02-6559,2,12228,17856
12228,17857-37390,1S-MH-MU-ZNT-CL02-6559,1S-MH-MU-ZNT-CL02-7260,3,17857,37390
12228,37392-12991,1S-MH-MU-ZNT-CL02-7260,1S-MH-MU-ZNT-CL02-6737,4,37392,12991
12228,12993-13438,1S-MH-MU-ZNT-CL02-6737,1S-MH-MU-ZNT-CL02-6428,5,12993,13438
12228,13436-19047,1S-MH-MU-ZNT-CL02-6428,1S-MH-MU-ZNT-CL02-6833,6,13436,19047
12228,19045-18479,1S-MH-MU-ZNT-CL02-6833,1S-MH-MU-ZNT-CL02-6743,7,19045,18479
12228,18477-18455,1S-MH-MU-ZNT-CL02-6743,1S-MH-MU-ZNT-CL02-6109,8,18477,18455
12228,26297-26306,1S-MH-MU-ZNT-CL02-6833,1S-MH-MU-ZNT-CL02-6355,6.1,26297,26306
12229,12229-17835,1S-MH-MU-ZNT-RSTN-BHAY,1S-MH-MU-ZNT-CL02-6682,1,12229,17835
12229,17836-9675,1S-MH-MU-ZNT-CL02-6682,1S-MH-MU-ZNT-CL02-6707,2,17836,9675
12229,9676-35180,1S-MH-MU-ZNT-CL02-6707,1S-MH-MU-ZNT-CL02-7441,3,9676,35180
12229,35178-37261,1S-MH-MU-ZNT-CL02-7441,1S-MH-MU-ZNT-CL02-7663,4,35178,37261
12229,37262-18465,1S-MH-MU-ZNT-CL02-7663,1S-MH-MU-ZNT-CL02-6354,5,37262,18465
12229,18466-35827,1S-MH-MU-ZNT-CL02-6354,1S-MH-MU-ZNT-CL05-7564,6,18466,35827
12229,35825-17942,1S-MH-MU-ZNT-CL05-7564,1S-MH-MU-ZNT-CL02-6279,7,35825,17942
12229,35179-18468,1S-MH-MU-ZNT-CL02-7441,1S-MH-MU-ZNT-CL02-6355,3.1,35179,18468
12229,9674-12120,1S-MH-MU-ZNT-CL02-6707,1S-MH-MU-ZNT-CL02-6002,2.1,9674,12120
12229,12229-27065,1S-MH-MU-ZNT-RSTN-BHAY,1S-MH-MU-ZNT-CL02-6220,2,12229,27065
12229,27066-26938,1S-MH-MU-ZNT-CL02-6220,1S-MH-MU-ZNT-CL02-6703,3,27066,26938
12230,12230-11212,1S-MH-MU-ZNT-RSTN-BHAY,1S-MH-MU-ZNT-CL02-6784,1,12230,11212
12230,11214-11257,1S-MH-MU-ZNT-CL02-6784,1S-MH-MU-ZNT-CL02-6086,2,11214,11257
12230,11254-17106,1S-MH-MU-ZNT-CL02-6086,1S-MH-MU-ZNT-CL12-6323,3,11254,17106
12230,17105-17686,1S-MH-MU-ZNT-CL12-6323,1S-MH-MU-ZNT-CL12-6558,4,17105,17686
12230,17684-35431,1S-MH-MU-ZNT-CL12-6558,1S-MH-MU-ZNT-CL12-7440,5,17684,35431
12230,35429-12179,1S-MH-MU-ZNT-CL12-7440,1S-MH-MU-ZNT-CL12-6493,6,35429,12179
12230,17104-12824,1S-MH-MU-ZNT-CL12-6323,1S-MH-MU-ZNT-CL12-6766,3.1,17104,12824
12230,12825-42679,1S-MH-MU-ZNT-CL12-6766,1S-MH-MU-ZNT-CL12-7843,3.2,12825,42679
12230,42680-17783,1S-MH-MU-ZNT-CL12-7843,1S-MH-MU-ZNT-CL12-6169,3.3,42680,17783
12230,17107-38182,1S-MH-MU-ZNT-CL12-6323,1S-MH-MU-ZNT-CL12-6322,3.2,17107,38182
12230,38181-7921,1S-MH-MU-ZNT-CL12-6322,1S-MH-MU-ZNT-CL12-6320,3.3,38181,7921
12230,11255-16182,1S-MH-MU-ZNT-CL02-6086,1S-MH-MU-ZNT-CL12-6366,2.1,11255,16182
12230,10235-12495,1S-MH-MU-ZNT-CL12-6366,1S-MH-MU-ZNT-CL12-6093,2.2,10235,12495
12230,10234-35726,1S-MH-MU-ZNT-CL12-6366,1S-MH-MU-ZNT-CL02-6365,2.1.1,10234,35726
12231,12231-CAP BANK,1S-MH-MU-ZNT-RSTN-BHAY,1S-MH-MU-ZNT-RSTN-BHAY,1,12231,CAP BANK
15780,15780-15389,1S-MH-MU-ZNT-RSTN-BHAY,1S-MH-MU-ZNT-CL02-6353,1,15780,15389
15780,15390-14383,1S-MH-MU-ZNT-CL02-6353,1S-MH-MU-ZNT-CL03-6055,2,15390,14383
15780,15780-7569,1S-MH-MU-ZNT-RSTN-BHAY,1S-MH-MU-ZNT-CL02-6792,2,15780,7569
15780,7568-7783,1S-MH-MU-ZNT-CL02-6792,1S-MH-MU-ZNT-CL12-6405,3,7568,7783
15780,7784-28403,1S-MH-MU-ZNT-CL12-6405,1S-MH-MU-ZNT-CL12-6942,4,7784,28403
15780,28401-40630,1S-MH-MU-ZNT-CL12-6942,1S-MH-MU-ZNT-CL11-7689,5,28401,40630
15780,40629-30588,1S-MH-MU-ZNT-CL11-7689,1S-MH-MU-ZNT-CL12-6704,6,40629,30588
15780,30587-32836,1S-MH-MU-ZNT-CL12-6704,1S-MH-MU-ZNT-CL12-7312,7,30587,32836
15780,32834-10282,1S-MH-MU-ZNT-CL12-7312,1S-MH-MU-ZNT-CL12-6497,8,32834,10282
15780,10284-34087,1S-MH-MU-ZNT-CL12-6497,1S-MH-MU-ZNT-CL12-6481,9,10284,34087
15780,7782-9449,1S-MH-MU-ZNT-CL12-6405,1S-MH-MU-ZNT-CL12-6482,3.1,7782,9449
15781,15781-5546,1S-MH-MU-ZNT-RSTN-BHAY,1S-MH-MU-ZNT-CL02-6788,1,15781,5546
15781,5545-11183,1S-MH-MU-ZNT-CL02-6788,1S-MH-MU-ZNT-CL02-6789,2,5545,11183
15781,10125-10970,1S-MH-MU-ZNT-CL02-6789,1S-MH-MU-ZNT-CL02-6367,3,10125,10970
15781,16248-12528,1S-MH-MU-ZNT-CL02-6367,1S-MH-MU-ZNT-CL12-6480,4,16248,12528
15781,14756-29948,1S-MH-MU-ZNT-CL12-6480,1S-MH-MU-ZNT-CL03-6318,5,14756,29948
15781,29949-28872,1S-MH-MU-ZNT-CL03-6318,1S-MH-MU-ZNT-CL03-6981,6,29949,28872
15781,14757-5420,1S-MH-MU-ZNT-CL12-6480,1S-MH-MU-ZNT-CL12-6017,4.1,14757,5420
15781,11184-43107,1S-MH-MU-ZNT-CL02-6789,1S-MH-MU-ZNT-CL02-7797,2.1,11184,43107
15781,43108-17940,1S-MH-MU-ZNT-CL02-7797,1S-MH-MU-ZNT-CL02-6279,2.2,43108,17940
15781,5547-12122,1S-MH-MU-ZNT-CL02-6788,1S-MH-MU-ZNT-CL02-6002,1.1,5547,12122
15783,15783-43151,1S-MH-MU-ZNT-RSTN-BHAY,1S-MH-MU-ZNT-CL12-7020,1,15783,43151
15783,29856-37658,1S-MH-MU-ZNT-CL12-7020,1S-MH-MU-ZNT-CL12-7032,2,29856,37658
15783,37656-25686,1S-MH-MU-ZNT-CL12-7032,1S-MH-MU-ZNT-CL12-6915,3,37656,25686
15783,25685-39171,1S-MH-MU-ZNT-CL12-6915,1S-MH-MU-ZNT-CL12-7019,4,25685,39171
15783,39173-30252,1S-MH-MU-ZNT-CL12-7019,1S-MH-MU-ZNT-CL11-7138,5,39173,30252
15783,32192-32194,1S-MH-MU-ZNT-CL12-6915,1S-MH-MU-ZNT-CL12-6221,3.1,32192,32194
15783,29858-26055,1S-MH-MU-ZNT-CL12-7020,1S-MH-MU-ZNT-CL12-6845,1.1,29858,26055
15783,26056-38569,1S-MH-MU-ZNT-CL12-6845,1S-MH-MU-ZNT-CL12-7199,1.2,26056,38569
15783,15783-31562,1S-MH-MU-ZNT-RSTN-BHAY,1S-MH-MU-ZNT-CL02-6526,2,15783,31562
15783,31561-35725,1S-MH-MU-ZNT-CL02-6526,1S-MH-MU-ZNT-CL02-6365,3,31561,35725
15784,15784-37512,1S-MH-MU-ZNT-RSTN-BHAY,1S-MH-MU-ZNT-CL02-7788,1,15784,37512
15784,37511-37549,1S-MH-MU-ZNT-CL02-7788,1S-MH-MU-ZNT-CL02-6362,2,37511,37549
15784,37548-19094,1S-MH-MU-ZNT-CL02-6362,1S-MH-MU-ZNT-CL12-6836,3,37548,19094
15784,19093-31979,1S-MH-MU-ZNT-CL12-6836,1S-MH-MU-ZNT-CL12-6017,4,19093,31979
15784,37845-11345,1S-MH-MU-ZNT-CL12-6017,1S-MH-MU-ZNT-CL12-6509,5,37845,11345
15784,11342-7852,1S-MH-MU-ZNT-CL12-6509,1S-MH-MU-ZNT-CL12-6321,6,11342,7852
15784,7853-7918,1S-MH-MU-ZNT-CL12-6321,1S-MH-MU-ZNT-CL12-6320,7,7853,7918
15784,15784-35012,1S-MH-MU-ZNT-RSTN-BHAY,1S-MH-MU-ZNT-CL11-7448,2,15784,35012
15784,35010-18023,1S-MH-MU-ZNT-CL11-7448,1S-MH-MU-ZNT-CL11-6229,3,35010,18023
15784,18022-36091,1S-MH-MU-ZNT-CL11-6229,1S-MH-MU-ZNT-CL11-7595,4,18022,36091
15785,15785-16714,1S-MH-MU-ZNT-RSTN-BHAY,1S-MH-MU-ZNT-CL02-6062,1,15785,16714
15785,16716-19489,1S-MH-MU-ZNT-CL02-6062,1S-MH-MU-ZNT-CL12-6876,2,16716,19489
15785,19487-17778,1S-MH-MU-ZNT-CL12-6876,1S-MH-MU-ZNT-CL12-6317,3,19487,17778
15785,15785-44086,NAN,NAN,2,15785,44086
15785,15785-29067,1S-MH-MU-ZNT-RSTN-BHAY,1S-MH-MU-ZNT-CL12-6844,3,15785,29067
15785,32885-29804,1S-MH-MU-ZNT-CL12-6844,1S-MH-MU-ZNT-CL12-7034,4,32885,29804
15785,29805-18663,1S-MH-MU-ZNT-CL12-7034,1S-MH-MU-ZNT-CL12-6228,5,29805,18663
15785,18665-18409,1S-MH-MU-ZNT-CL12-6228,1S-MH-MU-ZNT-CL02-6711,6,18665,18409
15785,18408-18649,1S-MH-MU-ZNT-CL02-6711,1S-MH-MU-ZNT-CL02-6623,7,18408,18649
15785,18651-18785,1S-MH-MU-ZNT-CL02-6623,1S-MH-MU-ZNT-CL02-6587,8,18651,18785
15785,18783-12385,1S-MH-MU-ZNT-CL02-6587,1S-MH-MU-ZNT-CL02-6793,9,18783,12385
15785,19169-28219,1S-MH-MU-ZNT-CL12-6844,1S-MH-MU-ZNT-CL11-6963,3.1,19169,28219
15785,28221-38085,1S-MH-MU-ZNT-CL11-6963,1S-MH-MU-ZNT-CL12-7309,3.2,28221,38085
15785,38086-17704,1S-MH-MU-ZNT-CL12-7309,1S-MH-MU-ZNT-CL11-6227,3.3,38086,17704
15785,17702-13566,1S-MH-MU-ZNT-CL11-6227,1S-MH-MU-ZNT-CL11-6226,3.4,17702,13566
15786,15786-CAP BANK,1S-MH-MU-ZNT-RSTN-BHAY,1S-MH-MU-ZNT-RSTN-BHAY,1,15786,CAP BANK
31886,31886-42648,1S-MH-MU-ZST-RSTN-BATE,1S-MH-MU-ZST-CL06-0301,1,31886,42648
31886,13094-13600,1S-MH-MU-ZST-CL06-0301,1S-MH-MU-ZST-CL06-0018,2,13094,13600
31886,13602-2405,1S-MH-MU-ZST-CL06-0018,1S-MH-MU-ZST-CL06-0164,3,13602,2405
31886,2405-18306,1S-MH-MU-ZST-CL06-0164,1S-MH-MU-ZST-CL06-0480,4,2405,18306
31886,18307-4016,1S-MH-MU-ZST-CL06-0480,1S-MH-MU-ZST-CL06-0168,5,18307,4016
31886,4014-17568,1S-MH-MU-ZST-CL06-0168,1S-MH-MU-ZST-CL06-0034,6,4014,17568
31886,17570-31155,1S-MH-MU-ZST-CL06-0034,1S-MH-MU-ZST-CL06-0803,7,17570,31155
31886,2403-28165,1S-MH-MU-ZST-CL06-0164,1S-MH-MU-ZST-CL06-0702,3.1,2403,28165
31886,28167-11644,1S-MH-MU-ZST-CL06-0702,1S-MH-MU-ZST-CL06-0169,3.2,28167,11644
31886,9681-44127,1S-MH-MU-ZST-CL06-0301,1S-MH-MU-ZST-CL06-0496,1.1,9681,44127
31887,31887-25160,1S-MH-MU-ZST-RSTN-BATE,1S-MH-MU-ZST-CL06-0618,1,31887,25160
31887,25161-6086,1S-MH-MU-ZST-CL06-0618,1S-MH-MU-ZST-CL06-0319,2,25161,6086
31887,9654-29061,1S-MH-MU-ZST-CL06-0319,1S-MH-MU-ZST-CL06-0732,3,9654,29061
31887,29060-35542,1S-MH-MU-ZST-CL06-0732,1S-MH-MU-ZST-CL06-1008,4,29060,35542
31887,25162-6086,1S-MH-MU-ZST-CL06-0618,1S-MH-MU-ZST-CL06-0319,1.1,25162,6086
31887,9654-29061,1S-MH-MU-ZST-CL06-0319,1S-MH-MU-ZST-CL06-0732,1.2,9654,29061
31887,29060-35542,1S-MH-MU-ZST-CL06-0732,1S-MH-MU-ZST-CL06-1008,1.3,29060,35542
31892,31892-STN XMER,1S-MH-MU-ZST-RSTN-BATE,1S-MH-MU-ZST-RSTN-BATE,1,31892,STN XMER
31893,31893-CAP BANK,1S-MH-MU-ZST-RSTN-BATE,1S-MH-MU-ZST-RSTN-BATE,1,31893,CAP BANK
39942,39942-32283,1S-MH-MU-ZST-RSTN-BATE,1S-MH-MU-ZST-CL06-0138,1,39942,32283
39942,16232-39733,1S-MH-MU-ZST-CL06-0138,1S-MH-MU-ZST-CL06-1165,2,16232,39733
39942,36799-15012,1S-MH-MU-ZST-CL06-1165,1S-MH-MU-ZST-CL06-0156,3,36799,15012
39942,15014-18603,1S-MH-MU-ZST-CL06-0156,1S-MH-MU-ZST-CL06-0094,4,15014,18603
39942,15014-43727,1S-MH-MU-ZST-CL06-0156,1S-MH-MU-ZST-CL06-1412,3.1,15014,43727
39942,15014-26660,1S-MH-MU-ZST-CL06-0156,1S-MH-MU-ZST-CL06-0374,3.2,15014,26660
39942,16230-39693,1S-MH-MU-ZST-CL06-0138,1S-MH-MU-ZST-CL06-0172,1.1,16230,39693
39942,39691-25026,1S-MH-MU-ZST-CL06-0172,1S-MH-MU-ZST-CL06-0620,1.2,39691,25026
39942,25028-9683,1S-MH-MU-ZST-CL06-0620,1S-MH-MU-ZST-CL06-0301,1.3,25028,9683
39944,39944-11204,1S-MH-MU-ZST-RSTN-BATE,1S-MH-MU-ZST-CL06-0172,1,39944,11204
39944,7189-2670,1S-MH-MU-ZST-CL06-0172,1S-MH-MU-ZST-CL06-0306,2,7189,2670
39944,4086-18892,1S-MH-MU-ZST-CL06-0306,1S-MH-MU-ZST-CL06-0604,3,4086,18892
39944,18890-35842,1S-MH-MU-ZST-CL06-0604,1S-MH-MU-ZST-CL06-0093,4,18890,35842
39944,35844-36797,1S-MH-MU-ZST-CL06-0093,1S-MH-MU-ZST-CL06-1165,5,35844,36797
39944,18893-26662,1S-MH-MU-ZST-CL06-0604,1S-MH-MU-ZST-CL06-0374,3.1,18893,26662
39944,29296-5581,1S-MH-MU-ZST-CL06-0306,1S-MH-MU-ZST-CL06-0316,2.1,29296,5581
1301,1301-28819,1S-MH-MU-ZNT-RSTN-BORI,1S-MH-MU-ZNT-CL09-6856,1,1301,28819
1301,28818-17757,1S-MH-MU-ZNT-CL09-6856,1S-MH-MU-ZNT-CL09-6773,2,28818,17757
1301,17756-13769,1S-MH-MU-ZNT-CL09-6773,1S-MH-MU-ZNT-CL09-6772,3,17756,13769
1301,13767-18358,1S-MH-MU-ZNT-CL09-6772,1S-MH-MU-ZNT-CL09-6471,4,13767,18358
1301,18357-35425,1S-MH-MU-ZNT-CL09-6471,1S-MH-MU-ZNT-CL09-7341,5,18357,35425
1301,35423-11715,1S-MH-MU-ZNT-CL09-7341,1S-MH-MU-ZNT-CL09-6495,6,35423,11715
1301,13769-26686,1S-MH-MU-ZNT-CL09-6772,1S-MH-MU-ZNT-CL09-6158,3.1,13769,26686
1301,26688-14220,1S-MH-MU-ZNT-CL09-6158,1S-MH-MU-ZNT-CL09-6360,3.2,26688,14220
1302,1302-36232,1S-MH-MU-ZNT-RSTN-BORI,1S-MH-MU-ZNT-CL01-7396,1,1302,36232
1302,36233-17840,1S-MH-MU-ZNT-CL01-7396,1S-MH-MU-ZNT-CL01-6615,2,36233,17840
1302,17839-12249,1S-MH-MU-ZNT-CL01-6615,1S-MH-MU-ZNT-CL01-6566,3,17839,12249
1302,12247-17034,1S-MH-MU-ZNT-CL01-6566,1S-MH-MU-ZNT-CL01-6563,4,12247,17034
1302,17032-29883,1S-MH-MU-ZNT-CL01-6563,1S-MH-MU-ZNT-CL01-7021,5,17032,29883
1302,29881-17357,1S-MH-MU-ZNT-CL01-7021,1S-MH-MU-ZNT-CL01-6088,6,29881,17357
1302,17355-39930,1S-MH-MU-ZNT-CL01-6088,1S-MH-MU-ZNT-CL01-7362,7,17355,39930
1303,1303-19055,1S-MH-MU-ZNT-RSTN-BORI,1S-MH-MU-ZNT-CL07-6834,1,1303,19055
1303,19053-37966,1S-MH-MU-ZNT-CL07-6834,1S-MH-MU-ZNT-CL07-7618,2,19053,37966
1303,37964-25093,1S-MH-MU-ZNT-CL07-7618,1S-MH-MU-ZNT-CL07-6900,3,37964,25093
1303,25095-19313,1S-MH-MU-ZNT-CL07-6900,1S-MH-MU-ZNT-CL07-6873,4,25095,19313
1303,19311-19922,1S-MH-MU-ZNT-CL07-6873,1S-MH-MU-ZNT-CL07-6889,5,19311,19922
1303,19921-6625,1S-MH-MU-ZNT-CL07-6889,1S-MH-MU-ZNT-CL07-6310,6,19921,6625
1303,6626-2710,1S-MH-MU-ZNT-CL07-6310,1S-MH-MU-ZNT-CL07-6184,7,6626,2710
1303,2709-35661,1S-MH-MU-ZNT-CL07-6184,1S-MH-MU-ZNT-CL07-7517,8,2709,35661
1303,35660-36097,1S-MH-MU-ZNT-CL07-7517,1S-MH-MU-ZNT-CL07-7591,9,35660,36097
1303,36099-37132,1S-MH-MU-ZNT-CL07-7591,1S-MH-MU-ZNT-CL08-7745,10,36099,37132
1303,6624-18376,1S-MH-MU-ZNT-CL07-6310,1S-MH-MU-ZNT-CL07-6358,6.1,6624,18376
1305,1305-41388,1S-MH-MU-ZNT-RSTN-BORI,1S-MH-MU-ZNT-CL01-7962,1,1305,41388
1305,41391-36574,1S-MH-MU-ZNT-CL01-7962,1S-MH-MU-ZNT-CL01-6141,2,41391,36574
1305,36576-35391,1S-MH-MU-ZNT-CL01-6141,1S-MH-MU-ZNT-CL07-7514,3,36576,35391
1305,35393-34669,1S-MH-MU-ZNT-CL07-7514,1S-MH-MU-ZNT-RSTN-SHIM,4,35393,34669
1305,34669-38101,1S-MH-MU-ZNT-RSTN-SHIM,1S-MH-MU-ZNT-CL07-7771,5,34669,38101
1305,38102-16948,1S-MH-MU-ZNT-CL07-7771,1S-MH-MU-ZNT-CL07-6372,6,38102,16948
1305,16946-9151,1S-MH-MU-ZNT-CL07-6372,1S-MH-MU-ZNT-CL07-6284,7,16946,9151
1305,9149-36747,1S-MH-MU-ZNT-CL07-6284,1S-MH-MU-ZNT-CL07-7575,8,9149,36747
1305,36746-35946,1S-MH-MU-ZNT-CL07-7575,1S-MH-MU-ZNT-CL01-7610,9,36746,35946
1306,1306-43225,1S-MH-MU-ZNT-RSTN-BORI,1S-MH-MU-ZNT-CL01-9904,1,1306,43225
1308,1308-39929,1S-MH-MU-ZNT-RSTN-BORI,1S-MH-MU-ZNT-CL01-7362,1,1308,39929
1308,39931-12244,1S-MH-MU-ZNT-CL01-7362,1S-MH-MU-ZNT-CL01-6564,2,39931,12244
1308,12246-12274,1S-MH-MU-ZNT-CL01-6564,1S-MH-MU-ZNT-CL01-6758,3,12246,12274
1308,12275-9233,1S-MH-MU-ZNT-CL01-6758,1S-MH-MU-ZNT-CL01-6087,4,12275,9233
1308,9235-17427,1S-MH-MU-ZNT-CL01-6087,1S-MH-MU-ZNT-CL01-6377,5,9235,17427
1308,12276-7903,1S-MH-MU-ZNT-CL01-6758,1S-MH-MU-ZNT-CL01-6434,3.1,12276,7903
1309,1309-29970,1S-MH-MU-ZNT-RSTN-BORI,1S-MH-MU-ZNT-CL01-7052,1,1309,29970
1309,29972-17534,1S-MH-MU-ZNT-CL01-7052,1S-MH-MU-ZNT-CL01-6435,2,29972,17534
1309,17532-17529,1S-MH-MU-ZNT-CL01-6435,1S-MH-MU-ZNT-CL01-6634,3,17532,17529
1309,17531-12927,1S-MH-MU-ZNT-CL01-6634,1S-MH-MU-ZNT-CL01-6551,4,17531,12927
1309,12929-15203,1S-MH-MU-ZNT-CL01-6551,1S-MH-MU-ZCT-CL10-4846,5,12929,15203
1309,15205-15197,1S-MH-MU-ZCT-CL10-4846,1S-MH-MU-ZCT-CL10-4252,6,15205,15197
1309,14825-16645,1S-MH-MU-ZCT-CL10-4252,1S-MH-MU-ZCT-CL10-4160,7,14825,16645
1309,15204-25538,1S-MH-MU-ZCT-CL10-4846,1S-MH-MU-ZCT-CL10-4928,5.1,15204,25538
1309,43216-43230,1S-MH-MU-ZNT-CL01-7052,1S-MH-MU-ZNT-CL01-9904,1.1,43216,43230
1309,29971-HTCONSUMER,1S-MH-MU-ZNT-CL01-7052,NAN,1.2,29971,HTCONSUMER
1311,1311-42549,1S-MH-MU-ZNT-RSTN-BORI,1S-MH-MU-ZNT-CL01-7963,1,1311,42549
1311,42550-18919,1S-MH-MU-ZNT-CL01-7963,1S-MH-MU-ZNT-CL01-6829,2,42550,18919
1311,18921-35226,1S-MH-MU-ZNT-CL01-6829,1S-MH-MU-ZNT-CL01-7452,3,18921,35226
1311,42555-41387,1S-MH-MU-ZNT-CL01-7963,1S-MH-MU-ZNT-CL01-7962,1.1,42555,41387
1312,1312-36128,1S-MH-MU-ZNT-RSTN-BORI,1S-MH-MU-ZNT-CL01-7617,1,1312,36128
1312,36129-39094,1S-MH-MU-ZNT-CL01-7617,1S-MH-MU-ZNT-CL01-7113,2,36129,39094
1312,39093-17445,1S-MH-MU-ZNT-CL01-7113,1S-MH-MU-ZNT-CL01-6714,3,39093,17445
1312,17443-37919,1S-MH-MU-ZNT-CL01-6714,1S-MH-MU-ZNT-CL01-7794,4,17443,37919
1312,37918-14906,1S-MH-MU-ZNT-CL01-7794,1S-MH-MU-ZNT-CL01-6006,5,37918,14906
1312,14908-42949,1S-MH-MU-ZNT-CL01-6006,1S-MH-MU-ZNT-CL01-7946,6,14908,42949
1312,42951-28865,1S-MH-MU-ZNT-CL01-7946,1S-MH-MU-ZNT-CL01-6982,7,42951,28865
1312,28867-12795,1S-MH-MU-ZNT-CL01-6982,1S-MH-MU-ZNT-CL01-6506,8,28867,12795
1312,12794-41920,1S-MH-MU-ZNT-CL01-6506,1S-MH-MU-ZNT-CL01-6610,9,12794,41920
1312,41919-19351,1S-MH-MU-ZNT-CL01-6610,1S-MH-MU-ZNT-CL01-6858,10,41919,19351
1312,19353-42664,1S-MH-MU-ZNT-CL01-6858,1S-MH-MU-ZNT-CL09-7909,11,19353,42664
1312,42662-40006,1S-MH-MU-ZNT-CL09-7909,1S-MH-MU-ZNT-CL09-7384,12,42662,40006
1312,40008-17495,1S-MH-MU-ZNT-CL09-7384,1S-MH-MU-ZNT-CL09-6698,13,40008,17495
1312,12796-37579,1S-MH-MU-ZNT-CL01-6506,1S-MH-MU-ZNT-CL01-6327,8.1,12796,37579
1312,37580-35632,1S-MH-MU-ZNT-CL01-6327,1S-MH-MU-ZNT-CL01-7504,8.2,37580,35632
1313,1313-CAP BANK,1S-MH-MU-ZNT-RSTN-BORI,1S-MH-MU-ZNT-RSTN-BORI,1,1313,CAP BANK
1314,1314-CAP BANK,1S-MH-MU-ZNT-RSTN-BORI,1S-MH-MU-ZNT-RSTN-BORI,1,1314,CAP BANK
1315,1315-7904,1S-MH-MU-ZNT-RSTN-BORI,1S-MH-MU-ZNT-CL01-6434,1,1315,7904
1315,7902-17109,1S-MH-MU-ZNT-CL01-6434,1S-MH-MU-ZNT-CL01-6436,2,7902,17109
1315,17108-38200,1S-MH-MU-ZNT-CL01-6436,1S-MH-MU-ZNT-CL01-7822,3,17108,38200
1315,38199-17112,1S-MH-MU-ZNT-CL01-7822,1S-MH-MU-ZNT-CL01-6614,4,38199,17112
1315,17110-17838,1S-MH-MU-ZNT-CL01-6614,1S-MH-MU-ZNT-CL01-6615,5,17110,17838
1316,1316-18727,1S-MH-MU-ZNT-RSTN-BORI,1S-MH-MU-ZNT-CL01-6035,1,1316,18727
1316,2906-17471,1S-MH-MU-ZNT-CL01-6035,1S-MH-MU-ZNT-CL01-6679,2,2906,17471
1316,17470-38298,1S-MH-MU-ZNT-CL01-6679,1S-MH-MU-ZNT-CL01-7671,3,17470,38298
1316,38297-9228,1S-MH-MU-ZNT-CL01-7671,1S-MH-MU-ZNT-CL01-6504,4,38297,9228
1316,5818-18313,1S-MH-MU-ZNT-CL01-6504,1S-MH-MU-ZNT-CL01-6705,5,5818,18313
1316,18311-13827,1S-MH-MU-ZNT-CL01-6705,1S-MH-MU-ZNT-CL09-6273,6,18311,13827
1316,13828-11979,1S-MH-MU-ZNT-CL09-6273,1S-MH-MU-ZNT-CL09-6608,7,13828,11979
1316,5817-15072,1S-MH-MU-ZNT-CL01-6504,1S-MH-MU-ZNT-CL01-6550,4.1,5817,15072
1316,17469-39095,1S-MH-MU-ZNT-CL01-6679,1S-MH-MU-ZNT-CL01-7113,2.1,17469,39095
1316,2905-29523,1S-MH-MU-ZNT-CL01-6035,1S-MH-MU-ZNT-CL01-6477,1.1,2905,29523
1316,17454-17035,1S-MH-MU-ZNT-CL01-6477,1S-MH-MU-ZNT-CL01-6563,1.2,17454,17035
1316,17453-HTCONSUMER,1S-MH-MU-ZNT-CL01-6477,NAN,1.1.1,17453,HTCONSUMER
1316,2904-17429,1S-MH-MU-ZNT-CL01-6035,1S-MH-MU-ZNT-CL01-6377,1.2,2904,17429
1317,1317-STN XMER,1S-MH-MU-ZNT-RSTN-BORI,1S-MH-MU-ZNT-RSTN-BORI,1,1317,STN XMER
1319,1319-40910,1S-MH-MU-ZNT-RSTN-BORI,1S-MH-MU-ZNT-CL01-7924,1,1319,40910
1319,40909-6700,1S-MH-MU-ZNT-CL01-7924,1S-MH-MU-ZNT-CL01-6398,2,40909,6700
1319,6701-17450,1S-MH-MU-ZNT-CL01-6398,1S-MH-MU-ZNT-CL01-6309,3,6701,17450
1319,17452-10400,1S-MH-MU-ZNT-CL01-6309,1S-MH-MU-ZNT-CL01-6078,4,17452,10400
1323,1323-43229,1S-MH-MU-ZNT-RSTN-BORI,1S-MH-MU-ZNT-CL01-9904,1,1323,43229
1324,1324-16863,1S-MH-MU-ZNT-RSTN-BORI,1S-MH-MU-ZNT-CL01-6306,1,1324,16863
1324,16862-12438,1S-MH-MU-ZNT-CL01-6306,1S-MH-MU-ZNT-CL01-6731,2,16862,12438
1324,12440-6715,1S-MH-MU-ZNT-CL01-6731,1S-MH-MU-ZNT-CL01-6072,3,12440,6715
1324,6717-38170,1S-MH-MU-ZNT-CL01-6072,1S-MH-MU-ZNT-CL01-7425,4,6717,38170
1324,38169-29021,1S-MH-MU-ZNT-CL01-7425,1S-MH-MU-ZNT-CL01-6997,5,38169,29021
1324,29019-32456,1S-MH-MU-ZNT-CL01-6997,1S-MH-MU-ZNT-CL01-7095,6,29019,32456
1324,32454-42724,1S-MH-MU-ZNT-CL01-7095,1S-MH-MU-ZNT-CL01-7926,7,32454,42724
1324,42725-38495,1S-MH-MU-ZNT-CL01-7926,1S-MH-MU-ZNT-CL01-7819,8,42725,38495
1324,38494-35412,1S-MH-MU-ZNT-CL01-7819,1S-MH-MU-ZNT-CL01-7376,9,38494,35412
1324,35410-35290,1S-MH-MU-ZNT-CL01-7376,1S-MH-MU-ZNT-CL01-7431,10,35410,35290
1324,35288-40465,1S-MH-MU-ZNT-CL01-7431,1S-MH-MU-ZNT-CL01-6143,11,35288,40465
1326,1326-15597,1S-MH-MU-ZNT-RSTN-BORI,1S-MH-MU-ZNT-CL01-6066,1,1326,15597
1326,15599-15600,1S-MH-MU-ZNT-CL01-6066,1S-MH-MU-ZNT-CL01-6067,2,15599,15600
1326,15602-32255,1S-MH-MU-ZNT-CL01-6067,1S-MH-MU-ZNT-CL01-7347,3,15602,32255
1326,32249-40385,1S-MH-MU-ZNT-CL01-7347,1S-MH-MU-ZNT-CL01-7486,4,32249,40385
1326,35218-37104,1S-MH-MU-ZNT-CL01-7486,1S-MH-MU-ZNT-CL01-7701,5,35218,37104
1326,37105-41759,1S-MH-MU-ZNT-CL01-7701,1S-MH-MU-ZNT-CL01-7939,6,37105,41759
1326,32253-HTCONSUMER,1S-MH-MU-ZNT-CL01-7347,NAN,3.1,32253,HTCONSUMER
1329,1329-43227,1S-MH-MU-ZNT-RSTN-BORI,1S-MH-MU-ZNT-CL01-9904,1,1329,43227
1330,1330-CAP BANK,1S-MH-MU-ZNT-RSTN-BORI,1S-MH-MU-ZNT-RSTN-BORI,1,1330,CAP BANK
1331,1331-31808,1S-MH-MU-ZNT-RSTN-BORI,1S-MH-MU-ZNT-CL01-7329,1,1331,31808
1331,31810-31811,1S-MH-MU-ZNT-CL01-7329,1S-MH-MU-ZNT-CL01-7328,2,31810,31811
1331,31813-38697,1S-MH-MU-ZNT-CL01-7328,1S-MH-MU-ZNT-CL01-6747,3,31813,38697
1331,38696-28725,1S-MH-MU-ZNT-CL01-6747,1S-MH-MU-ZNT-CL01-6176,4,38696,28725
1331,28724-34693,1S-MH-MU-ZNT-CL01-6176,1S-MH-MU-ZNT-CL01-7428,5,28724,34693
1331,34694-28719,1S-MH-MU-ZNT-CL01-7428,1S-MH-MU-ZNT-CL01-6004,6,34694,28719
1331,28720-40464,1S-MH-MU-ZNT-CL01-6004,1S-MH-MU-ZNT-CL01-6143,7,28720,40464
1331,38698-38692,1S-MH-MU-ZNT-CL01-6747,1S-MH-MU-ZNT-CL01-7805,3.1,38698,38692
1331,38690-29020,1S-MH-MU-ZNT-CL01-7805,1S-MH-MU-ZNT-CL01-6997,3.2,38690,29020
1332,1332-30758,1S-MH-MU-ZNT-RSTN-BORI,1S-MH-MU-ZNT-CL01-7142,1,1332,30758
1332,30759-36571,1S-MH-MU-ZNT-CL01-7142,1S-MH-MU-ZNT-CL01-7676,2,30759,36571
1332,36573-39993,1S-MH-MU-ZNT-CL01-7676,1S-MH-MU-ZNT-CL01-7882,3,36573,39993
1332,39992-39059,1S-MH-MU-ZNT-CL01-7882,1S-MH-MU-ZNT-CL01-7880,4,39992,39059
1332,39058-40624,1S-MH-MU-ZNT-CL01-7880,1S-MH-MU-ZNT-CL01-6161,5,39058,40624
1332,15410-18421,1S-MH-MU-ZNT-CL01-6161,1S-MH-MU-ZNT-CL01-6163,6,15410,18421
1332,18420-31907,1S-MH-MU-ZNT-CL01-6163,1S-MH-MU-ZNT-CL01-7330,7,18420,31907
1332,31909-30933,1S-MH-MU-ZNT-CL01-7330,1S-MH-MU-ZNT-CL01-7166,8,31909,30933
1332,40623-17588,1S-MH-MU-ZNT-CL01-6161,1S-MH-MU-ZNT-CL01-6433,5.1,40623,17588
1332,17589-28650,1S-MH-MU-ZNT-CL01-6433,1S-MH-MU-ZNT-CL01-6986,5.2,17589,28650
1332,28652-19564,1S-MH-MU-ZNT-CL01-6986,1S-MH-MU-ZNT-CL01-6890,5.3,28652,19564
1332,40622-17914,1S-MH-MU-ZNT-CL01-6161,1S-MH-MU-ZNT-CL01-6551,5.2,40622,17914
1332,30760-6980,1S-MH-MU-ZNT-CL01-7142,1S-MH-MU-ZCT-CL10-4834,1.1,30760,6980
1334,1334-19490,1S-MH-MU-ZNT-RSTN-BORI,1S-MH-MU-ZNT-CL06-6875,1,1334,19490
1334,19491-17458,1S-MH-MU-ZNT-CL06-6875,1S-MH-MU-ZNT-CL01-6270,2,19491,17458
1334,17456-4042,1S-MH-MU-ZNT-CL01-6270,1S-MH-MU-ZNT-CL01-6502,3,17456,4042
1334,6973-19308,1S-MH-MU-ZNT-CL01-6502,1S-MH-MU-ZNT-CL01-6857,4,6973,19308
1334,19306-40880,1S-MH-MU-ZNT-CL01-6857,1S-MH-MU-ZNT-CL01-7871,5,19306,40880
1334,40879-7044,1S-MH-MU-ZNT-CL01-7871,1S-MH-MU-ZNT-CL01-6503,6,40879,7044
1334,7043-18213,1S-MH-MU-ZNT-CL01-6503,1S-MH-MU-ZNT-CL01-6496,7,7043,18213
1334,18211-26193,1S-MH-MU-ZNT-CL01-6496,1S-MH-MU-ZNT-CL01-6642,8,18211,26193
1334,26195-42663,1S-MH-MU-ZNT-CL01-6642,1S-MH-MU-ZNT-CL09-7909,9,26195,42663
1334,7045-35634,1S-MH-MU-ZNT-CL01-6503,1S-MH-MU-ZNT-CL01-7504,6.1,7045,35634
1334,6470-15070,1S-MH-MU-ZNT-CL01-6502,1S-MH-MU-ZNT-CL01-6550,3.1,6470,15070
1334,15071-7502,1S-MH-MU-ZNT-CL01-6550,1S-MH-MU-ZNT-CL09-6594,3.2,15071,7502
1336,1336-43231,1S-MH-MU-ZNT-RSTN-BORI,1S-MH-MU-ZNT-CL01-9904,1,1336,43231
1338,1338-STN XMER,1S-MH-MU-ZNT-RSTN-BORI,1S-MH-MU-ZNT-RSTN-BORI,1,1338,STN XMER
1339,1339-CAP BANK,1S-MH-MU-ZNT-RSTN-BORI,1S-MH-MU-ZNT-RSTN-BORI,1,1339,CAP BANK
28223,28223-42697,1S-MH-MU-ZCT-RSTN-CAMA,1S-MH-MU-ZCT-CL07-4531,1,28223,42697
28223,7663-6381,1S-MH-MU-ZCT-CL07-4531,1S-MH-MU-ZCT-CL07-4310,2,7663,6381
28223,6380-11803,1S-MH-MU-ZCT-CL07-4310,1S-MH-MU-ZCT-CL07-4316,3,6380,11803
28223,11802-7934,1S-MH-MU-ZCT-CL07-4316,1S-MH-MU-ZCT-CL07-4308,4,11802,7934
28223,4214-741,1S-MH-MU-ZCT-CL07-4308,1S-MH-MU-ZCT-CL07-4307,5,4214,741
28223,739-15095,1S-MH-MU-ZCT-CL07-4307,1S-MH-MU-ZCT-CL07-4755,6,739,15095
28223,15097-36643,1S-MH-MU-ZCT-CL07-4755,1S-MH-MU-ZCT-CL07-5444,7,15097,36643
28223,36645-18769,1S-MH-MU-ZCT-CL07-5444,1S-MH-MU-ZCT-CL07-4022,8,36645,18769
28223,7664-9726,1S-MH-MU-ZCT-CL07-4531,1S-MH-MU-ZCT-CL07-4657,1.1,7664,9726
28223,9727-HTCONSUMER,1S-MH-MU-ZCT-CL07-4657,NAN,1.2,9727,HTCONSUMER
28224,28224-9959,1S-MH-MU-ZCT-RSTN-CAMA,1S-MH-MU-ZCT-CL07-4129,1,28224,9959
28224,9957-14168,1S-MH-MU-ZCT-CL07-4129,1S-MH-MU-ZCT-CL07-4319,2,9957,14168
28224,14170-5326,1S-MH-MU-ZCT-CL07-4319,1S-MH-MU-ZCT-CL07-4128,3,14170,5326
28224,5324-42661,1S-MH-MU-ZCT-CL07-4128,1S-MH-MU-ZCT-CL07-4657,4,5324,42661
28224,9958-28622,1S-MH-MU-ZCT-CL07-4129,1S-MH-MU-ZCT-CL07-4829,1.1,9958,28622
28224,28623-6256,1S-MH-MU-ZCT-CL07-4829,1S-MH-MU-ZCT-CL07-4559,1.2,28623,6256
28224,6254-26134,1S-MH-MU-ZCT-CL07-4559,1S-MH-MU-ZCT-CL07-4558,1.3,6254,26134
28226,28226-11684,1S-MH-MU-ZCT-RSTN-CAMA,1S-MH-MU-ZCT-CL07-4504,1,28226,11684
28226,18991-13506,1S-MH-MU-ZCT-CL07-4504,1S-MH-MU-ZCT-CL07-4763,2,18991,13506
28226,13117-13116,1S-MH-MU-ZCT-CL07-4763,1S-MH-MU-ZCT-CL07-4762,3,13117,13116
28226,13114-31424,1S-MH-MU-ZCT-CL07-4762,1S-MH-MU-ZCT-CL07-5139,4,13114,31424
28226,31426-13103,1S-MH-MU-ZCT-CL07-5139,1S-MH-MU-ZCT-CL07-4717,5,31426,13103
28226,13102-35700,1S-MH-MU-ZCT-CL07-4717,1S-MH-MU-ZCT-CL07-5260,6,13102,35700
28226,35701-36599,1S-MH-MU-ZCT-CL07-5260,1S-MH-MU-ZCT-CL07-4271,7,35701,36599
28226,36593-37862,1S-MH-MU-ZCT-CL07-4271,1S-MH-MU-ZCT-CL07-5522,8,36593,37862
28227,28227-11382,1S-MH-MU-ZCT-RSTN-CAMA,1S-MH-MU-ZCT-CL07-4276,1,28227,11382
28227,11384-28760,1S-MH-MU-ZCT-CL07-4276,1S-MH-MU-ZCT-CL08-5039,2,11384,28760
28227,28762-25794,1S-MH-MU-ZCT-CL08-5039,1S-MH-MU-ZCT-RSTN-DIND,3,28762,25794
28227,28766-40930,1S-MH-MU-ZCT-CL08-5039,1S-MH-MU-ZCT-RSTN-DIND,2.1,28766,40930
28227,28769-HTCONSUMER,1S-MH-MU-ZCT-CL08-5039,NAN,2.2,28769,HTCONSUMER
28227,34768-9070,1S-MH-MU-ZCT-CL07-4276,1S-MH-MU-ZCT-CL07-4793,1.1,34768,9070
28227,9068-7827,1S-MH-MU-ZCT-CL07-4793,1S-MH-MU-ZCT-RSTN-MAHA,1.2,9068,7827
28229,28229-25785,1S-MH-MU-ZCT-RSTN-CAMA,1S-MH-MU-ZCT-CL07-4942,1,28229,25785
28229,25783-26510,1S-MH-MU-ZCT-CL07-4942,1S-MH-MU-ZCT-CL07-4972,2,25783,26510
28229,26512-19266,1S-MH-MU-ZCT-CL07-4972,1S-MH-MU-ZCT-CL07-4845,3,26512,19266
28229,19267-41666,1S-MH-MU-ZCT-CL07-4845,1S-MH-MU-ZCT-CL07-5302,4,19267,41666
28229,26511-HTCONSUMER,1S-MH-MU-ZCT-CL07-4972,NAN,2.1,26511,HTCONSUMER
28230,28230-CAP BANK,1S-MH-MU-ZCT-RSTN-CAMA,1S-MH-MU-ZCT-RSTN-CAMA,1,28230,CAP BANK
29653,29653-13401,1S-MH-MU-ZSC-RSTN-CHAK,1S-MH-MU-ZSC-CL01-2135,1,29653,13401
29653,30619-38003,1S-MH-MU-ZSC-CL01-2135,1S-MH-MU-ZSC-CL01-2206,2,30619,38003
11914,11914-17621,1S-MH-MU-ZSC-RSTN-CHAK,1S-MH-MU-ZSC-CL02-2137,1,11914,17621
11914,17622-25763,1S-MH-MU-ZSC-CL02-2137,1S-MH-MU-ZSC-CL02-2969,2,17622,25763
11914,25764-43019,1S-MH-MU-ZSC-CL02-2969,1S-MH-MU-ZSC-CL02-3589,3,25764,43019
11914,43020-35731,1S-MH-MU-ZSC-CL02-3589,1S-MH-MU-ZSC-CL02-3365,4,43020,35731
11914,35729-29912,1S-MH-MU-ZSC-CL02-3365,1S-MH-MU-ZSC-CL02-3110,5,35729,29912
11914,29911-30333,1S-MH-MU-ZSC-CL02-3110,1S-MH-MU-ZSC-CL02-3133,6,29911,30333
11914,30335-18958,1S-MH-MU-ZSC-CL02-3133,1S-MH-MU-ZSC-CL02-2881,7,30335,18958
11914,18956-36511,1S-MH-MU-ZSC-CL02-2881,1S-MH-MU-ZSC-CL02-3414,8,18956,36511
11914,36509-14260,1S-MH-MU-ZSC-CL02-3414,1S-MH-MU-ZSC-CL02-2770,9,36509,14260
11915,11915-2153,1S-MH-MU-ZSC-RSTN-CHAK,1S-MH-MU-ZSC-CL01-2562,1,11915,2153
11915,1090-13510,1S-MH-MU-ZSC-CL01-2562,1S-MH-MU-ZSC-CL02-2422,2,1090,13510
11919,11919-25041,1S-MH-MU-ZSC-RSTN-CHAK,1S-MH-MU-ZSC-CL04-2616,1,11919,25041
11919,25043-36003,1S-MH-MU-ZSC-CL04-2616,1S-MH-MU-ZSC-CL04-3374,2,25043,36003
11919,36004-25740,1S-MH-MU-ZSC-CL04-3374,1S-MH-MU-ZSC-CL04-2967,3,36004,25740
11919,25742-34227,1S-MH-MU-ZSC-CL04-2967,1S-MH-MU-ZSC-CL04-2698,4,25742,34227
11919,6090-15005,1S-MH-MU-ZSC-CL04-2698,1S-MH-MU-ZSC-CL01-2017,5,6090,15005
11919,4011-37685,1S-MH-MU-ZSC-CL04-2698,1S-MH-MU-ZSC-CL04-3393,4.1,4011,37685
11919,34226-HTCONSUMER,1S-MH-MU-ZSC-CL04-2698,NAN,4.2,34226,HTCONSUMER
11920,11920-34659,1S-MH-MU-ZSC-RSTN-CHAK,1S-MH-MU-ZSC-CL04-3281,1,11920,34659
11920,34661-10354,1S-MH-MU-ZSC-CL04-3281,1S-MH-MU-ZSC-CL04-2597,2,34661,10354
11921,11921-CAP BANK,1S-MH-MU-ZSC-RSTN-CHAK,1S-MH-MU-ZSC-RSTN-CHAK,1,11921,CAP BANK
11924,11924-29615,1S-MH-MU-ZSC-RSTN-CHAK,1S-MH-MU-ZSC-CL02-3092,1,11924,29615
11924,29616-9752,1S-MH-MU-ZSC-CL02-3092,1S-MH-MU-ZSC-CL02-2409,2,29616,9752
11924,9753-28001,1S-MH-MU-ZSC-CL02-2409,1S-MH-MU-ZSC-CL02-3020,3,9753,28001
11924,28003-13552,1S-MH-MU-ZSC-CL02-3020,1S-MH-MU-ZSC-CL01-2082,4,28003,13552
11924,13550-15658,1S-MH-MU-ZSC-CL01-2082,1S-MH-MU-ZSC-CL01-2223,5,13550,15658
29652,29652-CAP BANK,1S-MH-MU-ZSC-RSTN-CHAK,1S-MH-MU-ZSC-RSTN-CHAK,1,29652,CAP BANK
29654,29654-STN XMER,1S-MH-MU-ZSC-RSTN-CHAK,1S-MH-MU-ZSC-RSTN-CHAK,1,29654,STN XMER
29655,29655-36969,1S-MH-MU-ZSC-RSTN-CHAK,1S-MH-MU-ZSC-CL02-3436,1,29655,36969
29655,36972-5374,1S-MH-MU-ZSC-CL02-3436,1S-MH-MU-ZSC-CL02-2175,2,36972,5374
29655,5372-32710,1S-MH-MU-ZSC-CL02-2175,1S-MH-MU-ZSC-CL02-3067,3,5372,32710
29655,28982-25485,1S-MH-MU-ZSC-CL02-3067,1S-MH-MU-ZSC-CL02-2957,4,28982,25485
29655,25486-28418,1S-MH-MU-ZSC-CL02-2957,1S-MH-MU-ZSC-CL02-3041,5,25486,28418
29655,28420-39806,1S-MH-MU-ZSC-CL02-3041,1S-MH-MU-ZSC-CL02-3590,6,28420,39806
29655,28984-14262,1S-MH-MU-ZSC-CL02-3067,1S-MH-MU-ZSC-CL02-2770,3.1,28984,14262
29655,36971-HTCONSUMER,1S-MH-MU-ZSC-CL02-3436,NAN,1.1,36971,HTCONSUMER
25351,25351-29389,1S-MH-MU-ZCT-RSTN-CHNB,1S-MH-MU-ZCT-CL02-5063,1,25351,29389
25351,29390-15441,1S-MH-MU-ZCT-CL02-5063,1S-MH-MU-ZCT-CL02-4533,2,29390,15441
25351,15442-17960,1S-MH-MU-ZCT-CL02-4533,1S-MH-MU-ZCT-CL02-4025,3,15442,17960
25351,17958-15877,1S-MH-MU-ZCT-CL02-4025,1S-MH-MU-ZCT-CL02-4117,4,17958,15877
25351,15876-42286,1S-MH-MU-ZCT-CL02-4117,1S-MH-MU-ZCT-CL02-4137,5,15876,42286
25351,39791-28383,1S-MH-MU-ZCT-CL02-4137,1S-MH-MU-ZCT-CL02-4535,6,39791,28383
25351,28386-17307,1S-MH-MU-ZCT-CL02-4535,1S-MH-MU-ZCT-CL02-4799,7,28386,17307
25351,17306-28934,1S-MH-MU-ZCT-CL02-4799,1S-MH-MU-ZCT-CL02-4153,8,17306,28934
25351,39792-6059,1S-MH-MU-ZCT-CL02-4137,1S-MH-MU-ZCT-CL02-4802,5.1,39792,6059
25351,42285-28881,1S-MH-MU-ZCT-CL02-4137,1S-MH-MU-ZCT-CL02-5040,5.2,42285,28881
25356,25356-25991,1S-MH-MU-ZCT-RSTN-CHNB,1S-MH-MU-ZCT-CL02-4949,1,25356,25991
25356,25990-19927,1S-MH-MU-ZCT-CL02-4949,1S-MH-MU-ZCT-CL02-4901,2,25990,19927
25357,25357-28931,1S-MH-MU-ZCT-RSTN-CHNB,1S-MH-MU-ZCT-CL02-4153,1,25357,28931
25357,28932-13231,1S-MH-MU-ZCT-CL02-4153,1S-MH-MU-ZCT-CL02-4556,2,28932,13231
25357,13230-42936,1S-MH-MU-ZCT-CL02-4556,1S-MH-MU-ZCT-CL02-5096,3,13230,42936
25357,42935-17535,1S-MH-MU-ZCT-CL02-5096,1S-MH-MU-ZCT-CL02-4540,4,42935,17535
25357,17537-14680,1S-MH-MU-ZCT-CL02-4540,1S-MH-MU-ZCT-CL02-4804,5,17537,14680
25357,14681-14631,1S-MH-MU-ZCT-CL02-4804,1S-MH-MU-ZCT-CL02-4660,6,14681,14631
25357,14630-28398,1S-MH-MU-ZCT-CL02-4660,1S-MH-MU-ZCT-CL02-5007,7,14630,28398
25357,28400-37751,1S-MH-MU-ZCT-CL02-5007,1S-MH-MU-ZCT-CL02-4799,8,28400,37751
25357,42759-31186,1S-MH-MU-ZCT-CL02-4804,1S-MH-MU-ZCT-CL02-5091,5.1,42759,31186
25358,25358-2306,1S-MH-MU-ZCT-RSTN-CHNB,1S-MH-MU-ZCT-CL02-4528,1,25358,2306
25358,2307-6322,1S-MH-MU-ZCT-CL02-4528,1S-MH-MU-ZCT-CL02-4120,2,2307,6322
25358,5416-15588,1S-MH-MU-ZCT-CL02-4120,1S-MH-MU-ZCT-CL02-4122,3,5416,15588
25358,15586-42593,1S-MH-MU-ZCT-CL02-4122,1S-MH-MU-ZCT-CL02-5580,4,15586,42593
25358,9584-9587,1S-MH-MU-ZCT-CL02-4120,1S-MH-MU-ZCT-CL02-4121,2.1,9584,9587
25358,9585-31969,1S-MH-MU-ZCT-CL02-4121,1S-MH-MU-ZCT-CL02-5152,2.2,9585,31969
25358,2308-NAN,1S-MH-MU-ZCT-CL02-4528,NAN,1.1,2308,NAN
25358,2308-17026,1S-MH-MU-ZCT-CL02-4528,1S-MH-MU-ZCT-CL02-4149,1.2,2308,17026
18823,18823-STN XMER,1S-MH-MU-ZET-RSTN-CHHE,1S-MH-MU-ZET-RSTN-CHHE,1,18823,STN XMER
18824,18824-32304,1S-MH-MU-ZET-RSTN-CHHE,1S-MH-MU-ZET-CL09-8638,1,18824,32304
18824,13429-28583,1S-MH-MU-ZET-CL09-8638,1S-MH-MU-ZET-CL06-9084,2,13429,28583
18824,28585-32311,1S-MH-MU-ZET-CL06-9084,1S-MH-MU-ZET-CL06-8568,3,28585,32311
18824,15687-10941,1S-MH-MU-ZET-CL06-8568,1S-MH-MU-ZET-CL06-8279,4,15687,10941
18824,28586-39255,1S-MH-MU-ZET-CL06-9084,1S-MH-MU-ZET-CL06-8765,2.1,28586,39255
18824,39253-6181,1S-MH-MU-ZET-CL06-8765,1S-MH-MU-ZET-CL06-8268,2.2,39253,6181
18824,39254-19782,1S-MH-MU-ZET-CL06-8765,1S-MH-MU-ZET-CL06-8985,2.1.1,39254,19782
18824,18400-18548,1S-MH-MU-ZET-CL09-8638,1S-MH-MU-ZET-CL09-8639,1.1,18400,18548
18824,18546-13018,1S-MH-MU-ZET-CL09-8639,1S-MH-MU-ZET-CL09-8018,1.2,18546,13018
18824,13427-38482,1S-MH-MU-ZET-CL09-8638,1S-MH-MU-ZET-CL09-9664,1.2,13427,38482
18825,18825-5283,1S-MH-MU-ZET-RSTN-CHHE,1S-MH-MU-ZET-CL09-8165,1,18825,5283
18825,4916-12517,1S-MH-MU-ZET-CL09-8165,1S-MH-MU-ZET-CL09-8166,2,4916,12517
18825,4915-13019,1S-MH-MU-ZET-CL09-8165,1S-MH-MU-ZET-CL09-8018,1.1,4915,13019
18826,18826-5701,1S-MH-MU-ZET-RSTN-CHHE,1S-MH-MU-ZET-CL12-8215,1,18826,5701
18826,31574-42257,1S-MH-MU-ZET-CL12-8215,1S-MH-MU-ZET-CL12-9780,2,31574,42257
18826,42258-1449,1S-MH-MU-ZET-CL12-9780,1S-MH-MU-ZET-CL12-8217,3,42258,1449
18826,1449-6367,1S-MH-MU-ZET-CL12-8217,1S-MH-MU-ZET-CL12-8778,4,1449,6367
18828,18828-30700,1S-MH-MU-ZET-RSTN-CHHE,1S-MH-MU-ZET-CL12-9194,1,18828,30700
18829,18829-18979,1S-MH-MU-ZET-RSTN-CHHE,1S-MH-MU-ZET-CL08-8964,1,18829,18979
18829,18980-10708,1S-MH-MU-ZET-CL08-8964,1S-MH-MU-ZET-CL12-8671,2,18980,10708
18829,10710-42119,1S-MH-MU-ZET-CL12-8671,1S-MH-MU-ZET-CL12-9194,3,10710,42119
18829,19334-36667,1S-MH-MU-ZET-CL08-8964,1S-MH-MU-ZET-CL08-9588,1.1,19334,36667
18829,36668-42516,1S-MH-MU-ZET-CL08-9588,1S-MH-MU-ZET-CL08-8572,1.2,36668,42516
18831,18831-CAP BANK,1S-MH-MU-ZET-RSTN-CHHE,1S-MH-MU-ZET-RSTN-CHHE,1,18831,CAP BANK
18832,18832-35347,1S-MH-MU-ZET-RSTN-CHHE,1S-MH-MU-ZET-CL06-9404,1,18832,35347
18832,35349-32302,1S-MH-MU-ZET-CL06-9404,1S-MH-MU-ZET-CL06-8985,2,35349,32302
18832,32301-28702,1S-MH-MU-ZET-CL06-8985,1S-MH-MU-ZET-CL06-9092,3,32301,28702
18832,28704-28363,1S-MH-MU-ZET-CL06-9092,1S-MH-MU-ZET-CL06-8902,4,28704,28363
18832,28364-4906,1S-MH-MU-ZET-CL06-8902,1S-MH-MU-ZET-CL06-8903,5,28364,4906
18832,4907-42673,1S-MH-MU-ZET-CL06-8903,1S-MH-MU-ZET-CL06-9627,6,4907,42673
18832,42672-42179,1S-MH-MU-ZET-CL06-9627,1S-MH-MU-ZET-CL06-9735,7,42672,42179
18832,42178-9974,1S-MH-MU-ZET-CL06-9735,1S-MH-MU-ZET-CL06-8583,8,42178,9974
18832,9973-6456,1S-MH-MU-ZET-CL06-8583,1S-MH-MU-ZET-CL06-8266,9,9973,6456
18832,6454-40485,1S-MH-MU-ZET-CL06-8266,1S-MH-MU-ZET-CL06-9701,10,6454,40485
18832,40486-40774,1S-MH-MU-ZET-CL06-9701,1S-MH-MU-ZET-CL06-9613,11,40486,40774
18832,40776-6182,1S-MH-MU-ZET-CL06-9613,1S-MH-MU-ZET-CL06-8268,12,40776,6182
18832,28703-35790,1S-MH-MU-ZET-CL06-9092,1S-MH-MU-ZET-CL06-9462,3.1,28703,35790
18832,35788-28781,1S-MH-MU-ZET-CL06-9462,1S-MH-MU-ZET-CL06-8289,3.2,35788,28781
18832,19783-14053,1S-MH-MU-ZET-CL06-8985,1S-MH-MU-ZET-CL06-8929,2.1,19783,14053
18832,14051-10611,1S-MH-MU-ZET-CL06-8929,1S-MH-MU-ZET-CL06-8928,2.2,14051,10611
18832,10610-5671,1S-MH-MU-ZET-CL06-8928,1S-MH-MU-ZET-CL06-8927,2.3,10610,5671
18833,18833-34296,1S-MH-MU-ZET-RSTN-CHHE,1S-MH-MU-ZET-RSTN-HING,1,18833,34296
18833,34296-7659,1S-MH-MU-ZET-RSTN-HING,1S-MH-MU-ZET-CL06-8946,2,34296,7659
18833,7657-29607,1S-MH-MU-ZET-CL06-8946,1S-MH-MU-ZET-CL06-9145,3,7657,29607
18833,29606-2615,1S-MH-MU-ZET-CL06-9145,1S-MH-MU-ZET-CL06-8225,4,29606,2615
18833,2617-32908,1S-MH-MU-ZET-CL06-8225,1S-MH-MU-ZET-CL06-8609,5,2617,32908
18833,5992-7307,1S-MH-MU-ZET-CL06-8609,1S-MH-MU-ZET-CL06-8291,6,5992,7307
18833,11024-10945,1S-MH-MU-ZET-CL06-8291,1S-MH-MU-ZET-CL06-8610,7,11024,10945
18833,10947-15409,1S-MH-MU-ZET-CL06-8610,1S-MH-MU-ZET-CL06-8271,8,10947,15409
18833,15407-28205,1S-MH-MU-ZET-CL06-8271,1S-MH-MU-ZET-CL06-9069,9,15407,28205
18833,28203-41598,1S-MH-MU-ZET-CL06-9069,1S-MH-MU-ZET-CL06-9574,10,28203,41598
18833,5994-37602,1S-MH-MU-ZET-CL06-8609,1S-MH-MU-ZET-CL06-9526,5.1,5994,37602
18834,18834-19505,1S-MH-MU-ZET-RSTN-CHHE,1S-MH-MU-ZET-CL09-8562,1,18834,19505
18834,40144-2726,1S-MH-MU-ZET-CL09-8562,1S-MH-MU-ZET-CL08-8143,2,40144,2726
18834,31684-42486,1S-MH-MU-ZET-CL08-8143,1S-MH-MU-ZET-CL08-9722,3,31684,42486
18834,42485-9402,1S-MH-MU-ZET-CL08-9722,1S-MH-MU-ZET-CL08-8634,4,42485,9402
18834,9400-35622,1S-MH-MU-ZET-CL08-8634,1S-MH-MU-ZET-CL08-9425,5,9400,35622
18834,35624-34390,1S-MH-MU-ZET-CL08-9425,1S-MH-MU-ZET-CL08-9344,6,35624,34390
18834,34388-32905,1S-MH-MU-ZET-CL08-9344,1S-MH-MU-ZET-CL08-9317,7,34388,32905
18834,32907-40818,1S-MH-MU-ZET-CL08-9317,1S-MH-MU-ZET-CL08-9343,8,32907,40818
18834,40819-31142,1S-MH-MU-ZET-CL08-9343,1S-MH-MU-ZET-CL08-9225,9,40819,31142
18834,31144-32071,1S-MH-MU-ZET-CL08-9225,1S-MH-MU-ZET-CL08-9272,10,31144,32071
18834,32069-42626,1S-MH-MU-ZET-CL08-9272,1S-MH-MU-ZET-CL08-9306,11,32069,42626
18834,32754-13648,1S-MH-MU-ZET-CL08-9306,1S-MH-MU-ZET-CL08-8676,12,32754,13648
18834,13650-38545,1S-MH-MU-ZET-CL08-8676,1S-MH-MU-ZET-CL08-9617,13,13650,38545
18834,32756-37295,1S-MH-MU-ZET-CL08-9306,1S-MH-MU-ZET-CL08-9630,11.1,32756,37295
18834,7284-38291,1S-MH-MU-ZET-CL09-8562,1S-MH-MU-ZET-CL09-9666,1.1,7284,38291
18834,38293-39789,1S-MH-MU-ZET-CL09-9666,1S-MH-MU-ZET-CL09-9737,1.2,38293,39789
18834,39787-34366,1S-MH-MU-ZET-CL09-9737,1S-MH-MU-ZET-RSTN-TILA,1.3,39787,34366
18835,18835-25734,1S-MH-MU-ZET-RSTN-CHHE,1S-MH-MU-ZET-CL06-9018,1,18835,25734
18837,18837-43816,1S-MH-MU-ZET-RSTN-CHHE,1S-MH-MU-ZET-CL08-9686,1,18837,43816
18837,40752-36020,1S-MH-MU-ZET-CL08-9686,1S-MH-MU-ZET-CL08-9538,2,40752,36020
18837,37990-37995,1S-MH-MU-ZET-CL08-9538,1S-MH-MU-ZET-CL08-9669,3,37990,37995
18837,37993-42652,1S-MH-MU-ZET-CL08-9669,1S-MH-MU-ZET-CL06-9851,4,37993,42652
18837,42651-39038,1S-MH-MU-ZET-CL06-9851,1S-MH-MU-ZET-CL08-9275,5,42651,39038
18837,36019-30698,1S-MH-MU-ZET-CL08-9538,1S-MH-MU-ZET-CL12-9194,2.1,36019,30698
18837,18837-40753,1S-MH-MU-ZET-RSTN-CHHE,1S-MH-MU-ZET-CL08-9686,2,18837,40753
18837,40752-36020,1S-MH-MU-ZET-CL08-9686,1S-MH-MU-ZET-CL08-9538,3,40752,36020
18837,37990-37995,1S-MH-MU-ZET-CL08-9538,1S-MH-MU-ZET-CL08-9669,4,37990,37995
18837,37993-42652,1S-MH-MU-ZET-CL08-9669,1S-MH-MU-ZET-CL06-9851,5,37993,42652
18837,42651-39038,1S-MH-MU-ZET-CL06-9851,1S-MH-MU-ZET-CL08-9275,6,42651,39038
18837,36019-30698,1S-MH-MU-ZET-CL08-9538,1S-MH-MU-ZET-CL12-9194,3.1,36019,30698
18838,18838-39837,1S-MH-MU-ZET-RSTN-CHHE,1S-MH-MU-ZET-CL06-9739,1,18838,39837
18838,39838-35124,1S-MH-MU-ZET-CL06-9739,1S-MH-MU-ZET-CL06-9403,2,39838,35124
18838,35125-7687,1S-MH-MU-ZET-CL06-9403,1S-MH-MU-ZET-CL06-8302,3,35125,7687
18838,7689-32773,1S-MH-MU-ZET-CL06-8302,1S-MH-MU-ZET-CL06-9304,4,7689,32773
18838,32771-13651,1S-MH-MU-ZET-CL06-9304,1S-MH-MU-ZET-CL06-8278,5,32771,13651
18838,7688-11095,1S-MH-MU-ZET-CL06-8302,1S-MH-MU-ZET-CL06-8523,3.1,7688,11095
18838,42986-19176,1S-MH-MU-ZET-CL06-9403,1S-MH-MU-ZET-CL06-8417,2.1,42986,19176
18838,19177-25735,1S-MH-MU-ZET-CL06-8417,1S-MH-MU-ZET-CL06-9018,2.2,19177,25735
18838,42988-DT,1S-MH-MU-ZET-CL06-9403,NAN,2.2,42988,DT
30996,30996-32938,1S-MH-MU-ZET-RSTN-CHAN,1S-MH-MU-ZET-CL13-9318,1,30996,32938
30996,32940-39039,1S-MH-MU-ZET-CL13-9318,1S-MH-MU-ZET-CL13-9539,2,32940,39039
30996,39041-31418,1S-MH-MU-ZET-CL13-9539,1S-MH-MU-ZET-CL13-8438,3,39041,31418
30996,13191-42471,1S-MH-MU-ZET-CL13-8438,1S-MH-MU-ZET-CL14-9802,4,13191,42471
30996,42472-40979,1S-MH-MU-ZET-CL14-9802,1S-MH-MU-ZET-RSTN-NAHA,5,42472,40979
30996,9712-29610,1S-MH-MU-ZET-CL13-8438,1S-MH-MU-ZET-CL13-8440,3.1,9712,29610
30996,29611-16741,1S-MH-MU-ZET-CL13-8440,1S-MH-MU-ZET-CL13-8803,3.2,29611,16741
30996,39042-HTCONSUMER,1S-MH-MU-ZET-CL13-9539,NAN,2.1,39042,HTCONSUMER
31000,31000-16156,1S-MH-MU-ZET-RSTN-CHAN,1S-MH-MU-ZET-CL13-8532,1,31000,16156
31000,16155-30241,1S-MH-MU-ZET-CL13-8532,1S-MH-MU-ZET-CL13-8505,2,16155,30241
31000,6969-11840,1S-MH-MU-ZET-CL13-8505,1S-MH-MU-ZET-CL13-8556,3,6969,11840
31000,11838-42996,1S-MH-MU-ZET-CL13-8556,1S-MH-MU-ZET-CL13-8555,4,11838,42996
31000,42995-42176,1S-MH-MU-ZET-CL13-8555,1S-MH-MU-ZET-CL13-9785,5,42995,42176
31000,42175-18156,1S-MH-MU-ZET-CL13-9785,1S-MH-MU-ZET-CL13-8558,6,42175,18156
31000,42177-DT,1S-MH-MU-ZET-CL13-9785,NAN,5.1,42177,DT
31000,11839-18297,1S-MH-MU-ZET-CL13-8556,1S-MH-MU-ZET-CL13-8557,3.1,11839,18297
31000,18299-28131,1S-MH-MU-ZET-CL13-8557,1S-MH-MU-ZET-CL13-8050,3.2,18299,28131
31000,16154-14992,1S-MH-MU-ZET-CL13-8532,1S-MH-MU-ZET-CL13-8567,1.1,16154,14992
31001,31001-32744,1S-MH-MU-ZET-RSTN-CHAN,1S-MH-MU-ZET-CL14-9307,1,31001,32744
31001,32745-39576,1S-MH-MU-ZET-CL14-9307,1S-MH-MU-ZET-CL13-9541,2,32745,39576
31001,39574-31976,1S-MH-MU-ZET-CL13-9541,1S-MH-MU-ZET-CL14-9264,3,39574,31976
31001,31975-31826,1S-MH-MU-ZET-CL14-9264,1S-MH-MU-ZET-CL14-9247,4,31975,31826
31001,31824-28956,1S-MH-MU-ZET-CL14-9247,1S-MH-MU-ZET-CL14-9101,5,31824,28956
31001,28955-9327,1S-MH-MU-ZET-CL14-9101,1S-MH-MU-ZET-CL13-8439,6,28955,9327
31001,9326-10292,1S-MH-MU-ZET-CL13-8439,1S-MH-MU-ZET-CL13-8381,7,9326,10292
31001,10294-29422,1S-MH-MU-ZET-CL13-8381,1S-MH-MU-ZET-CL13-9135,8,10294,29422
31002,31002-STN XMER,1S-MH-MU-ZET-RSTN-CHAN,1S-MH-MU-ZET-RSTN-CHAN,1,31002,STN XMER
31003,31003-CAP BANK,1S-MH-MU-ZET-RSTN-CHAN,1S-MH-MU-ZET-RSTN-CHAN,1,31003,CAP BANK
31005,31005-29713,1S-MH-MU-ZET-RSTN-CHAN,1S-MH-MU-ZET-CL14-9098,1,31005,29713
31005,29714-28753,1S-MH-MU-ZET-CL14-9098,1S-MH-MU-ZET-CL14-9097,2,29714,28753
31005,28752-26082,1S-MH-MU-ZET-CL14-9097,1S-MH-MU-ZET-CL14-8130,3,28752,26082
31005,26080-28756,1S-MH-MU-ZET-CL14-8130,1S-MH-MU-ZET-CL14-9096,4,26080,28756
31005,28755-28949,1S-MH-MU-ZET-CL14-9096,1S-MH-MU-ZET-CL14-9102,5,28755,28949
31005,28948-28953,1S-MH-MU-ZET-CL14-9102,1S-MH-MU-ZET-CL14-9103,6,28948,28953
31005,28951-30046,1S-MH-MU-ZET-CL14-9103,1S-MH-MU-ZET-CL14-9163,7,28951,30046
31005,30045-32591,1S-MH-MU-ZET-CL14-9163,1S-MH-MU-ZET-CL14-9299,8,30045,32591
31005,32590-28954,1S-MH-MU-ZET-CL14-9299,1S-MH-MU-ZET-CL14-9101,9,32590,28954
31005,40969-29718,1S-MH-MU-ZET-CL14-9098,1S-MH-MU-ZET-CL14-9100,1.1,40969,29718
31007,31007-39090,1S-MH-MU-ZET-RSTN-CHAN,1S-MH-MU-ZET-CL14-9720,1,31007,39090
31007,39091-37220,1S-MH-MU-ZET-CL14-9720,1S-MH-MU-ZET-CL14-9554,2,39091,37220
31007,37222-39196,1S-MH-MU-ZET-CL14-9554,1S-MH-MU-ZET-CL14-9665,3,37222,39196
31007,39195-37223,1S-MH-MU-ZET-CL14-9665,1S-MH-MU-ZET-CL14-9555,4,39195,37223
31009,31009-32389,1S-MH-MU-ZET-RSTN-CHAN,1S-MH-MU-ZET-CL14-9288,1,31009,32389
31009,32391-32365,1S-MH-MU-ZET-CL14-9288,1S-MH-MU-ZET-CL14-9284,2,32391,32365
31009,32367-28379,1S-MH-MU-ZET-CL14-9284,1S-MH-MU-ZET-CL14-9074,3,32367,28379
31009,28797-31280,1S-MH-MU-ZET-CL14-9074,1S-MH-MU-ZET-CL14-9226,4,28797,31280
31009,31282-31284,1S-MH-MU-ZET-CL14-9226,1S-MH-MU-ZET-CL14-9227,5,31282,31284
31009,31286-37225,1S-MH-MU-ZET-CL14-9227,1S-MH-MU-ZET-CL14-9555,6,31286,37225
31009,28382-28407,1S-MH-MU-ZET-CL14-9074,1S-MH-MU-ZET-CL14-9077,3.1,28382,28407
31009,28405-26077,1S-MH-MU-ZET-CL14-9077,1S-MH-MU-ZET-CL14-8129,3.2,28405,26077
31009,26079-42634,1S-MH-MU-ZET-CL14-8129,1S-MH-MU-ZET-CL14-9842,3.3,26079,42634
31009,28381-13193,1S-MH-MU-ZET-CL14-9074,1S-MH-MU-ZET-CL14-8124,3.2,28381,13193
31009,13192-11348,1S-MH-MU-ZET-CL14-8124,1S-MH-MU-ZET-CL14-8122,3.3,13192,11348
31009,32574-39040,1S-MH-MU-ZET-CL14-8124,1S-MH-MU-ZET-CL13-9539,3.2.1,32574,39040
31010,31010-32068,1S-MH-MU-ZET-RSTN-CHAN,1S-MH-MU-ZET-CL14-9271,1,31010,32068
31010,32066-42633,1S-MH-MU-ZET-CL14-9271,1S-MH-MU-ZET-CL14-9842,2,32066,42633
31010,42632-15627,1S-MH-MU-ZET-CL14-9842,1S-MH-MU-ZET-CL14-8683,3,42632,15627
31010,15629-10744,1S-MH-MU-ZET-CL14-8683,1S-MH-MU-ZET-CL14-8128,4,15629,10744
31010,10745-HTCONSUMER,1S-MH-MU-ZET-CL14-8128,NAN,5,10745,HTCONSUMER
31010,5393-HTCONSUMER,1S-MH-MU-ZET-CL14-8128,NAN,4.1,5393,HTCONSUMER
31012,31012-CAP BANK,1S-MH-MU-ZET-RSTN-CHAN,1S-MH-MU-ZET-RSTN-CHAN,1,31012,CAP BANK
19579,19579-19777,1S-MH-MU-ZET-RSTN-CHEM,1S-MH-MU-ZET-RSTN-CHEM,1,19579,19777
19579,19579-12974,1S-MH-MU-ZET-RSTN-CHEM,1S-MH-MU-ZET-CL11-8241,2,19579,12974
19579,12973-9246,1S-MH-MU-ZET-CL11-8241,1S-MH-MU-ZET-CL11-8607,3,12973,9246
19579,32428-16238,1S-MH-MU-ZET-CL11-8607,1S-MH-MU-ZET-CL10-8249,4,32428,16238
19579,16239-2830,1S-MH-MU-ZET-CL10-8249,1S-MH-MU-ZET-CL10-8876,5,16239,2830
19579,2832-40780,1S-MH-MU-ZET-CL10-8876,1S-MH-MU-ZET-CL10-9760,6,2832,40780
19579,40782-18951,1S-MH-MU-ZET-CL10-9760,1S-MH-MU-ZET-CL10-8670,7,40782,18951
19579,16240-HTCONSUMER,1S-MH-MU-ZET-CL10-8249,NAN,4.1,16240,HTCONSUMER
19579,9870-34230,1S-MH-MU-ZET-CL11-8607,1S-MH-MU-ZET-CL11-9345,3.1,9870,34230
19579,34228-36823,1S-MH-MU-ZET-CL11-9345,1S-MH-MU-ZET-CL11-8608,3.2,34228,36823
19579,16240-HTCONSUMER,1S-MH-MU-ZET-CL10-8249,NAN,4.2,16240,HTCONSUMER
19579,9870-34230,1S-MH-MU-ZET-CL11-8607,1S-MH-MU-ZET-CL11-9345,3.2,9870,34230
19579,34228-36823,1S-MH-MU-ZET-CL11-9345,1S-MH-MU-ZET-CL11-8608,3.3,34228,36823
19578,19578-41335,1S-MH-MU-ZET-RSTN-CHEM,1S-MH-MU-ZET-CL11-9771,1,19578,41335
19578,41336-32294,1S-MH-MU-ZET-CL11-9771,1S-MH-MU-ZET-CL11-8890,2,41336,32294
19578,12096-2741,1S-MH-MU-ZET-CL11-8890,1S-MH-MU-ZET-CL11-8856,3,12096,2741
19578,2739-17770,1S-MH-MU-ZET-CL11-8856,1S-MH-MU-ZET-CL11-8538,4,2739,17770
19578,25286-16416,1S-MH-MU-ZET-CL11-8538,1S-MH-MU-ZET-CL11-8218,5,25286,16416
19578,2740-HTCONSUMER,1S-MH-MU-ZET-CL11-8856,NAN,3.1,2740,HTCONSUMER
19581,19581-9291,1S-MH-MU-ZET-RSTN-CHEM,1S-MH-MU-ZET-CL10-8109,1,19581,9291
19581,9292-12530,1S-MH-MU-ZET-CL10-8109,1S-MH-MU-ZET-CL10-8212,2,9292,12530
19581,12532-16211,1S-MH-MU-ZET-CL10-8212,1S-MH-MU-ZET-CL10-8248,3,12532,16211
19581,12095-13762,1S-MH-MU-ZET-CL10-8248,1S-MH-MU-ZET-CL10-8681,4,12095,13762
19581,13764-30734,1S-MH-MU-ZET-CL10-8681,1S-MH-MU-ZET-CL10-9197,5,13764,30734
19581,36806-6966,1S-MH-MU-ZET-CL10-8109,1S-MH-MU-ZET-CL10-8868,1.1,36806,6966
19581,6968-34714,1S-MH-MU-ZET-CL10-8868,1S-MH-MU-ZET-CL10-9355,1.2,6968,34714
19581,34713-12014,1S-MH-MU-ZET-CL10-9355,1S-MH-MU-ZET-CL10-8943,1.3,34713,12014
19581,42795-5115,1S-MH-MU-ZET-CL10-8943,1S-MH-MU-ZET-CL10-8680,1.4,42795,5115
19581,12016-5306,1S-MH-MU-ZET-CL10-8943,1S-MH-MU-ZET-CL10-8596,1.3.1,12016,5306
19581,6968-34714,1S-MH-MU-ZET-CL10-9355,1S-MH-MU-ZET-CL10-8943,1.2.1,6968,34714
19581,42795-5115,1S-MH-MU-ZET-CL10-8943,1S-MH-MU-ZET-CL10-8680,1.2.2,42795,5115
19581,12016-5306,1S-MH-MU-ZET-CL10-8943,1S-MH-MU-ZET-CL10-8596,1.2.1.1,12016,5306
19582,19582-42409,1S-MH-MU-ZET-RSTN-CHEM,1S-MH-MU-ZET-CL11-9810,1,19582,42409
19582,42408-4843,1S-MH-MU-ZET-CL11-9810,1S-MH-MU-ZET-CL11-8892,2,42408,4843
19582,7238-HTCONSUMER,1S-MH-MU-ZET-CL11-8892,NAN,3,7238,HTCONSUMER
19583,19583-564,1S-MH-MU-ZET-RSTN-CHEM,1S-MH-MU-ZET-CL10-8684,1,19583,564
19583,26628-41973,1S-MH-MU-ZET-CL10-8684,1S-MH-MU-ZET-CL10-9799,2,26628,41973
19583,41974-2769,1S-MH-MU-ZET-CL10-9799,1S-MH-MU-ZET-CL10-8530,3,41974,2769
19583,2767-41890,1S-MH-MU-ZET-CL10-8530,1S-MH-MU-ZET-CL11-9787,4,2767,41890
19583,41891-38803,1S-MH-MU-ZET-CL11-9787,1S-MH-MU-ZET-CL08-8700,5,41891,38803
19583,38804-7625,1S-MH-MU-ZET-CL08-8700,1S-MH-MU-ZET-CL08-8232,6,38804,7625
19583,7624-31584,1S-MH-MU-ZET-CL08-8232,1S-MH-MU-ZET-CL08-9236,7,7624,31584
19583,31582-37604,1S-MH-MU-ZET-CL08-9236,1S-MH-MU-ZET-CL08-9561,8,31582,37604
19583,37606-37628,1S-MH-MU-ZET-CL08-9561,1S-MH-MU-ZET-CL08-9383,9,37606,37628
19583,37626-31172,1S-MH-MU-ZET-CL08-9383,1S-MH-MU-ZET-CL08-9222,10,37626,31172
19583,31171-32136,1S-MH-MU-ZET-CL08-9222,1S-MH-MU-ZET-CL08-9240,11,31171,32136
19583,37832-318,1S-MH-MU-ZET-CL08-9240,1S-MH-MU-ZET-CL08-8150,12,37832,318
19583,211-30094,1S-MH-MU-ZET-CL08-8150,1S-MH-MU-ZET-CL08-9164,13,211,30094
19583,30096-43812,1S-MH-MU-ZET-CL08-9164,1S-MH-MU-ZET-CL08-9392,14,30096,43812
19583,43813-15516,1S-MH-MU-ZET-CL08-9392,1S-MH-MU-ZET-CL08-8028,15,43813,15516
19583,15514-7608,1S-MH-MU-ZET-CL08-8028,1S-MH-MU-ZET-CL08-8577,16,15514,7608
19583,32135-37775,1S-MH-MU-ZET-CL08-9240,1S-MH-MU-ZET-CL08-9109,11.1,32135,37775
19583,38805-7980,1S-MH-MU-ZET-CL08-8700,1S-MH-MU-ZET-CL10-8094,5.1,38805,7980
19584,19584-43503,1S-MH-MU-ZET-RSTN-CHEM,1S-MH-MU-ZET-CL11-9895,1,19584,43503
19585,19585-CAP BANK,1S-MH-MU-ZET-RSTN-CHEM,1S-MH-MU-ZET-RSTN-CHEM,1,19585,CAP BANK
19773,19773-42603,1S-MH-MU-ZET-RSTN-CHEM,1S-MH-MU-ZET-CL11-8531,1,19773,42603
19773,5071-9951,1S-MH-MU-ZET-CL11-8531,1S-MH-MU-ZET-CL11-8258,2,5071,9951
19773,9953-17315,1S-MH-MU-ZET-CL11-8258,1S-MH-MU-ZET-CL11-8006,3,9953,17315
19773,17316-18288,1S-MH-MU-ZET-CL11-8006,1S-MH-MU-ZET-CL11-8320,4,17316,18288
19773,5069-30424,1S-MH-MU-ZET-CL11-8531,1S-MH-MU-ZET-CL10-9175,1.1,5069,30424
19773,30426-4987,1S-MH-MU-ZET-CL10-9175,1S-MH-MU-ZET-CL11-8708,1.2,30426,4987
19773,4988-4844,1S-MH-MU-ZET-CL11-8708,1S-MH-MU-ZET-CL11-8892,1.3,4988,4844
19775,19775-29350,1S-MH-MU-ZET-RSTN-CHEM,1S-MH-MU-ZET-CL11-9130,1,19775,29350
19775,29348-27017,1S-MH-MU-ZET-CL11-9130,1S-MH-MU-ZET-CL11-8605,2,29348,27017
19775,11448-5406,1S-MH-MU-ZET-CL11-8605,1S-MH-MU-ZET-CL11-8321,3,11448,5406
19775,4019-26279,1S-MH-MU-ZET-CL11-8321,1S-MH-MU-ZET-CL11-9038,4,4019,26279
19775,26281-15528,1S-MH-MU-ZET-CL11-9038,1S-MH-MU-ZET-CL11-8325,5,26281,15528
19775,15529-40761,1S-MH-MU-ZET-CL11-8325,1S-MH-MU-ZET-CL11-9290,6,15529,40761
19775,32468-44135,1S-MH-MU-ZET-CL11-9290,1S-MH-MU-ZET-CL11-9901,7,32468,44135
19775,44134-34928,1S-MH-MU-ZET-CL11-9901,1S-MH-MU-ZET-CL08-9396,8,44134,34928
19775,34930-38774,1S-MH-MU-ZET-CL08-9396,1S-MH-MU-ZET-CL08-9022,9,34930,38774
19775,32470-40196,1S-MH-MU-ZET-CL11-9290,1S-MH-MU-ZET-CL08-9434,6.1,32470,40196
19775,40195-18289,1S-MH-MU-ZET-CL08-9434,1S-MH-MU-ZET-CL11-8320,6.2,40195,18289
19775,11447-26422,1S-MH-MU-ZET-CL11-8605,1S-MH-MU-ZET-CL11-9037,2.1,11447,26422
19775,26423-4954,1S-MH-MU-ZET-CL11-9037,1S-MH-MU-ZET-CL11-8327,2.2,26423,4954
19775,4953-41187,1S-MH-MU-ZET-CL11-8327,1S-MH-MU-ZET-CL11-8061,2.3,4953,41187
19775,29348-43774,1S-MH-MU-ZET-CL11-9130,1S-MH-MU-ZET-CL11-8605,1.1,29348,43774
19775,11448-5406,1S-MH-MU-ZET-CL11-8605,1S-MH-MU-ZET-CL11-8321,1.2,11448,5406
19775,4019-26279,1S-MH-MU-ZET-CL11-8321,1S-MH-MU-ZET-CL11-9038,1.3,4019,26279
19775,26281-15528,1S-MH-MU-ZET-CL11-9038,1S-MH-MU-ZET-CL11-8325,1.4,26281,15528
19775,15529-40761,1S-MH-MU-ZET-CL11-8325,1S-MH-MU-ZET-CL11-9290,1.5,15529,40761
19775,32468-44135,1S-MH-MU-ZET-CL11-9290,1S-MH-MU-ZET-CL11-9901,1.6,32468,44135
19775,44134-34928,1S-MH-MU-ZET-CL11-9901,1S-MH-MU-ZET-CL08-9396,1.7,44134,34928
19775,34930-38774,1S-MH-MU-ZET-CL08-9396,1S-MH-MU-ZET-CL08-9022,1.8,34930,38774
19775,32470-40196,1S-MH-MU-ZET-CL11-9290,1S-MH-MU-ZET-CL08-9434,1.5.1,32470,40196
19775,40195-18289,1S-MH-MU-ZET-CL08-9434,1S-MH-MU-ZET-CL11-8320,1.5.2,40195,18289
19775,11447-26422,1S-MH-MU-ZET-CL11-8605,1S-MH-MU-ZET-CL11-9037,1.1.1,11447,26422
19775,26423-4954,1S-MH-MU-ZET-CL11-9037,1S-MH-MU-ZET-CL11-8327,1.1.2,26423,4954
19775,4953-41187,1S-MH-MU-ZET-CL11-8327,1S-MH-MU-ZET-CL11-8061,1.1.3,4953,41187
19776,19776-4972,1S-MH-MU-ZET-RSTN-CHEM,1S-MH-MU-ZET-CL11-8749,1,19776,4972
19776,4971-30635,1S-MH-MU-ZET-CL11-8749,1S-MH-MU-ZET-CL11-9174,2,4971,30635
19776,30636-32206,1S-MH-MU-ZET-CL11-9174,1S-MH-MU-ZET-CL11-9276,3,30636,32206
19776,32208-29017,1S-MH-MU-ZET-CL11-9276,1S-MH-MU-ZET-CL11-9110,4,32208,29017
19776,29016-13413,1S-MH-MU-ZET-CL11-9110,1S-MH-MU-ZET-CL11-8747,5,29016,13413
19776,13415-34478,1S-MH-MU-ZET-CL11-8747,1S-MH-MU-ZET-CL11-9327,6,13415,34478
19776,34476-15863,1S-MH-MU-ZET-CL11-9327,1S-MH-MU-ZET-CL11-8559,7,34476,15863
19776,15862-28658,1S-MH-MU-ZET-CL11-8559,1S-MH-MU-ZET-CL11-9095,8,15862,28658
19776,28660-15869,1S-MH-MU-ZET-CL11-9095,1S-MH-MU-ZET-CL11-8328,9,28660,15869
19776,15868-9244,1S-MH-MU-ZET-CL11-8328,1S-MH-MU-ZET-CL11-8607,10,15868,9244
19776,36745-42990,1S-MH-MU-ZET-CL11-8559,1S-MH-MU-ZET-CL11-9865,7.1,36745,42990
19776,42989-36822,1S-MH-MU-ZET-CL11-9865,1S-MH-MU-ZET-CL11-8608,7.2,42989,36822
19776,4974-14007,1S-MH-MU-ZET-CL11-8749,1S-MH-MU-ZET-CL11-8049,1.1,4974,14007
19776,14009-10686,1S-MH-MU-ZET-CL11-8049,1S-MH-MU-ZET-CL11-8081,1.2,14009,10686
19776,10688-5507,1S-MH-MU-ZET-CL11-8081,1S-MH-MU-ZET-CL11-8952,1.3,10688,5507
19776,5509-14390,1S-MH-MU-ZET-CL11-8952,1S-MH-MU-ZET-CL11-8534,1.4,5509,14390
19776,10687-HTCONSUMER,1S-MH-MU-ZET-CL11-8081,NAN,1.2.1,10687,HTCONSUMER
19776,14006-6752,1S-MH-MU-ZET-CL11-8049,1S-MH-MU-ZET-CL11-8878,1.1.1,14006,6752
19778,19778-STN XMER,1S-MH-MU-ZET-RSTN-CHEM,1S-MH-MU-ZET-RSTN-CHEM,1,19778,STN XMER
19779,19779-CAP BANK,1S-MH-MU-ZET-RSTN-CHEM,1S-MH-MU-ZET-RSTN-CHEM,1,19779,CAP BANK
25266,25266-12895,1S-MH-MU-ZET-RSTN-CHEM,1S-MH-MU-ZET-CL10-8233,1,25266,12895
25266,12897-30000,1S-MH-MU-ZET-CL10-8233,1S-MH-MU-ZET-CL10-9159,2,12897,30000
25266,30002-26758,1S-MH-MU-ZET-CL10-9159,1S-MH-MU-ZET-CL10-9054,3,30002,26758
25266,26757-35122,1S-MH-MU-ZET-CL10-9054,1S-MH-MU-ZET-CL10-9406,4,26757,35122
25266,35121-25786,1S-MH-MU-ZET-CL10-9406,1S-MH-MU-ZET-CL10-9021,5,35121,25786
25266,25788-32011,1S-MH-MU-ZET-CL10-9021,1S-MH-MU-ZET-CL10-9239,6,25788,32011
25266,32013-10863,1S-MH-MU-ZET-CL10-9239,1S-MH-MU-ZET-CL10-8075,7,32013,10863
25266,10862-4285,1S-MH-MU-ZET-CL10-8075,1S-MH-MU-ZET-CL10-8074,8,10862,4285
25266,4283-2168,1S-MH-MU-ZET-CL10-8074,1S-MH-MU-ZET-CL10-8318,9,4283,2168
25266,10862-NAN,1S-MH-MU-ZET-CL10-8075,NAN,7.1,10862,NAN
25268,25268-42050,1S-MH-MU-ZET-RSTN-CHEM,1S-MH-MU-ZET-CL10-8893,1,25268,42050
25268,17614-16836,1S-MH-MU-ZET-CL10-8893,1S-MH-MU-ZET-CL11-8056,2,17614,16836
25268,16837-7982,1S-MH-MU-ZET-CL11-8056,1S-MH-MU-ZET-CL10-8094,3,16837,7982
25268,7981-40137,1S-MH-MU-ZET-CL10-8094,1S-MH-MU-ZET-CL10-9708,4,7981,40137
25268,40138-35901,1S-MH-MU-ZET-CL10-9708,1S-MH-MU-ZET-CL08-9439,5,40138,35901
25268,35899-6384,1S-MH-MU-ZET-CL08-9439,1S-MH-MU-ZET-CL10-8791,6,35899,6384
25268,6383-25296,1S-MH-MU-ZET-CL10-8791,1S-MH-MU-ZET-CL10-8999,7,6383,25296
25268,17616-15954,1S-MH-MU-ZET-CL10-8893,1S-MH-MU-ZET-CL10-8794,1.1,17616,15954
25269,25269-30643,1S-MH-MU-ZET-RSTN-CHEM,1S-MH-MU-ZET-CL11-9191,1,25269,30643
25269,30641-17200,1S-MH-MU-ZET-CL11-9191,1S-MH-MU-ZET-CL11-8326,2,30641,17200
25269,2028-19024,1S-MH-MU-ZET-CL11-8326,1S-MH-MU-ZET-CL11-8961,3,2028,19024
25269,19023-35466,1S-MH-MU-ZET-CL11-8961,1S-MH-MU-ZET-CL10-9407,4,19023,35466
25269,35465-11162,1S-MH-MU-ZET-CL10-9407,1S-MH-MU-ZET-CL11-8498,5,35465,11162
25269,11163-14291,1S-MH-MU-ZET-CL11-8498,1S-MH-MU-ZET-CL11-8889,6,11163,14291
25269,14290-4952,1S-MH-MU-ZET-CL11-8889,1S-MH-MU-ZET-CL11-8327,7,14290,4952
25269,30642-HTCONSUMER,1S-MH-MU-ZET-CL11-9191,NAN,1.1,30642,HTCONSUMER
25270,25270-18959,1S-MH-MU-ZET-RSTN-CHEM,1S-MH-MU-ZET-CL11-8970,1,25270,18959
25270,18961-32099,1S-MH-MU-ZET-CL11-8970,1S-MH-MU-ZET-CL11-9273,2,18961,32099
25270,32097-29961,1S-MH-MU-ZET-CL11-9273,1S-MH-MU-ZET-CL11-9160,3,32097,29961
25270,29960-38343,1S-MH-MU-ZET-CL11-9160,1S-MH-MU-ZET-CL11-9635,4,29960,38343
25270,38342-32539,1S-MH-MU-ZET-CL11-9635,1S-MH-MU-ZET-CL11-9295,5,38342,32539
25270,32541-42905,1S-MH-MU-ZET-CL11-9295,1S-MH-MU-ZET-CL11-9482,6,32541,42905
25270,42904-42810,1S-MH-MU-ZET-CL11-9482,1S-MH-MU-ZET-CL11-9716,7,42904,42810
25270,42808-39666,1S-MH-MU-ZET-CL11-9716,1S-MH-MU-ZET-CL08-9350,8,42808,39666
25270,39664-14358,1S-MH-MU-ZET-CL08-9350,1S-MH-MU-ZET-CL08-8157,9,39664,14358
25270,14360-36153,1S-MH-MU-ZET-CL08-8157,1S-MH-MU-ZET-CL08-9519,10,14360,36153
25270,36154-32937,1S-MH-MU-ZET-CL08-9519,1S-MH-MU-ZET-CL08-9285,11,36154,32937
25270,32935-43332,1S-MH-MU-ZET-CL08-9285,1S-MH-MU-ZET-CL08-9455,12,32935,43332
25270,43330-29023,1S-MH-MU-ZET-CL08-9455,1S-MH-MU-ZET-CL08-9109,13,43330,29023
25270,29022-31087,1S-MH-MU-ZET-CL08-9109,1S-MH-MU-ZET-CL08-9218,14,29022,31087
25270,31085-26878,1S-MH-MU-ZET-CL08-9218,1S-MH-MU-ZET-CL08-8158,15,31085,26878
25270,26876-28849,1S-MH-MU-ZET-CL08-8158,1S-MH-MU-ZET-CL08-9093,16,26876,28849
25270,28851-32088,1S-MH-MU-ZET-CL08-9093,1S-MH-MU-ZET-CL08-9245,17,28851,32088
25270,32086-42732,1S-MH-MU-ZET-CL08-9245,1S-MH-MU-ZET-CL08-9830,18,32086,42732
25270,42731-2508,1S-MH-MU-ZET-CL08-9830,1S-MH-MU-ZET-CL08-8156,19,42731,2508
25270,42809-29090,1S-MH-MU-ZET-CL11-9716,1S-MH-MU-ZET-CL11-9121,7.1,42809,29090
25270,29091-29087,1S-MH-MU-ZET-CL11-9121,1S-MH-MU-ZET-CL11-9120,7.2,29091,29087
25270,29088-2821,1S-MH-MU-ZET-CL11-9120,1S-MH-MU-ZET-CL11-8108,7.3,29088,2821
25270,2820-37361,1S-MH-MU-ZET-CL11-8108,1S-MH-MU-ZET-CL08-9552,7.4,2820,37361
25270,42131-42126,1S-MH-MU-ZET-CL08-9552,1S-MH-MU-ZET-CL08-9214,7.5,42131,42126
25270,30840-17774,1S-MH-MU-ZET-CL08-9214,1S-MH-MU-ZET-CL10-8724,7.6,30840,17774
25270,30838-32775,1S-MH-MU-ZET-CL08-9214,1S-MH-MU-ZET-CL08-9305,7.5.1,30838,32775
25271,25271-37517,1S-MH-MU-ZET-RSTN-CHEM,1S-MH-MU-ZET-CL11-9642,1,25271,37517
25271,37518-29096,1S-MH-MU-ZET-CL11-9642,1S-MH-MU-ZET-CL11-9113,2,37518,29096
25271,29097-12351,1S-MH-MU-ZET-CL11-9113,1S-MH-MU-ZET-CL11-8227,3,29097,12351
25271,12350-29402,1S-MH-MU-ZET-CL11-8227,1S-MH-MU-ZET-CL11-9134,4,12350,29402
25271,29400-7514,1S-MH-MU-ZET-CL11-9134,1S-MH-MU-ZET-CL11-8117,5,29400,7514
25271,7515-HTCONSUMER,1S-MH-MU-ZET-CL11-8117,NAN,6,7515,HTCONSUMER
25273,25273-41962,1S-MH-MU-ZET-RSTN-CHEM,1S-MH-MU-ZET-CL11-8628,1,25273,41962
25273,9280-16869,1S-MH-MU-ZET-CL11-8628,1S-MH-MU-ZET-CL11-8888,2,9280,16869
25273,16871-30745,1S-MH-MU-ZET-CL11-8888,1S-MH-MU-ZET-CL11-9196,3,16871,30745
25273,30744-32853,1S-MH-MU-ZET-CL11-9196,1S-MH-MU-ZET-CL08-9316,4,30744,32853
25273,32851-41395,1S-MH-MU-ZET-CL08-9316,1S-MH-MU-ZET-CL08-9712,5,32851,41395
25273,41396-36283,1S-MH-MU-ZET-CL08-9712,1S-MH-MU-ZET-CL08-9570,6,41396,36283
25273,36281-37483,1S-MH-MU-ZET-CL08-9570,1S-MH-MU-ZET-CL08-9614,7,36281,37483
25273,37482-38260,1S-MH-MU-ZET-CL08-9614,1S-MH-MU-ZET-CL08-9489,8,37482,38260
25273,38258-32801,1S-MH-MU-ZET-CL08-9489,1S-MH-MU-ZET-CL08-9312,9,38258,32801
25273,32803-25857,1S-MH-MU-ZET-CL08-9312,1S-MH-MU-ZET-CL08-9026,10,32803,25857
25273,25859-38546,1S-MH-MU-ZET-CL08-9026,1S-MH-MU-ZET-CL08-9617,11,25859,38546
25273,42631-4960,1S-MH-MU-ZET-CL08-9312,1S-MH-MU-ZET-CL08-8822,9.1,42631,4960
25273,30743-HTCONSUMER,1S-MH-MU-ZET-CL11-9196,NAN,3.1,30743,HTCONSUMER
25273,7473-18720,1S-MH-MU-ZET-CL11-8628,1S-MH-MU-ZET-CL11-8304,1.1,7473,18720
25273,18718-42614,1S-MH-MU-ZET-CL11-8304,1S-MH-MU-ZET-CL11-9838,1.2,18718,42614
25273,42615-11286,1S-MH-MU-ZET-CL11-9838,1S-MH-MU-ZET-CL11-8303,1.3,42615,11286
25273,11287-9215,1S-MH-MU-ZET-CL11-8303,1S-MH-MU-ZET-CL11-8436,1.4,11287,9215
25273,9279-17776,1S-MH-MU-ZET-CL11-8436,1S-MH-MU-ZET-CL10-8724,1.5,9279,17776
25273,7474-43412,1S-MH-MU-ZET-CL11-8628,1S-MH-MU-ZET-CL11-9409,1.2,7474,43412
25273,43414-36907,1S-MH-MU-ZET-CL11-9409,1S-MH-MU-ZET-CL11-8117,1.3,43414,36907
25275,25275-10730,1S-MH-MU-ZET-RSTN-CHEM,1S-MH-MU-ZET-CL11-8891,1,25275,10730
25275,10731-35244,1S-MH-MU-ZET-CL11-8891,1S-MH-MU-ZET-CL10-9429,2,10731,35244
25275,35245-40172,1S-MH-MU-ZET-CL10-9429,1S-MH-MU-ZET-CL11-9497,3,35245,40172
25275,40173-6101,1S-MH-MU-ZET-CL11-9497,1S-MH-MU-ZET-CL11-8755,4,40173,6101
25275,6100-31481,1S-MH-MU-ZET-CL11-8755,1S-MH-MU-ZET-CL11-9231,5,6100,31481
25275,31479-2983,1S-MH-MU-ZET-CL11-9231,1S-MH-MU-ZET-CL11-8909,6,31479,2983
25275,35246-HTCONSUMER,1S-MH-MU-ZET-CL10-9429,NAN,2.1,35246,HTCONSUMER
25276,25276-41430,1S-MH-MU-ZET-RSTN-CHEM,1S-MH-MU-ZET-CL10-8794,1,25276,41430
25276,41431-40260,1S-MH-MU-ZET-CL10-8794,1S-MH-MU-ZET-CL10-9673,2,41431,40260
25276,40259-16148,1S-MH-MU-ZET-CL10-9673,1S-MH-MU-ZET-CL10-8319,3,40259,16148
25276,16147-16302,1S-MH-MU-ZET-CL10-8319,1S-MH-MU-ZET-CL10-8149,4,16147,16302
25276,16301-14563,1S-MH-MU-ZET-CL10-8149,1S-MH-MU-ZET-CL10-8148,5,16301,14563
25276,14565-1069,1S-MH-MU-ZET-CL10-8148,1S-MH-MU-ZET-CL10-8945,6,14565,1069
25282,25282-19772,1S-MH-MU-ZET-RSTN-CHEM,1S-MH-MU-ZET-RSTN-CHEM,1,25282,19772
25282,25282-CAP BANK,1S-MH-MU-ZET-RSTN-CHEM,1S-MH-MU-ZET-RSTN-CHEM,2,25282,CAP BANK
29318,29318-12848,1S-MH-MU-ZET-RSTN-CHUN,1S-MH-MU-ZET-CL01-8111,1,29318,12848
29318,12847-16953,1S-MH-MU-ZET-CL01-8111,1S-MH-MU-ZET-CL01-8329,2,12847,16953
29318,16952-31162,1S-MH-MU-ZET-CL01-8329,1S-MH-MU-ZET-CL01-9223,3,16952,31162
29318,31164-29442,1S-MH-MU-ZET-CL01-9223,1S-MH-MU-ZET-CL01-9137,4,31164,29442
29318,40414-42845,1S-MH-MU-ZET-CL01-9137,1S-MH-MU-ZET-CL01-9817,5,40414,42845
29318,42846-32449,1S-MH-MU-ZET-CL01-9817,1S-MH-MU-ZET-CL01-8677,6,42846,32449
29318,29440-40163,1S-MH-MU-ZET-CL01-9137,1S-MH-MU-ZET-CL01-9748,4.1,29440,40163
29318,40164-2332,1S-MH-MU-ZET-CL01-9748,1S-MH-MU-ZET-CL01-8465,4.2,40164,2332
29318,40414-43635,1S-MH-MU-ZET-CL01-9137,1S-MH-MU-ZET-CL01-9832,4.2,40414,43635
29318,31163-HTCONSUMER,1S-MH-MU-ZET-CL01-9223,NAN,3.1,31163,HTCONSUMER
29318,16954-11249,1S-MH-MU-ZET-CL01-8329,1S-MH-MU-ZET-CL01-8393,2.1,16954,11249
29318,11247-2701,1S-MH-MU-ZET-CL01-8393,1S-MH-MU-ZET-CL01-8824,2.2,11247,2701
29319,29319-12407,1S-MH-MU-ZET-RSTN-CHUN,1S-MH-MU-ZET-CL01-8194,1,29319,12407
29319,12406-12457,1S-MH-MU-ZET-CL01-8194,1S-MH-MU-ZET-CL01-8192,2,12406,12457
29319,12459-37258,1S-MH-MU-ZET-CL01-8192,1S-MH-MU-ZET-CL01-9471,3,12459,37258
29319,37260-43164,1S-MH-MU-ZET-CL01-9471,1S-MH-MU-ZET-CL01-9859,4,37260,43164
29319,43163-7452,1S-MH-MU-ZET-CL01-9859,1S-MH-MU-ZET-CL01-8195,5,43163,7452
29319,7450-36196,1S-MH-MU-ZET-CL01-8195,1S-MH-MU-ZET-CL01-9472,6,7450,36196
29319,36194-35588,1S-MH-MU-ZET-CL01-9472,1S-MH-MU-ZET-CL01-9475,7,36194,35588
29319,35587-40584,1S-MH-MU-ZET-CL01-9475,1S-MH-MU-ZET-CL01-9646,8,35587,40584
29319,40583-35533,1S-MH-MU-ZET-CL01-9646,1S-MH-MU-ZET-CL01-9456,9,40583,35533
29319,35531-7017,1S-MH-MU-ZET-CL01-9456,1S-MH-MU-ZET-CL01-8188,10,35531,7017
29319,7018-15126,1S-MH-MU-ZET-CL01-8188,1S-MH-MU-ZET-CL01-8230,11,7018,15126
29319,35586-42693,1S-MH-MU-ZET-CL01-9475,1S-MH-MU-ZET-CL01-9804,7.1,35586,42693
29319,42694-10899,1S-MH-MU-ZET-CL01-9804,1S-MH-MU-ZET-CL01-8191,7.2,42694,10899
29319,10900-32882,1S-MH-MU-ZET-CL01-8191,1S-MH-MU-ZET-CL01-8189,7.3,10900,32882
29319,7451-HTCONSUMER,1S-MH-MU-ZET-CL01-8195,NAN,5.1,7451,HTCONSUMER
29319,12405-39294,1S-MH-MU-ZET-CL01-8194,1S-MH-MU-ZET-CL10-8897,1.1,12405,39294
29319,39292-12859,1S-MH-MU-ZET-CL10-8897,1S-MH-MU-ZET-CL10-8698,1.2,39292,12859
29319,12858-32007,1S-MH-MU-ZET-CL10-8698,1S-MH-MU-ZET-CL10-9268,1.3,12858,32007
29319,32005-7897,1S-MH-MU-ZET-CL10-9268,1S-MH-MU-ZET-CL10-8827,1.4,32005,7897
29319,39293-16161,1S-MH-MU-ZET-CL10-8897,1S-MH-MU-ZET-CL10-8243,1.1.1,39293,16161
29322,29322-13392,1S-MH-MU-ZET-RSTN-CHUN,1S-MH-MU-ZET-CL01-8678,1,29322,13392
29322,13391-851,1S-MH-MU-ZET-CL01-8678,1S-MH-MU-ZET-CL01-8189,2,13391,851
29322,849-17135,1S-MH-MU-ZET-CL01-8189,1S-MH-MU-ZET-CL01-8387,3,849,17135
29322,17136-17252,1S-MH-MU-ZET-CL01-8387,1S-MH-MU-ZET-CL01-8464,4,17136,17252
29322,25585-37533,1S-MH-MU-ZET-CL01-8464,1S-MH-MU-ZET-CL01-9460,5,25585,37533
29322,37535-35779,1S-MH-MU-ZET-CL01-9460,1S-MH-MU-ZET-CL01-9459,6,37535,35779
29322,35777-25604,1S-MH-MU-ZET-CL01-9459,1S-MH-MU-ZET-CL01-9009,7,35777,25604
29322,25601-15127,1S-MH-MU-ZET-CL01-9009,1S-MH-MU-ZET-CL01-8230,8,25601,15127
29322,10752-32001,1S-MH-MU-ZET-CL01-8464,1S-MH-MU-ZET-CL01-9267,4.1,10752,32001
29324,29324-18350,1S-MH-MU-ZET-RSTN-CHUN,1S-MH-MU-ZET-CL10-8513,1,29324,18350
29324,19002-25772,1S-MH-MU-ZET-CL10-8513,1S-MH-MU-ZET-CL10-9020,2,19002,25772
29324,25774-25121,1S-MH-MU-ZET-CL10-9020,1S-MH-MU-ZET-CL10-8993,3,25774,25121
29324,25122-36582,1S-MH-MU-ZET-CL10-8993,1S-MH-MU-ZET-CL10-9032,4,25122,36582
29324,36580-29546,1S-MH-MU-ZET-CL10-9032,1S-MH-MU-ZET-CL10-9146,5,36580,29546
29324,29545-26188,1S-MH-MU-ZET-CL10-9146,1S-MH-MU-ZET-CL10-9033,6,29545,26188
29324,18351-11380,1S-MH-MU-ZET-CL10-8513,1S-MH-MU-ZET-CL10-8243,1.1,18351,11380
29324,29324-9750,1S-MH-MU-ZET-RSTN-CHUN,1S-MH-MU-ZET-CL01-8862,2,29324,9750
29325,29325-CAP BANK,1S-MH-MU-ZET-RSTN-CHUN,1S-MH-MU-ZET-RSTN-CHUN,1,29325,CAP BANK
29327,15703-29327,1S-MH-MU-ZET-CL01-8908,1S-MH-MU-ZET-RSTN-CHUN,1,15703,29327
29327,29318-18782,1S-MH-MU-ZET-RSTN-CHUN,1S-MH-MU-ZET-CL01-8190,2,29318,18782
29327,18780-32883,1S-MH-MU-ZET-CL01-8190,1S-MH-MU-ZET-CL01-8189,3,18780,32883
29327,10135-10527,1S-MH-MU-ZET-CL01-8189,1S-MH-MU-ZET-CL01-8391,4,10135,10527
29327,10526-10553,1S-MH-MU-ZET-CL01-8391,1S-MH-MU-ZET-CL01-8392,5,10526,10553
29327,10552-11296,1S-MH-MU-ZET-CL01-8392,1S-MH-MU-ZET-CL01-8394,6,10552,11296
29327,18780-43613,1S-MH-MU-ZET-CL01-8190,1S-MH-MU-ZET-CL01-9928,2.1,18780,43613
29327,18781-HTCONSUMER,1S-MH-MU-ZET-CL01-8190,NAN,2.2,18781,HTCONSUMER
29328,29328-STN XMER,1S-MH-MU-ZET-RSTN-CHUN,1S-MH-MU-ZET-RSTN-CHUN,1,29328,STN XMER
29330,29330-37709,1S-MH-MU-ZET-RSTN-CHUN,1S-MH-MU-ZET-CL01-8306,1,29330,37709
29330,37707-38338,1S-MH-MU-ZET-CL01-8306,1S-MH-MU-ZET-CL01-9599,2,37707,38338
29330,38336-38335,1S-MH-MU-ZET-CL01-9599,1S-MH-MU-ZET-CL01-9651,3,38336,38335
29330,38333-19052,1S-MH-MU-ZET-CL01-9651,1S-MH-MU-ZET-CL01-8677,4,38333,19052
29330,19051-32450,1S-MH-MU-ZET-CL01-8677,1S-MH-MU-ZET-CL01-9289,5,19051,32450
29330,32448-42843,1S-MH-MU-ZET-CL01-9289,1S-MH-MU-ZET-CL01-9816,6,32448,42843
29330,42842-5340,1S-MH-MU-ZET-CL01-9816,1S-MH-MU-ZET-CL01-8084,7,42842,5340
29330,10907-2702,1S-MH-MU-ZET-CL01-8084,1S-MH-MU-ZET-CL01-8824,8,10907,2702
29330,37708-37688,1S-MH-MU-ZET-CL01-8306,1S-MH-MU-ZET-CL01-8111,1.1,37708,37688
29331,29331-493,1S-MH-MU-ZET-RSTN-CHUN,1S-MH-MU-ZET-CL10-8207,1,29331,493
29331,11939-25195,1S-MH-MU-ZET-CL10-8207,1S-MH-MU-ZET-CL10-8996,2,11939,25195
29331,25193-15819,1S-MH-MU-ZET-CL10-8996,1S-MH-MU-ZET-CL10-8789,3,25193,15819
29331,15820-18945,1S-MH-MU-ZET-CL10-8789,1S-MH-MU-ZET-CL10-8963,4,15820,18945
29331,26990-32491,1S-MH-MU-ZET-CL10-8963,1S-MH-MU-ZET-CL10-9291,5,26990,32491
29331,32493-43351,1S-MH-MU-ZET-CL10-9291,1S-MH-MU-ZET-CL10-9418,6,32493,43351
29331,43353-31070,1S-MH-MU-ZET-CL10-9418,1S-MH-MU-ZET-CL10-9216,7,43353,31070
29331,31072-12674,1S-MH-MU-ZET-CL10-9216,1S-MH-MU-ZET-CL10-8718,8,31072,12674
29331,12672-4371,1S-MH-MU-ZET-CL10-8718,1S-MH-MU-ZET-CL10-8835,9,12672,4371
29331,43553-4694,1S-MH-MU-ZET-CL10-9418,1S-MH-MU-ZET-CL10-8147,6.1,43553,4694
29331,494-7900,1S-MH-MU-ZET-CL10-8207,1S-MH-MU-ZET-CL10-8827,1.1,494,7900
29331,12836-30206,1S-MH-MU-ZET-CL10-8207,1S-MH-MU-ZET-CL10-9176,1.2,12836,30206
29332,29332-34463,1S-MH-MU-ZET-RSTN-CHUN,1S-MH-MU-ZET-CL10-9360,1,29332,34463
29332,34465-19001,1S-MH-MU-ZET-CL10-9360,1S-MH-MU-ZET-CL10-8942,2,34465,19001
29332,13929-12316,1S-MH-MU-ZET-CL10-8942,1S-MH-MU-ZET-CL10-8243,3,13929,12316
29333,29333-25021,1S-MH-MU-ZET-RSTN-CHUN,1S-MH-MU-ZET-RSTN-SIDH,1,29333,25021
29333,25021-34971,1S-MH-MU-ZET-RSTN-SIDH,1S-MH-MU-ZET-CL08-9348,2,25021,34971
29333,34973-39569,1S-MH-MU-ZET-CL08-9348,1S-MH-MU-ZET-CL10-9473,3,34973,39569
29333,39568-35396,1S-MH-MU-ZET-CL10-9473,1S-MH-MU-ZET-CL10-9474,4,39568,35396
29333,35394-36939,1S-MH-MU-ZET-CL10-9474,1S-MH-MU-ZET-CL10-9607,5,35394,36939
29333,36940-35984,1S-MH-MU-ZET-CL10-9607,1S-MH-MU-ZET-CL08-9540,6,36940,35984
29333,35983-19761,1S-MH-MU-ZET-CL08-9540,1S-MH-MU-ZET-CL10-8984,7,35983,19761
29333,42421-9883,1S-MH-MU-ZET-CL10-8984,1S-MH-MU-ZET-CL10-8146,8,42421,9883
29333,5802-15283,1S-MH-MU-ZET-CL10-8146,1S-MH-MU-ZET-CL10-8802,9,5802,15283
29333,15285-19325,1S-MH-MU-ZET-CL10-8802,1S-MH-MU-ZET-CL10-8976,10,15285,19325
29333,19323-15281,1S-MH-MU-ZET-CL10-8976,1S-MH-MU-ZET-CL10-8869,11,19323,15281
29333,15282-4692,1S-MH-MU-ZET-CL10-8869,1S-MH-MU-ZET-CL10-8147,12,15282,4692
29333,43237-32521,1S-MH-MU-ZET-CL10-8802,1S-MH-MU-ZET-CL10-9294,9.1,43237,32521
29333,32519-15902,1S-MH-MU-ZET-CL10-9294,1S-MH-MU-ZET-CL10-8453,9.2,32519,15902
29333,15901-32133,1S-MH-MU-ZET-CL10-8453,1S-MH-MU-ZET-CL10-9241,9.3,15901,32133
29333,19759-34074,1S-MH-MU-ZET-CL10-8984,1S-MH-MU-ZET-CL10-9323,7.1,19759,34074
29333,34072-30147,1S-MH-MU-ZET-CL10-9323,1S-MH-MU-ZET-CL10-8699,7.2,34072,30147
29333,4365-29358,1S-MH-MU-ZET-CL10-8699,1S-MH-MU-ZET-CL10-9131,7.3,4365,29358
29333,29357-32676,1S-MH-MU-ZET-CL10-9131,1S-MH-MU-ZET-CL10-8151,7.4,29357,32676
29333,35395-HTCONSUMER,1S-MH-MU-ZET-CL10-9474,NAN,4.1,35395,HTCONSUMER
29334,29334-CAP BANK,1S-MH-MU-ZET-RSTN-CHUN,1S-MH-MU-ZET-RSTN-CHUN,1,29334,CAP BANK
35860,35860-30625,1S-MH-MU-ZET-RSTN-CHUN,1S-MH-MU-ZET-CL01-9187,1,35860,30625
35860,30623-12361,1S-MH-MU-ZET-CL01-9187,1S-MH-MU-ZET-CL01-8588,2,30623,12361
35860,12359-42617,1S-MH-MU-ZET-CL01-8588,1S-MH-MU-ZET-CL01-9852,3,12359,42617
35860,42618-30630,1S-MH-MU-ZET-CL01-9852,1S-MH-MU-ZET-CL01-9186,4,42618,30630
35860,30632-43054,1S-MH-MU-ZET-CL01-9186,1S-MH-MU-ZET-CL01-8587,5,30632,43054
35860,43055-39202,1S-MH-MU-ZET-CL01-8587,1S-MH-MU-ZET-CL01-9656,6,43055,39202
35860,39201-7086,1S-MH-MU-ZET-CL01-9656,1S-MH-MU-ZET-CL01-8586,7,39201,7086
35860,7088-17688,1S-MH-MU-ZET-CL01-8586,1S-MH-MU-ZET-CL09-8456,8,7088,17688
35860,17689-39170,1S-MH-MU-ZET-CL09-8456,1S-MH-MU-ZET-CL09-8457,9,17689,39170
35860,39203-31604,1S-MH-MU-ZET-CL01-9656,1S-MH-MU-ZET-CL01-9244,6.1,39203,31604
35860,31605-38302,1S-MH-MU-ZET-CL01-9244,1S-MH-MU-ZET-CL01-9530,6.2,31605,38302
18613,18613-CAP BANK,1S-MH-MU-ZCT-RSTN-CHIN,1S-MH-MU-ZCT-RSTN-CHIN,1,18613,CAP BANK
18614,18614-11818,1S-MH-MU-ZCT-RSTN-CHIN,1S-MH-MU-ZCT-CL02-4139,1,18614,11818
18614,7330-41679,1S-MH-MU-ZCT-CL02-4139,1S-MH-MU-ZCT-CL02-5262,2,7330,41679
18614,41680-11660,1S-MH-MU-ZCT-CL02-5262,1S-MH-MU-ZCT-CL02-4138,3,41680,11660
18614,11662-34112,1S-MH-MU-ZCT-CL02-4138,1S-MH-MU-ZCT-CL02-5197,4,11662,34112
18614,34110-15700,1S-MH-MU-ZCT-CL02-5197,1S-MH-MU-ZCT-CL02-4140,5,34110,15700
18614,15701-12170,1S-MH-MU-ZCT-CL02-4140,1S-MH-MU-ZCT-CL02-4416,6,15701,12170
18614,12172-25913,1S-MH-MU-ZCT-CL02-4416,1S-MH-MU-ZCT-CL02-4973,7,12172,25913
18614,25915-19741,1S-MH-MU-ZCT-CL02-4973,1S-MH-MU-ZCT-CL02-4903,8,25915,19741
18614,7329-11251,1S-MH-MU-ZCT-CL02-4139,1S-MH-MU-ZCT-CL08-4772,1.1,7329,11251
18614,11250-14668,1S-MH-MU-ZCT-CL08-4772,1S-MH-MU-ZCT-CL08-4721,1.2,11250,14668
18615,18615-2519,1S-MH-MU-ZCT-RSTN-CHIN,1S-MH-MU-ZCT-CL02-4800,1,18615,2519
18615,2520-34049,1S-MH-MU-ZCT-CL02-4800,1S-MH-MU-ZCT-CL02-5191,2,2520,34049
18615,34047-9925,1S-MH-MU-ZCT-CL02-5191,1S-MH-MU-ZCT-CL02-4087,3,34047,9925
18615,9923-11878,1S-MH-MU-ZCT-CL02-4087,1S-MH-MU-ZCT-CL03-4303,4,9923,11878
18615,11880-35584,1S-MH-MU-ZCT-CL03-4303,1S-MH-MU-ZCT-CL03-5130,5,11880,35584
18615,31476-31210,1S-MH-MU-ZCT-CL03-5130,1S-MH-MU-ZCT-CL03-5128,6,31476,31210
18615,31212-12024,1S-MH-MU-ZCT-CL03-5128,1S-MH-MU-ZCT-CL03-4056,7,31212,12024
18615,12025-10086,1S-MH-MU-ZCT-CL03-4056,1S-MH-MU-ZCT-CL03-4452,8,12025,10086
18615,10087-18708,1S-MH-MU-ZCT-CL03-4452,1S-MH-MU-ZCT-CL03-4454,9,10087,18708
18615,31474-83,1S-MH-MU-ZCT-CL03-5130,1S-MH-MU-ZCT-CL03-4442,5.1,31474,83
18616,18616-2221,1S-MH-MU-ZCT-RSTN-CHIN,1S-MH-MU-ZCT-CL02-4222,1,18616,2221
18616,2884-31971,1S-MH-MU-ZCT-CL02-4222,1S-MH-MU-ZCT-CL02-5152,2,2884,31971
18616,31970-42765,1S-MH-MU-ZCT-CL02-5152,1S-MH-MU-ZCT-CL02-5667,3,31970,42765
18616,42764-34248,1S-MH-MU-ZCT-CL02-5667,1S-MH-MU-ZCT-CL02-5200,4,42764,34248
18617,18617-16712,1S-MH-MU-ZCT-RSTN-CHIN,1S-MH-MU-ZCT-CL02-4151,1,18617,16712
18617,2870-34250,1S-MH-MU-ZCT-CL02-4151,1S-MH-MU-ZCT-CL02-5200,2,2870,34250
18617,34249-36229,1S-MH-MU-ZCT-CL02-5200,1S-MH-MU-ZCT-CL02-5609,3,34249,36229
18617,36230-38139,1S-MH-MU-ZCT-CL02-5609,1S-MH-MU-ZCT-CL02-5552,4,36230,38139
18617,38138-31664,1S-MH-MU-ZCT-CL02-5552,1S-MH-MU-ZCT-CL02-4149,5,38138,31664
18617,17024-42558,1S-MH-MU-ZCT-CL02-4149,1S-MH-MU-ZCT-CL02-5272,6,17024,42558
18617,42557-19600,1S-MH-MU-ZCT-CL02-5272,1S-MH-MU-ZCT-CL02-4852,7,42557,19600
18617,19598-18463,1S-MH-MU-ZCT-CL02-4852,1S-MH-MU-ZCT-CL02-4082,8,19598,18463
18617,31665-13495,1S-MH-MU-ZCT-CL02-4149,1S-MH-MU-ZCT-CL02-4147,5.1,31665,13495
18619,18619-18944,1S-MH-MU-ZCT-RSTN-CHIN,1S-MH-MU-ZCT-CL02-4851,1,18619,18944
18619,18942-41655,1S-MH-MU-ZCT-CL02-4851,1S-MH-MU-ZCT-CL02-5704,2,18942,41655
18619,41656-35006,1S-MH-MU-ZCT-CL02-5704,1S-MH-MU-ZCT-CL02-5258,3,41656,35006
18619,35004-38090,1S-MH-MU-ZCT-CL02-5258,1S-MH-MU-ZCT-CL03-5489,4,35004,38090
18619,38089-15727,1S-MH-MU-ZCT-CL03-5489,1S-MH-MU-ZCT-CL02-4035,5,38089,15727
18619,15725-6900,1S-MH-MU-ZCT-CL02-4035,1S-MH-MU-ZCT-CL03-4760,6,15725,6900
18619,6899-5271,1S-MH-MU-ZCT-CL03-4760,1S-MH-MU-ZCT-CL03-4761,7,6899,5271
18619,5272-34599,1S-MH-MU-ZCT-CL03-4761,1S-MH-MU-ZCT-CL03-5215,8,5272,34599
18619,34597-41802,1S-MH-MU-ZCT-CL03-5215,1S-MH-MU-ZCT-CL03-5386,9,34597,41802
18619,41803-19893,1S-MH-MU-ZCT-CL03-5386,1S-MH-MU-ZCT-CL03-4902,10,41803,19893
18619,41804-DT,1S-MH-MU-ZCT-CL03-5386,NAN,9.1,41804,DT
18619,4119-16844,1S-MH-MU-ZCT-CL03-4760,1S-MH-MU-ZCT-CL04-4701,6.1,4119,16844
18619,16846-28637,1S-MH-MU-ZCT-CL04-4701,1S-MH-MU-ZCT-CL02-4528,6.2,16846,28637
18623,18623-STN XMER,1S-MH-MU-ZCT-RSTN-CHIN,1S-MH-MU-ZCT-RSTN-CHIN,1,18623,STN XMER
18624,18624-19804,1S-MH-MU-ZCT-RSTN-CHIN,1S-MH-MU-ZCT-CL02-4900,1,18624,19804
18624,19802-6757,1S-MH-MU-ZCT-CL02-4900,1S-MH-MU-ZCT-CL02-4152,2,19802,6757
18624,6759-4788,1S-MH-MU-ZCT-CL02-4152,1S-MH-MU-ZCT-CL02-4765,3,6759,4788
18624,13668-28392,1S-MH-MU-ZCT-CL02-4765,1S-MH-MU-ZCT-CL02-5016,4,13668,28392
18624,28393-5109,1S-MH-MU-ZCT-CL02-5016,1S-MH-MU-ZCT-CL02-4764,5,28393,5109
18624,13606-19740,1S-MH-MU-ZCT-CL02-4764,1S-MH-MU-ZCT-CL02-4903,6,13606,19740
18626,18626-39327,1S-MH-MU-ZCT-RSTN-CHIN,1S-MH-MU-ZCT-CL02-4143,1,18626,39327
18626,39326-35152,1S-MH-MU-ZCT-CL02-4143,1S-MH-MU-ZCT-CL02-4152,2,39326,35152
18626,18626-13366,1S-MH-MU-ZCT-RSTN-CHIN,1S-MH-MU-ZCT-CL02-4144,2,18626,13366
18626,15473-42183,1S-MH-MU-ZCT-CL02-4144,1S-MH-MU-ZCT-CL02-4145,3,15473,42183
18626,42184-4148,1S-MH-MU-ZCT-CL02-4145,1S-MH-MU-ZCT-CL03-4453,4,42184,4148
18626,31112-86,1S-MH-MU-ZCT-CL03-4453,1S-MH-MU-ZCT-CL03-4442,5,31112,86
18626,84-6164,1S-MH-MU-ZCT-CL03-4442,1S-MH-MU-ZCT-CL03-4379,6,84,6164
18626,6163-35343,1S-MH-MU-ZCT-CL03-4379,1S-MH-MU-ZCT-CL08-5250,7,6163,35343
18626,35344-11968,1S-MH-MU-ZCT-CL08-5250,1S-MH-MU-ZCT-CL08-4249,8,35344,11968
18626,18676-10377,1S-MH-MU-ZCT-CL08-4249,1S-MH-MU-ZCT-CL08-4537,9,18676,10377
18626,10379-5316,1S-MH-MU-ZCT-CL08-4537,1S-MH-MU-ZCT-CL08-4536,10,10379,5316
18626,5318-5102,1S-MH-MU-ZCT-CL08-4536,1S-MH-MU-ZCT-CL08-4345,11,5318,5102
18626,11967-2893,1S-MH-MU-ZCT-CL08-4249,1S-MH-MU-ZCT-CL08-4604,8.1,11967,2893
18626,6165-18706,1S-MH-MU-ZCT-CL03-4379,1S-MH-MU-ZCT-CL03-4454,6.1,6165,18706
18627,18627-34454,1S-MH-MU-ZCT-RSTN-CHIN,1S-MH-MU-ZCT-CL02-5213,1,18627,34454
18627,34452-38052,1S-MH-MU-ZCT-CL02-5213,1S-MH-MU-ZCT-CL01-5540,2,34452,38052
18627,34453-HTCONSUMER,1S-MH-MU-ZCT-CL02-5213,NAN,1.1,34453,HTCONSUMER
18628,18628-19969,1S-MH-MU-ZCT-RSTN-CHIN,1S-MH-MU-ZCT-CL02-4349,1,18628,19969
18628,18244-19733,1S-MH-MU-ZCT-CL02-4349,1S-MH-MU-ZCT-CL03-4877,2,18244,19733
18628,19731-17076,1S-MH-MU-ZCT-CL03-4877,1S-MH-MU-ZCT-CL02-4147,3,19731,17076
18628,18245-11311,1S-MH-MU-ZCT-CL02-4349,1S-MH-MU-ZCT-CL02-4597,1.1,18245,11311
18629,18629-41298,1S-MH-MU-ZCT-RSTN-CHIN,1S-MH-MU-ZCT-CL03-5635,1,18629,41298
18629,41299-38070,1S-MH-MU-ZCT-CL03-5635,1S-MH-MU-ZCT-CL03-5420,2,41299,38070
18629,38068-4491,1S-MH-MU-ZCT-CL03-5420,1S-MH-MU-ZCT-CL02-4146,3,38068,4491
18629,18225-30764,1S-MH-MU-ZCT-CL02-4146,1S-MH-MU-ZCT-CL02-5118,4,18225,30764
18629,30765-31668,1S-MH-MU-ZCT-CL02-5118,1S-MH-MU-ZCT-CL02-4148,5,30765,31668
18629,31666-38459,1S-MH-MU-ZCT-CL02-4148,1S-MH-MU-ZCT-CL02-5507,6,31666,38459
18629,38458-31344,1S-MH-MU-ZCT-CL02-5507,1S-MH-MU-ZCT-CL02-5134,7,38458,31344
18629,31342-18464,1S-MH-MU-ZCT-CL02-5134,1S-MH-MU-ZCT-CL02-4082,8,31342,18464
18629,4490-25057,1S-MH-MU-ZCT-CL02-4146,1S-MH-MU-ZCT-CL02-4910,3.1,4490,25057
18629,25059-28841,1S-MH-MU-ZCT-CL02-4910,1S-MH-MU-ZCT-CL02-5036,3.2,25059,28841
18629,28840-25403,1S-MH-MU-ZCT-CL02-5036,1S-MH-MU-ZCT-CL02-4887,3.3,28840,25403
18630,18630-CAP BANK,1S-MH-MU-ZCT-RSTN-CHIN,1S-MH-MU-ZCT-RSTN-CHIN,1,18630,CAP BANK
39609,39609-CAP BANK,1S-MH-MU-ZCT-RSTN-MALW,1S-MH-MU-ZCT-RSTN-MALW,1,39609,CAP BANK
39610,39610-43341,1S-MH-MU-ZCT-RSTN-MALW,1S-MH-MU-ZCT-CL06-5797,1,39610,43341
39610,43344-31771,1S-MH-MU-ZCT-CL06-5797,1S-MH-MU-ZCT-CL06-4469,2,43344,31771
39610,18295-16708,1S-MH-MU-ZCT-CL06-4469,1S-MH-MU-ZCT-CL06-4470,3,18295,16708
39610,39610-43873,1S-MH-MU-ZCT-RSTN-MALW,1S-MH-MU-ZCT-CL06-5805,2,39610,43873
39610,43872-43341,1S-MH-MU-ZCT-CL06-5805,1S-MH-MU-ZCT-CL06-5797,3,43872,43341
39610,43344-31771,1S-MH-MU-ZCT-CL06-5797,1S-MH-MU-ZCT-CL06-4469,4,43344,31771
39610,18295-16708,1S-MH-MU-ZCT-CL06-4469,1S-MH-MU-ZCT-CL06-4470,5,18295,16708
39612,39612-17953,1S-MH-MU-ZCT-RSTN-MALW,1S-MH-MU-ZCT-CL06-4433,1,39612,17953
39612,17951-36744,1S-MH-MU-ZCT-CL06-4433,1S-MH-MU-ZCT-CL06-4600,2,17951,36744
39612,36741-44024,1S-MH-MU-ZCT-CL06-4600,1S-MH-MU-ZCT-CL06-5802,3,36741,44024
39613,39613-17254,1S-MH-MU-ZCT-RSTN-MALW,1S-MH-MU-ZCT-CL06-4722,1,39613,17254
39613,17253-32483,1S-MH-MU-ZCT-CL06-4722,1S-MH-MU-ZCT-CL06-5175,2,17253,32483
39613,32484-37914,1S-MH-MU-ZCT-CL06-5175,1S-MH-MU-ZCT-CL06-4084,3,32484,37914
39613,17264-42929,1S-MH-MU-ZCT-CL06-4084,1S-MH-MU-ZCT-CL06-5763,4,17264,42929
39613,42928-38814,1S-MH-MU-ZCT-CL06-5763,1S-MH-MU-ZCT-CL06-5435,5,42928,38814
39615,39615-34717,1S-MH-MU-ZCT-RSTN-MALW,1S-MH-MU-ZCT-CL06-5211,1,39615,34717
39615,39615-7998,1S-MH-MU-ZCT-RSTN-MALW,1S-MH-MU-ZCT-CL06-4481,2,39615,7998
39615,31531-15221,1S-MH-MU-ZCT-CL06-4481,1S-MH-MU-ZCT-CL06-4522,3,31531,15221
39615,15222-32185,1S-MH-MU-ZCT-CL06-4522,1S-MH-MU-ZCT-CL06-4876,4,15222,32185
39615,32183-13482,1S-MH-MU-ZCT-CL06-4876,1S-MH-MU-ZCT-CL06-4312,5,32183,13482
39615,13480-39690,1S-MH-MU-ZCT-CL06-4312,1S-MH-MU-ZCT-CL06-5576,6,13480,39690
39615,39688-29838,1S-MH-MU-ZCT-CL06-5576,1S-MH-MU-ZCT-CL06-5079,7,39688,29838
39615,29836-26562,1S-MH-MU-ZCT-CL06-5079,1S-MH-MU-ZCT-CL06-4978,8,29836,26562
39615,26564-26915,1S-MH-MU-ZCT-CL06-4978,1S-MH-MU-ZCT-CL06-4992,9,26564,26915
39616,39616-26640,1S-MH-MU-ZCT-RSTN-MALW,1S-MH-MU-ZCT-CL06-4981,1,39616,26640
39616,26642-10373,1S-MH-MU-ZCT-CL06-4981,1S-MH-MU-ZCT-CL06-4390,2,26642,10373
39616,10375-10371,1S-MH-MU-ZCT-CL06-4390,1S-MH-MU-ZCT-CL06-4466,3,10375,10371
39618,39618-13160,1S-MH-MU-ZCT-RSTN-MALW,1S-MH-MU-ZCT-CL06-4736,1,39618,13160
39618,13158-2683,1S-MH-MU-ZCT-CL06-4736,1S-MH-MU-ZCT-CL06-4383,2,13158,2683
39618,2685-42917,1S-MH-MU-ZCT-CL06-4383,1S-MH-MU-ZCT-CL03-5764,3,2685,42917
39618,42918-29569,1S-MH-MU-ZCT-CL03-5764,1S-MH-MU-ZCT-RSTN-MALA,4,42918,29569
39618,29569-38800,1S-MH-MU-ZCT-RSTN-MALA,1S-MH-MU-ZCT-CL03-5638,5,29569,38800
39618,38799-32268,1S-MH-MU-ZCT-CL03-5638,1S-MH-MU-ZCT-CL03-5159,6,38799,32268
39618,32266-37536,1S-MH-MU-ZCT-CL03-5159,1S-MH-MU-ZCT-CL04-5310,7,32266,37536
39618,37538-13447,1S-MH-MU-ZCT-CL04-5310,1S-MH-MU-ZCT-CL04-4539,8,37538,13447
39618,13449-16788,1S-MH-MU-ZCT-CL04-4539,1S-MH-MU-ZCT-RSTN-KAND,9,13449,16788
39618,38801-HTCONSUMER,1S-MH-MU-ZCT-CL03-5638,NAN,5.1,38801,HTCONSUMER
39618,36358-4165,1S-MH-MU-ZCT-CL06-4383,1S-MH-MU-ZCT-CL05-4451,2.1,36358,4165
39618,4166-29099,1S-MH-MU-ZCT-CL05-4451,1S-MH-MU-ZCT-CL03-5050,2.2,4166,29099
39618,29102-36111,1S-MH-MU-ZCT-CL03-5050,1S-MH-MU-ZCT-CL03-4809,2.3,29102,36111
39618,5914-41659,1S-MH-MU-ZCT-CL06-4383,1S-MH-MU-ZCT-CL05-5366,2.2,5914,41659
39619,39619-30174,1S-MH-MU-ZCT-RSTN-MALW,1S-MH-MU-ZCT-CL06-4388,1,39619,30174
39619,6734-30874,1S-MH-MU-ZCT-CL06-4388,1S-MH-MU-ZCT-CL06-4050,2,6734,30874
39619,30873-42127,1S-MH-MU-ZCT-CL06-4050,1S-MH-MU-ZCT-CL06-5120,3,30873,42127
39619,42128-25313,1S-MH-MU-ZCT-CL06-5120,1S-MH-MU-ZCT-CL06-4875,4,42128,25313
39619,25311-25310,1S-MH-MU-ZCT-CL06-4875,1S-MH-MU-ZCT-CL06-4653,5,25311,25310
39619,25309-31466,1S-MH-MU-ZCT-CL06-4653,1S-MH-MU-ZCT-CL06-5143,6,25309,31466
39619,31464-26563,1S-MH-MU-ZCT-CL06-5143,1S-MH-MU-ZCT-CL06-4978,7,31464,26563
39619,31465-HTCONSUMER,1S-MH-MU-ZCT-CL06-5143,NAN,6.1,31465,HTCONSUMER
39619,6736-36749,1S-MH-MU-ZCT-CL06-4388,1S-MH-MU-ZCT-CL06-5362,1.1,6736,36749
39619,36750-44026,1S-MH-MU-ZCT-CL06-5362,1S-MH-MU-ZCT-CL06-5802,1.2,36750,44026
39621,39621-11619,1S-MH-MU-ZCT-RSTN-MALW,1S-MH-MU-ZCT-CL06-4460,1,39621,11619
39621,11618-40837,1S-MH-MU-ZCT-CL06-4460,1S-MH-MU-ZCT-CL06-5205,2,11618,40837
39621,40836-37171,1S-MH-MU-ZCT-CL06-5205,1S-MH-MU-ZCT-CL06-4387,3,40836,37171
39621,37175-13349,1S-MH-MU-ZCT-CL06-4387,1S-MH-MU-ZCT-CL06-4464,4,37175,13349
39621,13348-43343,1S-MH-MU-ZCT-CL06-4464,1S-MH-MU-ZCT-CL06-5797,5,13348,43343
39622,39622-28533,1S-MH-MU-ZCT-RSTN-MALW,1S-MH-MU-ZCT-CL06-4461,1,39622,28533
39622,25868-10962,1S-MH-MU-ZCT-CL06-4461,1S-MH-MU-ZCT-CL06-4463,2,25868,10962
39622,10964-31747,1S-MH-MU-ZCT-CL06-4463,1S-MH-MU-ZCT-CL06-4384,3,10964,31747
39622,10270-10304,1S-MH-MU-ZCT-CL06-4461,1S-MH-MU-ZCT-CL06-4462,1.1,10270,10304
39624,39624-STN XMER,1S-MH-MU-ZCT-RSTN-MALW,1S-MH-MU-ZCT-RSTN-MALW,1,39624,STN XMER
39625,39625-CAP BANK,1S-MH-MU-ZCT-RSTN-MALW,1S-MH-MU-ZCT-RSTN-MALW,1,39625,CAP BANK
40884,40884-40061,1S-MH-MU-ZNT-RSTN-DACH,1S-MH-MU-ZNT-CL04-7928,1,40884,40061
40884,40063-29362,1S-MH-MU-ZNT-CL04-7928,1S-MH-MU-ZNT-CL04-7012,2,40063,29362
40884,29364-42384,1S-MH-MU-ZNT-CL04-7012,1S-MH-MU-ZNT-CL04-7993,3,29364,42384
40884,42385-38784,1S-MH-MU-ZNT-CL04-7993,1S-MH-MU-ZNT-CL04-6392,4,42385,38784
40886,40886-6202,1S-MH-MU-ZNT-RSTN-DACH,1S-MH-MU-ZNT-CL04-6761,1,40886,6202
40886,6203-7896,1S-MH-MU-ZNT-CL04-6761,1S-MH-MU-ZNT-CL04-6582,2,6203,7896
40886,9980-17786,1S-MH-MU-ZNT-CL04-6582,1S-MH-MU-ZNT-CL10-6529,3,9980,17786
40886,17788-34422,1S-MH-MU-ZNT-CL10-6529,1S-MH-MU-ZNT-CL10-7363,4,17788,34422
40886,34420-26170,1S-MH-MU-ZNT-CL10-7363,1S-MH-MU-ZNT-CL10-6926,5,34420,26170
40886,26172-37520,1S-MH-MU-ZNT-CL10-6926,1S-MH-MU-ZNT-CL09-7449,6,26172,37520
40886,37522-14121,1S-MH-MU-ZNT-CL09-7449,1S-MH-MU-ZNT-CL09-6107,7,37522,14121
40886,14119-10066,1S-MH-MU-ZNT-CL09-6107,1S-MH-MU-ZNT-CL09-6267,8,14119,10066
40886,14120-37816,1S-MH-MU-ZNT-CL09-6107,1S-MH-MU-ZNT-CL10-6528,7.1,14120,37816
40887,40887-10095,1S-MH-MU-ZNT-RSTN-DACH,1S-MH-MU-ZNT-CL09-6540,1,40887,10095
40887,10093-41330,1S-MH-MU-ZNT-CL09-6540,1S-MH-MU-ZNT-CL09-7459,2,10093,41330
40887,41328-11815,1S-MH-MU-ZNT-CL09-7459,1S-MH-MU-ZNT-CL09-6539,3,41328,11815
40888,40888-7670,1S-MH-MU-ZNT-RSTN-DACH,1S-MH-MU-ZNT-CL04-6605,1,40888,7670
40888,7668-36320,1S-MH-MU-ZNT-CL04-6605,1S-MH-MU-ZNT-CL09-7365,2,7668,36320
40888,34699-38294,1S-MH-MU-ZNT-CL09-7365,1S-MH-MU-ZNT-CL04-7209,3,34699,38294
40888,38295-13578,1S-MH-MU-ZNT-CL04-7209,1S-MH-MU-ZNT-CL09-6725,4,38295,13578
40888,13580-17118,1S-MH-MU-ZNT-CL09-6725,1S-MH-MU-ZNT-CL10-6476,5,13580,17118
40888,17116-37998,1S-MH-MU-ZNT-CL10-6476,1S-MH-MU-ZNT-CL10-7791,6,17116,37998
40888,34698-28259,1S-MH-MU-ZNT-CL09-7365,1S-MH-MU-ZNT-CL04-6959,2.1,34698,28259
40888,28257-12943,1S-MH-MU-ZNT-CL04-6959,1S-MH-MU-ZNT-CL04-6307,2.2,28257,12943
40893,40893-38790,1S-MH-MU-ZNT-RSTN-DACH,1S-MH-MU-ZNT-CL04-6392,1,40893,38790
40893,38789-38664,1S-MH-MU-ZNT-CL04-6392,1S-MH-MU-ZNT-CL04-6917,2,38789,38664
40893,38665-18641,1S-MH-MU-ZNT-CL04-6917,1S-MH-MU-ZNT-RSTN-MIRA,3,38665,18641
40893,18641-11271,1S-MH-MU-ZNT-RSTN-MIRA,1S-MH-MU-ZNT-CL04-6003,4,18641,11271
40894,40894-43132,1S-MH-MU-ZNT-RSTN-DACH,1S-MH-MU-ZNT-CL04-8912,1,40894,43132
40894,43133-15463,1S-MH-MU-ZNT-CL04-8912,1S-MH-MU-ZNT-CL04-6119,2,43133,15463
40894,15462-26865,1S-MH-MU-ZNT-CL04-6119,1S-MH-MU-ZNT-CL04-6866,3,15462,26865
40894,26863-28820,1S-MH-MU-ZNT-CL04-6866,1S-MH-MU-ZNT-CL04-6987,4,26863,28820
40894,28821-14221,1S-MH-MU-ZNT-CL04-6987,1S-MH-MU-ZNT-CL09-6360,5,28821,14221
40894,14219-17677,1S-MH-MU-ZNT-CL09-6360,1S-MH-MU-ZNT-CL09-6167,6,14219,17677
40894,17679-26358,1S-MH-MU-ZNT-CL09-6167,1S-MH-MU-ZNT-CL09-6933,7,17679,26358
40894,26360-13502,1S-MH-MU-ZNT-CL09-6933,1S-MH-MU-ZNT-CL09-6361,8,26360,13502
40894,13501-41329,1S-MH-MU-ZNT-CL09-6361,1S-MH-MU-ZNT-CL09-7459,9,13501,41329
40894,26862-42698,1S-MH-MU-ZNT-CL04-6866,1S-MH-MU-ZNT-CL09-6223,3.1,26862,42698
40894,26864-HTCONSUMER,1S-MH-MU-ZNT-CL04-6866,NAN,3.2,26864,HTCONSUMER
40894,28047-15464,1S-MH-MU-ZNT-CL04-6119,1S-MH-MU-ZNT-CL09-6956,2.1,28047,15464
40894,11817-28045,1S-MH-MU-ZNT-CL09-6956,1S-MH-MU-ZNT-CL09-6539,2.2,11817,28045
40896,40896-14712,1S-MH-MU-ZNT-RSTN-DACH,1S-MH-MU-ZNT-CL10-6047,1,40896,14712
40896,14714-37815,1S-MH-MU-ZNT-CL10-6047,1S-MH-MU-ZNT-CL10-6528,2,14714,37815
40896,37814-17121,1S-MH-MU-ZNT-CL10-6528,1S-MH-MU-ZNT-CL10-6715,3,37814,17121
40896,17121-38339,1S-MH-MU-ZNT-CL10-6715,1S-MH-MU-ZNT-CL10-7826,4,17121,38339
40896,38340-18147,1S-MH-MU-ZNT-CL10-7826,1S-MH-MU-ZNT-CL10-6091,5,38340,18147
40896,18148-10071,1S-MH-MU-ZNT-CL10-6091,1S-MH-MU-ZNT-CL10-6716,6,18148,10071
40896,10069-14837,1S-MH-MU-ZNT-CL10-6716,1S-MH-MU-ZNT-CL10-6669,7,10069,14837
40896,14835-42116,1S-MH-MU-ZNT-CL10-6669,1S-MH-MU-ZNT-CL10-7837,8,14835,42116
40896,14848-HTCONSUMER,1S-MH-MU-ZNT-CL10-6091,NAN,5.1,14848,HTCONSUMER
40896,17119-9579,1S-MH-MU-ZNT-CL10-6715,1S-MH-MU-ZNT-CL10-6720,3.1,17119,9579
40896,12430-42368,1S-MH-MU-ZNT-CL10-6528,1S-MH-MU-ZNT-CL10-7981,2.1,12430,42368
40896,42367-37997,1S-MH-MU-ZNT-CL10-7981,1S-MH-MU-ZNT-CL10-7791,2.2,42367,37997
40897,40897-37779,1S-MH-MU-ZNT-RSTN-DACH,1S-MH-MU-ZNT-CL04-6393,1,40897,37779
40897,37777-29737,1S-MH-MU-ZNT-CL04-6393,1S-MH-MU-ZNT-CL04-7037,2,37777,29737
40897,29738-38668,1S-MH-MU-ZNT-CL04-7037,1S-MH-MU-ZNT-CL04-7867,3,29738,38668
40897,37778-HTCONSUMER,1S-MH-MU-ZNT-CL04-6393,NAN,1.1,37778,HTCONSUMER
40899,40899-41479,1S-MH-MU-ZNT-RSTN-DACH,1S-MH-MU-ZNT-CL04-7972,1,40899,41479
40899,41478-40065,1S-MH-MU-ZNT-CL04-7972,1S-MH-MU-ZNT-CL04-7931,2,41478,40065
40899,40066-43120,1S-MH-MU-ZNT-CL04-7931,1S-MH-MU-ZNT-CL04-7943,3,40066,43120
40899,43119-43113,1S-MH-MU-ZNT-CL04-7943,1S-MH-MU-ZNT-CL04-7922,4,43119,43113
40899,43114-43117,1S-MH-MU-ZNT-CL04-7922,1S-MH-MU-ZNT-CL04-7923,5,43114,43117
40899,43116-40062,1S-MH-MU-ZNT-CL04-7923,1S-MH-MU-ZNT-CL04-7928,6,43116,40062
40899,40067-38669,1S-MH-MU-ZNT-CL04-7931,1S-MH-MU-ZNT-CL04-7867,2.1,40067,38669
40718,40718-32179,1S-MH-MU-ZNT-RSTN-DAWE,1S-MH-MU-ZNT-CL05-7110,1,40718,32179
40718,32180-39097,1S-MH-MU-ZNT-CL05-7110,1S-MH-MU-ZNT-CL05-6756,2,32180,39097
40718,12297-17581,1S-MH-MU-ZNT-CL05-6756,1S-MH-MU-ZNT-CL09-6011,3,12297,17581
40718,17583-16411,1S-MH-MU-ZNT-CL09-6011,1S-MH-MU-ZNT-CL05-6126,4,17583,16411
40719,40719-30514,1S-MH-MU-ZNT-RSTN-DAWE,1S-MH-MU-ZNT-CL05-7137,1,40719,30514
40719,30516-15047,1S-MH-MU-ZNT-CL05-7137,1S-MH-MU-ZNT-CL05-6745,2,30516,15047
40719,16450-10076,1S-MH-MU-ZNT-CL05-6745,1S-MH-MU-ZNT-CL05-6491,3,16450,10076
40719,10075-32473,1S-MH-MU-ZNT-CL05-6491,1S-MH-MU-ZNT-CL05-7066,4,10075,32473
40719,32473-14740,1S-MH-MU-ZNT-CL05-7066,1S-MH-MU-ZNT-CL05-6111,5,32473,14740
40719,14741-12606,1S-MH-MU-ZNT-CL05-6111,1S-MH-MU-ZNT-CL05-6602,6,14741,12606
40719,12607-35359,1S-MH-MU-ZNT-CL05-6602,1S-MH-MU-ZNT-CL05-7455,7,12607,35359
40719,14740-14742,1S-MH-MU-ZNT-CL05-6111,1S-MH-MU-ZNT-CL05-6065,5.1,14740,14742
40719,14740-DT,1S-MH-MU-ZNT-CL05-6111,DT,5.2,14740,DT
40719,15046-40425,1S-MH-MU-ZNT-CL05-6745,1S-MH-MU-ZNT-CL05-6133,2.1,15046,40425
40720,40720-15696,1S-MH-MU-ZNT-RSTN-DAWE,1S-MH-MU-ZNT-CL05-6574,1,40720,15696
40720,15694-28470,1S-MH-MU-ZNT-CL05-6574,1S-MH-MU-ZNT-CL05-6969,2,15694,28470
40720,28468-37622,1S-MH-MU-ZNT-CL05-6969,1S-MH-MU-ZNT-CL05-7566,3,28468,37622
40720,37620-26898,1S-MH-MU-ZNT-CL05-7566,1S-MH-MU-ZNT-CL05-6945,4,37620,26898
40720,26896-6694,1S-MH-MU-ZNT-CL05-6945,1S-MH-MU-ZNT-CL05-6410,5,26896,6694
40721,40721-44116,1S-MH-MU-ZNT-RSTN-DAWE,1S-MH-MU-ZNT-CL05-7739,1,40721,44116
40721,44117-18251,1S-MH-MU-ZNT-CL05-7739,1S-MH-MU-ZNT-CL09-6378,2,44117,18251
40721,9418-9493,1S-MH-MU-ZNT-CL09-6378,1S-MH-MU-ZNT-CL09-6124,3,9418,9493
40721,9491-2624,1S-MH-MU-ZNT-CL09-6124,1S-MH-MU-ZNT-CL09-6120,4,9491,2624
40721,2622-41413,1S-MH-MU-ZNT-CL09-6120,1S-MH-MU-ZNT-CL09-6191,5,2622,41413
40721,41412-36199,1S-MH-MU-ZNT-CL09-6191,1S-MH-MU-ZNT-CL09-7398,6,41412,36199
40721,36200-14041,1S-MH-MU-ZNT-CL09-7398,1S-MH-MU-ZNT-CL09-6457,7,36200,14041
40721,14040-12602,1S-MH-MU-ZNT-CL09-6457,1S-MH-MU-ZNT-CL09-6591,8,14040,12602
40721,41411-11735,1S-MH-MU-ZNT-CL09-6191,1S-MH-MU-ZNT-CL09-6150,5.1,41411,11735
40721,11733-5033,1S-MH-MU-ZNT-CL09-6150,1S-MH-MU-ZNT-CL09-6121,5.2,11733,5033
40724,40724-STN XMER,1S-MH-MU-ZNT-RSTN-DAWE,1S-MH-MU-ZNT-RSTN-DAWE,1,40724,STN XMER
40727,40727-16934,1S-MH-MU-ZNT-RSTN-DAWE,1S-MH-MU-ZNT-CL05-6575,1,40727,16934
40727,16935-9180,1S-MH-MU-ZNT-CL05-6575,1S-MH-MU-ZNT-CL05-6411,2,16935,9180
40727,9181-36901,1S-MH-MU-ZNT-CL05-6411,1S-MH-MU-ZNT-CL05-7670,3,9181,36901
40727,36902-12392,1S-MH-MU-ZNT-CL05-7670,1S-MH-MU-ZNT-CL05-6296,4,36902,12392
40727,12393-36862,1S-MH-MU-ZNT-CL05-6296,1S-MH-MU-ZNT-CL05-7706,5,12393,36862
40727,36860-17393,1S-MH-MU-ZNT-CL05-7706,1S-MH-MU-ZNT-CL05-6294,6,36860,17393
40727,17391-37160,1S-MH-MU-ZNT-CL05-6294,1S-MH-MU-ZNT-CL05-7724,7,17391,37160
40727,12916-17842,1S-MH-MU-ZNT-CL05-6296,1S-MH-MU-ZNT-CL05-6797,4.1,12916,17842
40727,19395-34211,1S-MH-MU-ZNT-CL05-6797,1S-MH-MU-ZNT-CL05-7291,4.2,19395,34211
40727,34209-30512,1S-MH-MU-ZNT-CL05-7291,1S-MH-MU-ZNT-CL05-6864,4.3,34209,30512
40727,16937-31256,1S-MH-MU-ZNT-CL05-6575,1S-MH-MU-ZNT-CL05-7232,1.1,16937,31256
40727,31257-17671,1S-MH-MU-ZNT-CL05-7232,1S-MH-MU-ZNT-CL05-6515,1.2,31257,17671
40727,30974-6693,1S-MH-MU-ZNT-CL05-6515,1S-MH-MU-ZNT-CL05-6410,1.3,30974,6693
40728,40728-40577,1S-MH-MU-ZNT-RSTN-DAWE,1S-MH-MU-ZNT-CL05-7515,1,40728,40577
40728,40575-31674,1S-MH-MU-ZNT-CL05-7515,1S-MH-MU-ZNT-CL05-7111,2,40575,31674
40728,31675-17390,1S-MH-MU-ZNT-CL05-7111,1S-MH-MU-ZNT-CL09-6128,3,31675,17390
40728,17388-34055,1S-MH-MU-ZNT-CL09-6128,1S-MH-MU-ZNT-CL09-7360,4,17388,34055
40728,34056-18121,1S-MH-MU-ZNT-CL09-7360,1S-MH-MU-ZNT-CL09-6700,5,34056,18121
40728,18122-30230,1S-MH-MU-ZNT-CL09-6700,1S-MH-MU-ZNT-CL09-7060,6,18122,30230
40728,30228-37094,1S-MH-MU-ZNT-CL09-7060,1S-MH-MU-ZNT-CL09-7511,7,30228,37094
40728,37092-30991,1S-MH-MU-ZNT-CL09-7511,1S-MH-MU-ZNT-CL09-7172,8,37092,30991
40728,17389-7168,1S-MH-MU-ZNT-CL09-6128,1S-MH-MU-ZNT-CL09-6022,3.1,17389,7168
40728,40576-40572,1S-MH-MU-ZNT-CL05-7515,1S-MH-MU-ZNT-CL05-7222,1.1,40576,40572
40728,40573-32178,1S-MH-MU-ZNT-CL05-7222,1S-MH-MU-ZNT-CL05-7110,1.2,40573,32178
40730,40730-6992,1S-MH-MU-ZNT-RSTN-DAWE,1S-MH-MU-ZNT-CL05-6133,1,40730,6992
40730,6991-38981,1S-MH-MU-ZNT-CL05-6133,1S-MH-MU-ZNT-CL05-7855,2,6991,38981
40730,38982-39363,1S-MH-MU-ZNT-CL05-7855,1S-MH-MU-ZNT-CL09-6127,3,38982,39363
40730,39361-7488,1S-MH-MU-ZNT-CL09-6127,1S-MH-MU-ZNT-CL09-6129,4,39361,7488
40731,40731-40508,1S-MH-MU-ZNT-RSTN-DAWE,1S-MH-MU-ZNT-CL05-7645,1,40731,40508
40731,40507-14958,1S-MH-MU-ZNT-CL05-7645,1S-MH-MU-ZNT-CL05-6278,2,40507,14958
40731,14959-16442,1S-MH-MU-ZNT-CL05-6278,1S-MH-MU-ZNT-CL05-6122,3,14959,16442
40731,16443-26927,1S-MH-MU-ZNT-CL05-6122,1S-MH-MU-ZNT-CL05-6940,4,16443,26927
40731,26929-2844,1S-MH-MU-ZNT-CL05-6940,1S-MH-MU-ZNT-CL05-6331,5,26929,2844
40731,2846-26406,1S-MH-MU-ZNT-CL05-6331,1S-MH-MU-ZNT-CL05-6934,6,2846,26406
40731,26408-16412,1S-MH-MU-ZNT-CL05-6934,1S-MH-MU-ZNT-CL05-6126,7,26408,16412
40731,16444-14972,1S-MH-MU-ZNT-CL05-6122,1S-MH-MU-ZNT-CL05-6046,3.1,16444,14972
40731,14969-17421,1S-MH-MU-ZNT-CL05-6046,1S-MH-MU-ZNT-CL05-6782,3.2,14969,17421
40731,14957-10074,1S-MH-MU-ZNT-CL05-6278,1S-MH-MU-ZNT-CL05-6491,2.1,14957,10074
40732,40732-15962,1S-MH-MU-ZNT-RSTN-DAWE,1S-MH-MU-ZNT-CL05-6277,1,40732,15962
40732,15963-38463,1S-MH-MU-ZNT-CL05-6277,1S-MH-MU-ZNT-CL05-7849,2,15963,38463
40732,38461-17222,1S-MH-MU-ZNT-CL05-7849,1S-MH-MU-ZNT-CL05-6146,3,38461,17222
40732,17221-13167,1S-MH-MU-ZNT-CL05-6146,1S-MH-MU-ZNT-CL05-6098,4,17221,13167
40732,13165-19964,1S-MH-MU-ZNT-CL05-6098,1S-MH-MU-ZNT-CL05-6897,5,13165,19964
40732,19965-15474,1S-MH-MU-ZNT-CL05-6897,1S-MH-MU-ZNT-CL05-6021,6,19965,15474
40732,15476-28920,1S-MH-MU-ZNT-CL05-6021,1S-MH-MU-ZNT-CL05-6990,7,15476,28920
40732,28921-10169,1S-MH-MU-ZNT-CL05-6990,1S-MH-MU-ZNT-CL05-6641,8,28921,10169
40732,15961-29877,1S-MH-MU-ZNT-CL05-6277,1S-MH-MU-ZNT-CL05-7042,1.1,15961,29877
40732,29875-16013,1S-MH-MU-ZNT-CL05-7042,1S-MH-MU-ZNT-CL05-6038,1.2,29875,16013
40732,16015-38551,1S-MH-MU-ZNT-CL05-6038,1S-MH-MU-ZNT-CL05-7810,1.3,16015,38551
11758,11758-CAP BANK,1S-MH-MU-ZNT-RSTN-DAHI,1S-MH-MU-ZNT-RSTN-DAHI,1,11758,CAP BANK
11759,11759-5032,1S-MH-MU-ZNT-RSTN-DAHI,1S-MH-MU-ZNT-CL09-6121,1,11759,5032
11759,5034-19845,1S-MH-MU-ZNT-CL09-6121,1S-MH-MU-ZNT-CL09-6892,2,5034,19845
11759,19843-36296,1S-MH-MU-ZNT-CL09-6892,1S-MH-MU-ZNT-CL09-7589,3,19843,36296
11761,11761-16135,1S-MH-MU-ZNT-RSTN-DAHI,1S-MH-MU-ZNT-CL09-6739,1,11761,16135
11761,16137-11462,1S-MH-MU-ZNT-CL09-6739,1S-MH-MU-ZNT-CL10-6674,2,16137,11462
11761,11464-7429,1S-MH-MU-ZNT-CL10-6674,1S-MH-MU-ZNT-CL09-6050,3,11464,7429
11761,7430-11675,1S-MH-MU-ZNT-CL09-6050,1S-MH-MU-ZNT-CL09-6375,4,7430,11675
11762,11762-4521,1S-MH-MU-ZNT-RSTN-DAHI,1S-MH-MU-ZNT-CL09-6117,1,11762,4521
11762,4520-35956,1S-MH-MU-ZNT-CL09-6117,1S-MH-MU-ZNT-CL09-7307,2,4520,35956
11762,35957-18056,1S-MH-MU-ZNT-CL09-7307,1S-MH-MU-ZNT-CL09-6090,3,35957,18056
11762,18057-11714,1S-MH-MU-ZNT-CL09-6090,1S-MH-MU-ZNT-CL09-6495,4,18057,11714
11762,11716-5291,1S-MH-MU-ZNT-CL09-6495,1S-MH-MU-ZNT-CL09-6223,5,11716,5291
11762,5293-30042,1S-MH-MU-ZNT-CL09-6223,1S-MH-MU-ZNT-CL09-7064,6,5293,30042
11762,30044-10094,1S-MH-MU-ZNT-CL09-7064,1S-MH-MU-ZNT-CL09-6540,7,30044,10094
11762,18058-HTCONSUMER,1S-MH-MU-ZNT-CL09-6090,NAN,3.1,18058,HTCONSUMER
11762,9490-28163,1S-MH-MU-ZNT-CL09-6117,1S-MH-MU-ZNT-CL09-6207,1.1,9490,28163
11762,28164-9366,1S-MH-MU-ZNT-CL09-6207,1S-MH-MU-ZNT-CL09-6369,1.2,28164,9366
11762,28161-26350,1S-MH-MU-ZNT-CL09-6207,1S-MH-MU-ZNT-CL09-6936,1.1.1,28161,26350
11763,11763-9515,1S-MH-MU-ZNT-RSTN-DAHI,1S-MH-MU-ZNT-CL05-6134,1,11763,9515
11763,9513-10785,1S-MH-MU-ZNT-CL05-6134,1S-MH-MU-ZNT-CL05-6165,2,9513,10785
11763,10787-10775,1S-MH-MU-ZNT-CL05-6165,1S-MH-MU-ZNT-CL05-6166,3,10787,10775
11763,10615-40571,1S-MH-MU-ZNT-CL05-6166,1S-MH-MU-ZNT-CL05-7222,4,10615,40571
11764,11764-31725,1S-MH-MU-ZNT-RSTN-DAHI,1S-MH-MU-ZNT-CL09-7217,1,11764,31725
11764,31726-42597,1S-MH-MU-ZNT-CL09-7217,1S-MH-MU-ZNT-CL09-7999,2,31726,42597
11764,42598-42560,1S-MH-MU-ZNT-CL09-7999,1S-MH-MU-ZNT-CL09-7987,3,42598,42560
11764,42561-5565,1S-MH-MU-ZNT-CL09-7987,1S-MH-MU-ZNT-CL09-6523,4,42561,5565
11764,31259-31219,1S-MH-MU-ZNT-CL09-6523,1S-MH-MU-ZNT-CL09-6510,5,31259,31219
11764,31218-12199,1S-MH-MU-ZNT-CL09-6510,1S-MH-MU-ZNT-CL09-6295,6,31218,12199
11765,11765-STN XMER,1S-MH-MU-ZNT-RSTN-DAHI,1S-MH-MU-ZNT-RSTN-DAHI,1,11765,STN XMER
11767,11767-30785,1S-MH-MU-ZNT-RSTN-DAHI,1S-MH-MU-ZNT-CL09-7144,1,11767,30785
11767,30787-12260,1S-MH-MU-ZNT-CL09-7144,1S-MH-MU-ZNT-CL09-6629,2,30787,12260
11767,12262-39936,1S-MH-MU-ZNT-CL09-6629,1S-MH-MU-ZNT-CL09-7844,3,12262,39936
11767,39935-43259,1S-MH-MU-ZNT-CL09-7844,1S-MH-MU-ZNT-CL09-7992,4,39935,43259
11767,43260-7499,1S-MH-MU-ZNT-CL09-7992,1S-MH-MU-ZNT-CL09-6594,5,43260,7499
11767,7501-7447,1S-MH-MU-ZNT-CL09-6594,1S-MH-MU-ZNT-CL09-6593,6,7501,7447
11767,7446-26409,1S-MH-MU-ZNT-CL09-6593,1S-MH-MU-ZNT-CL09-6935,7,7446,26409
11767,26411-15743,1S-MH-MU-ZNT-CL09-6935,1S-MH-MU-ZNT-CL09-6553,8,26411,15743
11767,39935-7499,1S-MH-MU-ZNT-CL09-7844,1S-MH-MU-ZNT-CL09-6594,3.1,39935,7499
11767,7501-7447,1S-MH-MU-ZNT-CL09-6594,1S-MH-MU-ZNT-CL09-6593,3.2,7501,7447
11767,7446-26409,1S-MH-MU-ZNT-CL09-6593,1S-MH-MU-ZNT-CL09-6935,3.3,7446,26409
11767,26411-15743,1S-MH-MU-ZNT-CL09-6935,1S-MH-MU-ZNT-CL09-6553,3.4,26411,15743
11768,11768-6754,1S-MH-MU-ZNT-RSTN-DAHI,1S-MH-MU-ZNT-CL09-6292,1,11768,6754
11768,6753-13142,1S-MH-MU-ZNT-CL09-6292,1S-MH-MU-ZNT-CL10-6677,2,6753,13142
11768,13144-35766,1S-MH-MU-ZNT-CL10-6677,1S-MH-MU-ZNT-CL10-7585,3,13144,35766
11768,35764-39739,1S-MH-MU-ZNT-CL10-7585,1S-MH-MU-ZNT-CL09-6293,4,35764,39739
11768,39738-37399,1S-MH-MU-ZNT-CL09-6293,1S-MH-MU-ZNT-CL09-7499,5,39738,37399
11768,37397-16070,1S-MH-MU-ZNT-CL09-7499,1S-MH-MU-ZNT-CL09-6712,6,37397,16070
11768,16068-16984,1S-MH-MU-ZNT-CL09-6712,1S-MH-MU-ZNT-CL09-6631,7,16068,16984
11768,16983-9367,1S-MH-MU-ZNT-CL09-6631,1S-MH-MU-ZNT-CL09-6369,8,16983,9367
11768,16985-HTCONSUMER,1S-MH-MU-ZNT-CL09-6631,NAN,7.1,16985,HTCONSUMER
11770,11770-13850,1S-MH-MU-ZNT-RSTN-DAHI,1S-MH-MU-ZNT-CL09-6608,1,11770,13850
11770,11981-13200,1S-MH-MU-ZNT-CL09-6608,1S-MH-MU-ZNT-CL09-6416,2,11981,13200
11770,13202-29008,1S-MH-MU-ZNT-CL09-6416,1S-MH-MU-ZNT-CL09-7001,3,13202,29008
11770,29006-41058,1S-MH-MU-ZNT-CL09-7001,1S-MH-MU-ZNT-CL09-6699,4,29006,41058
11770,41059-10416,1S-MH-MU-ZNT-CL09-6699,1S-MH-MU-ZNT-CL09-6697,5,41059,10416
11770,10418-42760,1S-MH-MU-ZNT-CL09-6697,1S-MH-MU-ZNT-CL09-7507,6,10418,42760
11770,42761-37557,1S-MH-MU-ZNT-CL09-7507,1S-MH-MU-ZNT-CL09-6108,7,42761,37557
11770,17483-16057,1S-MH-MU-ZNT-CL09-6108,1S-MH-MU-ZNT-CL09-6149,8,17483,16057
11770,41060-15905,1S-MH-MU-ZNT-CL09-6699,1S-MH-MU-ZNT-CL09-6164,4.1,41060,15905
11770,15903-35387,1S-MH-MU-ZNT-CL09-6164,1S-MH-MU-ZNT-CL09-7119,4.2,15903,35387
11770,35385-10790,1S-MH-MU-ZNT-CL09-7119,1S-MH-MU-ZNT-CL09-6581,4.3,35385,10790
11771,11771-10410,1S-MH-MU-ZNT-RSTN-DAHI,1S-MH-MU-ZNT-CL09-6456,1,11771,10410
11771,10408-13851,1S-MH-MU-ZNT-CL09-6456,NAN,2,10408,13851
11771,13852-41018,NAN,1S-MH-MU-ZNT-CL09-7733,3,13852,41018
11771,41017-17496,1S-MH-MU-ZNT-CL09-7733,1S-MH-MU-ZNT-CL09-6698,4,41017,17496
11771,17497-41109,1S-MH-MU-ZNT-CL09-6698,1S-MH-MU-ZNT-CL09-7950,5,17497,41109
11771,41110-16055,1S-MH-MU-ZNT-CL09-7950,1S-MH-MU-ZNT-CL09-6149,6,41110,16055
11771,13853-10791,NAN,1S-MH-MU-ZNT-CL09-6581,2.1,13853,10791
11771,10409-35837,1S-MH-MU-ZNT-CL09-6456,1S-MH-MU-ZNT-CL09-6190,1.1,10409,35837
11771,10409-DT,1S-MH-MU-ZNT-CL09-6456,DT,1.2,10409,DT
11772,11772-36059,1S-MH-MU-ZNT-RSTN-DAHI,1S-MH-MU-ZNT-CL09-7554,1,11772,36059
11772,36061-6988,1S-MH-MU-ZNT-CL09-7554,1S-MH-MU-ZNT-CL09-6127,2,36061,6988
11773,11773-7288,1S-MH-MU-ZNT-RSTN-DAHI,1S-MH-MU-ZNT-CL09-6131,1,11773,7288
11773,7289-12603,1S-MH-MU-ZNT-CL09-6131,1S-MH-MU-ZNT-CL09-6591,2,7289,12603
11774,11774-CAP BANK,1S-MH-MU-ZNT-RSTN-DAHI,1S-MH-MU-ZNT-RSTN-DAHI,1,11774,CAP BANK
15503,15503-CAP BANK,1S-MH-MU-ZNT-RSTN-DAHI,1S-MH-MU-ZNT-RSTN-DAHI,1,15503,CAP BANK
15504,15504-32741,1S-MH-MU-ZNT-RSTN-DAHI,1S-MH-MU-ZNT-CL09-6989,1,15504,32741
15504,28893-41180,1S-MH-MU-ZNT-CL09-6989,1S-MH-MU-ZNT-CL09-7698,2,28893,41180
15504,41179-17556,1S-MH-MU-ZNT-CL09-7698,1S-MH-MU-ZNT-CL09-6537,3,41179,17556
15504,17555-32636,1S-MH-MU-ZNT-CL09-6537,1S-MH-MU-ZNT-CL09-7275,4,17555,32636
15504,32634-42955,1S-MH-MU-ZNT-CL09-7275,1S-MH-MU-ZNT-CL09-7587,5,32634,42955
15504,42957-12093,1S-MH-MU-ZNT-CL09-7587,1S-MH-MU-ZNT-CL09-6015,6,42957,12093
15504,11725-38969,1S-MH-MU-ZNT-CL09-6015,1S-MH-MU-ZNT-CL09-7894,7,11725,38969
15504,38971-15130,1S-MH-MU-ZNT-CL09-7894,1S-MH-MU-ZNT-CL09-6601,8,38971,15130
15504,15129-12027,1S-MH-MU-ZNT-CL09-6601,1S-MH-MU-ZNT-CL09-6336,9,15129,12027
15504,38970-30420,1S-MH-MU-ZNT-CL09-7894,1S-MH-MU-ZNT-CL09-7133,7.1,38970,30420
15504,43982-19640,1S-MH-MU-ZNT-CL09-6537,1S-MH-MU-ZNT-CL09-6879,3.1,43982,19640
15504,19642-36752,1S-MH-MU-ZNT-CL09-6879,1S-MH-MU-ZNT-CL09-7560,3.2,19642,36752
15504,36754-25923,1S-MH-MU-ZNT-CL09-7560,1S-MH-MU-ZNT-CL09-6922,3.3,36754,25923
15504,28891-10789,1S-MH-MU-ZNT-CL09-6989,1S-MH-MU-ZNT-CL09-6581,1.1,28891,10789
15506,15506-28832,1S-MH-MU-ZNT-RSTN-DAHI,1S-MH-MU-ZNT-CL09-6988,1,15506,28832
15506,28833-28053,1S-MH-MU-ZNT-CL09-6988,1S-MH-MU-ZNT-CL09-6455,2,28833,28053
15507,15507-15669,1S-MH-MU-ZNT-RSTN-DAHI,1S-MH-MU-ZNT-CL09-6118,1,15507,15669
15507,15670-30074,1S-MH-MU-ZNT-CL09-6118,1S-MH-MU-ZNT-CL09-7059,2,15670,30074
15507,30075-2555,1S-MH-MU-ZNT-CL09-7059,1S-MH-MU-ZNT-CL09-6025,3,30075,2555
15507,2554-38877,1S-MH-MU-ZNT-CL09-6025,1S-MH-MU-ZNT-CL09-6009,4,2554,38877
15507,2556-11404,1S-MH-MU-ZNT-CL09-6025,1S-MH-MU-ZNT-CL09-6131,3.1,2556,11404
15507,30080-16205,1S-MH-MU-ZNT-CL09-7059,1S-MH-MU-ZNT-CL09-6432,2.1,30080,16205
15507,30079-17353,1S-MH-MU-ZNT-CL09-7059,1S-MH-MU-ZNT-CL09-6517,2.2,30079,17353
15509,15509-10319,1S-MH-MU-ZNT-RSTN-DAHI,1S-MH-MU-ZNT-CL09-6293,1,15509,10319
15509,10317-15228,1S-MH-MU-ZNT-CL09-6293,1S-MH-MU-ZNT-CL09-6123,2,10317,15228
15509,15229-7729,1S-MH-MU-ZNT-CL09-6123,NAN,3,15229,7729
15509,9459-17446,NAN,1S-MH-MU-ZNT-CL09-6232,4,9459,17446
15509,17447-42998,1S-MH-MU-ZNT-CL09-6232,1S-MH-MU-ZNT-CL09-8160,5,17447,42998
15509,42999-12029,1S-MH-MU-ZNT-CL09-8160,1S-MH-MU-ZNT-CL09-6336,6,42999,12029
15509,12028-10184,1S-MH-MU-ZNT-CL09-6336,1S-MH-MU-ZNT-CL09-6171,7,12028,10184
15509,7731-26349,NAN,1S-MH-MU-ZNT-CL09-6936,3.1,7731,26349
15509,15229-7729,1S-MH-MU-ZNT-CL09-6123,1S-MH-MU-ZNT-CL09-6596,2.1,15229,7729
15510,15510-36989,1S-MH-MU-ZNT-RSTN-DAHI,1S-MH-MU-ZNT-CL09-7436,1,15510,36989
15510,36987-12201,1S-MH-MU-ZNT-CL09-7436,1S-MH-MU-ZNT-CL09-6295,2,36987,12201
15510,12200-9473,1S-MH-MU-ZNT-CL09-6295,1S-MH-MU-ZNT-CL09-6663,3,12200,9473
15510,9474-15741,1S-MH-MU-ZNT-CL09-6663,1S-MH-MU-ZNT-CL09-6553,4,9474,15741
15510,15740-12682,1S-MH-MU-ZNT-CL09-6553,1S-MH-MU-ZNT-CL01-6144,5,15740,12682
15510,12680-7690,1S-MH-MU-ZNT-CL01-6144,1S-MH-MU-ZNT-CL01-6145,6,12680,7690
15510,7691-36187,1S-MH-MU-ZNT-CL01-6145,1S-MH-MU-ZNT-CL01-7451,7,7691,36187
26443,26443-29535,1S-MH-MU-ZNT-RSTN-DEVI,1S-MH-MU-ZNT-CL05-7004,1,26443,29535
26443,29533-34268,1S-MH-MU-ZNT-CL05-7004,1S-MH-MU-ZNT-CL05-7375,2,29533,34268
26443,34270-30903,1S-MH-MU-ZNT-CL05-7375,1S-MH-MU-ZNT-CL05-7121,3,34270,30903
26443,30905-39386,1S-MH-MU-ZNT-CL05-7121,1S-MH-MU-ZNT-CL05-7603,4,30905,39386
26443,39387-41813,1S-MH-MU-ZNT-CL05-7603,1S-MH-MU-ZNT-CL05-7970,5,39387,41813
26443,41815-6200,1S-MH-MU-ZNT-CL05-7970,1S-MH-MU-ZNT-CL05-6379,6,41815,6200
26443,6198-18381,1S-MH-MU-ZNT-CL05-6379,1S-MH-MU-ZNT-CL05-6335,7,6198,18381
26443,41814-38552,1S-MH-MU-ZNT-CL05-7970,1S-MH-MU-ZNT-CL05-7810,5.1,41814,38552
26445,26445-13563,1S-MH-MU-ZNT-RSTN-DEVI,1S-MH-MU-ZNT-CL08-6562,1,26445,13563
26445,13564-42330,1S-MH-MU-ZNT-CL08-6562,1S-MH-MU-ZNT-CL08-6771,2,13564,42330
26445,16311-9620,1S-MH-MU-ZNT-CL08-6771,1S-MH-MU-ZNT-CL08-6194,3,16311,9620
26445,9619-34221,1S-MH-MU-ZNT-CL08-6194,1S-MH-MU-ZNT-CL08-7247,4,9619,34221
26445,34219-7041,1S-MH-MU-ZNT-CL08-7247,1S-MH-MU-ZNT-CL08-6387,5,34219,7041
26445,7879-9274,1S-MH-MU-ZNT-CL08-6387,1S-MH-MU-ZNT-CL08-6763,6,7879,9274
26445,9273-34617,1S-MH-MU-ZNT-CL08-6763,1S-MH-MU-ZNT-CL08-7346,7,9273,34617
26445,9621-31936,1S-MH-MU-ZNT-CL08-6194,1S-MH-MU-ZNT-CL08-7231,3.1,9621,31936
26445,16313-25811,1S-MH-MU-ZNT-CL08-6771,1S-MH-MU-ZNT-CL08-6912,2.1,16313,25811
26445,25813-36982,1S-MH-MU-ZNT-CL08-6912,1S-MH-MU-ZNT-CL08-6070,2.2,25813,36982
26448,26448-34537,1S-MH-MU-ZNT-RSTN-DEVI,1S-MH-MU-ZNT-CL08-7332,1,26448,34537
26449,26449-CAP BANK,1S-MH-MU-ZNT-RSTN-DEVI,1S-MH-MU-ZNT-RSTN-DEVI,1,26449,CAP BANK
26446,26446-38867,1S-MH-MU-ZNT-RSTN-DEVI,1S-MH-MU-ZNT-CL08-6541,1,26446,38867
26446,38869-36063,1S-MH-MU-ZNT-CL08-6541,1S-MH-MU-ZNT-CL05-6408,2,38869,36063
26446,36066-43241,1S-MH-MU-ZNT-CL05-6408,1S-MH-MU-ZNT-CL05-7866,3,36066,43241
26446,43242-16127,1S-MH-MU-ZNT-CL05-7866,1S-MH-MU-ZNT-CL05-6736,4,43242,16127
26446,36064-6695,1S-MH-MU-ZNT-CL05-6408,1S-MH-MU-ZNT-CL05-6410,2.1,36064,6695
26447,26447-31077,1S-MH-MU-ZNT-RSTN-DEVI,1S-MH-MU-ZNT-CL08-7135,1,26447,31077
26447,31076-4839,1S-MH-MU-ZNT-CL08-7135,1S-MH-MU-ZNT-CL05-6414,2,31076,4839
26447,4841-35614,1S-MH-MU-ZNT-CL05-6414,1S-MH-MU-ZNT-CL08-7539,3,4841,35614
26447,35612-28530,1S-MH-MU-ZNT-CL08-7539,1S-MH-MU-ZNT-CL08-6972,4,35612,28530
26447,28532-31877,1S-MH-MU-ZNT-CL08-6972,1S-MH-MU-ZNT-CL08-7096,5,28532,31877
26447,31879-43490,1S-MH-MU-ZNT-CL08-7096,1S-MH-MU-ZNT-CL08-9910,6,31879,43490
26447,43488-18777,1S-MH-MU-ZNT-CL08-9910,1S-MH-MU-ZNT-CL08-6008,7,43488,18777
26454,26454-15933,1S-MH-MU-ZNT-RSTN-DEVI,1S-MH-MU-ZNT-CL08-6778,1,26454,15933
26454,15935-17552,1S-MH-MU-ZNT-CL08-6778,1S-MH-MU-ZNT-CL08-6549,2,15935,17552
26454,17550-10102,1S-MH-MU-ZNT-CL08-6549,1S-MH-MU-ZNT-CL07-6352,3,17550,10102
26454,10104-42588,1S-MH-MU-ZNT-CL07-6352,1S-MH-MU-ZNT-CL05-6409,4,10104,42588
26454,14928-14047,1S-MH-MU-ZNT-CL05-6409,1S-MH-MU-ZNT-CL08-6733,5,14928,14047
26454,14045-5093,1S-MH-MU-ZNT-CL08-6733,1S-MH-MU-ZNT-CL08-6012,6,14045,5093
26454,5092-37131,1S-MH-MU-ZNT-CL08-6012,1S-MH-MU-ZNT-CL08-7745,7,5092,37131
26456,26456-36815,1S-MH-MU-ZNT-RSTN-DEVI,1S-MH-MU-ZNT-CL08-6074,1,26456,36815
26456,36814-16523,1S-MH-MU-ZNT-CL08-6074,1S-MH-MU-ZNT-CL08-6721,2,36814,16523
26456,16524-31044,1S-MH-MU-ZNT-CL08-6721,1S-MH-MU-ZNT-CL08-7100,3,16524,31044
26456,31046-30218,1S-MH-MU-ZNT-CL08-7100,1S-MH-MU-ZNT-CL08-7099,4,31046,30218
26456,30220-26991,1S-MH-MU-ZNT-CL08-7099,1S-MH-MU-ZNT-CL08-6957,5,30220,26991
26456,26993-40381,1S-MH-MU-ZNT-CL08-6957,1S-MH-MU-ZNT-CL07-7915,6,26993,40381
26456,40382-37485,1S-MH-MU-ZNT-CL07-7915,1S-MH-MU-ZNT-CL08-7600,7,40382,37485
26456,37486-5238,1S-MH-MU-ZNT-CL08-7600,1S-MH-MU-ZNT-CL08-6080,8,37486,5238
26456,5237-37453,1S-MH-MU-ZNT-CL08-6080,1S-MH-MU-ZNT-CL08-7536,9,5237,37453
26456,36816-6718,1S-MH-MU-ZNT-CL08-6074,1S-MH-MU-ZNT-CL08-6265,1.1,36816,6718
26456,6719-19190,1S-MH-MU-ZNT-CL08-6265,1S-MH-MU-ZNT-CL08-6851,1.2,6719,19190
26456,19188-36070,1S-MH-MU-ZNT-CL08-6851,1S-MH-MU-ZNT-CL08-7523,1.3,19188,36070
26456,36068-19295,1S-MH-MU-ZNT-CL08-7523,1S-MH-MU-ZNT-CL08-6855,1.4,36068,19295
26457,26457-34247,1S-MH-MU-ZNT-RSTN-DEVI,1S-MH-MU-ZNT-CL05-6736,1,26457,34247
26457,16128-12653,1S-MH-MU-ZNT-CL05-6736,1S-MH-MU-ZNT-CL05-6301,2,16128,12653
26457,12655-34278,1S-MH-MU-ZNT-CL05-6301,1S-MH-MU-ZNT-CL05-7373,3,12655,34278
26457,34280-7291,1S-MH-MU-ZNT-CL05-7373,1S-MH-MU-ZNT-CL05-6299,4,34280,7291
26457,7290-17383,1S-MH-MU-ZNT-CL05-6299,1S-MH-MU-ZNT-CL05-6302,5,7290,17383
26457,17382-42778,1S-MH-MU-ZNT-CL05-6302,1S-MH-MU-ZNT-CL05-7937,6,17382,42778
26457,42779-17406,1S-MH-MU-ZNT-CL05-7937,1S-MH-MU-ZNT-CL05-6297,7,42779,17406
26457,17408-37159,1S-MH-MU-ZNT-CL05-6297,1S-MH-MU-ZNT-CL05-7724,8,17408,37159
26458,26458-9355,1S-MH-MU-ZNT-RSTN-DEVI,1S-MH-MU-ZNT-CL08-6154,1,26458,9355
26458,9357-40390,1S-MH-MU-ZNT-CL08-6154,1S-MH-MU-ZNT-CL08-7839,2,9357,40390
26458,40391-39333,1S-MH-MU-ZNT-CL08-7839,1S-MH-MU-ZNT-CL05-7525,3,40391,39333
26458,39332-13445,1S-MH-MU-ZNT-CL05-7525,1S-MH-MU-ZNT-CL05-6385,4,39332,13445
26458,13444-15789,1S-MH-MU-ZNT-CL05-6385,1S-MH-MU-ZNT-CL05-6079,5,13444,15789
26458,15787-15790,1S-MH-MU-ZNT-CL05-6079,1S-MH-MU-ZNT-CL05-6391,6,15787,15790
26458,15791-30979,1S-MH-MU-ZNT-CL05-6391,1S-MH-MU-ZNT-CL05-7036,7,15791,30979
26458,30980-37500,1S-MH-MU-ZNT-CL05-7036,1S-MH-MU-ZNT-CL05-7521,8,30980,37500
26458,37502-34323,1S-MH-MU-ZNT-CL05-7521,1S-MH-MU-ZNT-CL05-7395,9,37502,34323
26458,34325-17423,1S-MH-MU-ZNT-CL05-7395,1S-MH-MU-ZNT-CL05-6782,10,34325,17423
26458,17422-11821,1S-MH-MU-ZNT-CL05-6782,1S-MH-MU-ZNT-CL05-6230,11,17422,11821
26458,11819-37285,1S-MH-MU-ZNT-CL05-6230,1S-MH-MU-ZNT-CL05-7752,12,11819,37285
26458,37286-30511,1S-MH-MU-ZNT-CL05-7752,1S-MH-MU-ZNT-CL05-6864,13,37286,30511
26458,15788-11559,1S-MH-MU-ZNT-CL05-6079,1S-MH-MU-ZNT-CL05-6665,5.1,15788,11559
26458,39425-HTCONSUMER,1S-MH-MU-ZNT-CL05-6079,NAN,5.2,39425,HTCONSUMER
26458,13443-41524,1S-MH-MU-ZNT-CL05-6385,1S-MH-MU-ZNT-CL08-7884,4.1,13443,41524
26458,9356-7040,1S-MH-MU-ZNT-CL08-6154,1S-MH-MU-ZNT-CL08-6387,1.1,9356,7040
26459,26459-CAP BANK,1S-MH-MU-ZNT-RSTN-DEVI,1S-MH-MU-ZNT-RSTN-DEVI,1,26459,CAP BANK
35413,35413-17045,1S-MH-MU-ZNT-RSTN-DEVI,1S-MH-MU-ZNT-CL08-6490,1,35413,17045
35413,17047-34440,1S-MH-MU-ZNT-CL08-6490,1S-MH-MU-ZNT-CL05-7369,2,17047,34440
35413,34442-32111,1S-MH-MU-ZNT-CL05-7369,1S-MH-MU-ZNT-CL05-6409,3,34442,32111
35413,14926-16916,1S-MH-MU-ZNT-CL05-6409,1S-MH-MU-ZNT-CL08-6069,4,14926,16916
35413,16918-29345,1S-MH-MU-ZNT-CL08-6069,1S-MH-MU-ZNT-CL05-7014,5,16918,29345
35413,29346-847,1S-MH-MU-ZNT-CL05-7014,1S-MH-MU-ZNT-CL08-6076,6,29346,847
35413,2054-16270,1S-MH-MU-ZNT-CL08-6076,1S-MH-MU-ZNT-CL08-6007,7,2054,16270
35413,16268-30754,1S-MH-MU-ZNT-CL08-6007,1S-MH-MU-ZNT-CL08-7098,8,16268,30754
35413,30752-35539,1S-MH-MU-ZNT-CL08-7098,1S-MH-MU-ZNT-CL08-7489,9,30752,35539
35413,35538-2799,1S-MH-MU-ZNT-CL08-7489,1S-MH-MU-ZNT-CL08-6193,10,35538,2799
35413,845-16351,1S-MH-MU-ZNT-CL08-6076,1S-MH-MU-ZNT-CL08-6136,6.1,845,16351
35413,16349-37451,1S-MH-MU-ZNT-CL08-6136,1S-MH-MU-ZNT-CL08-7536,6.2,16349,37451
35413,14927-HTCONSUMER,1S-MH-MU-ZNT-CL05-6409,NAN,3.1,14927,HTCONSUMER
35414,35414-6817,1S-MH-MU-ZNT-RSTN-DEVI,1S-MH-MU-ZNT-CL08-6603,1,35414,6817
35414,32930-37376,1S-MH-MU-ZNT-CL08-6603,1S-MH-MU-ZNT-CL01-6801,2,32930,37376
35414,9596-7893,1S-MH-MU-ZNT-CL01-6801,1S-MH-MU-ZNT-CL01-6206,3,9596,7893
35414,7895-756,1S-MH-MU-ZNT-CL01-6206,1S-MH-MU-ZNT-CL01-6071,4,7895,756
35414,757-19066,1S-MH-MU-ZNT-CL01-6071,1S-MH-MU-ZNT-CL01-6842,5,757,19066
35414,7895-2798,1S-MH-MU-ZNT-CL01-6206,1S-MH-MU-ZNT-CL08-6193,3.1,7895,2798
35414,37375-40715,1S-MH-MU-ZNT-CL01-6801,1S-MH-MU-ZNT-CL01-7852,2.1,37375,40715
35414,40714-41934,1S-MH-MU-ZNT-CL01-7852,1S-MH-MU-ZNT-CL01-7850,2.2,40714,41934
35414,41933-36577,1S-MH-MU-ZNT-CL01-7850,1S-MH-MU-ZNT-CL01-6141,2.3,41933,36577
35414,7142-12416,1S-MH-MU-ZNT-CL08-6603,1S-MH-MU-ZNT-CL01-6452,1.1,7142,12416
35414,12414-7275,1S-MH-MU-ZNT-CL01-6452,1S-MH-MU-ZNT-CL01-6231,1.2,12414,7275
35414,7143-34251,1S-MH-MU-ZNT-CL08-6603,1S-MH-MU-ZNT-CL08-7230,1.2,7143,34251
35414,16303-10171,1S-MH-MU-ZNT-CL08-6603,1S-MH-MU-ZNT-CL05-6641,1.3,16303,10171
35415,35415-37003,1S-MH-MU-ZNT-RSTN-DEVI,1S-MH-MU-ZNT-CL08-6179,1,35415,37003
35415,37002-9167,1S-MH-MU-ZNT-CL08-6179,1S-MH-MU-ZNT-CL08-6029,2,37002,9167
35415,9166-36807,1S-MH-MU-ZNT-CL08-6029,1S-MH-MU-ZNT-CL08-7586,3,9166,36807
35415,36809-31125,1S-MH-MU-ZNT-CL08-7586,1S-MH-MU-ZNT-CL08-7228,4,36809,31125
35415,31123-34564,1S-MH-MU-ZNT-CL08-7228,1S-MH-MU-ZNT-CL08-7335,5,31123,34564
35415,34566-42267,1S-MH-MU-ZNT-CL08-7335,1S-MH-MU-ZNT-CL08-6516,6,34566,42267
35415,14050-42265,1S-MH-MU-ZNT-CL08-6516,1S-MH-MU-ZNT-CL08-6156,7,14050,42265
35415,42263-37528,1S-MH-MU-ZNT-CL08-6156,1S-MH-MU-ZNT-CL08-7719,8,42263,37528
35415,37526-17231,1S-MH-MU-ZNT-CL08-7719,1S-MH-MU-ZNT-CL08-6475,9,37526,17231
35415,42264-34844,1S-MH-MU-ZNT-CL08-6156,1S-MH-MU-ZNT-CL07-7433,7.1,42264,34844
35415,37004-31178,1S-MH-MU-ZNT-CL08-6179,1S-MH-MU-ZNT-CL08-6573,1.1,37004,31178
35415,31177-31934,1S-MH-MU-ZNT-CL08-6573,1S-MH-MU-ZNT-CL08-7231,1.2,31177,31934
35416,35416-13658,1S-MH-MU-ZNT-RSTN-DEVI,1S-MH-MU-ZNT-CL08-6153,1,35416,13658
35416,9112-6655,1S-MH-MU-ZNT-CL08-6153,1S-MH-MU-ZNT-CL08-6518,2,9112,6655
35416,9044-37596,1S-MH-MU-ZNT-CL08-6518,1S-MH-MU-ZNT-CL07-6571,3,9044,37596
35416,37594-34261,1S-MH-MU-ZNT-CL07-6571,1S-MH-MU-ZNT-CL07-6891,4,37594,34261
35416,34263-10616,1S-MH-MU-ZNT-CL07-6891,1S-MH-MU-ZNT-CL07-6383,5,34263,10616
35416,10618-10723,1S-MH-MU-ZNT-CL07-6383,1S-MH-MU-ZNT-CL07-6305,6,10618,10723
35416,10721-2660,1S-MH-MU-ZNT-CL07-6305,1S-MH-MU-ZNT-CL07-6075,7,10721,2660
35416,6658-31615,1S-MH-MU-ZNT-CL08-6518,1S-MH-MU-ZNT-CL08-7264,2.1,6658,31615
35416,31613-34253,1S-MH-MU-ZNT-CL08-7264,1S-MH-MU-ZNT-CL08-7230,2.2,31613,34253
35416,6656-10103,1S-MH-MU-ZNT-CL08-6518,1S-MH-MU-ZNT-CL07-6352,2.2,6656,10103
35416,9110-36553,1S-MH-MU-ZNT-CL08-6153,1S-MH-MU-ZNT-CL08-7143,1.1,9110,36553
35416,30284-9048,1S-MH-MU-ZNT-CL08-7143,1S-MH-MU-ZNT-CL05-6381,1.2,30284,9048
35416,9051-44111,1S-MH-MU-ZNT-CL05-6381,1S-MH-MU-ZNT-CL05-7989,1.3,9051,44111
35416,44110-5013,1S-MH-MU-ZNT-CL05-7989,1S-MH-MU-ZNT-CL05-6380,1.4,44110,5013
35416,9049-18379,1S-MH-MU-ZNT-CL05-6381,1S-MH-MU-ZNT-CL05-6335,1.2.1,9049,18379
35416,30286-HTCONSUMER,1S-MH-MU-ZNT-CL08-7143,NAN,1.1.1,30286,HTCONSUMER
35417,35417-38932,1S-MH-MU-ZNT-RSTN-DEVI,1S-MH-MU-ZNT-CL08-7633,1,35417,38932
35417,38931-36980,1S-MH-MU-ZNT-CL08-7633,1S-MH-MU-ZNT-CL08-6070,2,38931,36980
35417,13315-19330,1S-MH-MU-ZNT-CL08-6070,1S-MH-MU-ZNT-CL05-6835,3,13315,19330
35417,19332-15619,1S-MH-MU-ZNT-CL05-6835,1S-MH-MU-ZNT-CL08-6406,4,19332,15619
35417,15618-5015,1S-MH-MU-ZNT-CL08-6406,1S-MH-MU-ZNT-CL05-6380,5,15618,5015
35417,9761-38244,1S-MH-MU-ZNT-CL05-6380,1S-MH-MU-ZNT-CL05-6324,6,9761,38244
35417,38242-31946,1S-MH-MU-ZNT-CL05-6324,1S-MH-MU-ZNT-CL05-7220,7,38242,31946
35417,31944-17873,1S-MH-MU-ZNT-CL05-7220,1S-MH-MU-ZNT-CL05-6607,8,31944,17873
35417,17871-10390,1S-MH-MU-ZNT-CL05-6607,1S-MH-MU-ZNT-CL05-6300,9,17871,10390
35417,10387-38146,1S-MH-MU-ZNT-CL05-6300,1S-MH-MU-ZNT-CL05-7578,10,10387,38146
35417,38145-11557,1S-MH-MU-ZNT-CL05-7578,1S-MH-MU-ZNT-CL05-6665,11,38145,11557
35417,10388-35281,1S-MH-MU-ZNT-CL05-6300,1S-MH-MU-ZNT-CL05-7388,9.1,10388,35281
35417,35282-7293,1S-MH-MU-ZNT-CL05-7388,1S-MH-MU-ZNT-CL05-6299,9.2,35282,7293
35418,35418-37925,1S-MH-MU-ZNT-RSTN-DEVI,1S-MH-MU-ZNT-CL08-7770,1,35418,37925
35418,37924-15306,1S-MH-MU-ZNT-CL08-7770,1S-MH-MU-ZNT-CL08-6013,2,37924,15306
35418,18895-14744,1S-MH-MU-ZNT-CL08-6013,1S-MH-MU-ZNT-CL08-6096,3,18895,14744
35418,14743-37487,1S-MH-MU-ZNT-CL08-6096,1S-MH-MU-ZNT-CL08-7600,4,14743,37487
35419,35419-CAP BANK,1S-MH-MU-ZNT-RSTN-DEVI,1S-MH-MU-ZNT-RSTN-DEVI,1,35419,CAP BANK
25790,25790-19978,1S-MH-MU-ZCT-RSTN-DIND,1S-MH-MU-ZCT-CL08-4911,1,25790,19978
25790,19980-18189,1S-MH-MU-ZCT-CL08-4911,1S-MH-MU-ZCT-CL08-4116,2,19980,18189
25790,18188-29122,1S-MH-MU-ZCT-CL08-4116,1S-MH-MU-ZCT-CL08-4505,3,18188,29122
25791,25791-13508,1S-MH-MU-ZCT-RSTN-DIND,1S-MH-MU-ZCT-CL09-4445,1,25791,13508
25791,30629-25719,1S-MH-MU-ZCT-CL09-4445,1S-MH-MU-ZCT-CL09-4393,2,30629,25719
25791,25721-40155,1S-MH-MU-ZCT-CL09-4393,1S-MH-MU-ZCT-CL09-5387,3,25721,40155
25791,40154-35193,1S-MH-MU-ZCT-CL09-5387,1S-MH-MU-ZCT-CL09-5275,4,40154,35193
25791,35191-42504,1S-MH-MU-ZCT-CL09-5275,1S-MH-MU-ZCT-CL09-5636,5,35191,42504
25791,42503-9261,1S-MH-MU-ZCT-CL09-5636,1S-MH-MU-ZCT-CL09-4394,6,42503,9261
25791,9262-10258,1S-MH-MU-ZCT-CL09-4394,1S-MH-MU-ZCT-CL09-4392,7,9262,10258
25791,40450-7145,1S-MH-MU-ZCT-CL09-5387,1S-MH-MU-ZCT-CL09-4163,3.1,40450,7145
25791,5215-43058,1S-MH-MU-ZCT-CL09-4445,1S-MH-MU-ZCT-CL09-5730,1.1,5215,43058
25791,43057-4077,1S-MH-MU-ZCT-CL09-5730,1S-MH-MU-ZCT-CL09-4088,1.2,43057,4077
25791,16515-35656,1S-MH-MU-ZCT-CL09-4088,1S-MH-MU-ZCT-CL09-5313,1.3,16515,35656
25791,35658-12345,1S-MH-MU-ZCT-CL09-5313,1S-MH-MU-ZCT-CL10-4164,1.4,35658,12345
25791,25791-43956,1S-MH-MU-ZCT-RSTN-DIND,1S-MH-MU-ZCT-CL09-5276,2,25791,43956
25791,44003-13508,1S-MH-MU-ZCT-CL09-5276,1S-MH-MU-ZCT-CL09-4445,3,44003,13508
25791,30629-25719,1S-MH-MU-ZCT-CL09-4445,1S-MH-MU-ZCT-CL09-4393,4,30629,25719
25791,25721-40155,1S-MH-MU-ZCT-CL09-4393,1S-MH-MU-ZCT-CL09-5387,5,25721,40155
25791,40154-35193,1S-MH-MU-ZCT-CL09-5387,1S-MH-MU-ZCT-CL09-5275,6,40154,35193
25791,35191-42504,1S-MH-MU-ZCT-CL09-5275,1S-MH-MU-ZCT-CL09-5636,7,35191,42504
25791,42503-9261,1S-MH-MU-ZCT-CL09-5636,1S-MH-MU-ZCT-CL09-4394,8,42503,9261
25791,9262-10258,1S-MH-MU-ZCT-CL09-4394,1S-MH-MU-ZCT-CL09-4392,9,9262,10258
25791,40450-7145,1S-MH-MU-ZCT-CL09-5387,1S-MH-MU-ZCT-CL09-4163,5.1,40450,7145
25791,5215-43058,1S-MH-MU-ZCT-CL09-4445,1S-MH-MU-ZCT-CL09-5730,3.2,5215,43058
25791,43057-4077,1S-MH-MU-ZCT-CL09-5730,1S-MH-MU-ZCT-CL09-4088,3.3,43057,4077
25791,16515-35656,1S-MH-MU-ZCT-CL09-4088,1S-MH-MU-ZCT-CL09-5313,3.4,16515,35656
25791,35658-12345,1S-MH-MU-ZCT-CL09-5313,1S-MH-MU-ZCT-CL10-4164,3.5,35658,12345
25793,25793-32232,1S-MH-MU-ZCT-RSTN-DIND,1S-MH-MU-ZCT-CL07-5162,1,25793,32232
25793,32236-32657,1S-MH-MU-ZCT-CL07-5162,1S-MH-MU-ZCT-CL08-4888,2,32236,32657
25793,32655-30970,1S-MH-MU-ZCT-CL08-4888,1S-MH-MU-ZCT-CL08-5125,3,32655,30970
25793,30968-30453,1S-MH-MU-ZCT-CL08-5125,1S-MH-MU-ZCT-CL08-4925,4,30968,30453
25793,30969-HTCONSUMER,1S-MH-MU-ZCT-CL08-5125,NAN,3.1,30969,HTCONSUMER
25793,41834-41830,1S-MH-MU-ZCT-CL08-4888,1S-MH-MU-ZCT-CL08-4305,2.1,41834,41830
25793,32236-31548,1S-MH-MU-ZCT-CL07-5162,1S-MH-MU-ZCT-CL08-5108,1.1,32236,31548
25793,30361-28771,1S-MH-MU-ZCT-CL08-5108,1S-MH-MU-ZCT-CL08-5039,1.2,30361,28771
25793,32233-HTCONSUMER,1S-MH-MU-ZCT-CL07-5162,NAN,1.2,32233,HTCONSUMER
25793,32235-HTCONSUMER,1S-MH-MU-ZCT-CL07-5162,NAN,1.3,32235,HTCONSUMER
25795,25795-35135,1S-MH-MU-ZCT-RSTN-DIND,1S-MH-MU-ZCT-CL08-5267,1,25795,35135
25795,35133-32951,1S-MH-MU-ZCT-CL08-5267,1S-MH-MU-ZCT-CL08-5187,2,35133,32951
25795,32949-32092,1S-MH-MU-ZCT-CL08-5187,1S-MH-MU-ZCT-CL08-5158,3,32949,32092
25795,32093-6878,1S-MH-MU-ZCT-CL08-5158,1S-MH-MU-ZCT-CL08-4259,4,32093,6878
25795,6892-12694,1S-MH-MU-ZCT-CL08-4259,1S-MH-MU-ZCT-CL08-4732,5,6892,12694
25795,12696-18157,1S-MH-MU-ZCT-CL08-4732,1S-MH-MU-ZCT-CL08-4817,6,12696,18157
25795,18158-11551,1S-MH-MU-ZCT-CL08-4817,1S-MH-MU-ZCT-CL08-4186,7,18158,11551
25795,32949-32092,1S-MH-MU-ZCT-CL08-5187,1S-MH-MU-ZCT-CL08-5798,2.1,32949,32092
25795,32950-HTCONSUMER,1S-MH-MU-ZCT-CL08-5187,NAN,2.2,32950,HTCONSUMER
25795,35134-HTCONSUMER,1S-MH-MU-ZCT-CL08-5267,NAN,1.1,35134,HTCONSUMER
25796,25796-5489,1S-MH-MU-ZCT-RSTN-DIND,1S-MH-MU-ZCT-CL08-4196,1,25796,5489
25796,6799-12138,1S-MH-MU-ZCT-CL08-4196,1S-MH-MU-ZCT-CL08-4195,2,6799,12138
25796,12140-13654,1S-MH-MU-ZCT-CL08-4195,1S-MH-MU-ZCT-CL08-4208,3,12140,13654
25796,13656-7169,1S-MH-MU-ZCT-CL08-4208,1S-MH-MU-ZCT-CL08-4112,4,13656,7169
25796,7170-14396,1S-MH-MU-ZCT-CL08-4112,1S-MH-MU-ZCT-CL08-4693,5,7170,14396
25796,14394-26214,1S-MH-MU-ZCT-CL08-4693,1S-MH-MU-ZCT-CL07-4956,6,14394,26214
25796,26175-34189,1S-MH-MU-ZCT-CL07-4956,1S-MH-MU-ZCT-CL08-5198,7,26175,34189
25796,34190-36453,1S-MH-MU-ZCT-CL08-5198,1S-MH-MU-ZCT-CL08-5451,8,34190,36453
25796,34190-43782,1S-MH-MU-ZCT-CL08-5198,1S-MH-MU-ZCT-CL08-4198,7.1,34190,43782
25796,12137-26133,1S-MH-MU-ZCT-CL08-4195,1S-MH-MU-ZCT-CL08-4192,2.1,12137,26133
25796,5488-28707,1S-MH-MU-ZCT-CL08-4196,1S-MH-MU-ZCT-CL08-5025,1.1,5488,28707
25796,28708-35615,1S-MH-MU-ZCT-CL08-5025,1S-MH-MU-ZCT-CL08-5237,1.2,28708,35615
25796,25796-38919,1S-MH-MU-ZCT-RSTN-DIND,1S-MH-MU-ZCT-CL08-5577,2,25796,38919
25796,38918-40122,1S-MH-MU-ZCT-CL08-5577,1S-MH-MU-ZCT-CL09-5697,3,38918,40122
25796,40121-40638,1S-MH-MU-ZCT-CL09-5697,1S-MH-MU-ZCT-CL09-4578,4,40121,40638
25796,40640-19768,1S-MH-MU-ZCT-CL09-4578,1S-MH-MU-ZCT-CL08-4895,5,40640,19768
25796,19770-11177,1S-MH-MU-ZCT-CL08-4895,1S-MH-MU-ZCT-CL08-4408,6,19770,11177
25797,25797-CAP BANK,1S-MH-MU-ZCT-RSTN-DIND,1S-MH-MU-ZCT-RSTN-DIND,1,25797,CAP BANK
40917,40917-28770,1S-MH-MU-ZCT-RSTN-DIND,1S-MH-MU-ZCT-CL08-5039,1,40917,28770
40917,28773-HTCONSUMER,1S-MH-MU-ZCT-CL08-5039,NAN,2,28773,HTCONSUMER
40918,40918-10329,1S-MH-MU-ZCT-RSTN-DIND,1S-MH-MU-ZCT-CL08-4191,1,40918,10329
40918,10327-12628,1S-MH-MU-ZCT-CL08-4191,1S-MH-MU-ZCT-CL08-4818,2,10327,12628
40918,12626-12979,1S-MH-MU-ZCT-CL08-4818,1S-MH-MU-ZCT-CL08-4489,3,12626,12979
40918,12977-17042,1S-MH-MU-ZCT-CL08-4489,1S-MH-MU-ZCT-CL08-4819,4,12977,17042
40918,17044-13581,1S-MH-MU-ZCT-CL08-4819,1S-MH-MU-ZCT-CL08-4305,5,17044,13581
40918,41641-DT,1S-MH-MU-ZCT-CL08-4489,NAN,3.1,41641,DT
40920,40920-38093,1S-MH-MU-ZCT-RSTN-DIND,1S-MH-MU-ZCT-CL08-5539,1,40920,38093
40920,38092-34622,1S-MH-MU-ZCT-CL08-5539,1S-MH-MU-ZCT-CL08-5224,2,38092,34622
40920,34620-35616,1S-MH-MU-ZCT-CL08-5224,1S-MH-MU-ZCT-CL08-5237,3,34620,35616
40920,35617-37714,1S-MH-MU-ZCT-CL08-5237,1S-MH-MU-ZCT-CL08-5328,4,35617,37714
40920,37716-17633,1S-MH-MU-ZCT-CL08-5328,1S-MH-MU-ZCT-CL08-4142,5,37716,17633
40920,17634-34242,1S-MH-MU-ZCT-CL08-4142,1S-MH-MU-ZCT-CL08-4141,6,17634,34242
40920,2428-42029,1S-MH-MU-ZCT-CL08-4141,1S-MH-MU-ZCT-CL09-5734,7,2428,42029
40920,42028-37547,1S-MH-MU-ZCT-CL09-5734,1S-MH-MU-ZCT-CL08-5371,8,42028,37547
40920,37545-5101,1S-MH-MU-ZCT-CL08-5371,1S-MH-MU-ZCT-CL08-4345,9,37545,5101
40920,2429-11252,1S-MH-MU-ZCT-CL08-4141,1S-MH-MU-ZCT-CL08-4772,6.1,2429,11252
40920,34697-40233,1S-MH-MU-ZCT-CL08-4142,1S-MH-MU-ZCT-CL08-5708,5.1,34697,40233
40920,41301-DT,1S-MH-MU-ZCT-CL08-5539,NAN,1.1,41301,DT
40921,40921-4864,1S-MH-MU-ZCT-RSTN-DIND,1S-MH-MU-ZCT-CL08-4574,1,40921,4864
40921,4863-7877,1S-MH-MU-ZCT-CL08-4574,1S-MH-MU-ZCT-CL08-4346,2,4863,7877
40921,30435-39159,1S-MH-MU-ZCT-CL08-4346,1S-MH-MU-ZCT-CL08-5663,3,30435,39159
40921,4579-HTCONSUMER,1S-MH-MU-ZCT-CL08-4574,NAN,1.1,4579,HTCONSUMER
40922,40922-29353,1S-MH-MU-ZCT-RSTN-DIND,1S-MH-MU-ZCT-CL08-5062,1,40922,29353
40922,29351-13823,1S-MH-MU-ZCT-CL08-5062,1S-MH-MU-ZCT-CL08-4718,2,29351,13823
40922,13825-11189,1S-MH-MU-ZCT-CL08-4718,1S-MH-MU-ZCT-CL09-4758,3,13825,11189
40922,11188-16252,1S-MH-MU-ZCT-CL09-4758,1S-MH-MU-ZCT-CL08-4562,4,11188,16252
40922,29352-40179,1S-MH-MU-ZCT-CL08-5062,1S-MH-MU-ZCT-CL08-5231,1.1,29352,40179
40922,41351-HTCONSUMER,1S-MH-MU-ZCT-CL08-5062,NAN,1.2,41351,HTCONSUMER
40923,40923-9251,1S-MH-MU-ZCT-RSTN-DIND,1S-MH-MU-ZCT-CL08-4302,1,40923,9251
40923,9249-12397,1S-MH-MU-ZCT-CL08-4302,1S-MH-MU-ZCT-CL08-4603,2,9249,12397
40923,12398-6743,1S-MH-MU-ZCT-CL08-4603,1S-MH-MU-ZCT-CL08-4299,3,12398,6743
40923,6744-12403,1S-MH-MU-ZCT-CL08-4299,1S-MH-MU-ZCT-CL08-4245,4,6744,12403
40923,12404-36189,1S-MH-MU-ZCT-CL08-4245,1S-MH-MU-ZCT-CL08-4301,5,12404,36189
40923,6745-43821,1S-MH-MU-ZCT-CL08-4299,1S-MH-MU-ZCT-CL08-4315,3.1,6745,43821
40924,40924-9710,1S-MH-MU-ZCT-RSTN-DIND,1S-MH-MU-ZCT-CL08-4325,1,40924,9710
40924,12163-36156,1S-MH-MU-ZCT-CL08-4325,1S-MH-MU-ZCT-CL08-4081,2,12163,36156
40924,12823-13354,1S-MH-MU-ZCT-CL08-4325,1S-MH-MU-ZCT-CL08-4505,1.1,12823,13354
40925,40925-6828,1S-MH-MU-ZCT-RSTN-DIND,1S-MH-MU-ZCT-CL08-4187,1,40925,6828
40925,7141-4573,1S-MH-MU-ZCT-CL08-4187,1S-MH-MU-ZCT-CL08-4197,2,7141,4573
40925,4572-40505,1S-MH-MU-ZCT-CL08-4197,1S-MH-MU-ZCT-CL08-5686,3,4572,40505
40925,40504-5587,1S-MH-MU-ZCT-CL08-5686,1S-MH-MU-ZCT-CL08-4670,4,40504,5587
40925,41378-18048,1S-MH-MU-ZCT-CL08-4197,1S-MH-MU-ZCT-CL08-4727,2.1,41378,18048
40925,6827-4577,1S-MH-MU-ZCT-CL08-4187,1S-MH-MU-ZCT-CL08-4663,1.1,6827,4577
40925,4576-26128,1S-MH-MU-ZCT-CL08-4663,1S-MH-MU-ZCT-CL08-4192,1.2,4576,26128
40926,40926-31634,1S-MH-MU-ZCT-RSTN-DIND,1S-MH-MU-ZCT-CL09-4579,1,40926,31634
40926,31633-39597,1S-MH-MU-ZCT-CL09-4579,1S-MH-MU-ZCT-CL08-5677,2,31633,39597
40926,39598-38830,1S-MH-MU-ZCT-CL08-5677,1S-MH-MU-ZCT-CL09-5626,3,39598,38830
40927,40927-16198,1S-MH-MU-ZCT-RSTN-DIND,1S-MH-MU-ZCT-CL08-4080,1,40927,16198
40927,16196-36725,1S-MH-MU-ZCT-CL08-4080,1S-MH-MU-ZCT-CL08-5204,2,16196,36725
40927,36723-16200,1S-MH-MU-ZCT-CL08-5204,1S-MH-MU-ZCT-CL08-4788,3,36723,16200
40927,16199-19702,1S-MH-MU-ZCT-CL08-4788,1S-MH-MU-ZCT-CL08-4891,4,16199,19702
40927,13723-13663,1S-MH-MU-ZCT-CL08-4788,1S-MH-MU-ZCT-CL08-4787,3.1,13723,13663
40928,40928-CAP BANK,1S-MH-MU-ZCT-RSTN-DIND,1S-MH-MU-ZCT-RSTN-DIND,1,40928,CAP BANK
40931,40931-41822,1S-MH-MU-ZCT-RSTN-DIND,1S-MH-MU-ZCT-CL08-5230,1,40931,41822
40931,41821-34908,1S-MH-MU-ZCT-CL08-5230,1S-MH-MU-ZCT-CL08-5231,2,41821,34908
40932,40932-18814,1S-MH-MU-ZCT-RSTN-DIND,1S-MH-MU-ZCT-CL08-4854,1,40932,18814
40932,18815-37790,1S-MH-MU-ZCT-CL08-4854,1S-MH-MU-ZCT-CL08-4505,2,18815,37790
40932,37789-12233,1S-MH-MU-ZCT-CL08-4505,1S-MH-MU-ZCT-CL08-4654,3,37789,12233
40932,12232-7549,1S-MH-MU-ZCT-CL08-4654,1S-MH-MU-ZCT-CL08-4564,4,12232,7549
40932,9426-14666,1S-MH-MU-ZCT-CL08-4564,1S-MH-MU-ZCT-CL08-4721,5,9426,14666
40932,41945-38094,1S-MH-MU-ZCT-CL08-4721,1S-MH-MU-ZCT-CL08-5539,6,41945,38094
40932,12234-39216,1S-MH-MU-ZCT-CL08-4654,1S-MH-MU-ZCT-CL08-5578,3.1,12234,39216
40932,39215-35107,1S-MH-MU-ZCT-CL08-5578,1S-MH-MU-ZCT-CL08-5261,3.2,39215,35107
40932,35105-12236,1S-MH-MU-ZCT-CL08-5261,1S-MH-MU-ZCT-CL08-4565,3.3,35105,12236
40932,18813-18816,1S-MH-MU-ZCT-CL08-4854,1S-MH-MU-ZCT-CL08-4855,1.1,18813,18816
40932,18817-11418,1S-MH-MU-ZCT-CL08-4855,1S-MH-MU-ZCT-CL08-4740,1.2,18817,11418
40934,40934-6518,1S-MH-MU-ZCT-RSTN-DIND,1S-MH-MU-ZCT-CL08-4557,1,40934,6518
40934,6519-11552,1S-MH-MU-ZCT-CL08-4557,1S-MH-MU-ZCT-CL08-4186,2,6519,11552
40934,11553-30525,1S-MH-MU-ZCT-CL08-4186,1S-MH-MU-ZCT-CL08-5115,3,11553,30525
40934,30524-17197,1S-MH-MU-ZCT-CL08-5115,1S-MH-MU-ZCT-CL08-4185,4,30524,17197
40934,17199-13664,1S-MH-MU-ZCT-CL08-4185,1S-MH-MU-ZCT-CL08-4787,5,17199,13664
40934,30526-HTCONSUMER,1S-MH-MU-ZCT-CL08-5115,NAN,3.1,30526,HTCONSUMER
40934,16595-28629,1S-MH-MU-ZCT-CL08-4186,1S-MH-MU-ZCT-CL08-4891,2.1,16595,28629
40935,40935-29797,1S-MH-MU-ZCT-RSTN-DIND,1S-MH-MU-ZCT-CL09-5073,1,40935,29797
40935,29793-10246,1S-MH-MU-ZCT-CL09-5073,1S-MH-MU-ZCT-CL08-4391,2,29793,10246
40935,10248-26818,1S-MH-MU-ZCT-CL08-4391,1S-MH-MU-ZCT-CL08-4985,3,10248,26818
40935,26816-7876,1S-MH-MU-ZCT-CL08-4985,1S-MH-MU-ZCT-CL08-4346,4,26816,7876
40935,29798-44220,1S-MH-MU-ZCT-CL09-5073,1S-MH-MU-ZCT-CL08-5692,1.1,29798,44220
40935,44217-38249,1S-MH-MU-ZCT-CL08-5692,1S-MH-MU-ZCT-CL09-4563,1.2,44217,38249
40935,29794-39158,1S-MH-MU-ZCT-CL09-5073,1S-MH-MU-ZCT-CL08-5663,1.2,29794,39158
40935,29796-9263,1S-MH-MU-ZCT-CL09-5073,1S-MH-MU-ZCT-CL09-4394,1.3,29796,9263
40936,40936-11109,1S-MH-MU-ZCT-RSTN-DIND,1S-MH-MU-ZCT-CL08-4796,1,40936,11109
40936,11108-10349,1S-MH-MU-ZCT-CL08-4796,1S-MH-MU-ZCT-CL08-4749,2,11108,10349
40936,10347-12658,1S-MH-MU-ZCT-CL08-4749,1S-MH-MU-ZCT-CL08-4750,3,10347,12658
40936,12657-10050,1S-MH-MU-ZCT-CL08-4750,1S-MH-MU-ZCT-CL08-4301,4,12657,10050
40936,36190-36261,1S-MH-MU-ZCT-CL08-4301,1S-MH-MU-ZCT-CL08-5364,5,36190,36261
40936,36260-42501,1S-MH-MU-ZCT-CL08-5364,1S-MH-MU-ZCT-CL09-5754,6,36260,42501
40936,42500-10030,1S-MH-MU-ZCT-CL09-5754,1S-MH-MU-ZCT-CL08-4315,7,42500,10030
40936,10031-40764,1S-MH-MU-ZCT-CL08-4315,1S-MH-MU-ZCT-CL08-5670,8,10031,40764
40936,40762-39073,1S-MH-MU-ZCT-CL08-5670,1S-MH-MU-ZCT-CL08-5631,9,40762,39073
40936,39074-5408,1S-MH-MU-ZCT-CL08-5631,1S-MH-MU-ZCT-CL08-4345,10,39074,5408
40936,10049-39976,1S-MH-MU-ZCT-CL08-4301,1S-MH-MU-ZCT-CL08-5691,4.1,10049,39976
40937,40937-28465,1S-MH-MU-ZCT-RSTN-DIND,1S-MH-MU-ZCT-CL09-5017,1,40937,28465
40937,28467-7536,1S-MH-MU-ZCT-CL09-5017,1S-MH-MU-ZCT-CL09-4444,2,28467,7536
40938,40938-CAP BANK,1S-MH-MU-ZCT-RSTN-DIND,1S-MH-MU-ZCT-RSTN-DIND,1,40938,CAP BANK
40939,40939-44131,NAN,NAN,1,40939,44131
40939,40939-28555,1S-MH-MU-ZCT-RSTN-DIND,1S-MH-MU-ZCT-CL08-5009,2,40939,28555
40939,28553-26570,1S-MH-MU-ZCT-CL08-5009,1S-MH-MU-ZCT-CL08-4979,3,28553,26570
40939,41917-18486,1S-MH-MU-ZCT-CL08-4979,1S-MH-MU-ZCT-CL08-4248,4,41917,18486
40939,18485-44102,1S-MH-MU-ZCT-CL08-4248,1S-MH-MU-ZCT-CL09-5816,5,18485,44102
40939,44103-25335,1S-MH-MU-ZCT-CL09-5816,1S-MH-MU-ZCT-CL09-4914,6,44103,25335
40939,25337-13542,1S-MH-MU-ZCT-CL09-4914,1S-MH-MU-ZCT-CL09-4582,7,25337,13542
40939,13543-37529,1S-MH-MU-ZCT-CL09-4582,1S-MH-MU-ZCT-CL07-5242,8,13543,37529
40939,37531-14066,1S-MH-MU-ZCT-CL07-5242,1S-MH-MU-ZCT-CL09-4450,9,37531,14066
40939,18487-41683,1S-MH-MU-ZCT-CL08-4248,1S-MH-MU-ZCT-CL09-5729,4.1,18487,41683
40939,26568-9009,1S-MH-MU-ZCT-CL08-4979,1S-MH-MU-ZCT-CL08-4247,3.1,26568,9009
40940,40940-32257,1S-MH-MU-ZCT-RSTN-DIND,1S-MH-MU-ZCT-CL08-4806,1,40940,32257
40940,17591-17088,1S-MH-MU-ZCT-CL08-4806,1S-MH-MU-ZCT-CL08-4081,2,17591,17088
40940,36157-35745,1S-MH-MU-ZCT-CL08-4081,1S-MH-MU-ZCT-CL08-5208,3,36157,35745
40940,35744-11415,1S-MH-MU-ZCT-CL08-5208,1S-MH-MU-ZCT-CL08-4739,4,35744,11415
40940,35743-11416,1S-MH-MU-ZCT-CL08-5208,1S-MH-MU-ZCT-CL08-4740,3.1,35743,11416
40941,40941-10144,1S-MH-MU-ZCT-RSTN-DIND,1S-MH-MU-ZCT-CL08-4190,1,40941,10144
40941,10146-34992,1S-MH-MU-ZCT-CL08-4190,1S-MH-MU-ZCT-CL09-5227,2,10146,34992
40941,34990-18751,1S-MH-MU-ZCT-CL09-5227,1S-MH-MU-ZCT-CL09-4404,3,34990,18751
25588,25588-9941,1S-MH-MU-ZCT-RSTN-ERAN,1S-MH-MU-ZCT-CL06-4678,1,25588,9941
25588,9940-42078,1S-MH-MU-ZCT-CL06-4678,1S-MH-MU-ZCT-CL06-5593,2,9940,42078
25588,42077-25942,1S-MH-MU-ZCT-CL06-5593,1S-MH-MU-ZCT-CL06-4239,3,42077,25942
25588,25943-25947,1S-MH-MU-ZCT-CL06-4239,1S-MH-MU-ZCT-CL06-4947,4,25943,25947
25588,25948-43984,1S-MH-MU-ZCT-CL06-4947,1S-MH-MU-ZCT-CL06-5430,5,25948,43984
25588,43983-38972,1S-MH-MU-ZCT-CL06-5430,1S-MH-MU-ZCT-CL06-5429,6,43983,38972
25588,38973-2564,1S-MH-MU-ZCT-CL06-5429,1S-MH-MU-ZCT-CL06-4429,7,38973,2564
25588,2562-2914,1S-MH-MU-ZCT-CL06-4429,1S-MH-MU-ZCT-CL06-4428,8,2562,2914
25588,9942-HTCONSUMER,1S-MH-MU-ZCT-CL06-4678,NAN,1.1,9942,HTCONSUMER
25591,25591-32384,1S-MH-MU-ZCT-RSTN-ERAN,1S-MH-MU-ZCT-CL06-5172,1,25591,32384
25591,32385-40797,1S-MH-MU-ZCT-CL06-5172,1S-MH-MU-ZCT-CL06-5665,2,32385,40797
25591,40796-4023,1S-MH-MU-ZCT-CL06-5665,1S-MH-MU-ZCT-CL06-4428,3,40796,4023
25591,2915-34852,1S-MH-MU-ZCT-CL06-4428,1S-MH-MU-ZCT-CL06-5248,4,2915,34852
25591,34854-27035,1S-MH-MU-ZCT-CL06-5248,1S-MH-MU-ZCT-CL06-4576,5,34854,27035
25591,27036-15919,1S-MH-MU-ZCT-CL06-4576,1S-MH-MU-ZCT-CL06-4425,6,27036,15919
25591,15918-16163,1S-MH-MU-ZCT-CL06-4425,1S-MH-MU-ZCT-CL06-4431,7,15918,16163
25591,16162-16241,1S-MH-MU-ZCT-CL06-4431,1S-MH-MU-ZCT-CL06-4573,8,16162,16241
25591,6949-4034,1S-MH-MU-ZCT-CL06-4573,1S-MH-MU-ZCT-CL06-4032,9,6949,4034
25591,2916-HTCONSUMER,1S-MH-MU-ZCT-CL06-4428,NAN,3.1,2916,HTCONSUMER
25592,25592-29069,1S-MH-MU-ZCT-RSTN-ERAN,1S-MH-MU-ZCT-CL06-5051,1,25592,29069
25592,29070-12593,1S-MH-MU-ZCT-CL06-5051,1S-MH-MU-ZCT-CL06-4216,2,29070,12593
25592,12595-25255,1S-MH-MU-ZCT-CL06-4216,1S-MH-MU-ZCT-CL06-4917,3,12595,25255
25592,25257-26689,1S-MH-MU-ZCT-CL06-4917,1S-MH-MU-ZCT-CL06-4835,4,25257,26689
25592,19343-12615,1S-MH-MU-ZCT-CL06-4835,1S-MH-MU-ZCT-CL06-4038,5,19343,12615
25592,12613-25376,1S-MH-MU-ZCT-CL06-4038,1S-MH-MU-ZCT-CL06-4920,6,12613,25376
25592,25378-2879,1S-MH-MU-ZCT-CL06-4920,1S-MH-MU-ZCT-CL06-4039,7,25378,2879
25592,2877-18798,1S-MH-MU-ZCT-CL06-4039,1S-MH-MU-ZCT-CL06-4575,8,2877,18798
25592,18797-4250,1S-MH-MU-ZCT-CL06-4575,1S-MH-MU-ZCT-CL06-4318,9,18797,4250
25593,25593-STN XMER,1S-MH-MU-ZCT-RSTN-ERAN,1S-MH-MU-ZCT-RSTN-ERAN,1,25593,STN XMER
42303,42303-40529,1S-MH-MU-ZCT-RSTN-ERAN,1S-MH-MU-ZCT-CL06-5710,1,42303,40529
42303,40528-35867,1S-MH-MU-ZCT-CL06-5710,1S-MH-MU-ZCT-CL06-5293,2,40528,35867
42303,35865-39948,1S-MH-MU-ZCT-CL06-5293,1S-MH-MU-ZCT-CL06-5684,3,35865,39948
42303,39949-7869,1S-MH-MU-ZCT-CL06-5684,1S-MH-MU-ZCT-CL06-4037,4,39949,7869
42303,7868-28639,1S-MH-MU-ZCT-CL06-4037,1S-MH-MU-ZCT-CL06-4294,5,7868,28639
42303,28638-41860,1S-MH-MU-ZCT-CL06-4294,1S-MH-MU-ZCT-CL06-4318,6,28638,41860
42303,12853-12167,1S-MH-MU-ZCT-CL06-4318,1S-MH-MU-ZCT-CL06-4480,7,12853,12167
42303,13806-13699,1S-MH-MU-ZCT-CL06-4480,1S-MH-MU-ZNT-CL03-6419,8,13806,13699
42303,13697-19017,1S-MH-MU-ZNT-CL03-6419,1S-MH-MU-ZNT-CL03-6418,9,13697,19017
42303,19019-18994,1S-MH-MU-ZNT-CL03-6418,1S-MH-MU-ZNT-CL03-6507,10,19019,18994
42303,18992-37403,1S-MH-MU-ZNT-CL03-6507,1S-MH-MU-ZNT-CL03-6421,11,18992,37403
42303,37404-41463,1S-MH-MU-ZNT-CL03-6421,1S-MH-MU-ZNT-CL03-7907,12,37404,41463
42303,41464-9805,1S-MH-MU-ZNT-CL03-7907,1S-MH-MU-ZNT-CL03-6115,13,41464,9805
42303,9807-14363,1S-MH-MU-ZNT-CL03-6115,1S-MH-MU-ZNT-CL03-6263,14,9807,14363
42303,14361-7179,1S-MH-MU-ZNT-CL03-6263,1S-MH-MU-ZNT-CL03-6262,15,14361,7179
42303,1774-9164,1S-MH-MU-ZNT-CL03-6262,1S-MH-MU-ZNT-CL03-6236,16,1774,9164
42303,9163-38822,1S-MH-MU-ZNT-CL03-6236,1S-MH-MU-ZNT-CL03-7879,17,9163,38822
42303,38823-17977,1S-MH-MU-ZNT-CL03-7879,1S-MH-MU-ZNT-CL03-6616,18,38823,17977
42303,17975-15292,1S-MH-MU-ZNT-CL03-6616,1S-MH-MU-ZNT-CL03-6617,19,17975,15292
42303,GJHT 11-17051,1S-MH-MU-ZNT-CL03-6236,1S-MH-MU-ZNT-CL03-6326,16.1,GJHT 11,17051
42303,17052-17251,1S-MH-MU-ZNT-CL03-6326,1S-MH-MU-ZNT-CL03-6114,16.2,17052,17251
42303,GJHT 23-12026,1S-MH-MU-ZNT-CL03-6236,1S-MH-MU-ZNT-CL03-6357,16.2,GJHT 23,12026
42303,MTHT 19-16485,1S-MH-MU-ZNT-CL03-6236,1S-MH-MU-ZNT-CL03-6666,16.3,MTHT 19,16485
42303,GJHT 27-15000,1S-MH-MU-ZNT-CL03-6236,1S-MH-MU-ZNT-CL03-6467,16.4,GJHT 27,15000
42303,13698-17881,1S-MH-MU-ZNT-CL03-6419,1S-MH-MU-ZNT-CL03-6420,8.1,13698,17881
42303,17880-42089,1S-MH-MU-ZNT-CL03-6420,1S-MH-MU-ZNT-CL03-6755,8.2,17880,42089
42303,12168-34764,1S-MH-MU-ZCT-CL06-4480,1S-MH-MU-ZCT-CL06-5114,7.1,12168,34764
42303,35866-HTCONSUMER,1S-MH-MU-ZCT-CL06-5293,NAN,2.1,35866,HTCONSUMER
42304,42304-41554,1S-MH-MU-ZCT-RSTN-ERAN,1S-MH-MU-ZCT-CL06-5732,1,42304,41554
42304,42321-14313,1S-MH-MU-ZCT-CL06-5732,1S-MH-MU-ZCT-CL06-4113,2,42321,14313
42304,14312-16264,1S-MH-MU-ZCT-CL06-4113,1S-MH-MU-ZCT-CL06-4430,3,14312,16264
42304,16263-44028,1S-MH-MU-ZCT-CL06-4430,1S-MH-MU-ZCT-CL06-5808,4,16263,44028
42304,44029-37169,1S-MH-MU-ZCT-CL06-5808,1S-MH-MU-ZCT-CL06-5363,5,44029,37169
42304,37167-36898,1S-MH-MU-ZCT-CL06-5363,1S-MH-MU-ZCT-CL06-4573,6,37167,36898
42304,36900-13908,1S-MH-MU-ZCT-CL06-4573,1S-MH-MU-ZCT-CL06-4032,7,36900,13908
42304,36899-43985,1S-MH-MU-ZCT-CL06-4573,1S-MH-MU-ZCT-CL06-5430,6.1,36899,43985
42308,42308-25586,1S-MH-MU-ZCT-RSTN-ERAN,1S-MH-MU-ZCT-RSTN-ERAN,1,42308,25586
41573,41573-15752,1S-MH-MU-ZSC-RSTN-ESIC,1S-MH-MU-ZSC-CL01-2021,1,41573,15752
41576,41576-43263,1S-MH-MU-ZSC-RSTN-ESIC,1S-MH-MU-ZSC-CL01-3642,1,41576,43263
41579,41579-CAP BANK,1S-MH-MU-ZSC-RSTN-ESIC,1S-MH-MU-ZSC-RSTN-ESIC,1,41579,CAP BANK
41582,41582-13719,1S-MH-MU-ZSC-RSTN-ESIC,1S-MH-MU-ZSC-CL01-2277,1,41582,13719
41582,13717-16757,1S-MH-MU-ZSC-CL01-2277,1S-MH-MU-ZSC-CL01-2414,2,13717,16757
41582,16756-12162,1S-MH-MU-ZSC-CL01-2414,1S-MH-MU-ZSC-CL01-2660,3,16756,12162
41582,12159-29444,1S-MH-MU-ZSC-CL01-2660,1S-MH-MU-ZSC-CL01-3090,4,12159,29444
41582,29445-40536,1S-MH-MU-ZSC-CL01-3090,1S-MH-MU-ZSC-CL01-3573,5,29445,40536
41582,12161-30054,1S-MH-MU-ZSC-CL01-2660,1S-MH-MU-ZSC-CL01-3118,3.1,12161,30054
41582,30052-30057,1S-MH-MU-ZSC-CL01-3118,1S-MH-MU-ZSC-CL01-3117,3.2,30052,30057
41582,13718-HTCONSUMER,1S-MH-MU-ZSC-CL01-2277,NAN,1.1,13718,HTCONSUMER
41583,41583-7811,1S-MH-MU-ZSC-RSTN-ESIC,1S-MH-MU-ZSC-CL01-2615,1,41583,7811
41583,7809-37977,1S-MH-MU-ZSC-CL01-2615,1S-MH-MU-ZSC-CL01-2021,2,7809,37977
41583,15755-12048,1S-MH-MU-ZSC-CL01-2021,1S-MH-MU-ZSC-CL01-2410,3,15755,12048
41583,12046-2325,1S-MH-MU-ZSC-CL01-2410,1S-MH-MU-ZSC-CL02-2428,4,12046,2325
41583,2180-10796,1S-MH-MU-ZSC-CL02-2428,1S-MH-MU-ZSC-CL02-2208,5,2180,10796
41583,10795-18581,1S-MH-MU-ZSC-CL02-2208,1S-MH-MU-ZSC-CL02-2059,6,10795,18581
41583,18579-4507,1S-MH-MU-ZSC-CL02-2059,1S-MH-MU-ZSC-CL02-2426,7,18579,4507
41583,4757-27045,1S-MH-MU-ZSC-CL02-2426,1S-MH-MU-ZSC-CL02-2934,8,4757,27045
41583,2178-10029,1S-MH-MU-ZSC-CL02-2428,1S-MH-MU-ZSC-CL02-2240,4.1,2178,10029
41583,39464-HTCONSUMER,1S-MH-MU-ZSC-CL01-2615,NAN,1.1,39464,HTCONSUMER
41587,41587-41575,1S-MH-MU-ZSC-RSTN-ESIC,1S-MH-MU-ZSC-CL01-3642,1,41587,41575
41588,41588-CAP BANK,1S-MH-MU-ZSC-RSTN-ESIC,1S-MH-MU-ZSC-RSTN-ESIC,1,41588,CAP BANK
41709,41709-BPT-2,1S-MH-MU-ZNT-RSTN-GHOD,1S-MH-MU-ZNT-RSTN-GHOD,1,41709,BPT-2
41710,41710-CAP BANK,1S-MH-MU-ZNT-RSTN-GHOD,1S-MH-MU-ZNT-RSTN-GHOD,1,41710,CAP BANK
41711,41711-STN XMER,1S-MH-MU-ZNT-RSTN-GHOD,1S-MH-MU-ZNT-RSTN-GHOD,1,41711,STN XMER
41712,41712-37849,1S-MH-MU-ZNT-RSTN-GHOD,1S-MH-MU-ZNT-CL11-7340,1,41712,37849
41712,37851-25331,1S-MH-MU-ZNT-CL11-7340,1S-MH-MU-ZNT-CL11-6201,2,37851,25331
41712,25318-38108,1S-MH-MU-ZNT-CL11-6201,1S-MH-MU-ZNT-CL11-7765,3,25318,38108
41712,38107-37240,1S-MH-MU-ZNT-CL11-7765,1S-MH-MU-ZNT-CL11-7223,4,38107,37240
41712,37242-25297,1S-MH-MU-ZNT-CL11-7223,1S-MH-MU-ZNT-CL11-6195,5,37242,25297
41712,17162-17138,1S-MH-MU-ZNT-CL11-6195,1S-MH-MU-ZNT-CL11-6043,6,17162,17138
41712,17139-36345,1S-MH-MU-ZNT-CL11-6043,1S-MH-MU-ZNT-CL11-7616,7,17139,36345
41712,36343-29934,1S-MH-MU-ZNT-CL11-7616,1S-MH-MU-ZNT-CL11-7054,8,36343,29934
41712,29933-37469,1S-MH-MU-ZNT-CL11-7054,1S-MH-MU-ZNT-CL11-7636,9,29933,37469
41712,37470-31959,1S-MH-MU-ZNT-CL11-7636,1S-MH-MU-ZNT-CL11-7273,10,37470,31959
41712,31961-38625,1S-MH-MU-ZNT-CL11-7273,1S-MH-MU-ZNT-CL11-7555,11,31961,38625
41712,38623-41236,1S-MH-MU-ZNT-CL11-7555,1S-MH-MU-ZNT-CL11-7814,12,38623,41236
41712,41237-41487,1S-MH-MU-ZNT-CL11-7814,1S-MH-MU-ZNT-CL11-7919,13,41237,41487
41712,41488-38590,1S-MH-MU-ZNT-CL11-7919,1S-MH-MU-ZNT-CL08-7568,14,41488,38590
41712,38592-35604,1S-MH-MU-ZNT-CL08-7568,1S-MH-MU-ZNT-CL11-7479,15,38592,35604
41712,35602-37054,1S-MH-MU-ZNT-CL11-7479,1S-MH-MU-ZNT-CL11-7550,16,35602,37054
41712,29932-29931,1S-MH-MU-ZNT-CL11-7054,1S-MH-MU-ZNT-CL11-7043,8.1,29932,29931
41712,17140-26891,1S-MH-MU-ZNT-CL11-6043,1S-MH-MU-ZNT-CL11-6953,6.1,17140,26891
41712,25317-27034,1S-MH-MU-ZNT-CL11-6201,1S-MH-MU-ZNT-CL11-6950,2.1,25317,27034
41714,41714-18512,1S-MH-MU-ZNT-RSTN-GHOD,1S-MH-MU-ZNT-CL04-6598,1,41714,18512
41714,18510-10537,1S-MH-MU-ZNT-CL04-6598,1S-MH-MU-ZNT-CL04-6508,2,18510,10537
41714,10536-13724,1S-MH-MU-ZNT-CL04-6508,1S-MH-MU-ZNT-CL04-6209,3,10536,13724
41714,13726-38573,1S-MH-MU-ZNT-CL04-6209,1S-MH-MU-ZNT-CL04-6027,4,13726,38573
41714,16642-19118,1S-MH-MU-ZNT-CL04-6027,1S-MH-MU-ZNT-CL04-6210,5,16642,19118
41714,19117-42881,1S-MH-MU-ZNT-CL04-6210,1S-MH-MU-ZNT-CL04-8029,6,19117,42881
41714,42880-35249,1S-MH-MU-ZNT-CL04-8029,1S-MH-MU-ZNT-CL04-7176,7,42880,35249
41714,35247-17565,1S-MH-MU-ZNT-CL04-7176,1S-MH-MU-ZNT-CL04-6599,8,35247,17565
41714,10534-37448,1S-MH-MU-ZNT-CL04-6508,1S-MH-MU-ZNT-CL04-6216,2.1,10534,37448
41714,37450-4637,1S-MH-MU-ZNT-CL04-6216,1S-MH-MU-ZNT-CL04-6431,2.2,37450,4637
41714,4636-6896,1S-MH-MU-ZNT-CL04-6431,1S-MH-MU-ZNT-CL04-6211,2.3,4636,6896
41714,6895-17672,1S-MH-MU-ZNT-CL04-6211,1S-MH-MU-ZNT-CL04-6208,2.4,6895,17672
41714,17673-10100,1S-MH-MU-ZNT-CL04-6208,1S-MH-MU-ZNT-CL04-6063,2.5,17673,10100
41714,10101-HTCONSUMER,1S-MH-MU-ZNT-CL04-6063,NAN,2.6,10101,HTCONSUMER
41715,41715-25532,1S-MH-MU-ZNT-RSTN-GHOD,1S-MH-MU-ZNT-CL04-6918,1,41715,25532
41715,25533-11784,1S-MH-MU-ZNT-CL04-6918,1S-MH-MU-ZNT-CL04-6799,2,25533,11784
41715,11785-2759,1S-MH-MU-ZNT-CL04-6799,1S-MH-MU-ZNT-CL04-6345,3,11785,2759
41715,2758-35722,1S-MH-MU-ZNT-CL04-6345,1S-MH-MU-ZNT-CL04-7496,4,2758,35722
41715,35721-13630,1S-MH-MU-ZNT-CL04-7496,1S-MH-MU-ZNT-CL04-6346,5,35721,13630
41715,13629-44082,1S-MH-MU-ZNT-CL04-6346,1S-MH-MU-ZNT-CL04-7296,6,13629,44082
41715,31415-37457,1S-MH-MU-ZNT-CL04-7296,1S-MH-MU-ZNT-CL04-7327,7,31415,37457
41715,37459-31697,1S-MH-MU-ZNT-CL04-7327,1S-MH-MU-ZNT-CL04-6453,8,37459,31697
41715,31413-17793,1S-MH-MU-ZNT-CL04-7296,1S-MH-MU-ZNT-CL04-6187,6.1,31413,17793
41715,17795-17526,1S-MH-MU-ZNT-CL04-6187,1S-MH-MU-ZNT-CL04-6274,6.2,17795,17526
41715,44083-31414,1S-MH-MU-ZNT-CL04-6346,1S-MH-MU-ZNT-CL04-7296,5.1,44083,31414
41715,31415-37457,1S-MH-MU-ZNT-CL04-7296,1S-MH-MU-ZNT-CL04-7327,5.2,31415,37457
41715,37459-31697,1S-MH-MU-ZNT-CL04-7327,1S-MH-MU-ZNT-CL04-6453,5.3,37459,31697
41715,31413-17793,1S-MH-MU-ZNT-CL04-7296,1S-MH-MU-ZNT-CL04-6187,5.1.1,31413,17793
41715,17795-17526,1S-MH-MU-ZNT-CL04-6187,1S-MH-MU-ZNT-CL04-6274,5.1.2,17795,17526
41717,41717-17859,1S-MH-MU-ZNT-RSTN-GHOD,1S-MH-MU-ZNT-CL10-6205,1,41717,17859
41717,17860-15674,1S-MH-MU-ZNT-CL10-6205,1S-MH-MU-ZNT-CL11-6100,2,17860,15674
41717,15676-29415,1S-MH-MU-ZNT-CL11-6100,1S-MH-MU-ZNT-CL10-7018,3,15676,29415
41717,29416-40449,1S-MH-MU-ZNT-CL10-7018,1S-MH-MU-ZNT-CL10-6561,4,29416,40449
41717,13063-17129,1S-MH-MU-ZNT-CL10-6561,1S-MH-MU-ZNT-CL10-6444,5,13063,17129
41717,17131-36625,1S-MH-MU-ZNT-CL10-6444,1S-MH-MU-ZNT-CL10-7240,6,17131,36625
41717,36624-10901,1S-MH-MU-ZNT-CL10-7240,1S-MH-MU-ZNT-CL10-6680,7,36624,10901
41717,10903-15724,1S-MH-MU-ZNT-CL10-6680,1S-MH-MU-ZNT-CL10-6488,8,10903,15724
41717,15722-32543,1S-MH-MU-ZNT-CL10-6488,1S-MH-MU-ZNT-CL10-7266,9,15722,32543
41717,32545-26075,1S-MH-MU-ZNT-CL10-7266,1S-MH-MU-ZNT-CL10-6031,10,32545,26075
41717,13064-29303,1S-MH-MU-ZNT-CL10-6561,1S-MH-MU-ZNT-CL10-7028,4.1,13064,29303
41717,29305-17360,1S-MH-MU-ZNT-CL10-7028,1S-MH-MU-ZNT-CL10-6395,4.2,29305,17360
41717,17358-12181,1S-MH-MU-ZNT-CL10-6395,1S-MH-MU-ZNT-CL10-6552,4.3,17358,12181
41717,42872-36947,1S-MH-MU-ZNT-CL11-6100,1S-MH-MU-ZNT-CL10-6203,2.1,42872,36947
41717,30606-10124,1S-MH-MU-ZNT-CL10-6205,1S-MH-MU-ZNT-CL11-6340,1.1,30606,10124
41717,15112-18606,1S-MH-MU-ZNT-CL11-6340,1S-MH-MU-ZNT-CL02-6767,1.2,15112,18606
41717,18604-17858,1S-MH-MU-ZNT-CL02-6767,1S-MH-MU-ZNT-CL02-6559,1.3,18604,17858
41718,41718-CAP BANK,1S-MH-MU-ZNT-RSTN-GHOD,1S-MH-MU-ZNT-RSTN-GHOD,1,41718,CAP BANK
41719,41719-17308,1S-MH-MU-ZNT-RSTN-GHOD,1S-MH-MU-ZNT-CL11-6200,1,41719,17308
41719,17309-39190,1S-MH-MU-ZNT-CL11-6200,1S-MH-MU-ZNT-CL11-7548,2,17309,39190
41719,39188-41670,1S-MH-MU-ZNT-CL11-7548,1S-MH-MU-ZNT-CL11-7286,3,39188,41670
41719,41668-32321,1S-MH-MU-ZNT-CL11-7286,1S-MH-MU-ZNT-CL11-7154,4,41668,32321
41719,32319-42658,1S-MH-MU-ZNT-CL11-7154,1S-MH-MU-ZNT-CL11-7579,5,32319,42658
41719,42657-35905,1S-MH-MU-ZNT-CL11-7579,1S-MH-MU-ZNT-CL11-7152,6,42657,35905
41719,35903-16999,1S-MH-MU-ZNT-CL11-7152,1S-MH-MU-ZNT-CL11-6710,7,35903,16999
41719,16997-31989,1S-MH-MU-ZNT-CL11-6710,1S-MH-MU-ZNT-CL11-7198,8,16997,31989
41719,31991-15346,1S-MH-MU-ZNT-CL11-7198,1S-MH-MU-ZNT-CL11-6099,9,31991,15346
41719,37648-HTCONSUMER,1S-MH-MU-ZNT-CL11-7198,NAN,8.1,37648,HTCONSUMER
41720,41720-38817,1S-MH-MU-ZNT-RSTN-GHOD,1S-MH-MU-ZNT-CL04-7876,1,41720,38817
41720,38816-38285,1S-MH-MU-ZNT-CL04-7876,1S-MH-MU-ZNT-CL04-7594,2,38816,38285
41720,38286-7464,1S-MH-MU-ZNT-CL04-7594,1S-MH-MU-ZNT-CL04-6328,3,38286,7464
41720,7463-11270,1S-MH-MU-ZNT-CL04-6328,1S-MH-MU-ZNT-CL04-6003,4,7463,11270
41720,14858-17692,1S-MH-MU-ZNT-CL04-6003,1S-MH-MU-ZNT-CL04-6525,5,14858,17692
41720,17690-13689,1S-MH-MU-ZNT-CL04-6525,1S-MH-MU-ZNT-CL04-6586,6,17690,13689
41720,13691-17699,1S-MH-MU-ZNT-CL04-6586,1S-MH-MU-ZNT-CL04-6463,7,13691,17699
41720,10491-11319,1S-MH-MU-ZNT-CL04-6328,1S-MH-MU-ZNT-CL04-6337,3.1,10491,11319
41720,11320-42958,1S-MH-MU-ZNT-CL04-6337,1S-MH-MU-ZNT-CL04-7982,3.2,11320,42958
41720,42959-18191,1S-MH-MU-ZNT-CL04-7982,1S-MH-MU-ZNT-CL04-6730,3.3,42959,18191
41720,38818-HTCONSUMER,1S-MH-MU-ZNT-CL04-7876,NAN,1.1,38818,HTCONSUMER
41722,41722-31963,NAN,NAN,1,41722,31963
41723,41723-17003,1S-MH-MU-ZNT-RSTN-GHOD,1S-MH-MU-ZNT-CL11-6199,1,41723,17003
41723,17005-29848,1S-MH-MU-ZNT-CL11-6199,1S-MH-MU-ZNT-CL11-7046,2,17005,29848
41723,29846-37952,1S-MH-MU-ZNT-CL11-7046,1S-MH-MU-ZNT-CL10-6400,3,29846,37952
41724,41724-1956041,1S-MH-MU-ZNT-RSTN-GHOD,1S-MH-MU-ZNT-RSTN-GHOD,1,41724,1956041
41725,41725-STN XMER,1S-MH-MU-ZNT-RSTN-GHOD,1S-MH-MU-ZNT-RSTN-GHOD,1,41725,STN XMER
41727,41727-CAP BANK,1S-MH-MU-ZNT-RSTN-GHOD,1S-MH-MU-ZNT-RSTN-GHOD,1,41727,CAP BANK
41728,41728-17020,1S-MH-MU-ZNT-RSTN-GHOD,1S-MH-MU-ZNT-CL11-6024,1,41728,17020
41728,17022-42311,1S-MH-MU-ZNT-CL11-6024,1S-MH-MU-ZNT-CL11-7975,2,17022,42311
41728,42310-38149,1S-MH-MU-ZNT-CL11-7975,1S-MH-MU-ZNT-CL11-7125,3,42310,38149
41728,38151-25860,1S-MH-MU-ZNT-CL11-7125,1S-MH-MU-ZNT-CL10-6911,4,38151,25860
41728,25862-14593,1S-MH-MU-ZNT-CL10-6911,1S-MH-MU-ZNT-CL11-6289,5,25862,14593
41728,14591-7888,1S-MH-MU-ZNT-CL11-6289,1S-MH-MU-ZNT-CL11-6288,6,14591,7888
41728,42319-19104,1S-MH-MU-ZNT-CL11-6288,1S-MH-MU-ZNT-CL11-6838,7,42319,19104
41728,17022-14602,1S-MH-MU-ZNT-CL11-6024,1S-MH-MU-ZNT-CL11-6638,1.1,17022,14602
41728,14604-30340,1S-MH-MU-ZNT-CL11-6638,1S-MH-MU-ZNT-CL11-7097,1.2,14604,30340
41728,30339-18490,1S-MH-MU-ZNT-CL11-7097,1S-MH-MU-ZNT-CL11-6783,1.3,30339,18490
41728,18488-29378,1S-MH-MU-ZNT-CL11-6783,1S-MH-MU-ZNT-CL11-7006,1.4,18488,29378
41728,29379-41159,1S-MH-MU-ZNT-CL11-7006,1S-MH-MU-ZNT-CL11-7905,1.5,29379,41159
41728,41158-27032,1S-MH-MU-ZNT-CL11-7905,1S-MH-MU-ZNT-CL11-6950,1.6,41158,27032
41729,41729-42974,1S-MH-MU-ZNT-RSTN-GHOD,1S-MH-MU-ZNT-CL04-7925,1,41729,42974
41729,39505-38073,1S-MH-MU-ZNT-CL04-7925,1S-MH-MU-ZNT-CL04-7804,2,39505,38073
41729,38072-29485,1S-MH-MU-ZNT-CL04-7804,1S-MH-MU-ZNT-CL04-7015,3,38072,29485
41729,29483-38560,1S-MH-MU-ZNT-CL04-7015,1S-MH-MU-ZNT-CL04-7179,4,29483,38560
41729,38561-32020,1S-MH-MU-ZNT-CL04-7179,1S-MH-MU-ZNT-CL04-7333,5,38561,32020
41729,32018-31698,1S-MH-MU-ZNT-CL04-7333,1S-MH-MU-ZNT-CL04-6453,6,32018,31698
41729,39506-34271,1S-MH-MU-ZNT-CL04-7925,1S-MH-MU-ZNT-CL04-7387,1.1,39506,34271
41729,34273-9815,1S-MH-MU-ZNT-CL04-7387,1S-MH-MU-ZNT-CL04-6214,1.2,34273,9815
41729,42975-HTCONSUMER,1S-MH-MU-ZNT-CL04-7925,NAN,1.2,42975,HTCONSUMER
41731,41731-38283,1S-MH-MU-ZNT-RSTN-GHOD,1S-MH-MU-ZNT-CL04-7823,1,41731,38283
41731,38282-9816,1S-MH-MU-ZNT-CL04-7823,1S-MH-MU-ZNT-CL04-6214,2,38282,9816
41731,2656-17564,1S-MH-MU-ZNT-CL04-6214,1S-MH-MU-ZNT-CL04-6794,3,2656,17564
41731,17562-13725,1S-MH-MU-ZNT-CL04-6794,1S-MH-MU-ZNT-CL04-6209,4,17562,13725
41731,2655-10535,1S-MH-MU-ZNT-CL04-6214,1S-MH-MU-ZNT-CL04-6508,2.1,2655,10535
36699,36699-19589,1S-MH-MU-ZCT-RSTN-GOKU,1S-MH-MU-ZCT-CL08-4847,1,36699,19589
36699,19590-9670,1S-MH-MU-ZCT-CL08-4847,1S-MH-MU-ZCT-CL08-4675,2,19590,9670
36699,9672-9300,1S-MH-MU-ZCT-CL08-4675,1S-MH-MU-ZCT-CL08-4278,3,9672,9300
36699,15044-37234,1S-MH-MU-ZCT-CL08-4278,1S-MH-MU-ZCT-CL08-5499,4,15044,37234
36700,36700-12885,1S-MH-MU-ZCT-RSTN-GOKU,1S-MH-MU-ZCT-CL08-4260,1,36700,12885
36700,12884-18281,1S-MH-MU-ZCT-CL08-4260,1S-MH-MU-ZCT-CL08-4211,2,12884,18281
36700,18283-37434,1S-MH-MU-ZCT-CL08-4211,1S-MH-MU-ZCT-CL08-5226,3,18283,37434
36700,37432-15278,1S-MH-MU-ZCT-CL08-5226,1S-MH-MU-ZCT-CL08-4666,4,37432,15278
36700,15277-15274,1S-MH-MU-ZCT-CL08-4666,1S-MH-MU-ZCT-CL08-4665,5,15277,15274
36700,15275-30212,1S-MH-MU-ZCT-CL08-4665,1S-MH-MU-ZCT-CL08-4925,6,15275,30212
36700,30214-9359,1S-MH-MU-ZCT-CL08-4925,1S-MH-MU-ZCT-CL08-4213,7,30214,9359
36700,9362-19110,1S-MH-MU-ZCT-CL08-4213,1S-MH-MU-ZCT-CL07-4826,8,9362,19110
36700,19112-19710,1S-MH-MU-ZCT-CL07-4826,1S-MH-MU-ZCT-CL08-4892,9,19112,19710
36700,19708-2985,1S-MH-MU-ZCT-CL08-4892,1S-MH-MU-ZCT-CL08-4033,10,19708,2985
36700,6540-HTCONSUMER,1S-MH-MU-ZCT-CL08-4033,NAN,11,6540,HTCONSUMER
36700,30213-11736,1S-MH-MU-ZCT-CL08-4925,1S-MH-MU-ZCT-CL08-4805,6.1,30213,11736
36702,36702-7983,1S-MH-MU-ZCT-RSTN-GOKU,1S-MH-MU-ZCT-CL08-4263,1,36702,7983
36702,7984-37710,1S-MH-MU-ZCT-CL08-4263,1S-MH-MU-ZCT-CL08-4261,2,7984,37710
36702,15930-7635,1S-MH-MU-ZCT-CL08-4261,1S-MH-MU-ZCT-CL08-4262,3,15930,7635
36702,7636-6877,1S-MH-MU-ZCT-CL08-4262,1S-MH-MU-ZCT-CL08-4259,4,7636,6877
36702,7637-13582,1S-MH-MU-ZCT-CL08-4262,1S-MH-MU-ZCT-CL08-4305,3.1,7637,13582
36702,7985-26226,1S-MH-MU-ZCT-CL08-4263,1S-MH-MU-ZCT-CL08-4183,1.1,7985,26226
36702,26224-37433,1S-MH-MU-ZCT-CL08-4183,1S-MH-MU-ZCT-CL08-5226,1.2,26224,37433
36703,36703-STN XMER,1S-MH-MU-ZCT-RSTN-GOKU,1S-MH-MU-ZCT-RSTN-GOKU,1,36703,STN XMER
36704,36704-CAP BANK,1S-MH-MU-ZCT-RSTN-GOKU,1S-MH-MU-ZCT-RSTN-GOKU,1,36704,CAP BANK
36707,36707-37833,1S-MH-MU-ZCT-RSTN-GOKU,1S-MH-MU-ZCT-CL08-5453,1,36707,37833
36707,36470-12197,1S-MH-MU-ZCT-CL08-5453,1S-MH-MU-ZCT-CL08-4488,2,36470,12197
36707,12198-40049,1S-MH-MU-ZCT-CL08-4488,1S-MH-MU-ZCT-CL08-5690,3,12198,40049
36707,40050-15931,1S-MH-MU-ZCT-CL08-5690,1S-MH-MU-ZCT-CL08-4261,4,40050,15931
36707,36467-19433,1S-MH-MU-ZCT-CL08-5453,1S-MH-MU-ZCT-CL08-4853,1.1,36467,19433
36707,19431-14677,1S-MH-MU-ZCT-CL08-4853,1S-MH-MU-ZCT-CL08-4176,1.2,19431,14677
36709,36709-40158,1S-MH-MU-ZCT-RSTN-GOKU,1S-MH-MU-ZCT-CL07-5235,1,36709,40158
36709,40159-28417,1S-MH-MU-ZCT-CL07-5235,1S-MH-MU-ZCT-CL08-5019,2,40159,28417
36709,28415-11179,1S-MH-MU-ZCT-CL08-5019,1S-MH-MU-ZCT-CL08-4408,3,28415,11179
36709,13426-44148,1S-MH-MU-ZCT-CL08-4408,1S-MH-MU-ZCT-CL09-4859,4,13426,44148
36709,11178-19593,1S-MH-MU-ZCT-CL08-4408,1S-MH-MU-ZCT-CL08-4856,3.1,11178,19593
36709,40157-32572,1S-MH-MU-ZCT-CL07-5235,1S-MH-MU-ZCT-CL07-5160,1.1,40157,32572
36709,32571-17236,1S-MH-MU-ZCT-CL07-5160,1S-MH-MU-ZCT-CL08-4677,1.2,32571,17236
36711,36711-37689,1S-MH-MU-ZCT-RSTN-GOKU,1S-MH-MU-ZCT-CL08-4247,1,36711,37689
36711,9008-32216,1S-MH-MU-ZCT-CL08-4247,1S-MH-MU-ZCT-CL09-4868,2,9008,32216
36711,32217-18305,1S-MH-MU-ZCT-CL09-4868,1S-MH-MU-ZCT-CL08-4200,3,32217,18305
36711,10149-44149,1S-MH-MU-ZCT-CL08-4200,1S-MH-MU-ZCT-CL09-4859,4,10149,44149
36711,44150-29405,1S-MH-MU-ZCT-CL09-4859,1S-MH-MU-ZCT-CL09-4937,5,44150,29405
36711,25372-41272,1S-MH-MU-ZCT-CL09-4937,1S-MH-MU-ZCT-CL09-5414,6,25372,41272
36711,41271-28666,1S-MH-MU-ZCT-CL09-5414,1S-MH-MU-ZCT-CL09-5026,7,41271,28666
36711,28665-41682,1S-MH-MU-ZCT-CL09-5026,1S-MH-MU-ZCT-CL09-5729,8,28665,41682
36711,25370-10193,1S-MH-MU-ZCT-CL09-4937,1S-MH-MU-ZCT-CL09-4578,5.1,25370,10193
36711,32607-26867,1S-MH-MU-ZCT-CL08-4200,1S-MH-MU-ZCT-CL08-4986,3.1,32607,26867
36711,32622-14678,1S-MH-MU-ZCT-CL08-4986,1S-MH-MU-ZCT-CL08-4176,3.2,32622,14678
36711,26866-18282,1S-MH-MU-ZCT-CL08-4986,1S-MH-MU-ZCT-CL08-4211,3.1.1,26866,18282
36711,10148-19591,1S-MH-MU-ZCT-CL08-4200,1S-MH-MU-ZCT-CL08-4847,3.2,10148,19591
36711,32215-18405,1S-MH-MU-ZCT-CL09-4868,1S-MH-MU-ZCT-CL08-4512,2.1,32215,18405
36712,36712-STN XMER,1S-MH-MU-ZCT-RSTN-GOKU,1S-MH-MU-ZCT-RSTN-GOKU,1,36712,STN XMER
36713,36713-CAP BANK,1S-MH-MU-ZCT-RSTN-GOKU,1S-MH-MU-ZCT-RSTN-GOKU,1,36713,CAP BANK
3703,3703-42536,1S-MH-MU-ZCT-RSTN-GANE,1S-MH-MU-ZCT-CL05-5755,1,3703,42536
3704,3704-37810,1S-MH-MU-ZCT-RSTN-GANE,1S-MH-MU-ZCT-CL05-4844,1,3704,37810
3704,19210-13830,1S-MH-MU-ZCT-CL05-4844,1S-MH-MU-ZCT-CL05-4674,2,19210,13830
3704,13831-40595,1S-MH-MU-ZCT-CL05-4674,1S-MH-MU-ZCT-CL05-5649,3,13831,40595
3704,40594-36102,1S-MH-MU-ZCT-CL05-5649,1S-MH-MU-ZCT-CL05-5273,4,40594,36102
3704,19211-15699,1S-MH-MU-ZCT-CL05-4844,1S-MH-MU-ZCT-CL03-4378,1.1,19211,15699
3706,3706-STN XMER,1S-MH-MU-ZCT-RSTN-GANE,1S-MH-MU-ZCT-RSTN-GANE,1,3706,STN XMER
3708,3708-CAP BANK,1S-MH-MU-ZCT-RSTN-GANE,1S-MH-MU-ZCT-RSTN-GANE,1,3708,CAP BANK
3710,3710-42023,1S-MH-MU-ZCT-RSTN-GANE,1S-MH-MU-ZCT-CL05-4232,1,3710,42023
3710,42024-13203,1S-MH-MU-ZCT-CL05-4232,1S-MH-MU-ZCT-CL06-4384,2,42024,13203
3710,13204-36318,1S-MH-MU-ZCT-CL06-4384,1S-MH-MU-ZCT-CL06-5431,3,13204,36318
3710,36317-42941,1S-MH-MU-ZCT-CL06-5431,1S-MH-MU-ZCT-CL03-4862,4,36317,42941
3710,19389-6076,1S-MH-MU-ZCT-CL03-4862,1S-MH-MU-ZCT-CL03-4484,5,19389,6076
3710,6078-17081,1S-MH-MU-ZCT-CL03-4484,1S-MH-MU-ZCT-CL03-4290,6,6078,17081
3710,17079-30401,1S-MH-MU-ZCT-CL03-4290,1S-MH-MU-ZCT-CL03-5094,7,17079,30401
3710,30402-705,1S-MH-MU-ZCT-CL03-5094,1S-MH-MU-ZCT-CL03-4482,8,30402,705
3710,703-29555,1S-MH-MU-ZCT-CL03-4482,1S-MH-MU-ZCT-RSTN-MALA,9,703,29555
3710,17080-9301,1S-MH-MU-ZCT-CL03-4290,1S-MH-MU-ZCT-CL03-4483,6.1,17080,9301
3710,37414-30251,1S-MH-MU-ZCT-CL03-4290,1S-MH-MU-ZCT-CL03-5092,6.2,37414,30251
3710,19387-663,1S-MH-MU-ZCT-CL03-4862,1S-MH-MU-ZCT-CL03-4541,4.1,19387,663
3710,31744-38767,1S-MH-MU-ZCT-CL06-4384,1S-MH-MU-ZCT-CL06-5630,2.1,31744,38767
3710,38768-7457,1S-MH-MU-ZCT-CL06-5630,1S-MH-MU-ZCT-CL03-4219,2.2,38768,7457
3710,38769-HTCONSUMER,1S-MH-MU-ZCT-CL06-5630,NAN,2.1.1,38769,HTCONSUMER
3710,42025-17893,1S-MH-MU-ZCT-CL05-4232,1S-MH-MU-ZCT-CL05-4234,1.1,42025,17893
3710,17895-17892,1S-MH-MU-ZCT-CL05-4234,1S-MH-MU-ZCT-CL05-4233,1.2,17895,17892
3711,3711-13863,1S-MH-MU-ZCT-RSTN-GANE,1S-MH-MU-ZCT-CL05-4552,1,3711,13863
3711,13862-42226,1S-MH-MU-ZCT-CL05-4552,1S-MH-MU-ZCT-CL05-5740,2,13862,42226
3713,3713-10910,1S-MH-MU-ZCT-RSTN-GANE,1S-MH-MU-ZCT-CL06-4458,1,3713,10910
3713,43153-31642,1S-MH-MU-ZCT-CL06-4458,1S-MH-MU-ZCT-CL06-4473,2,43153,31642
3713,31643-38851,1S-MH-MU-ZCT-CL06-4473,1S-MH-MU-ZCT-CL06-5308,3,31643,38851
3713,38849-41862,1S-MH-MU-ZCT-CL06-5308,1S-MH-MU-ZCT-CL06-5735,4,38849,41862
3713,41863-41865,1S-MH-MU-ZCT-CL06-5735,1S-MH-MU-ZCT-CL06-5736,5,41863,41865
3713,41866-19924,1S-MH-MU-ZCT-CL06-5736,1S-MH-MU-ZCT-CL06-4467,6,41866,19924
3713,19925-43337,1S-MH-MU-ZCT-CL06-4467,1S-MH-MU-ZCT-CL06-5769,7,19925,43337
3713,43336-4252,1S-MH-MU-ZCT-CL06-5769,1S-MH-MU-ZCT-CL06-4318,8,43336,4252
3713,43155-16543,1S-MH-MU-ZCT-CL06-4458,1S-MH-MU-ZCT-CL06-4468,1.1,43155,16543
3713,16545-41484,1S-MH-MU-ZCT-CL06-4468,1S-MH-MU-ZCT-CL06-5681,1.2,16545,41484
3713,41485-41788,1S-MH-MU-ZCT-CL06-5681,1S-MH-MU-ZCT-CL06-5653,1.3,41485,41788
3713,41789-34766,1S-MH-MU-ZCT-CL06-5653,1S-MH-MU-ZCT-CL06-5114,1.4,41789,34766
3713,43154-29842,1S-MH-MU-ZCT-CL06-4458,1S-MH-MU-ZCT-CL06-5081,1.2,43154,29842
3713,29844-29917,1S-MH-MU-ZCT-CL06-5081,1S-MH-MU-ZCT-CL06-4874,1.3,29844,29917
3713,29843-HTCONSUMER,1S-MH-MU-ZCT-CL06-5081,NAN,1.2.1,29843,HTCONSUMER
3713,2162-29918,1S-MH-MU-ZCT-CL06-4458,1S-MH-MU-ZCT-CL06-4874,1.3,2162,29918
3717,3717-CAP BANK,1S-MH-MU-ZCT-RSTN-GANE,1S-MH-MU-ZCT-RSTN-GANE,1,3717,CAP BANK
3628,3628-CAP BANK,1S-MH-MU-ZST-RSTN-GODR,1S-MH-MU-ZST-RSTN-GODR,1,3628,CAP BANK
3629,3629-HTCONSUMER,1S-MH-MU-ZST-RSTN-GODR,NAN,1,3629,HTCONSUMER
3630,3630-HTCONSUMER,1S-MH-MU-ZST-RSTN-GODR,NAN,1,3630,HTCONSUMER
3632,3632-25806,1S-MH-MU-ZST-RSTN-GODR,1S-MH-MU-ZST-CL05-0661,1,3632,25806
3632,25804-29619,1S-MH-MU-ZST-CL05-0661,1S-MH-MU-ZST-CL05-0749,2,25804,29619
3632,29618-28929,1S-MH-MU-ZST-CL05-0749,1S-MH-MU-ZST-CL05-0723,3,29618,28929
3632,28930-28976,1S-MH-MU-ZST-CL05-0723,1S-MH-MU-ZST-CL05-0726,4,28930,28976
3632,28928-25050,1S-MH-MU-ZST-CL05-0723,1S-MH-MU-ZST-CL05-0608,3.1,28928,25050
3634,3634-32357,1S-MH-MU-ZST-RSTN-GODR,1S-MH-MU-ZST-CL05-0840,1,3634,32357
3634,35861-30647,1S-MH-MU-ZST-CL05-0840,1S-MH-MU-ZST-CL05-0666,2,35861,30647
3635,3635-39532,1S-MH-MU-ZST-RSTN-GODR,1S-MH-MU-ZST-CL05-1323,1,3635,39532
3635,39533-29946,1S-MH-MU-ZST-CL05-1323,1S-MH-MU-ZST-CL05-0762,2,39533,29946
3635,29945-26559,1S-MH-MU-ZST-CL05-0762,1S-MH-MU-ZST-CL05-0684,3,29945,26559
3635,39521-38394,1S-MH-MU-ZST-CL05-0684,1S-MH-MU-ZST-CL05-1256,4,39521,38394
3635,38395-36956,1S-MH-MU-ZST-CL05-1256,1S-MH-MU-ZST-CL05-1174,5,38395,36956
3635,36958-37575,1S-MH-MU-ZST-CL05-1174,1S-MH-MU-ZST-CL05-1202,6,36958,37575
3635,37576-28250,1S-MH-MU-ZST-CL05-1202,1S-MH-MU-ZST-CL05-0606,7,37576,28250
3635,29947-HTCONSUMER,1S-MH-MU-ZST-CL05-0762,NAN,2.1,29947,HTCONSUMER
3620,3620-35263,1S-MH-MU-ZST-RSTN-GODR,1S-MH-MU-ZST-CL05-1010,1,3620,35263
3620,35263-35187,1S-MH-MU-ZST-CL05-1010,1S-MH-MU-ZST-CL05-0365,2,35263,35187
3620,35186-25781,1S-MH-MU-ZST-CL05-0365,1S-MH-MU-ZST-CL07-0660,3,35186,25781
3620,25777-34402,1S-MH-MU-ZST-CL07-0660,1S-MH-MU-ZST-CL07-0934,4,25777,34402
3620,34405-26126,1S-MH-MU-ZST-CL07-0934,1S-MH-MU-ZST-CL07-0274,5,34405,26126
3620,40231-25847,1S-MH-MU-ZST-CL07-0274,1S-MH-MU-ZST-CL07-0664,6,40231,25847
3620,25845-31863,1S-MH-MU-ZST-CL07-0664,1S-MH-MU-ZST-CL07-0825,7,25845,31863
3620,31865-34009,1S-MH-MU-ZST-CL07-0825,1S-MH-MU-ZST-CL07-0874,8,31865,34009
3620,26127-36789,1S-MH-MU-ZST-CL07-0274,1S-MH-MU-ZST-CL07-1086,5.1,26127,36789
3620,36788-30439,1S-MH-MU-ZST-CL07-1086,1S-MH-MU-ZST-CL07-0782,5.2,36788,30439
3620,30440-30436,1S-MH-MU-ZST-CL07-0782,1S-MH-MU-ZST-CL07-0783,5.3,30440,30436
3620,30440-30438,1S-MH-MU-ZST-CL07-0782,1S-MH-MU-ZST-CL07-0783,5.2.1,30440,30438
3620,40230-39185,1S-MH-MU-ZST-CL07-0274,1S-MH-MU-ZST-CL07-1269,5.2,40230,39185
3620,39186-39780,1S-MH-MU-ZST-CL07-1269,1S-MH-MU-ZST-CL07-1334,5.3,39186,39780
3620,34403-HTCONSUMER,1S-MH-MU-ZST-CL07-0934,NAN,4.1,34403,HTCONSUMER
3621,3621-35922,1S-MH-MU-ZST-RSTN-GODR,1S-MH-MU-ZST-CL05-1100,1,3621,35922
3621,35924-43036,1S-MH-MU-ZST-CL05-1100,1S-MH-MU-ZST-CL05-1156,2,35924,43036
3621,43035-30648,1S-MH-MU-ZST-CL05-1156,1S-MH-MU-ZST-CL05-0666,3,43035,30648
3621,36551-36462,1S-MH-MU-ZST-CL05-1100,1S-MH-MU-ZST-CL05-1140,1.1,36551,36462
3621,35923-HTCONSUMER,1S-MH-MU-ZST-CL05-1100,NAN,1.2,35923,HTCONSUMER
3624,3624-HTCONSUMER,1S-MH-MU-ZST-RSTN-GODR,NAN,1,3624,HTCONSUMER
3625,3625-HTCONSUMER,1S-MH-MU-ZST-RSTN-GODR,NAN,1,3625,HTCONSUMER
35157,35157-43251,1S-MH-MU-ZNT-RSTN-GORA,1S-MH-MU-ZNT-CL06-8936,1,35157,43251
35158,35158-31369,1S-MH-MU-ZNT-RSTN-GORA,1S-MH-MU-ZNT-CL06-6243,1,35158,31369
35158,31370-19948,1S-MH-MU-ZNT-CL06-6243,1S-MH-MU-ZNT-CL06-6888,2,31370,19948
35158,42605-42604,1S-MH-MU-ZNT-CL06-6888,1S-MH-MU-ZNT-CL06-6257,3,42605,42604
35158,16880-15141,1S-MH-MU-ZNT-CL06-6257,1S-MH-MU-ZNT-CL06-6241,4,16880,15141
35158,15139-17318,1S-MH-MU-ZNT-CL06-6241,1S-MH-MU-ZNT-CL06-6237,5,15139,17318
35158,17320-16764,1S-MH-MU-ZNT-CL06-6237,1S-MH-MU-ZNT-CL06-6245,6,17320,16764
35158,19947-31420,1S-MH-MU-ZNT-CL06-6888,1S-MH-MU-ZNT-CL06-7239,2.1,19947,31420
35158,31371-17642,1S-MH-MU-ZNT-CL06-6243,1S-MH-MU-ZNT-CL06-6246,1.1,31371,17642
35159,35159-36009,1S-MH-MU-ZNT-RSTN-GORA,1S-MH-MU-ZNT-CL06-7612,1,35159,36009
35159,36008-13345,1S-MH-MU-ZNT-CL06-7612,1S-MH-MU-ZNT-CL08-6804,2,36008,13345
35159,32729-13026,1S-MH-MU-ZNT-CL08-6804,1S-MH-MU-ZNT-CL08-6018,3,32729,13026
35159,13290-18135,1S-MH-MU-ZNT-CL08-6018,1S-MH-MU-ZNT-CL08-6182,4,13290,18135
35159,34392-38897,1S-MH-MU-ZNT-CL08-6182,1S-MH-MU-ZNT-CL08-7883,5,34392,38897
35159,38898-41523,1S-MH-MU-ZNT-CL08-7883,1S-MH-MU-ZNT-CL08-7884,6,38898,41523
35159,13024-15617,1S-MH-MU-ZNT-CL08-6018,1S-MH-MU-ZNT-CL08-6406,3.1,13024,15617
35159,13346-34625,1S-MH-MU-ZNT-CL08-6804,1S-MH-MU-ZNT-CL08-7438,2.1,13346,34625
35159,34623-17363,1S-MH-MU-ZNT-CL08-7438,1S-MH-MU-ZNT-CL08-6805,2.2,34623,17363
35159,36010-HTCONSUMER,1S-MH-MU-ZNT-CL06-7612,NAN,1.1,36010,HTCONSUMER
35161,35161-CAP BANK,1S-MH-MU-ZNT-RSTN-GORA,1S-MH-MU-ZNT-RSTN-GORA,1,35161,CAP BANK
35162,35162-32644,1S-MH-MU-ZNT-RSTN-GORA,1S-MH-MU-ZNT-CL06-7361,1,35162,32644
35162,32643-17098,1S-MH-MU-ZNT-CL06-7361,1S-MH-MU-ZNT-CL06-6244,2,32643,17098
35162,17100-16639,1S-MH-MU-ZNT-CL06-6244,1S-MH-MU-ZNT-CL06-6255,3,17100,16639
35162,0-0,1S-MH-MU-ZNT-CL06-6255,1S-MH-MU-ZNT-CL06-6256,4,0,0
35162,17243-17275,1S-MH-MU-ZNT-CL06-6256,1S-MH-MU-ZNT-CL06-6253,5,17243,17275
35162,17277-30291,1S-MH-MU-ZNT-CL06-6253,1S-MH-MU-ZNT-CL06-7051,6,17277,30291
35162,16641-17241,1S-MH-MU-ZNT-CL06-6255,1S-MH-MU-ZNT-CL06-6256,3.1,16641,17241
35162,17243-17275,1S-MH-MU-ZNT-CL06-6256,1S-MH-MU-ZNT-CL06-6253,3.2,17243,17275
35162,17277-30291,1S-MH-MU-ZNT-CL06-6253,1S-MH-MU-ZNT-CL06-7051,3.3,17277,30291
35162,0-0,1S-MH-MU-ZNT-CL06-6255,NAN,3.2,0,0
35162,17097-29498,1S-MH-MU-ZNT-CL06-6244,1S-MH-MU-ZNT-CL06-6242,2.1,17097,29498
35163,35163-STN XMER,1S-MH-MU-ZNT-RSTN-GORA,1S-MH-MU-ZNT-RSTN-GORA,1,35163,STN XMER
37057,37057-30293,1S-MH-MU-ZNT-RSTN-GORA,1S-MH-MU-ZNT-CL06-7051,1,37057,30293
37057,30292-17267,1S-MH-MU-ZNT-CL06-7051,1S-MH-MU-ZNT-CL06-6252,2,30292,17267
37057,17265-17257,1S-MH-MU-ZNT-CL06-6252,1S-MH-MU-ZNT-CL06-6254,3,17265,17257
37057,17259-17233,1S-MH-MU-ZNT-CL06-6254,1S-MH-MU-ZNT-CL06-6251,4,17259,17233
37057,17235-16138,1S-MH-MU-ZNT-CL06-6251,1S-MH-MU-ZNT-CL06-6250,5,17235,16138
37057,16140-16088,1S-MH-MU-ZNT-CL06-6250,1S-MH-MU-ZNT-CL06-6249,6,16140,16088
37057,16086-28542,1S-MH-MU-ZNT-CL06-6249,1S-MH-MU-ZNT-CL06-6974,7,16086,28542
37058,37058-821647,1S-MH-MU-ZNT-RSTN-GORA,NAN,1,37058,821647
37058,821700-43301,NAN,1S-MH-MU-ZNT-CL05-9905,2,821700,43301
37058,43302-29025,1S-MH-MU-ZNT-CL05-9905,1S-MH-MU-ZNT-CL05-7002,3,43302,29025
37058,29026-35428,1S-MH-MU-ZNT-CL05-7002,1S-MH-MU-ZNT-CL05-7432,4,29026,35428
37058,35426-43858,1S-MH-MU-ZNT-CL05-7432,1S-MH-MU-ZNT-CL05-6860,5,35426,43858
37058,43299-36836,1S-MH-MU-ZNT-CL05-9905,1S-MH-MU-ZNT-CL05-7694,2.1,43299,36836
37058,43303-36835,1S-MH-MU-ZNT-CL05-9905,1S-MH-MU-ZNT-CL05-7694,2.2,43303,36835
37058,43298-28263,1S-MH-MU-ZNT-CL05-9905,1S-MH-MU-ZNT-CL05-6970,2.3,43298,28263
37690,37690-CAP BANK,1S-MH-MU-ZNT-RSTN-GORA,1S-MH-MU-ZNT-RSTN-GORA,1,37690,CAP BANK
37691,37691-43248,1S-MH-MU-ZNT-RSTN-GORA,1S-MH-MU-ZNT-CL06-8936,1,37691,43248
37693,37693-38442,1S-MH-MU-ZNT-RSTN-GORA,1S-MH-MU-ZNT-CL08-7590,1,37693,38442
37693,38444-14401,1S-MH-MU-ZNT-CL08-7590,1S-MH-MU-ZNT-CL08-6010,2,38444,14401
37694,37694-STN XMER,1S-MH-MU-ZNT-RSTN-GORA,1S-MH-MU-ZNT-RSTN-GORA,1,37694,STN XMER
37695,37695-39678,1S-MH-MU-ZNT-RSTN-GORA,1S-MH-MU-ZNT-CL06-6239,1,37695,39678
37695,39679-19385,1S-MH-MU-ZNT-CL06-6239,1S-MH-MU-ZNT-CL06-6862,2,39679,19385
37695,19384-14167,1S-MH-MU-ZNT-CL06-6862,1S-MH-MU-ZNT-CL06-6810,3,19384,14167
37695,13948-13941,1S-MH-MU-ZNT-CL06-6810,1S-MH-MU-ZNT-CL06-6814,4,13948,13941
37695,13942-17289,1S-MH-MU-ZNT-CL06-6814,1S-MH-MU-ZNT-CL06-6813,5,13942,17289
37695,17288-15031,1S-MH-MU-ZNT-CL06-6813,1S-MH-MU-ZCT-CL05-4614,6,17288,15031
37695,15029-38061,1S-MH-MU-ZCT-CL05-4614,1S-MH-MU-ZNT-CL06-7796,7,15029,38061
37695,38059-30007,1S-MH-MU-ZNT-CL06-7796,1S-MH-MU-ZCT-CL05-4611,8,38059,30007
37695,13947-11603,1S-MH-MU-ZNT-CL06-6810,1S-MH-MU-ZNT-CL06-6818,3.1,13947,11603
37695,11005-10660,1S-MH-MU-ZNT-CL06-6818,1S-MH-MU-ZNT-CL06-6815,3.2,11005,10660
37695,10661-13813,1S-MH-MU-ZNT-CL06-6815,1S-MH-MU-ZNT-CL06-6817,3.3,10661,13813
37695,13812-17828,1S-MH-MU-ZNT-CL06-6817,1S-MH-MU-ZNT-CL06-6816,3.4,13812,17828
37695,19386-HTCONSUMER,1S-MH-MU-ZNT-CL06-6862,NAN,2.1,19386,HTCONSUMER
37696,37696-25577,1S-MH-MU-ZNT-RSTN-GORA,1S-MH-MU-ZNT-CL06-6919,1,37696,25577
37696,25576-43256,1S-MH-MU-ZNT-CL06-6919,1S-MH-MU-ZNT-CL06-8936,2,25576,43256
37696,43258-13797,1S-MH-MU-ZNT-CL06-8936,1S-MH-MU-ZNT-CL06-6234,3,43258,13797
37696,13795-18054,1S-MH-MU-ZNT-CL06-6234,1S-MH-MU-ZNT-CL06-6261,4,13795,18054
37696,18052-36719,1S-MH-MU-ZNT-CL06-6261,1S-MH-MU-ZNT-CL08-7403,5,18052,36719
37696,36717-30066,1S-MH-MU-ZNT-CL08-7403,1S-MH-MU-ZNT-CL08-7055,6,36717,30066
37696,30067-41011,1S-MH-MU-ZNT-CL08-7055,1S-MH-MU-ZNT-CL08-7402,7,30067,41011
37696,41010-42961,1S-MH-MU-ZNT-CL08-7402,1S-MH-MU-ZNT-CL08-7261,8,41010,42961
37696,42963-11695,1S-MH-MU-ZNT-CL08-7261,1S-MH-MU-ZNT-CL08-6780,9,42963,11695
37696,11697-43044,1S-MH-MU-ZNT-CL08-6780,1S-MH-MU-ZNT-CL08-7276,10,11697,43044
37696,43043-6668,1S-MH-MU-ZNT-CL08-7276,1S-MH-MU-ZNT-CL06-6235,11,43043,6668
42276,42276-CAP BANK,1S-MH-MU-ZNT-RSTN-GORA,1S-MH-MU-ZNT-RSTN-GORA,1,42276,CAP BANK
42277,42277-43247,1S-MH-MU-ZNT-RSTN-GORA,1S-MH-MU-ZNT-CL06-8936,1,42277,43247
42277,43250-HTCONSUMER,1S-MH-MU-ZNT-CL06-8936,NAN,2,43250,HTCONSUMER
42278,42278-16873,1S-MH-MU-ZNT-RSTN-GORA,1S-MH-MU-ZNT-CL06-6159,1,42278,16873
42278,13295-42324,1S-MH-MU-ZNT-CL06-6159,1S-MH-MU-ZNT-CL08-6469,2,13295,42324
42278,42325-32685,1S-MH-MU-ZNT-CL08-6469,1S-MH-MU-ZNT-CL08-7256,3,42325,32685
42278,32687-34619,1S-MH-MU-ZNT-CL08-7256,1S-MH-MU-ZNT-CL08-7346,4,32687,34619
42278,42326-14048,1S-MH-MU-ZNT-CL08-6469,1S-MH-MU-ZNT-CL08-6516,2.1,42326,14048
42278,13297-9031,1S-MH-MU-ZNT-CL06-6159,1S-MH-MU-ZNT-CL08-6803,1.1,13297,9031
42278,9029-16835,1S-MH-MU-ZNT-CL08-6803,1S-MH-MU-ZNT-CL06-6185,1.2,9029,16835
42278,16832-9976,1S-MH-MU-ZNT-CL06-6185,1S-MH-MU-ZNT-CL08-6319,1.3,16832,9976
42278,43696-17361,1S-MH-MU-ZNT-CL08-6803,1S-MH-MU-ZNT-CL08-6805,1.1.1,43696,17361
42279,42279-13249,1S-MH-MU-ZNT-RSTN-GORA,1S-MH-MU-ZNT-CL08-6010,1,42279,13249
42279,13247-25549,1S-MH-MU-ZNT-CL08-6010,1S-MH-MU-ZNT-CL06-6239,2,13247,25549
42279,25550-16762,1S-MH-MU-ZNT-CL06-6239,1S-MH-MU-ZNT-CL06-6245,3,25550,16762
42279,13248-HTCONSUMER,1S-MH-MU-ZNT-CL08-6010,NAN,1.1,13248,HTCONSUMER
42281,42281-30145,1S-MH-MU-ZNT-RSTN-GORA,1S-MH-MU-ZNT-CL06-7063,1,42281,30145
42281,30144-28460,1S-MH-MU-ZNT-CL06-7063,1S-MH-MU-ZNT-CL06-6826,2,30144,28460
42281,28461-28537,1S-MH-MU-ZNT-CL06-6826,1S-MH-MU-ZNT-CL06-6977,3,28461,28537
42281,28539-28560,1S-MH-MU-ZNT-CL06-6977,1S-MH-MU-ZNT-CL06-6884,4,28539,28560
42281,28559-13536,1S-MH-MU-ZNT-CL06-6884,1S-MH-MU-ZNT-CL06-6885,5,28559,13536
42281,13538-13940,1S-MH-MU-ZNT-CL06-6885,1S-MH-MU-ZNT-CL06-6814,6,13538,13940
42282,42282-36223,1S-MH-MU-ZNT-RSTN-GORA,1S-MH-MU-ZNT-CL06-7666,1,42282,36223
42282,36221-11449,1S-MH-MU-ZNT-CL06-7666,1S-MH-MU-ZNT-CL06-6238,2,36221,11449
42282,11450-29497,1S-MH-MU-ZNT-CL06-6238,1S-MH-MU-ZNT-CL06-6242,3,11450,29497
42282,42113-16926,1S-MH-MU-ZNT-CL06-6242,1S-MH-MU-ZNT-CL06-6248,4,42113,16926
42282,16928-17246,1S-MH-MU-ZNT-CL06-6248,1S-MH-MU-ZNT-CL06-6247,5,16928,17246
42282,17244-17640,1S-MH-MU-ZNT-CL06-6247,1S-MH-MU-ZNT-CL06-6246,6,17244,17640
42282,16927-28540,1S-MH-MU-ZNT-CL06-6248,1S-MH-MU-ZNT-CL06-6974,4.1,16927,28540
42284,42284-37697,1S-MH-MU-ZNT-RSTN-GORA,1S-MH-MU-ZNT-RSTN-GORA,1,42284,37697
1501,1501-CAP BANK,1S-MH-MU-ZCT-RSTN-GORE,1S-MH-MU-ZCT-RSTN-GORE,1,1501,CAP BANK
1502,1502-2086,1S-MH-MU-ZCT-RSTN-GORE,1S-MH-MU-ZCT-CL01-4649,1,1502,2086
1502,14715-40140,1S-MH-MU-ZCT-CL01-4649,1S-MH-MU-ZCT-CL01-5621,2,14715,40140
1502,40141-2362,1S-MH-MU-ZCT-CL01-5621,1S-MH-MU-ZCT-CL01-4096,3,40141,2362
1502,2361-25650,1S-MH-MU-ZCT-CL01-4096,1S-MH-MU-ZCT-CL01-4934,4,2361,25650
1502,25648-25966,1S-MH-MU-ZCT-CL01-4934,1S-MH-MU-ZCT-CL01-4948,5,25648,25966
1502,25967-37488,1S-MH-MU-ZCT-CL01-4948,1S-MH-MU-ZCT-CL01-5257,6,25967,37488
1502,37489-41470,1S-MH-MU-ZCT-CL01-5257,1S-MH-MU-ZCT-CL01-5728,7,37489,41470
1502,41471-DT,1S-MH-MU-ZCT-CL01-5728,NAN,8,41471,DT
1502,43567-19878,NAN,1S-MH-MU-ZCT-CL01-4092,9,43567,19878
1502,19879-19319,1S-MH-MU-ZCT-CL01-4092,1S-MH-MU-ZSC-CL08-2896,10,19879,19319
1502,19320-37498,1S-MH-MU-ZSC-CL08-2896,1S-MH-MU-ZSC-CL08-3410,11,19320,37498
1502,43568-DT,NAN,1S-MH-MU-ZCT-CL01-5794,8.1,43568,DT
1502,43565-DT,NAN,1S-MH-MU-ZCT-CL01-5794,8.2,43565,DT
1502,41469-19787,1S-MH-MU-ZCT-CL01-5728,1S-MH-MU-ZCT-CL01-4581,7.1,41469,19787
1502,2363-18805,1S-MH-MU-ZCT-CL01-4096,1S-MH-MU-ZCT-CL01-4842,3.1,2363,18805
1502,18807-37321,1S-MH-MU-ZCT-CL01-4842,1S-MH-MU-ZCT-CL07-4111,3.2,18807,37321
1502,2087-39834,1S-MH-MU-ZCT-CL01-4649,1S-MH-MU-ZCT-CL01-5688,1.1,2087,39834
1503,1503-796,1S-MH-MU-ZCT-RSTN-GORE,1S-MH-MU-ZCT-CL01-4332,1,1503,796
1503,795-11954,1S-MH-MU-ZCT-CL01-4332,1S-MH-MU-ZCT-CL01-4077,2,795,11954
1503,11955-13777,1S-MH-MU-ZCT-CL01-4077,1S-MH-MU-ZCT-CL02-4279,3,11955,13777
1503,13778-31794,1S-MH-MU-ZCT-CL02-4279,1S-MH-MU-ZCT-CL02-4280,4,13778,31794
1503,288-34572,1S-MH-MU-ZCT-CL02-4280,1S-MH-MU-ZCT-CL02-5220,5,288,34572
1503,34570-28355,1S-MH-MU-ZCT-CL02-5220,1S-MH-MU-ZCT-CL02-5008,6,34570,28355
1503,28356-30501,1S-MH-MU-ZCT-CL02-5008,1S-MH-MU-ZCT-CL02-5113,7,28356,30501
1503,13776-31392,1S-MH-MU-ZCT-CL02-4279,1S-MH-MU-ZCT-CL01-4593,3.1,13776,31392
1503,25292-18403,1S-MH-MU-ZCT-CL01-4593,1S-MH-MU-ZCT-CL02-4439,3.2,25292,18403
1503,18401-16018,1S-MH-MU-ZCT-CL02-4439,1S-MH-MU-ZCT-CL01-4584,3.3,18401,16018
1503,16016-2123,1S-MH-MU-ZCT-CL01-4584,1S-MH-MU-ZCT-CL01-4583,3.4,16016,2123
1504,1504-29550,1S-MH-MU-ZCT-RSTN-GORE,1S-MH-MU-ZSC-CL05-2995,1,1504,29550
1504,26627-18569,1S-MH-MU-ZSC-CL05-2995,1S-MH-MU-ZSC-CL05-2057,2,26627,18569
1504,18567-19970,1S-MH-MU-ZSC-CL05-2057,1S-MH-MU-ZSC-CL08-2931,3,18567,19970
1504,19971-15829,1S-MH-MU-ZSC-CL08-2931,1S-MH-MU-ZSC-CL08-2591,4,19971,15829
1504,15829-9622,1S-MH-MU-ZSC-CL08-2591,1S-MH-MU-ZSC-CL08-2637,5,15829,9622
1504,9624-40563,1S-MH-MU-ZSC-CL08-2637,1S-MH-MU-ZSC-CL08-3612,6,9624,40563
1504,15827-6652,1S-MH-MU-ZSC-CL08-2591,1S-MH-MU-ZSC-CL08-2594,4.1,15827,6652
1504,29551-28315,1S-MH-MU-ZSC-CL05-2995,1S-MH-MU-ZSC-CL05-3036,1.1,29551,28315
1504,28316-41449,1S-MH-MU-ZSC-CL05-3036,1S-MH-MU-ZCT-CL01-5368,1.2,28316,41449
1504,26624-35053,1S-MH-MU-ZSC-CL05-2995,1S-MH-MU-ZSC-CL09-2901,1.2,26624,35053
1506,1506-19160,1S-MH-MU-ZCT-RSTN-GORE,1S-MH-MU-ZCT-CL01-4281,1,1506,19160
1506,19158-36839,1S-MH-MU-ZCT-CL01-4281,1S-MH-MU-ZCT-CL01-5454,2,19158,36839
1506,36837-34831,1S-MH-MU-ZCT-CL01-5454,1S-MH-MU-ZCT-CL01-5222,3,36837,34831
1506,34833-19247,1S-MH-MU-ZCT-CL01-5222,1S-MH-MU-ZCT-CL01-4867,4,34833,19247
1506,19246-29411,1S-MH-MU-ZCT-CL01-4867,1S-MH-MU-ZCT-CL01-5064,5,19246,29411
1506,29409-4674,1S-MH-MU-ZCT-CL01-5064,1S-MH-MU-ZCT-CL01-4283,6,29409,4674
1506,4674-43916,1S-MH-MU-ZCT-CL01-4283,1S-MH-MU-ZCT-CL01-5286,7,4674,43916
1506,43918-30496,1S-MH-MU-ZCT-CL01-5286,1S-MH-MU-ZCT-CL01-5112,8,43918,30496
1506,30498-7647,1S-MH-MU-ZCT-CL01-5112,1S-MH-MU-ZCT-CL01-4004,9,30498,7647
1506,7648-37861,1S-MH-MU-ZCT-CL01-4004,1S-MH-MU-ZCT-CL07-5522,10,7648,37861
1506,43917-37350,1S-MH-MU-ZCT-CL01-5286,1S-MH-MU-ZCT-CL01-5492,7.1,43917,37350
1506,37351-13516,1S-MH-MU-ZCT-CL01-5492,1S-MH-MU-ZCT-CL01-4158,7.2,37351,13516
1508,1508-28998,1S-MH-MU-ZCT-RSTN-GORE,1S-MH-MU-ZCT-CL01-5042,1,1508,28998
1508,28999-32997,1S-MH-MU-ZCT-CL01-5042,1S-MH-MU-ZCT-CL01-5185,2,28999,32997
1508,32999-4739,1S-MH-MU-ZCT-CL01-5185,1S-MH-MU-ZCT-CL07-4814,3,32999,4739
1508,4633-9536,1S-MH-MU-ZCT-CL07-4814,1S-MH-MU-ZCT-CL07-4520,4,4633,9536
1508,13113-43124,1S-MH-MU-ZCT-CL07-4520,1S-MH-MU-ZCT-CL07-5417,5,13113,43124
1508,43125-13119,1S-MH-MU-ZCT-CL07-5417,1S-MH-MU-ZCT-CL07-4763,6,43125,13119
1508,4635-26135,1S-MH-MU-ZCT-CL07-4814,1S-MH-MU-ZCT-CL07-4558,3.1,4635,26135
1509,1509-35490,1S-MH-MU-ZCT-RSTN-GORE,1S-MH-MU-ZCT-CL01-5280,1,1509,35490
1509,35488-28222,1S-MH-MU-ZCT-CL01-5280,1S-MH-MU-ZCT-CL01-4073,2,35488,28222
1509,10402-9917,1S-MH-MU-ZCT-CL01-4073,1S-MH-MU-ZCT-CL01-4072,3,10402,9917
1509,9916-10930,1S-MH-MU-ZCT-CL01-4072,1S-MH-MU-ZCT-CL01-4820,4,9916,10930
1509,10932-6400,1S-MH-MU-ZCT-CL01-4820,1S-MH-MU-ZCT-CL01-4652,5,10932,6400
1510,1510-19944,1S-MH-MU-ZCT-RSTN-GORE,1S-MH-MU-ZCT-CL01-4407,1,1510,19944
1510,10455-2485,1S-MH-MU-ZCT-CL01-4407,1S-MH-MU-ZCT-CL01-4495,2,10455,2485
1510,2484-19219,1S-MH-MU-ZCT-CL01-4495,1S-MH-MU-ZCT-CL01-4864,3,2484,19219
1510,19221-6162,1S-MH-MU-ZCT-CL01-4864,1S-MH-MU-ZCT-CL01-4595,4,19221,6162
1510,6160-32987,1S-MH-MU-ZCT-CL01-4595,1S-MH-MU-ZCT-CL01-5182,5,6160,32987
1510,32989-31470,1S-MH-MU-ZCT-CL01-5182,1S-MH-MU-ZCT-CL01-5142,6,32989,31470
1510,31472-29774,1S-MH-MU-ZCT-CL01-5142,1S-MH-MU-ZCT-CL01-5071,7,31472,29774
1510,36840-13792,1S-MH-MU-ZCT-CL01-4495,1S-MH-MU-ZCT-CL01-4501,2.1,36840,13792
1510,13793-36556,1S-MH-MU-ZCT-CL01-4501,1S-MH-MU-ZCT-CL01-5251,2.2,13793,36556
1510,36840-NAN,1S-MH-MU-ZCT-CL01-4495,NAN,2.2,36840,NAN
1510,2485-37255,1S-MH-MU-ZCT-CL01-4495,1S-MH-MU-ZCT-CL01-5493,2.3,2485,37255
1510,19945-2485,1S-MH-MU-ZCT-CL01-4407,1S-MH-MU-ZCT-CL01-4495,1.1,19945,2485
1510,2484-19219,1S-MH-MU-ZCT-CL01-4495,1S-MH-MU-ZCT-CL01-4864,1.2,2484,19219
1510,19221-6162,1S-MH-MU-ZCT-CL01-4864,1S-MH-MU-ZCT-CL01-4595,1.3,19221,6162
1510,6160-32987,1S-MH-MU-ZCT-CL01-4595,1S-MH-MU-ZCT-CL01-5182,1.4,6160,32987
1510,32989-31470,1S-MH-MU-ZCT-CL01-5182,1S-MH-MU-ZCT-CL01-5142,1.5,32989,31470
1510,31472-29774,1S-MH-MU-ZCT-CL01-5142,1S-MH-MU-ZCT-CL01-5071,1.6,31472,29774
1510,36840-13792,1S-MH-MU-ZCT-CL01-4495,1S-MH-MU-ZCT-CL01-4501,1.1.1,36840,13792
1510,13793-36556,1S-MH-MU-ZCT-CL01-4501,1S-MH-MU-ZCT-CL01-5251,1.1.2,13793,36556
1510,36840-NAN,1S-MH-MU-ZCT-CL01-4495,NAN,1.1.2,36840,NAN
1510,2485-37255,1S-MH-MU-ZCT-CL01-4495,1S-MH-MU-ZCT-CL01-5493,1.1.3,2485,37255
1511,1511-CAP BANK,1S-MH-MU-ZCT-RSTN-GORE,1S-MH-MU-ZCT-RSTN-GORE,1,1511,CAP BANK
1512,1512-37135,1S-MH-MU-ZCT-RSTN-GORE,1S-MH-MU-ZCT-CL01-5476,1,1512,37135
1512,37137-41013,1S-MH-MU-ZCT-CL01-5476,1S-MH-MU-ZCT-CL01-5643,2,37137,41013
1512,41014-35085,1S-MH-MU-ZCT-CL01-5643,1S-MH-MU-ZCT-CL01-5263,3,41014,35085
1512,35084-25657,1S-MH-MU-ZCT-CL01-5263,1S-MH-MU-ZCT-CL01-4935,4,35084,25657
1512,25658-38875,1S-MH-MU-ZCT-CL01-4935,1S-MH-MU-ZCT-CL01-5264,5,25658,38875
1514,1514-CAP BANK,1S-MH-MU-ZCT-RSTN-GORE,1S-MH-MU-ZCT-RSTN-GORE,1,1514,CAP BANK
1515,1515-11499,1S-MH-MU-ZCT-RSTN-GORE,1S-MH-MU-ZCT-CL01-4132,1,1515,11499
1515,11497-13901,1S-MH-MU-ZCT-CL01-4132,1S-MH-MU-ZCT-CL01-4275,2,11497,13901
1515,13900-17103,1S-MH-MU-ZCT-CL01-4275,1S-MH-MU-ZCT-CL01-4246,3,13900,17103
1515,17101-804,1S-MH-MU-ZCT-CL01-4246,1S-MH-MU-ZCT-CL01-4549,4,17101,804
1515,803-1003,1S-MH-MU-ZCT-CL01-4549,1S-MH-MU-ZSC-CL08-2587,5,803,1003
1515,43981-5229,1S-MH-MU-ZSC-CL08-2587,1S-MH-MU-ZSC-CL08-2499,6,43981,5229
1515,5229-32715,1S-MH-MU-ZSC-CL08-2499,1S-MH-MU-ZSC-CL08-3206,7,5229,32715
1515,32712-40675,1S-MH-MU-ZSC-CL08-3206,1S-MH-MU-ZSC-CL08-3587,8,32712,40675
1515,40676-16333,1S-MH-MU-ZSC-CL08-3587,1S-MH-MU-ZSC-CL08-2678,9,40676,16333
1515,16333-19609,1S-MH-MU-ZSC-CL08-2678,1S-MH-MU-ZSC-CL08-2911,10,16333,19609
1515,19611-26879,1S-MH-MU-ZSC-CL08-2911,1S-MH-MU-ZSC-CL08-3010,11,19611,26879
1515,9984-4411,1S-MH-MU-ZSC-CL08-2678,1S-MH-MU-ZSC-CL08-2213,9.1,9984,4411
1515,11498-HTCONSUMER,1S-MH-MU-ZCT-CL01-4132,NAN,1.1,11498,HTCONSUMER
1516,1516-STN XMER,1S-MH-MU-ZCT-RSTN-GORE,1S-MH-MU-ZCT-RSTN-GORE,1,1516,STN XMER
1517,1517-38467,1S-MH-MU-ZCT-RSTN-GORE,1S-MH-MU-ZCT-CL01-5513,1,1517,38467
1517,38468-16877,1S-MH-MU-ZCT-CL01-5513,1S-MH-MU-ZCT-CL01-4335,2,38468,16877
1517,44233-38056,1S-MH-MU-ZCT-CL01-4335,1S-MH-MU-ZCT-CL01-5569,3,44233,38056
1517,38055-37654,1S-MH-MU-ZCT-CL01-5569,1S-MH-MU-ZCT-CL01-5349,4,38055,37654
1517,37652-39223,1S-MH-MU-ZCT-CL01-5349,1S-MH-MU-ZCT-CL01-5511,5,37652,39223
1517,39222-38440,1S-MH-MU-ZCT-CL01-5511,1S-MH-MU-ZCT-CL01-4227,6,39222,38440
1517,38439-7750,1S-MH-MU-ZCT-CL01-4227,1S-MH-MU-ZCT-CL01-4347,7,38439,7750
1517,7749-28979,1S-MH-MU-ZCT-CL01-4347,1S-MH-MU-ZCT-CL01-5041,8,7749,28979
1517,28981-5429,1S-MH-MU-ZCT-CL01-5041,1S-MH-MU-ZCT-CL01-4003,9,28981,5429
1517,5427-38040,1S-MH-MU-ZCT-CL01-4003,1S-MH-MU-ZCT-CL01-5339,10,5427,38040
1517,38041-41113,1S-MH-MU-ZCT-CL01-5339,1S-MH-MU-ZCT-CL07-5642,11,38041,41113
1517,41112-13260,1S-MH-MU-ZCT-CL07-5642,1S-MH-MU-ZCT-CL08-4670,12,41112,13260
1517,28792-4575,1S-MH-MU-ZCT-CL08-4670,1S-MH-MU-ZCT-CL08-4197,13,28792,4575
1517,695-36592,1S-MH-MU-ZCT-CL08-4670,1S-MH-MU-ZCT-CL07-4271,12.1,695,36592
1517,38438-797,1S-MH-MU-ZCT-CL01-4227,1S-MH-MU-ZCT-CL01-4332,6.1,38438,797
1517,16879-13847,1S-MH-MU-ZCT-CL01-4335,1S-MH-MU-ZCT-CL01-4334,2.1,16879,13847
1519,1519-42953,1S-MH-MU-ZCT-RSTN-GORE,1S-MH-MU-ZCT-CL01-5762,1,1519,42953
1519,42952-12869,1S-MH-MU-ZCT-CL01-5762,1S-MH-MU-ZCT-CL01-4284,2,42952,12869
1519,12867-31482,1S-MH-MU-ZCT-CL01-4284,1S-MH-MU-ZCT-CL01-5138,3,12867,31482
1519,31483-35116,1S-MH-MU-ZCT-CL01-5138,1S-MH-MU-ZCT-CL01-5196,4,31483,35116
1519,42954-DT,1S-MH-MU-ZCT-CL01-5762,NAN,1.1,42954,DT
1521,1521-5443,1S-MH-MU-ZCT-RSTN-GORE,1S-MH-MU-ZCT-CL01-4266,1,1521,5443
1521,5442-38797,1S-MH-MU-ZCT-CL01-4266,1S-MH-MU-ZCT-CL01-5514,2,5442,38797
1522,1522-32213,1S-MH-MU-ZCT-RSTN-GORE,1S-MH-MU-ZCT-CL01-5167,1,1522,32213
1522,32211-35513,1S-MH-MU-ZCT-CL01-5167,1S-MH-MU-ZCT-CL01-5292,2,32211,35513
1522,35515-6651,1S-MH-MU-ZCT-CL01-5292,1S-MH-MU-ZSC-CL08-2594,3,35515,6651
1522,18365-6414,1S-MH-MU-ZSC-CL08-2594,1S-MH-MU-ZSC-CL08-2845,4,18365,6414
1522,6412-1065,1S-MH-MU-ZSC-CL08-2845,1S-MH-MU-ZSC-CL08-2588,5,6412,1065
1522,7466-15634,1S-MH-MU-ZSC-CL08-2588,1S-MH-MU-ZSC-CL08-2589,6,7466,15634
1522,15636-25569,1S-MH-MU-ZSC-CL08-2589,1S-MH-MU-ZCT-CL01-4931,7,15636,25569
1522,25567-18300,1S-MH-MU-ZCT-CL01-4931,1S-MH-MU-ZSC-CL08-2590,8,25567,18300
1522,19321-37497,1S-MH-MU-ZSC-CL08-2590,1S-MH-MU-ZSC-CL08-3410,9,19321,37497
1523,1523-2310,1S-MH-MU-ZCT-RSTN-GORE,1S-MH-MU-ZCT-CL01-4704,1,1523,2310
1523,2309-37214,1S-MH-MU-ZCT-CL01-4704,1S-MH-MU-ZCT-CL01-5491,2,2309,37214
1523,37215-4673,1S-MH-MU-ZCT-CL01-5491,1S-MH-MU-ZCT-CL01-4283,3,37215,4673
1523,4672-15920,1S-MH-MU-ZCT-CL01-4283,1S-MH-MU-ZCT-CL01-4815,4,4672,15920
1523,15922-28070,1S-MH-MU-ZCT-CL01-4815,1S-MH-MU-ZCT-CL01-4085,5,15922,28070
1523,28067-13454,1S-MH-MU-ZCT-CL01-4085,1S-MH-MU-ZCT-CL01-4264,6,28067,13454
1523,13455-25291,1S-MH-MU-ZCT-CL01-4264,1S-MH-MU-ZCT-CL01-4593,7,13455,25291
1525,1525-40654,1S-MH-MU-ZCT-RSTN-GORE,1S-MH-MU-ZCT-CL01-5545,1,1525,40654
1525,40655-37334,1S-MH-MU-ZCT-CL01-5545,1S-MH-MU-ZCT-CL01-5360,2,40655,37334
1525,37336-34841,1S-MH-MU-ZCT-CL01-5360,1S-MH-MU-ZCT-CL01-5195,3,37336,34841
1525,34840-35114,1S-MH-MU-ZCT-CL01-5195,1S-MH-MU-ZCT-CL01-5196,4,34840,35114
1525,35113-11608,1S-MH-MU-ZCT-CL01-5196,1S-MH-MU-ZCT-CL01-4746,5,35113,11608
1525,11609-41651,1S-MH-MU-ZCT-CL01-4746,1S-MH-MU-ZCT-CL01-5657,6,11609,41651
1525,41652-19939,1S-MH-MU-ZCT-CL01-5657,1S-MH-MU-ZCT-CL01-4748,7,41652,19939
1525,19940-38098,1S-MH-MU-ZCT-CL01-4748,1S-MH-MU-ZCT-CL01-5252,8,19940,38098
1525,38099-44060,1S-MH-MU-ZCT-CL01-5252,1S-MH-MU-ZCT-CL01-5785,9,38099,44060
1525,44061-13344,1S-MH-MU-ZCT-CL01-5785,1S-MH-MU-ZCT-CL01-4745,10,44061,13344
1525,13342-2604,1S-MH-MU-ZCT-CL01-4745,1S-MH-MU-ZCT-CL01-4496,11,13342,2604
1525,2603-37256,1S-MH-MU-ZCT-CL01-4496,1S-MH-MU-ZCT-CL01-5493,12,2603,37256
1525,35100-18789,1S-MH-MU-ZCT-CL01-4746,1S-MH-MU-ZCT-CL01-4501,5.1,35100,18789
1526,1526-CAP BANK,1S-MH-MU-ZCT-RSTN-GORE,1S-MH-MU-ZCT-RSTN-GORE,1,1526,CAP BANK
1527,1527-CAP BANK,1S-MH-MU-ZCT-RSTN-GORE,1S-MH-MU-ZCT-RSTN-GORE,1,1527,CAP BANK
1528,1528-7227,1S-MH-MU-ZCT-RSTN-GORE,1S-MH-MU-ZCT-CL01-4671,1,1528,7227
1528,7225-10654,1S-MH-MU-ZCT-CL01-4671,1S-MH-MU-ZCT-CL01-4594,2,7225,10654
1528,10652-34459,1S-MH-MU-ZCT-CL01-4594,1S-MH-MU-ZCT-CL01-5214,3,10652,34459
1528,34461-34406,1S-MH-MU-ZCT-CL01-5214,1S-MH-MU-ZCT-CL01-5212,4,34461,34406
1528,34407-31289,1S-MH-MU-ZCT-CL01-5212,1S-MH-MU-ZCT-CL01-5136,5,34407,31289
1528,31291-39076,1S-MH-MU-ZCT-CL01-5136,1S-MH-MU-ZCT-CL01-5497,6,31291,39076
1528,39077-7428,1S-MH-MU-ZCT-CL01-5497,1S-MH-MU-ZCT-CL01-4475,7,39077,7428
1528,7426-34026,1S-MH-MU-ZCT-CL01-4475,1S-MH-MU-ZCT-CL01-5188,8,7426,34026
1528,34024-29181,1S-MH-MU-ZCT-CL01-5188,1S-MH-MU-ZCT-CL01-5055,9,34024,29181
1528,29182-37268,1S-MH-MU-ZCT-CL01-5055,1S-MH-MU-ZCT-CL01-5488,10,29182,37268
1528,37267-37250,1S-MH-MU-ZCT-CL01-5488,1S-MH-MU-ZCT-CL01-5388,11,37267,37250
1528,37249-39630,1S-MH-MU-ZCT-CL01-5388,1S-MH-MU-ZCT-CL01-5195,12,37249,39630
1528,29183-6494,1S-MH-MU-ZCT-CL01-5055,1S-MH-MU-ZCT-CL01-4427,9.1,29183,6494
1529,1529-35422,1S-MH-MU-ZCT-RSTN-GORE,1S-MH-MU-ZCT-CL01-4651,1,1529,35422
1529,6396-6264,1S-MH-MU-ZCT-CL01-4651,1S-MH-MU-ZCT-CL01-4650,2,6396,6264
1529,6262-40616,1S-MH-MU-ZCT-CL01-4650,1S-MH-MU-ZCT-CL01-5579,3,6262,40616
1529,40617-30192,1S-MH-MU-ZCT-CL01-5579,1S-MH-MU-ZCT-CL01-4810,4,40617,30192
1529,30193-10737,1S-MH-MU-ZCT-CL01-4810,1S-MH-MU-ZCT-CL01-4707,5,30193,10737
1529,4786-41251,1S-MH-MU-ZCT-CL01-4707,1S-MH-MU-ZCT-CL01-5716,6,4786,41251
1529,41248-40397,1S-MH-MU-ZCT-CL01-5716,1S-MH-MU-ZCT-CL01-5689,7,41248,40397
1529,40396-39831,1S-MH-MU-ZCT-CL01-5689,1S-MH-MU-ZCT-CL01-5687,8,40396,39831
1529,39832-39835,1S-MH-MU-ZCT-CL01-5687,1S-MH-MU-ZCT-CL01-5688,9,39832,39835
1529,10788-HTCONSUMER,1S-MH-MU-ZCT-CL01-4810,NAN,4.1,10788,HTCONSUMER
1529,6397-6399,1S-MH-MU-ZCT-CL01-4651,1S-MH-MU-ZCT-CL01-4652,1.1,6397,6399
1531,1531-5359,1S-MH-MU-ZCT-RSTN-GORE,1S-MH-MU-ZSC-CL08-2499,1,1531,5359
1531,14731-39133,1S-MH-MU-ZSC-CL08-2499,1S-MH-MU-ZSC-CL08-3469,2,14731,39133
1531,39134-39052,1S-MH-MU-ZSC-CL08-3469,1S-MH-MU-ZSC-CL08-3415,3,39134,39052
1531,39054-31539,1S-MH-MU-ZSC-CL08-3415,1S-MH-MU-ZSC-CL08-3172,4,39054,31539
1531,31541-10856,1S-MH-MU-ZSC-CL08-3172,1S-MH-MU-ZSC-CL08-2111,5,31541,10856
1531,12242-14820,1S-MH-MU-ZSC-CL08-2111,1S-MH-MU-ZSC-CL08-2500,6,12242,14820
1531,14822-14372,1S-MH-MU-ZSC-CL08-2500,1S-MH-MU-ZSC-CL08-2635,7,14822,14372
1531,14374-15980,1S-MH-MU-ZSC-CL08-2635,1S-MH-MU-ZSC-CL08-2638,8,14374,15980
1531,15978-15977,1S-MH-MU-ZSC-CL08-2638,1S-MH-MU-ZSC-CL08-2636,9,15978,15977
1531,15975-40564,1S-MH-MU-ZSC-CL08-2636,1S-MH-MU-ZSC-CL08-3612,10,15975,40564
1532,1532-43966,1S-MH-MU-ZCT-RSTN-GORE,1S-MH-MU-ZCT-CL01-5575,1,1532,43966
1532,43967-32728,1S-MH-MU-ZCT-CL01-5575,1S-MH-MU-ZSC-CL08-2804,2,43967,32728
1532,16665-18280,1S-MH-MU-ZSC-CL08-2804,1S-MH-MU-ZSC-CL08-2803,3,16665,18280
1532,15418-16586,1S-MH-MU-ZSC-CL08-2803,1S-MH-MU-ZSC-CL08-2805,4,15418,16586
1532,16584-16277,1S-MH-MU-ZSC-CL08-2805,1S-MH-MU-ZSC-CL08-2328,5,16584,16277
1532,7694-31488,1S-MH-MU-ZSC-CL08-2328,1S-MH-MU-ZSC-CL08-3170,6,7694,31488
1532,31486-786,1S-MH-MU-ZSC-CL08-3170,1S-MH-MU-ZSC-CL08-2325,7,31486,786
1532,785-14953,1S-MH-MU-ZSC-CL08-2325,1S-MH-MU-ZSC-CL08-2712,8,785,14953
1532,14951-30580,1S-MH-MU-ZSC-CL08-2712,1S-MH-MU-ZSC-CL08-3143,9,14951,30580
1532,30581-30867,1S-MH-MU-ZSC-CL08-3143,1S-MH-MU-ZSC-CL08-3156,10,30581,30867
1532,30869-4416,1S-MH-MU-ZSC-CL08-3156,1S-MH-MU-ZSC-CL08-2207,11,30869,4416
1532,4416-37146,1S-MH-MU-ZSC-CL08-2207,1S-MH-MU-ZSC-CL08-3435,12,4416,37146
1532,37145-9611,1S-MH-MU-ZSC-CL08-3435,1S-MH-MU-ZSC-CL08-2052,13,37145,9611
1532,13208-39913,1S-MH-MU-ZSC-CL08-2052,1S-MH-MU-ZSC-CL08-3493,14,13208,39913
1532,39912-15643,1S-MH-MU-ZSC-CL08-3493,1S-MH-MU-ZSC-CL08-2051,15,39912,15643
1532,15645-2757,1S-MH-MU-ZSC-CL08-2051,1S-MH-MU-ZSC-CL08-2050,16,15645,2757
1532,13209-42255,1S-MH-MU-ZSC-CL08-2052,1S-MH-MU-ZSC-CL08-3532,13.1,13209,42255
1532,30583-36513,1S-MH-MU-ZSC-CL08-3143,1S-MH-MU-ZSC-CL08-3406,9.1,30583,36513
1532,36512-41220,1S-MH-MU-ZSC-CL08-3406,1S-MH-MU-ZSC-CL08-3582,9.2,36512,41220
1532,41219-571,1S-MH-MU-ZSC-CL08-3582,1S-MH-MU-ZSC-CL08-2317,9.3,41219,571
1532,627-HTCONSUMER,1S-MH-MU-ZSC-CL08-2325,NAN,7.1,627,HTCONSUMER
1532,7693-285,1S-MH-MU-ZSC-CL08-2328,1S-MH-MU-ZSC-CL08-2320,5.1,7693,285
1532,284-6882,1S-MH-MU-ZSC-CL08-2320,1S-MH-MU-ZSC-CL08-2213,5.2,284,6882
1532,14176-43988,1S-MH-MU-ZSC-CL08-2803,1S-MH-MU-ZSC-CL08-2590,3.1,14176,43988
1532,14177-19972,1S-MH-MU-ZSC-CL08-2803,1S-MH-MU-ZSC-CL08-2931,3.2,14177,19972
1532,16663-625,1S-MH-MU-ZSC-CL08-2804,1S-MH-MU-ZSC-CL08-2320,2.1,16663,625
1532,284-6882,1S-MH-MU-ZSC-CL08-2320,1S-MH-MU-ZSC-CL08-2213,2.2,284,6882
1535,1535-29756,1S-MH-MU-ZCT-RSTN-GORE,1S-MH-MU-ZCT-CL01-5075,1,1535,29756
1535,29757-9677,1S-MH-MU-ZCT-CL01-5075,1S-MH-MU-ZCT-CL01-4105,2,29757,9677
1535,28860-34127,1S-MH-MU-ZCT-CL01-4105,1S-MH-MU-ZCT-CL01-4107,3,28860,34127
1535,37644-13400,1S-MH-MU-ZCT-CL01-4107,1S-MH-MU-ZCT-CL01-4175,4,37644,13400
1535,9679-6964,1S-MH-MU-ZCT-CL01-4105,1S-MH-MU-ZCT-CL01-4282,2.1,9679,6964
1535,28859-9390,1S-MH-MU-ZCT-CL01-4105,1S-MH-MU-ZCT-CL01-4106,2.2,28859,9390
1537,1537-34781,1S-MH-MU-ZCT-RSTN-GORE,1S-MH-MU-ZCT-CL01-5225,1,1537,34781
1537,34783-5163,1S-MH-MU-ZCT-CL01-5225,1S-MH-MU-ZSC-CL08-2749,2,34783,5163
1537,5161-34097,1S-MH-MU-ZSC-CL08-2749,1S-MH-MU-ZSC-CL08-3213,3,5161,34097
1537,34095-26713,1S-MH-MU-ZSC-CL08-3213,1S-MH-MU-ZSC-CL08-3003,4,34095,26713
1537,38685-569,1S-MH-MU-ZSC-CL08-3003,1S-MH-MU-ZSC-CL08-2317,5,38685,569
1537,697-12460,1S-MH-MU-ZSC-CL08-2317,1S-MH-MU-ZSC-CL08-2169,6,697,12460
1537,12462-12206,1S-MH-MU-ZSC-CL08-2169,1S-MH-MU-ZSC-CL08-2321,7,12462,12206
1537,13676-18491,1S-MH-MU-ZSC-CL08-2321,1S-MH-MU-ZSC-CL08-2326,8,13676,18491
1537,13833-15606,1S-MH-MU-ZSC-CL08-2326,1S-MH-MU-ZSC-CL08-2322,9,13833,15606
1537,15608-14303,1S-MH-MU-ZSC-CL08-2322,1S-MH-MU-ZSC-CL08-2449,10,15608,14303
1537,14305-41355,1S-MH-MU-ZSC-CL08-2449,1S-MH-MU-ZSC-CL09-2679,11,14305,41355
1537,30082-16831,1S-MH-MU-ZSC-CL08-2317,1S-MH-MU-ZSC-CL08-2522,5.1,30082,16831
1537,16830-16149,1S-MH-MU-ZSC-CL08-2522,1S-MH-MU-ZSC-CL08-2214,5.2,16830,16149
1537,9451-14551,1S-MH-MU-ZSC-CL08-2749,1S-MH-MU-ZSC-CL08-2329,2.1,9451,14551
1537,34782-4787,1S-MH-MU-ZCT-CL01-5225,1S-MH-MU-ZCT-CL01-4707,1.1,34782,4787
1538,1538-42173,1S-MH-MU-ZCT-RSTN-GORE,1S-MH-MU-ZCT-CL01-5731,1,1538,42173
1538,42172-41448,1S-MH-MU-ZCT-CL01-5731,1S-MH-MU-ZCT-CL01-5368,2,42172,41448
1539,1539-CAP BANK,1S-MH-MU-ZCT-RSTN-GORE,1S-MH-MU-ZCT-RSTN-GORE,1,1539,CAP BANK
31262,31262-31700,1S-MH-MU-ZET-RSTN-HIND,1S-MH-MU-ZET-CL07-9256,1,31262,31700
31262,31704-31719,1S-MH-MU-ZET-CL07-9256,1S-MH-MU-ZET-CL07-9257,2,31704,31719
31263,31263-15848,1S-MH-MU-ZET-RSTN-HIND,1S-MH-MU-ZET-CL05-8012,1,31263,15848
31263,15847-28075,1S-MH-MU-ZET-CL05-8012,1S-MH-MU-ZET-CL05-8972,2,15847,28075
31263,28073-531,1S-MH-MU-ZET-CL05-8972,1S-MH-MU-ZET-CL05-8751,3,28073,531
31263,529-14077,1S-MH-MU-ZET-CL05-8751,1S-MH-MU-ZET-CL05-8433,4,529,14077
31263,14075-14080,1S-MH-MU-ZET-CL05-8433,1S-MH-MU-ZET-CL05-8354,5,14075,14080
31263,14078-14081,1S-MH-MU-ZET-CL05-8354,1S-MH-MU-ZET-CL05-8355,6,14078,14081
31265,31265-28738,1S-MH-MU-ZET-RSTN-HIND,1S-MH-MU-ZET-CL05-9088,1,31265,28738
31265,28737-28717,1S-MH-MU-ZET-CL05-9088,1S-MH-MU-ZET-CL05-8821,2,28737,28717
31265,2177-14778,1S-MH-MU-ZET-CL05-8821,1S-MH-MU-ZET-CL05-8579,3,2177,14778
31265,14780-813,1S-MH-MU-ZET-CL05-8579,1S-MH-MU-ZET-CL05-8208,4,14780,813
31265,812-26363,1S-MH-MU-ZET-CL05-8208,1S-MH-MU-ZET-CL05-9034,5,812,26363
31265,26361-12584,1S-MH-MU-ZET-CL05-9034,1S-MH-MU-ZET-CL05-8826,6,26361,12584
31265,12586-11470,1S-MH-MU-ZET-CL05-8826,1S-MH-MU-ZET-CL05-8600,7,12586,11470
31265,11468-31131,1S-MH-MU-ZET-CL05-8600,1S-MH-MU-ZET-CL05-8048,8,11468,31131
31265,14779-HTCONSUMER,1S-MH-MU-ZET-CL05-8579,NAN,3.1,14779,HTCONSUMER
31265,2176-14083,1S-MH-MU-ZET-CL05-8821,1S-MH-MU-ZET-CL05-8355,2.1,2176,14083
31266,31266-4448,1S-MH-MU-ZET-RSTN-HIND,1S-MH-MU-ZET-CL05-8196,1,31266,4448
31266,4449-10978,1S-MH-MU-ZET-CL05-8196,1S-MH-MU-ZET-CL05-8379,2,4449,10978
31266,10977-13772,1S-MH-MU-ZET-CL05-8379,1S-MH-MU-ZET-CL04-8673,3,10977,13772
31266,13770-4683,1S-MH-MU-ZET-CL04-8673,1S-MH-MU-ZET-CL04-8377,4,13770,4683
31266,4686-2297,1S-MH-MU-ZET-CL04-8377,1S-MH-MU-ZET-CL04-8052,5,4686,2297
31266,2299-737,1S-MH-MU-ZET-CL04-8052,1S-MH-MU-ZET-CL04-8373,6,2299,737
31266,26525-29268,1S-MH-MU-ZET-CL04-8373,1S-MH-MU-ZET-CL04-8210,7,26525,29268
31266,10979-31129,1S-MH-MU-ZET-CL05-8379,1S-MH-MU-ZET-CL05-8048,2.1,10979,31129
31267,31267-4891,1S-MH-MU-ZET-RSTN-HIND,1S-MH-MU-ZET-CL05-8378,1,31267,4891
31267,4889-10475,1S-MH-MU-ZET-CL05-8378,1S-MH-MU-ZET-CL05-8904,2,4889,10475
31267,10477-17946,1S-MH-MU-ZET-CL05-8904,1S-MH-MU-ZET-CL05-8244,3,10477,17946
31267,17948-34882,1S-MH-MU-ZET-CL05-8244,1S-MH-MU-ZET-CL05-9393,4,17948,34882
31267,34884-15536,1S-MH-MU-ZET-CL05-9393,1S-MH-MU-ZET-CL05-8350,5,34884,15536
31267,12-12,1S-MH-MU-ZET-CL05-8904,1S-MH-MU-ZET-CL05-9942,2.1,12,12
31267,43794-DT,1S-MH-MU-ZET-CL05-9942,DT,2.2,43794,DT
31267,10476-43795,1S-MH-MU-ZET-CL05-8904,1S-MH-MU-ZET-CL05-9942,2.2,10476,43795
31267,43794-DT,1S-MH-MU-ZET-CL05-9942,DT,2.3,43794,DT
31267,34435-HTCONSUMER,1S-MH-MU-ZET-CL05-8378,NAN,1.1,34435,HTCONSUMER
31267,43796-6888,NAN,1S-MH-MU-ZET-CL05-8830,1.2,43796,6888
31267,4890-10013,1S-MH-MU-ZET-CL05-8378,1S-MH-MU-ZET-CL05-8642,1.2,4890,10013
31268,31268-STN XMER,1S-MH-MU-ZET-RSTN-HIND,1S-MH-MU-ZET-RSTN-HIND,1,31268,STN XMER
31269,31269-CAP BANK,1S-MH-MU-ZET-RSTN-HIND,1S-MH-MU-ZET-RSTN-HIND,1,31269,CAP BANK
31271,31271-31717,1S-MH-MU-ZET-RSTN-HIND,1S-MH-MU-ZET-CL07-9257,1,31271,31717
31272,31272-29708,1S-MH-MU-ZET-RSTN-HIND,1S-MH-MU-ZET-CL05-8918,1,31272,29708
31272,29659-30565,1S-MH-MU-ZET-CL05-8918,1S-MH-MU-ZET-CL05-9189,2,29659,30565
31272,30567-15993,1S-MH-MU-ZET-CL05-9189,1S-MH-MU-ZET-CL05-8261,3,30567,15993
31272,15992-15809,1S-MH-MU-ZET-CL05-8261,1S-MH-MU-ZET-CL05-8374,4,15992,15809
31272,15807-5385,1S-MH-MU-ZET-CL05-8374,1S-MH-MU-ZET-CL05-8228,5,15807,5385
31272,5384-6316,1S-MH-MU-ZET-CL05-8228,1S-MH-MU-ZET-CL05-8786,6,5384,6316
31272,6318-15538,1S-MH-MU-ZET-CL05-8786,1S-MH-MU-ZET-CL05-8350,7,6318,15538
31272,29660-10799,1S-MH-MU-ZET-CL05-8918,1S-MH-MU-ZET-CL05-8333,1.1,29660,10799
31272,10798-42829,1S-MH-MU-ZET-CL05-8333,1S-MH-MU-ZET-CL05-9806,1.2,10798,42829
31272,42832-29767,1S-MH-MU-ZET-CL05-9806,1S-MH-MU-ZET-CL05-9153,1.3,42832,29767
31272,29765-15796,1S-MH-MU-ZET-CL05-9153,1S-MH-MU-ZET-CL05-8460,1.4,29765,15796
31272,15797-12585,1S-MH-MU-ZET-CL05-8460,1S-MH-MU-ZET-CL05-8826,1.5,15797,12585
31272,29661-HTCONSUMER,1S-MH-MU-ZET-CL05-8918,NAN,1.2,29661,HTCONSUMER
31275,31275-6304,1S-MH-MU-ZET-RSTN-HIND,1S-MH-MU-ZET-CL05-8833,1,31275,6304
31275,9005-15050,1S-MH-MU-ZET-CL05-8833,1S-MH-MU-ZET-CL05-8511,2,9005,15050
31275,15051-2523,1S-MH-MU-ZET-CL05-8511,1S-MH-MU-ZET-CL05-8073,3,15051,2523
31275,9004-7305,1S-MH-MU-ZET-CL05-8833,1S-MH-MU-ZET-CL05-8352,1.1,9004,7305
31275,7303-15849,1S-MH-MU-ZET-CL05-8352,1S-MH-MU-ZET-CL05-8012,1.2,7303,15849
31275,7304-HTCONSUMER,1S-MH-MU-ZET-CL05-8352,NAN,1.1.1,7304,HTCONSUMER
31276,31276-5864,1S-MH-MU-ZET-RSTN-HIND,1S-MH-MU-ZET-CL05-8047,1,31276,5864
31276,5863-6063,1S-MH-MU-ZET-CL05-8047,1S-MH-MU-ZET-CL05-8048,2,5863,6063
31276,40494-HTCONSUMER,1S-MH-MU-ZET-CL05-8048,NAN,3,40494,HTCONSUMER
31277,31277-HTCONSUMER,1S-MH-MU-ZET-RSTN-HIND,NAN,1,31277,HTCONSUMER
31277,31277-DT,1S-MH-MU-ZET-RSTN-HIND,1S-MH-MU-ZET-RSTN-HIND,2,31277,DT
31277,31277-HTCONSUMER,1S-MH-MU-ZET-RSTN-HIND,NAN,3,31277,HTCONSUMER
31278,31278-CAP BANK,1S-MH-MU-ZET-RSTN-HIND,1S-MH-MU-ZET-RSTN-HIND,1,31278,CAP BANK
34302,34302-STN XMER,1S-MH-MU-ZET-RSTN-HING,1S-MH-MU-ZET-RSTN-HING,1,34302,STN XMER
34297,34297-25298,1S-MH-MU-ZET-RSTN-HING,1S-MH-MU-ZET-CL06-9000,1,34297,25298
34297,25300-32844,1S-MH-MU-ZET-CL06-9000,1S-MH-MU-ZET-CL06-9315,2,25300,32844
34297,32846-29456,1S-MH-MU-ZET-CL06-9315,1S-MH-MU-ZET-CL06-9136,3,32846,29456
34297,29454-32553,1S-MH-MU-ZET-CL06-9136,1S-MH-MU-ZET-CL06-9297,4,29454,32553
34297,32555-32551,1S-MH-MU-ZET-CL06-9297,1S-MH-MU-ZET-CL06-9298,5,32555,32551
34297,32550-32701,1S-MH-MU-ZET-CL06-9298,1S-MH-MU-ZET-CL06-8031,6,32550,32701
34297,2679-30338,1S-MH-MU-ZET-CL06-8031,1S-MH-MU-ZET-CL06-9169,7,2679,30338
34297,30336-10110,1S-MH-MU-ZET-CL06-9169,1S-MH-MU-ZET-CL06-8687,8,30336,10110
34298,34298-43091,1S-MH-MU-ZET-RSTN-HING,1S-MH-MU-ZET-CL06-9856,1,34298,43091
34298,43090-41502,1S-MH-MU-ZET-CL06-9856,1S-MH-MU-ZET-CL06-9626,2,43090,41502
34298,41500-9296,1S-MH-MU-ZET-CL06-9626,1S-MH-MU-ZET-CL06-9849,3,41500,9296
34298,42601-30351,1S-MH-MU-ZET-CL06-9849,1S-MH-MU-ZET-CL06-9181,4,42601,30351
34298,30353-38985,1S-MH-MU-ZET-CL06-9181,1S-MH-MU-ZET-CL06-9687,5,30353,38985
34298,38986-13256,1S-MH-MU-ZET-CL06-9687,1S-MH-MU-ZET-CL06-8615,6,38986,13256
34298,26183-6622,1S-MH-MU-ZET-CL06-8615,1S-MH-MU-ZET-CL06-8290,7,26183,6622
34298,6404-29762,1S-MH-MU-ZET-CL06-8290,1S-MH-MU-ZET-CL06-9080,8,6404,29762
34298,6402-11097,1S-MH-MU-ZET-CL06-8290,1S-MH-MU-ZET-CL06-8523,7.1,6402,11097
34298,41500-42600,1S-MH-MU-ZET-CL06-9626,1S-MH-MU-ZET-CL06-9849,2.1,41500,42600
34298,42601-30351,1S-MH-MU-ZET-CL06-9849,1S-MH-MU-ZET-CL06-9181,2.2,42601,30351
34298,30353-38985,1S-MH-MU-ZET-CL06-9181,1S-MH-MU-ZET-CL06-9687,2.3,30353,38985
34298,38986-13256,1S-MH-MU-ZET-CL06-9687,1S-MH-MU-ZET-CL06-8615,2.4,38986,13256
34298,26183-6622,1S-MH-MU-ZET-CL06-8615,1S-MH-MU-ZET-CL06-8290,2.5,26183,6622
34298,6404-29762,1S-MH-MU-ZET-CL06-8290,1S-MH-MU-ZET-CL06-9080,2.6,6404,29762
34298,6402-11097,1S-MH-MU-ZET-CL06-8290,1S-MH-MU-ZET-CL06-8523,2.5.1,6402,11097
34298,41501-37680,1S-MH-MU-ZET-CL06-9626,1S-MH-MU-ZET-CL06-9622,2.2,41501,37680
34298,37678-38810,1S-MH-MU-ZET-CL06-9622,1S-MH-MU-ZET-CL06-9689,2.3,37678,38810
34298,41601-745,1S-MH-MU-ZET-CL06-9622,1S-MH-MU-ZET-CL06-8291,2.2.1,41601,745
34299,34299-31567,1S-MH-MU-ZET-RSTN-HING,1S-MH-MU-ZET-CL06-9234,1,34299,31567
34299,31569-10854,1S-MH-MU-ZET-CL06-9234,1S-MH-MU-ZET-CL06-8298,2,31569,10854
34299,10855-6269,1S-MH-MU-ZET-CL06-8298,1S-MH-MU-ZET-CL06-8085,3,10855,6269
34299,6270-16451,1S-MH-MU-ZET-CL06-8085,1S-MH-MU-ZET-CL06-8086,4,6270,16451
34299,16453-4376,1S-MH-MU-ZET-CL06-8086,1S-MH-MU-ZET-CL06-8396,5,16453,4376
34299,31568-HTCONSUMER,1S-MH-MU-ZET-CL06-9234,NAN,1.1,31568,HTCONSUMER
34301,34301-5493,1S-MH-MU-ZET-RSTN-HING,1S-MH-MU-ZET-CL04-8582,1,34301,5493
34301,5492-29094,1S-MH-MU-ZET-CL04-8582,1S-MH-MU-ZET-CL04-9117,2,5492,29094
34301,32042-32063,1S-MH-MU-ZET-CL04-9117,1S-MH-MU-ZET-CL04-9270,3,32042,32063
34301,32065-7779,1S-MH-MU-ZET-CL04-9270,1S-MH-MU-ZET-CL04-8432,4,32065,7779
34305,34305-31080,1S-MH-MU-ZET-RSTN-HING,1S-MH-MU-ZET-CL06-8289,1,34305,31080
34305,2695-9873,1S-MH-MU-ZET-CL06-8289,1S-MH-MU-ZET-CL06-8612,2,2695,9873
34305,9875-31565,1S-MH-MU-ZET-CL06-8612,1S-MH-MU-ZET-CL06-8298,3,9875,31565
34305,2694-42166,1S-MH-MU-ZET-CL06-8289,1S-MH-MU-ZET-CL06-9325,1.1,2694,42166
34306,34306-41638,1S-MH-MU-ZET-RSTN-HING,1S-MH-MU-ZET-CL06-9532,1,34306,41638
34306,41640-29140,1S-MH-MU-ZET-CL06-9532,1S-MH-MU-ZET-CL06-9118,2,41640,29140
34306,29139-41701,1S-MH-MU-ZET-CL06-9118,1S-MH-MU-ZET-CL06-9413,3,29139,41701
34306,41702-14586,1S-MH-MU-ZET-CL06-9413,1S-MH-MU-ZET-CL06-8443,4,41702,14586
34306,14585-29146,1S-MH-MU-ZET-CL06-8443,1S-MH-MU-ZET-CL06-9119,5,14585,29146
34306,29147-15799,1S-MH-MU-ZET-CL06-9119,1S-MH-MU-ZET-CL06-8293,6,29147,15799
34306,15798-34119,1S-MH-MU-ZET-CL06-8293,1S-MH-MU-ZET-CL06-9326,7,15798,34119
34306,34117-16372,1S-MH-MU-ZET-CL06-9326,1S-MH-MU-ZET-CL06-8291,8,34117,16372
34306,30777-HTCONSUMER,1S-MH-MU-ZET-CL06-9119,NAN,5.1,30777,HTCONSUMER
34307,34307-7913,1S-MH-MU-ZET-RSTN-HING,1S-MH-MU-ZET-CL06-8226,1,34307,7913
34307,7915-28888,1S-MH-MU-ZET-CL06-8226,1S-MH-MU-ZET-CL06-9090,2,7915,28888
34307,28887-43523,1S-MH-MU-ZET-CL06-9090,1S-MH-MU-ZET-CL06-9868,3,28887,43523
34307,43522-37276,1S-MH-MU-ZET-CL06-9868,1S-MH-MU-ZET-CL06-9632,4,43522,37276
34307,37275-25831,1S-MH-MU-ZET-CL06-9632,1S-MH-MU-ZET-CL06-9024,5,37275,25831
34307,43524-DT,1S-MH-MU-ZET-CL06-9868,MH-MU-ZET-CL06-9868,3.1,43524,DT
34307,28889-4377,1S-MH-MU-ZET-CL06-9090,1S-MH-MU-ZET-CL06-8396,2.1,28889,4377
34307,4375-37645,1S-MH-MU-ZET-CL06-8396,1S-MH-MU-ZET-CL06-9609,2.2,4375,37645
34307,37647-2682,1S-MH-MU-ZET-CL06-9609,1S-MH-MU-ZET-CL06-8031,2.3,37647,2682
34308,34308-9969,1S-MH-MU-ZET-RSTN-HING,1S-MH-MU-ZET-CL06-8611,1,34308,9969
34308,9967-40131,1S-MH-MU-ZET-CL06-8611,1S-MH-MU-ZET-CL06-9330,2,9967,40131
34308,40130-41610,1S-MH-MU-ZET-CL06-9330,1S-MH-MU-ZET-CL06-9371,3,40130,41610
34308,34934-34931,1S-MH-MU-ZET-CL06-9371,1S-MH-MU-ZET-CL06-9379,4,34934,34931
34308,34932-31337,1S-MH-MU-ZET-CL06-9379,1S-MH-MU-ZET-CL06-9228,5,34932,31337
34308,31338-43245,1S-MH-MU-ZET-CL06-9228,1S-MH-MU-ZET-CL06-9898,6,31338,43245
34308,43244-37402,1S-MH-MU-ZET-CL06-9898,1S-MH-MU-ZET-CL06-9574,7,43244,37402
34308,34936-34122,1S-MH-MU-ZET-CL06-9371,1S-MH-MU-ZET-CL06-9325,3.1,34936,34122
34308,34120-29764,1S-MH-MU-ZET-CL06-9325,1S-MH-MU-ZET-CL06-9080,3.2,34120,29764
34308,40132-38018,1S-MH-MU-ZET-CL06-9330,1S-MH-MU-ZET-CL06-9670,2.1,40132,38018
34308,38019-42921,1S-MH-MU-ZET-CL06-9670,1S-MH-MU-ZET-CL06-9850,2.2,38019,42921
34308,42920-37101,1S-MH-MU-ZET-CL06-9850,1S-MH-MU-ZET-CL04-9558,2.3,42920,37101
34308,37103-38811,1S-MH-MU-ZET-CL04-9558,1S-MH-MU-ZET-CL06-9689,2.4,37103,38811
34308,9968-32187,1S-MH-MU-ZET-CL06-8611,1S-MH-MU-ZET-CL06-9237,1.1,9968,32187
34308,32186-37601,1S-MH-MU-ZET-CL06-9237,1S-MH-MU-ZET-CL06-9526,1.2,32186,37601
34310,34310-9330,1S-MH-MU-ZET-RSTN-HING,1S-MH-MU-ZET-CL04-8517,1,34310,9330
34310,34310-42432,1S-MH-MU-ZET-RSTN-HING,1S-MH-MU-ZET-CL06-9833,2,34310,42432
34310,42431-41636,1S-MH-MU-ZET-CL06-9833,1S-MH-MU-ZET-CL06-9713,3,42431,41636
34310,41635-4104,1S-MH-MU-ZET-CL06-9713,1S-MH-MU-ZET-CL06-8288,4,41635,4104
34310,4143-40011,1S-MH-MU-ZET-CL06-8288,1S-MH-MU-ZET-CL06-9677,5,4143,40011
34310,40010-39583,1S-MH-MU-ZET-CL06-9677,1S-MH-MU-ZET-CL06-9648,6,40010,39583
34310,39584-9319,1S-MH-MU-ZET-CL06-9648,1S-MH-MU-ZET-CL06-8614,7,39584,9319
34310,9317-1340,1S-MH-MU-ZET-CL06-8614,1S-MH-MU-ZET-CL06-9551,8,9317,1340
34310,9325-11035,1S-MH-MU-ZET-CL06-8614,1S-MH-MU-ZET-CL06-8289,7.1,9325,11035
34310,5131-18723,1S-MH-MU-ZET-CL06-8288,1S-MH-MU-ZET-CL06-8506,4.1,5131,18723
34310,18721-18886,1S-MH-MU-ZET-CL06-8506,1S-MH-MU-ZET-CL06-8965,4.2,18721,18886
34310,18884-35771,1S-MH-MU-ZET-CL06-8965,1S-MH-MU-ZET-CL07-9478,4.3,18884,35771
34311,34311-41608,1S-MH-MU-ZET-RSTN-HING,1S-MH-MU-ZET-CL06-9487,1,34311,41608
34311,41607-36500,1S-MH-MU-ZET-CL06-9487,1S-MH-MU-ZET-CL06-9591,2,41607,36500
34311,36499-30808,1S-MH-MU-ZET-CL06-9591,1S-MH-MU-ZET-CL06-9202,3,36499,30808
34311,30807-7539,1S-MH-MU-ZET-CL06-9202,1S-MH-MU-ZET-CL06-8691,4,30807,7539
34311,7541-893,1S-MH-MU-ZET-CL06-8691,1S-MH-MU-ZET-CL06-8688,5,7541,893
34311,31611-10175,1S-MH-MU-ZET-CL06-8688,1S-MH-MU-ZET-CL06-8808,6,31611,10175
34311,10176-10249,1S-MH-MU-ZET-CL06-8808,1S-MH-MU-ZET-CL06-8766,7,10176,10249
34311,10251-10497,1S-MH-MU-ZET-CL06-8766,1S-MH-MU-ZET-CL06-8695,8,10251,10497
34311,36501-14516,1S-MH-MU-ZET-CL06-9591,1S-MH-MU-ZET-CL06-8027,2.1,36501,14516
34311,14516-28973,1S-MH-MU-ZET-CL06-8027,1S-MH-MU-ZET-CL06-9105,2.2,14516,28973
34311,28974-5165,1S-MH-MU-ZET-CL06-9105,1S-MH-MU-ZET-CL06-8689,2.3,28974,5165
34311,14514-32702,1S-MH-MU-ZET-CL06-8027,1S-MH-MU-ZET-CL06-8031,2.1.1,14514,32702
40087,40087-34634,1S-MH-MU-ZCT-RSTN-HERI,1S-MH-MU-ZNT-CL07-7423,1,40087,34634
40087,34632-16111,1S-MH-MU-ZNT-CL07-7423,1S-MH-MU-ZNT-CL07-6264,2,34632,16111
40087,34633-25707,1S-MH-MU-ZNT-CL07-7423,1S-MH-MU-ZNT-CL07-6909,1.1,34633,25707
40087,40341-HTCONSUMER,1S-MH-MU-ZNT-CL07-7423,NAN,1.2,40341,HTCONSUMER
40088,40088-37075,1S-MH-MU-ZCT-RSTN-HERI,1S-MH-MU-ZCT-CL04-5485,1,40088,37075
40088,37077-36080,1S-MH-MU-ZCT-CL04-5485,1S-MH-MU-ZCT-CL04-4131,2,37077,36080
40088,17472-40127,1S-MH-MU-ZCT-CL04-4131,1S-MH-MU-ZCT-CL04-5659,3,17472,40127
40088,40128-19873,1S-MH-MU-ZCT-CL04-5659,1S-MH-MU-ZCT-CL04-4898,4,40128,19873
40088,19871-6329,1S-MH-MU-ZCT-CL04-4898,1S-MH-MU-ZCT-CL04-4089,5,19871,6329
40088,6327-16787,1S-MH-MU-ZCT-CL04-4089,1S-MH-MU-ZCT-RSTN-KAND,6,6327,16787
40088,16787-43292,1S-MH-MU-ZCT-RSTN-KAND,1S-MH-MU-ZCT-CL04-4372,7,16787,43292
40088,38320-18595,1S-MH-MU-ZCT-CL04-4372,1S-MH-MU-ZCT-CL04-4182,8,38320,18595
40088,18597-11961,1S-MH-MU-ZCT-CL04-4182,1S-MH-MU-ZCT-CL04-4759,9,18597,11961
40088,11959-10754,1S-MH-MU-ZCT-CL04-4759,1S-MH-MU-ZCT-CL04-4376,10,11959,10754
40088,10753-6705,1S-MH-MU-ZCT-CL04-4376,1S-MH-MU-ZCT-CL04-4375,11,10753,6705
40088,7321-12987,1S-MH-MU-ZCT-CL04-4376,1S-MH-MU-ZCT-CL04-4786,10.1,7321,12987
40088,38321-40338,1S-MH-MU-ZCT-CL04-4372,1S-MH-MU-ZCT-CL04-5551,7.1,38321,40338
40089,40089-39674,1S-MH-MU-ZCT-RSTN-HERI,1S-MH-MU-ZNT-CL07-6460,1,40089,39674
40089,39675-38911,1S-MH-MU-ZNT-CL07-6460,1S-MH-MU-ZNT-CL07-6584,2,39675,38911
40089,38910-17877,1S-MH-MU-ZNT-CL07-6584,1S-MH-MU-ZNT-CL07-6175,3,38910,17877
40089,17879-37382,1S-MH-MU-ZNT-CL07-6175,1S-MH-MU-ZNT-CL07-7450,4,17879,37382
40089,37380-30231,1S-MH-MU-ZNT-CL07-7450,1S-MH-MU-ZNT-CL07-7082,5,37380,30231
40089,30233-15370,1S-MH-MU-ZNT-CL07-7082,1S-MH-MU-ZNT-CL07-6632,6,30233,15370
40089,41642-41685,1S-MH-MU-ZNT-CL07-6175,1S-MH-MU-ZNT-CL07-6877,3.1,41642,41685
40090,40090-26951,1S-MH-MU-ZCT-RSTN-HERI,1S-MH-MU-ZCT-CL04-4997,1,40090,26951
40090,26952-13061,1S-MH-MU-ZCT-CL04-4997,1S-MH-MU-ZCT-CL04-4064,2,26952,13061
40090,14217-19724,1S-MH-MU-ZCT-CL04-4064,1S-MH-MU-ZCT-CL04-4436,3,14217,19724
40090,19723-16942,1S-MH-MU-ZCT-CL04-4436,1S-MH-MU-ZCT-CL04-4643,4,19723,16942
40090,16940-17291,1S-MH-MU-ZCT-CL04-4643,1S-MH-MU-ZCT-CL04-4244,5,16940,17291
40090,17293-38616,1S-MH-MU-ZCT-CL04-4244,1S-MH-MU-ZCT-CL04-4166,6,17293,38616
40090,19722-37836,1S-MH-MU-ZCT-CL04-4436,1S-MH-MU-ZCT-CL04-5228,3.1,19722,37836
40091,40091-37632,1S-MH-MU-ZCT-RSTN-HERI,1S-MH-MU-ZCT-CL04-5505,1,40091,37632
40091,37634-41002,1S-MH-MU-ZCT-CL04-5505,1S-MH-MU-ZCT-CL04-5336,2,37634,41002
40091,41001-29524,1S-MH-MU-ZCT-CL04-5336,1S-MH-MU-ZCT-CL04-5067,3,41001,29524
40091,29526-17790,1S-MH-MU-ZCT-CL04-5067,1S-MH-MU-ZCT-CL10-4830,4,29526,17790
40091,17789-17831,1S-MH-MU-ZCT-CL10-4830,1S-MH-MU-ZCT-CL10-4831,5,17789,17831
40091,17833-18522,1S-MH-MU-ZCT-CL10-4831,1S-MH-MU-ZCT-CL10-4838,6,17833,18522
40093,40093-STN XMER,1S-MH-MU-ZCT-RSTN-HERI,1S-MH-MU-ZCT-RSTN-HERI,1,40093,STN XMER
40094,40094-CAP BANK,1S-MH-MU-ZCT-RSTN-HERI,1S-MH-MU-ZCT-RSTN-HERI,1,40094,CAP BANK
40096,40096-16776,1S-MH-MU-ZCT-RSTN-HERI,1S-MH-MU-ZCT-RSTN-KAND,1,40096,16776
40097,40097-37068,1S-MH-MU-ZCT-RSTN-HERI,1S-MH-MU-ZCT-CL04-5485,1,40097,37068
40097,37074-37118,1S-MH-MU-ZCT-CL04-5485,1S-MH-MU-ZCT-CL04-5486,2,37074,37118
40097,37119-7155,1S-MH-MU-ZCT-CL04-5486,1S-MH-MU-ZNT-CL07-6533,3,37119,7155
40097,7154-41693,1S-MH-MU-ZNT-CL07-6533,1S-MH-MU-ZNT-CL07-7869,4,7154,41693
40097,41692-11646,1S-MH-MU-ZNT-CL07-7869,1S-MH-MU-ZNT-CL07-6532,5,41692,11646
40097,11645-12683,1S-MH-MU-ZNT-CL07-6532,1S-MH-MU-ZNT-CL07-6776,6,11645,12683
40097,12685-2829,1S-MH-MU-ZNT-CL07-6776,1S-MH-MU-ZNT-CL07-6534,7,12685,2829
40097,2827-10510,1S-MH-MU-ZNT-CL07-6534,1S-MH-MU-ZNT-CL07-6749,8,2827,10510
40097,7156-32909,1S-MH-MU-ZNT-CL07-6533,1S-MH-MU-ZCT-CL04-5186,3.1,7156,32909
40097,32911-7949,1S-MH-MU-ZCT-CL04-5186,1S-MH-MU-ZCT-CL04-4373,3.2,32911,7949
40097,7947-11588,1S-MH-MU-ZCT-CL04-4373,1S-MH-MU-ZCT-CL04-4367,3.3,7947,11588
40098,40098-11202,1S-MH-MU-ZCT-RSTN-HERI,1S-MH-MU-ZNT-CL07-6083,1,40098,11202
40098,11203-32956,1S-MH-MU-ZNT-CL07-6083,1S-MH-MU-ZNT-CL03-7350,2,11203,32956
40098,32955-34655,1S-MH-MU-ZNT-CL03-7350,1S-MH-MU-ZNT-CL07-7184,3,32955,34655
40098,34653-36922,1S-MH-MU-ZNT-CL07-7184,1S-MH-MU-ZNT-CL07-7726,4,34653,36922
40098,36920-30819,1S-MH-MU-ZNT-CL07-7726,1S-MH-MU-ZNT-CL07-7074,5,36920,30819
40098,30817-35847,1S-MH-MU-ZNT-CL07-7074,1S-MH-MU-ZNT-CL07-7601,6,30817,35847
40098,35845-34495,1S-MH-MU-ZNT-CL07-7601,1S-MH-MU-ZNT-CL07-7284,7,35845,34495
40098,34497-37985,1S-MH-MU-ZNT-CL07-7284,1S-MH-MU-ZNT-CL07-7010,8,34497,37985
40098,30818-HTCONSUMER,1S-MH-MU-ZNT-CL07-7074,NAN,5.1,30818,HTCONSUMER
40098,32953-30811,1S-MH-MU-ZNT-CL03-7350,1S-MH-MU-ZNT-CL07-6979,2.1,32953,30811
40098,30810-28611,1S-MH-MU-ZNT-CL07-6979,1S-MH-MU-ZNT-CL07-6863,2.2,30810,28611
40098,28612-19291,1S-MH-MU-ZNT-CL07-6863,1S-MH-MU-ZNT-CL07-6854,2.3,28612,19291
40098,19293-36894,1S-MH-MU-ZNT-CL07-6854,1S-MH-MU-ZNT-CL07-7683,2.4,19293,36894
40099,40099-31775,1S-MH-MU-ZCT-RSTN-HERI,1S-MH-MU-ZCT-CL04-5149,1,40099,31775
40099,31773-12543,1S-MH-MU-ZCT-CL04-5149,1S-MH-MU-ZCT-CL04-4824,2,31773,12543
40099,12542-36081,1S-MH-MU-ZCT-CL04-4824,1S-MH-MU-ZCT-CL04-4131,3,12542,36081
40101,40101-31434,1S-MH-MU-ZCT-RSTN-HERI,1S-MH-MU-ZCT-CL04-5093,1,40101,31434
40101,31435-31695,1S-MH-MU-ZCT-CL04-5093,1S-MH-MU-ZCT-CL04-5129,2,31435,31695
40101,31694-15772,1S-MH-MU-ZCT-CL04-5129,1S-MH-MU-ZCT-CL04-4642,3,31694,15772
40101,15773-17207,1S-MH-MU-ZCT-CL04-4642,1S-MH-MU-ZCT-CL04-4849,4,15773,17207
40101,17209-14230,1S-MH-MU-ZCT-CL04-4849,1S-MH-MU-ZNT-CL07-6505,5,17209,14230
40101,14228-26296,1S-MH-MU-ZNT-CL07-6505,1S-MH-MU-ZNT-CL07-6931,6,14228,26296
40101,15771-19223,1S-MH-MU-ZCT-CL04-4642,1S-MH-MU-ZCT-CL04-4863,3.1,15771,19223
40101,19224-37041,1S-MH-MU-ZCT-CL04-4863,1S-MH-MU-ZCT-CL04-5389,3.2,19224,37041
40102,40102-25710,1S-MH-MU-ZCT-RSTN-HERI,1S-MH-MU-ZNT-CL07-6909,1,40102,25710
40102,25710-39422,1S-MH-MU-ZNT-CL07-6909,1S-MH-MU-ZNT-CL07-7738,2,25710,39422
40102,39423-10531,1S-MH-MU-ZNT-CL07-7738,1S-MH-MU-ZNT-CL07-6280,3,39423,10531
40102,10529-31657,1S-MH-MU-ZNT-CL07-6280,1S-MH-MU-ZNT-CL07-7116,4,10529,31657
40102,31659-6548,1S-MH-MU-ZNT-CL07-7116,1S-MH-MU-ZNT-CL07-6461,5,31659,6548
40102,25711-HTCONSUMER,1S-MH-MU-ZNT-CL07-6909,NAN,1.1,25711,HTCONSUMER
40103,40103-CAP BANK,1S-MH-MU-ZCT-RSTN-HERI,1S-MH-MU-ZCT-RSTN-HERI,1,40103,CAP BANK
26367,26367-16071,1S-MH-MU-ZET-RSTN-HIRA,1S-MH-MU-ZET-CL07-8200,1,26367,16071
26367,15502-19606,1S-MH-MU-ZET-CL07-8200,1S-MH-MU-ZET-CL07-8979,2,15502,19606
26367,19607-13338,1S-MH-MU-ZET-CL07-8979,1S-MH-MU-ZET-CL07-8163,3,19607,13338
26367,19608-31179,1S-MH-MU-ZET-CL07-8979,1S-MH-MU-ZET-CL07-8990,2.1,19608,31179
26368,26368-26833,1S-MH-MU-ZET-RSTN-HIRA,1S-MH-MU-ZET-CL07-9057,1,26368,26833
26368,26830-30688,1S-MH-MU-ZET-CL07-9057,1S-MH-MU-ZET-CL07-9193,2,26830,30688
26368,30689-26826,1S-MH-MU-ZET-CL07-9193,1S-MH-MU-ZET-CL07-9058,3,30689,26826
26368,26827-26711,1S-MH-MU-ZET-CL07-9058,1S-MH-MU-ZET-CL07-9041,4,26827,26711
26368,26479-30065,1S-MH-MU-ZET-CL07-9041,1S-MH-MU-ZET-CL07-9161,5,26479,30065
26368,30063-29073,1S-MH-MU-ZET-CL07-9161,1S-MH-MU-ZET-CL07-9115,6,30063,29073
26368,30690-HTCONSUMER,1S-MH-MU-ZET-CL07-9193,NAN,2.1,30690,HTCONSUMER
26370,26370-30209,1S-MH-MU-ZET-RSTN-HIRA,1S-MH-MU-ZET-CL07-8369,1,26370,30209
26370,16593-39165,1S-MH-MU-ZET-CL07-8369,1S-MH-MU-ZET-CL07-8654,2,16593,39165
26370,39166-30938,1S-MH-MU-ZET-CL07-8654,1S-MH-MU-ZET-CL07-9206,3,39166,30938
26370,30936-15433,1S-MH-MU-ZET-CL07-9206,1S-MH-MU-ZET-CL07-8255,4,30936,15433
26370,15432-32048,1S-MH-MU-ZET-CL07-8255,1S-MH-MU-ZET-CL07-9269,5,15432,32048
26370,32049-11873,1S-MH-MU-ZET-CL07-9269,1S-MH-MU-ZET-CL07-8254,6,32049,11873
26370,39167-13298,1S-MH-MU-ZET-CL07-8654,1S-MH-MU-ZET-CL07-8580,2.1,39167,13298
26370,19661-29313,1S-MH-MU-ZET-CL07-8369,1S-MH-MU-ZET-CL14-9126,1.1,19661,29313
26370,29312-19634,1S-MH-MU-ZET-CL14-9126,1S-MH-MU-ZET-CL14-8980,1.2,29312,19634
26371,26371-12665,1S-MH-MU-ZET-RSTN-HIRA,1S-MH-MU-ZET-CL07-8664,1,26371,12665
26371,12664-12983,1S-MH-MU-ZET-CL07-8664,1S-MH-MU-ZET-CL07-8270,2,12664,12983
26371,11119-13054,1S-MH-MU-ZET-CL07-8270,1S-MH-MU-ZET-CL07-8901,3,11119,13054
26371,13056-13634,1S-MH-MU-ZET-CL07-8901,1S-MH-MU-ZET-CL07-8601,4,13056,13634
26371,13632-12554,1S-MH-MU-ZET-CL07-8601,1S-MH-MU-ZET-CL07-8077,5,13632,12554
26373,26373-42042,1S-MH-MU-ZET-RSTN-HIRA,1S-MH-MU-ZET-CL14-8500,1,26373,42042
26373,31232-26593,1S-MH-MU-ZET-CL14-8500,1S-MH-MU-ZET-CL14-9050,2,31232,26593
26373,26595-29527,1S-MH-MU-ZET-CL14-9050,1S-MH-MU-ZET-CL07-9150,3,26595,29527
26373,29529-14624,1S-MH-MU-ZET-CL07-9150,1S-MH-MU-ZET-CL07-8008,4,29529,14624
26373,14623-11597,1S-MH-MU-ZET-CL07-8008,1S-MH-MU-ZET-CL14-8123,5,14623,11597
26373,11598-19249,1S-MH-MU-ZET-CL14-8123,1S-MH-MU-ZET-CL14-8969,6,11598,19249
26373,28670-16840,1S-MH-MU-ZET-CL14-8969,1S-MH-MU-ZET-CL14-8619,7,28670,16840
26373,16842-11122,1S-MH-MU-ZET-CL14-8619,1S-MH-MU-ZET-CL14-8120,8,16842,11122
26373,16522-35002,1S-MH-MU-ZET-CL14-8120,1S-MH-MU-ZET-CL14-9394,9,16522,35002
26373,35000-15522,1S-MH-MU-ZET-CL14-9394,1S-MH-MU-ZET-CL14-8126,10,35000,15522
26373,15523-5392,1S-MH-MU-ZET-CL14-8126,1S-MH-MU-ZET-CL14-8128,11,15523,5392
26373,19251-26844,1S-MH-MU-ZET-CL14-8969,1S-MH-MU-ZET-CL14-9061,6.1,19251,26844
26373,26847-13251,1S-MH-MU-ZET-CL14-9061,1S-MH-MU-ZET-CL14-8127,6.2,26847,13251
26373,13250-11196,1S-MH-MU-ZET-CL14-8127,1S-MH-MU-ZET-CL14-8125,6.3,13250,11196
26373,32711-HTCONSUMER,1S-MH-MU-ZET-CL14-9050,NAN,2.1,32711,HTCONSUMER
26374,26374-CAP BANK,1S-MH-MU-ZET-RSTN-HIRA,1S-MH-MU-ZET-RSTN-HIRA,1,26374,CAP BANK
26376,26376-18423,1S-MH-MU-ZET-RSTN-HIRA,1S-MH-MU-ZET-CL14-8131,1,26376,18423
26376,27050-28107,1S-MH-MU-ZET-CL14-8131,1S-MH-MU-ZET-CL14-9066,2,27050,28107
26376,28105-26942,1S-MH-MU-ZET-CL14-9066,1S-MH-MU-ZET-CL14-9059,3,28105,26942
26376,26941-29447,1S-MH-MU-ZET-CL14-9059,1S-MH-MU-ZET-CL07-9138,4,26941,29447
26376,29449-26918,1S-MH-MU-ZET-CL07-9138,1S-MH-MU-ZET-CL14-8980,5,29449,26918
26376,19635-29891,1S-MH-MU-ZET-CL14-8980,1S-MH-MU-ZET-CL14-9158,6,19635,29891
26376,29892-10960,1S-MH-MU-ZET-CL14-9158,1S-MH-MU-ZET-CL14-8855,7,29892,10960
26376,10958-16796,1S-MH-MU-ZET-CL14-8855,1S-MH-MU-ZET-CL14-8076,8,10958,16796
26376,16798-30997,1S-MH-MU-ZET-CL14-8076,1S-MH-MU-ZET-RSTN-CHAN,9,16798,30997
26376,19636-30971,1S-MH-MU-ZET-CL14-8980,1S-MH-MU-ZET-CL14-9211,5.1,19636,30971
26376,30973-30458,1S-MH-MU-ZET-CL14-9211,1S-MH-MU-ZET-CL14-9171,5.2,30973,30458
26376,30460-13179,1S-MH-MU-ZET-CL14-9171,1S-MH-MU-ZET-CL14-8512,5.3,30460,13179
26376,13181-7927,1S-MH-MU-ZET-CL14-8512,1S-MH-MU-ZET-CL14-8119,5.4,13181,7927
26376,19666-28648,1S-MH-MU-ZET-CL14-8131,1S-MH-MU-ZET-CL07-9076,1.1,19666,28648
26376,28646-28643,1S-MH-MU-ZET-CL07-9076,1S-MH-MU-ZET-CL07-9075,1.2,28646,28643
26376,28645-19660,1S-MH-MU-ZET-CL07-9075,1S-MH-MU-ZET-CL07-8369,1.3,28645,19660
26377,26377-15964,1S-MH-MU-ZET-RSTN-HIRA,1S-MH-MU-ZET-CL07-8807,1,26377,15964
26377,13057-29188,1S-MH-MU-ZET-CL07-8807,1S-MH-MU-ZET-CL07-9122,2,13057,29188
26377,29189-28253,1S-MH-MU-ZET-CL07-9122,1S-MH-MU-ZET-CL07-9073,3,29189,28253
26377,28254-11141,1S-MH-MU-ZET-CL07-9073,1S-MH-MU-ZET-CL07-8110,4,28254,11141
26377,11795-12041,1S-MH-MU-ZET-CL07-8110,1S-MH-MU-ZET-CL07-8253,5,11795,12041
26377,12039-12556,1S-MH-MU-ZET-CL07-8253,1S-MH-MU-ZET-CL07-8077,6,12039,12556
26377,28256-HTCONSUMER,1S-MH-MU-ZET-CL07-9073,NAN,3.1,28256,HTCONSUMER
26380,26380-10860,1S-MH-MU-ZET-RSTN-HIRA,1S-MH-MU-ZET-CL05-8667,1,26380,10860
26380,14663-17734,1S-MH-MU-ZET-CL05-8667,1S-MH-MU-ZET-CL05-8662,2,14663,17734
26380,17736-30988,1S-MH-MU-ZET-CL05-8662,1S-MH-MU-ZET-CL05-9209,3,17736,30988
26380,30990-12341,1S-MH-MU-ZET-CL05-9209,1S-MH-MU-ZET-CL05-8107,4,30990,12341
26380,12340-19048,1S-MH-MU-ZET-CL05-8107,1S-MH-MU-ZET-CL05-8960,5,12340,19048
26380,19049-12507,1S-MH-MU-ZET-CL05-8960,1S-MH-MU-ZET-CL05-8906,6,19049,12507
26380,12505-12267,1S-MH-MU-ZET-CL05-8906,1S-MH-MU-ZET-CL05-8905,7,12505,12267
26380,12265-12264,1S-MH-MU-ZET-CL05-8905,1S-MH-MU-ZET-CL05-8622,8,12265,12264
26380,14664-30049,1S-MH-MU-ZET-CL05-8667,1S-MH-MU-ZET-CL05-9162,1.1,14664,30049
26380,30051-9855,1S-MH-MU-ZET-CL05-9162,1S-MH-MU-ZET-CL05-8823,1.2,30051,9855
26381,26381-11905,1S-MH-MU-ZET-RSTN-HIRA,1S-MH-MU-ZET-CL07-8660,1,26381,11905
26381,11903-15779,1S-MH-MU-ZET-CL07-8660,1S-MH-MU-ZET-CL07-8656,2,11903,15779
26381,15779-13287,1S-MH-MU-ZET-CL07-8656,1S-MH-MU-ZET-CL07-8658,3,15779,13287
26381,13289-13299,1S-MH-MU-ZET-CL07-8658,1S-MH-MU-ZET-CL07-8580,4,13289,13299
26381,13300-13157,1S-MH-MU-ZET-CL07-8580,1S-MH-MU-ZET-CL07-8589,5,13300,13157
26381,13155-19916,1S-MH-MU-ZET-CL07-8589,1S-MH-MU-ZET-CL07-8987,6,13155,19916
26381,19918-15545,1S-MH-MU-ZET-CL07-8987,1S-MH-MU-ZET-CL07-8307,7,19918,15545
26381,15543-15557,1S-MH-MU-ZET-CL07-8307,1S-MH-MU-ZET-CL07-8602,8,15543,15557
26381,15558-16179,1S-MH-MU-ZET-CL07-8602,1S-MH-MU-ZET-CL07-8663,9,15558,16179
26381,16180-10684,1S-MH-MU-ZET-CL07-8663,1S-MH-MU-ZET-CL07-8317,10,16180,10684
26381,10685-11794,1S-MH-MU-ZET-CL07-8317,1S-MH-MU-ZET-CL07-8110,11,10685,11794
26381,10683-11703,1S-MH-MU-ZET-CL07-8317,1S-MH-MU-ZET-CL07-8657,10.1,10683,11703
26381,15777-13059,1S-MH-MU-ZET-CL07-8656,1S-MH-MU-ZET-CL07-8807,2.1,15777,13059
26382,26372-2754,1S-MH-MU-ZET-RSTN-HIRA,1S-MH-MU-ZET-CL07-8661,1,26372,2754
26382,2752-29536,1S-MH-MU-ZET-CL07-8661,1S-MH-MU-ZET-CL05-8560,2,2752,29536
26382,29537-29438,1S-MH-MU-ZET-CL05-8560,1S-MH-MU-ZET-CL05-8666,3,29537,29438
26382,29436-29829,1S-MH-MU-ZET-CL05-8666,1S-MH-MU-ZET-CL05-9152,4,29436,29829
26382,29827-15826,1S-MH-MU-ZET-CL05-9152,1S-MH-MU-ZET-CL05-8604,5,29827,15826
26382,15826-13808,1S-MH-MU-ZET-CL05-8604,1S-MH-MU-ZET-CL05-8866,6,15826,13808
26382,13807-13892,1S-MH-MU-ZET-CL05-8866,1S-MH-MU-ZET-CL05-8867,7,13807,13892
26382,13894-17274,1S-MH-MU-ZET-CL05-8867,1S-MH-MU-ZET-CL05-8650,8,13894,17274
26382,15824-29478,1S-MH-MU-ZET-CL05-8604,1S-MH-MU-ZET-CL05-9149,5.1,15824,29478
26383,26383-CAP BANK,1S-MH-MU-ZET-RSTN-HIRA,1S-MH-MU-ZET-RSTN-HIRA,1,26383,CAP BANK
26385,26385-30281,1S-MH-MU-ZET-RSTN-HIRA,1S-MH-MU-ZET-CL07-9182,1,26385,30281
26385,30282-38953,1S-MH-MU-ZET-CL07-9182,1S-MH-MU-ZET-CL07-9695,2,30282,38953
26385,38954-25716,1S-MH-MU-ZET-CL07-9695,1S-MH-MU-ZET-CL07-9015,3,38954,25716
26385,25718-30791,1S-MH-MU-ZET-CL07-9015,1S-MH-MU-ZET-CL07-9201,4,25718,30791
26385,34791-10682,1S-MH-MU-ZET-CL07-9201,1S-MH-MU-ZET-CL07-8495,5,34791,10682
26385,10680-36919,1S-MH-MU-ZET-CL07-8495,1S-MH-MU-ZET-RSTN-TORI,6,10680,36919
26385,36917-32393,1S-MH-MU-ZET-RSTN-TORI,1S-MH-MU-ZET-CL07-9287,7,36917,32393
26385,32395-39270,1S-MH-MU-ZET-CL07-9287,1S-MH-MU-ZET-CL07-8496,8,32395,39270
26385,13149-35325,1S-MH-MU-ZET-CL07-8496,1S-MH-MU-ZET-CL13-9470,9,13149,35325
26385,35323-10794,1S-MH-MU-ZET-CL13-9470,1S-MH-MU-ZET-CL07-8497,10,35323,10794
26385,10792-12555,1S-MH-MU-ZET-CL07-8497,1S-MH-MU-ZET-CL07-8077,11,10792,12555
26385,10681-11704,1S-MH-MU-ZET-CL07-8495,1S-MH-MU-ZET-CL07-8657,5.1,10681,11704
26385,30793-HTCONSUMER,1S-MH-MU-ZET-CL07-9201,NAN,4.1,30793,HTCONSUMER
26385,30792-HTCONSUMER,1S-MH-MU-ZET-CL07-9201,NAN,4.2,30792,HTCONSUMER
26386,26386-26382,1S-MH-MU-ZET-RSTN-HIRA,1S-MH-MU-ZET-RSTN-HIRA,1,26386,26382
26386,26382-11459,1S-MH-MU-ZET-RSTN-HIRA,1S-MH-MU-ZET-CL05-8665,2,26382,11459
26386,17181-32467,1S-MH-MU-ZET-CL05-8665,1S-MH-MU-ZET-CL05-8919,3,17181,32467
26386,567-10163,1S-MH-MU-ZET-CL05-8919,1S-MH-MU-ZET-CL05-8668,4,567,10163
26386,10162-30433,1S-MH-MU-ZET-CL05-8668,1S-MH-MU-ZET-CL05-9190,5,10162,30433
26386,30431-31918,1S-MH-MU-ZET-CL05-9190,1S-MH-MU-ZET-CL05-9246,6,30431,31918
26386,31915-30942,1S-MH-MU-ZET-CL05-9246,1S-MH-MU-ZET-CL05-9210,7,31915,30942
26386,30941-25841,1S-MH-MU-ZET-CL05-9210,1S-MH-MU-ZET-CL05-9025,8,30941,25841
26386,25843-29477,1S-MH-MU-ZET-CL05-9025,1S-MH-MU-ZET-CL05-9149,9,25843,29477
26386,42572-42462,1S-MH-MU-ZET-CL05-9210,1S-MH-MU-ZET-CL05-8867,7.1,42572,42462
26386,10591-36440,1S-MH-MU-ZET-CL05-8668,1S-MH-MU-ZET-CL07-9579,4.1,10591,36440
26386,36441-26413,1S-MH-MU-ZET-CL07-9579,1S-MH-MU-ZET-RSTN-TAGO,4.2,36441,26413
26386,31237-HTCONSUMER,1S-MH-MU-ZET-CL05-8668,NAN,4.2,31237,HTCONSUMER
26386,566-31274,1S-MH-MU-ZET-CL05-8919,1S-MH-MU-ZET-RSTN-HIND,3.1,566,31274
26388,26388-41969,1S-MH-MU-ZET-RSTN-HIRA,1S-MH-MU-ZET-CL07-8659,1,26388,41969
26388,15122-31234,1S-MH-MU-ZET-CL07-8659,1S-MH-MU-ZET-CL14-8500,2,15122,31234
26388,31234-41806,1S-MH-MU-ZET-CL14-8500,1S-MH-MU-ZET-CL14-9781,3,31234,41806
26388,41808-HTCONSUMER,1S-MH-MU-ZET-CL14-9781,NAN,4,41808,HTCONSUMER
26388,29274-43596,NAN,1S-MH-MU-ZET-CL14-9479,5,29274,43596
26388,43597-43494,NAN,1S-MH-MU-ZET-CL14-9479,4.1,43597,43494
26388,41805-29274,1S-MH-MU-ZET-CL14-9781,1S-MH-MU-ZET-RSTN-VIHA,3.1,41805,29274
26390,26390-13339,1S-MH-MU-ZET-RSTN-HIRA,1S-MH-MU-ZET-CL07-8163,1,26390,13339
26390,15489-28244,1S-MH-MU-ZET-CL07-8163,1S-MH-MU-ZET-CL05-9072,2,15489,28244
26390,28246-28243,1S-MH-MU-ZET-CL05-9072,1S-MH-MU-ZET-CL05-9071,3,28246,28243
26390,28241-28240,1S-MH-MU-ZET-CL05-9071,1S-MH-MU-ZET-CL05-9070,4,28241,28240
26390,28238-13964,1S-MH-MU-ZET-CL05-9070,1S-MH-MU-ZET-CL05-8401,5,28238,13964
26390,13962-15134,1S-MH-MU-ZET-CL05-8401,1S-MH-MU-ZET-CL05-8402,6,13962,15134
26390,15132-30926,1S-MH-MU-ZET-CL05-8402,1S-MH-MU-ZET-CL05-9205,7,15132,30926
26390,30927-15099,1S-MH-MU-ZET-CL05-9205,1S-MH-MU-ZET-CL05-8934,8,30927,15099
26391,26391-STN XMER,1S-MH-MU-ZET-RSTN-HIRA,1S-MH-MU-ZET-RSTN-HIRA,1,26391,STN XMER
26392,26392-CAP BANK,1S-MH-MU-ZET-RSTN-HIRA,1S-MH-MU-ZET-RSTN-HIRA,1,26392,CAP BANK
35554,35554-14432,1S-MH-MU-ZSC-RSTN-HULL,1S-MH-MU-ZSC-CL03-2809,1,35554,14432
35554,14431-15253,1S-MH-MU-ZSC-CL03-2809,1S-MH-MU-ZSC-CL03-2704,2,14431,15253
35554,15251-29291,1S-MH-MU-ZSC-CL03-2704,1S-MH-MU-ZSC-CL03-3079,3,15251,29291
35554,29290-14502,1S-MH-MU-ZSC-CL03-3079,1S-MH-MU-ZSC-CL03-2759,4,29290,14502
35554,14543-36675,1S-MH-MU-ZSC-CL03-2759,1S-MH-MU-ZSC-CL03-3411,5,14543,36675
35554,36673-12479,1S-MH-MU-ZSC-CL03-3411,1S-MH-MU-ZSC-CL03-2350,6,36673,12479
35554,12477-35409,1S-MH-MU-ZSC-CL03-2350,1S-MH-MU-ZSC-CL03-3325,7,12477,35409
35554,35407-10180,1S-MH-MU-ZSC-CL03-3325,1S-MH-MU-ZSC-CL03-2760,8,35407,10180
35554,7164-17676,1S-MH-MU-ZSC-CL03-2760,1S-MH-MU-ZSC-CL03-2551,9,7164,17676
35554,12845-14444,1S-MH-MU-ZSC-CL03-2809,1S-MH-MU-ZSC-CL03-2744,1.1,12845,14444
35555,35555-12451,1S-MH-MU-ZSC-RSTN-HULL,1S-MH-MU-ZSC-CL04-2078,1,35555,12451
35555,12453-37667,1S-MH-MU-ZSC-CL04-2078,1S-MH-MU-ZSC-CL04-3463,2,12453,37667
35555,37669-18808,1S-MH-MU-ZSC-CL04-3463,1S-MH-MU-ZSC-CL04-2864,3,37669,18808
35555,18810-16600,1S-MH-MU-ZSC-CL04-2864,1S-MH-MU-ZSC-CL04-2597,4,18810,16600
35555,35555-43826,1S-MH-MU-ZSC-RSTN-HULL,1S-MH-MU-ZSC-CL04-3621,2,35555,43826
35555,43825-12451,1S-MH-MU-ZSC-CL04-3621,1S-MH-MU-ZSC-CL04-2078,3,43825,12451
35555,12453-37667,1S-MH-MU-ZSC-CL04-2078,1S-MH-MU-ZSC-CL04-3463,4,12453,37667
35555,37669-18808,1S-MH-MU-ZSC-CL04-3463,1S-MH-MU-ZSC-CL04-2864,5,37669,18808
35555,18810-16600,1S-MH-MU-ZSC-CL04-2864,1S-MH-MU-ZSC-CL04-2597,6,18810,16600
35556,35556-HTCONSUMER,1S-MH-MU-ZSC-RSTN-HULL,NAN,1,35556,HTCONSUMER
35557,35557-28049,1S-MH-MU-ZSC-RSTN-HULL,1S-MH-MU-ZSC-CL04-3016,1,35557,28049
35557,28050-14762,1S-MH-MU-ZSC-CL04-3016,1S-MH-MU-ZSC-CL04-2154,2,28050,14762
35557,14761-18701,1S-MH-MU-ZSC-CL04-2154,1S-MH-MU-ZSC-CL04-2630,3,14761,18701
35557,18702-HTCONSUMER,1S-MH-MU-ZSC-CL04-2630,NAN,4,18702,HTCONSUMER
35557,28052-11926,1S-MH-MU-ZSC-CL04-3016,1S-MH-MU-ZSC-RSTN-CHAK,1.1,28052,11926
35558,35558-7375,1S-MH-MU-ZSC-RSTN-HULL,1S-MH-MU-ZSC-CL04-2681,1,35558,7375
35558,6010-39007,1S-MH-MU-ZSC-CL04-2681,1S-MH-MU-ZSC-RSTN-JBNA,2,6010,39007
35560,35560-32876,1S-MH-MU-ZSC-RSTN-HULL,1S-MH-MU-ZSC-CL02-3188,1,35560,32876
35560,32877-11964,1S-MH-MU-ZSC-CL02-3188,1S-MH-MU-ZSC-CL02-2708,2,32877,11964
35560,11965-6023,1S-MH-MU-ZSC-CL02-2708,1S-MH-MU-ZSC-CL02-2079,3,11965,6023
35560,9055-12984,1S-MH-MU-ZSC-CL02-2079,1S-MH-MU-ZSC-CL02-2573,4,9055,12984
35560,12986-12097,1S-MH-MU-ZSC-CL02-2573,1S-MH-MU-ZSC-CL02-2434,5,12986,12097
35560,12099-4585,1S-MH-MU-ZSC-CL02-2434,1S-MH-MU-ZSC-CL02-2623,6,12099,4585
35560,11966-6284,1S-MH-MU-ZSC-CL02-2708,1S-MH-MU-ZSC-CL02-2559,2.1,11966,6284
35560,6286-4588,1S-MH-MU-ZSC-CL02-2559,1S-MH-MU-ZSC-CL02-2706,2.2,6286,4588
35560,37304-11972,1S-MH-MU-ZSC-CL02-3188,1S-MH-MU-ZSC-CL02-2260,1.1,37304,11972
35561,35561-CAP BANK,1S-MH-MU-ZSC-RSTN-HULL,1S-MH-MU-ZSC-RSTN-HULL,1,35561,CAP BANK
35564,35564-15647,1S-MH-MU-ZSC-RSTN-HULL,1S-MH-MU-ZSC-CL04-2149,1,35564,15647
35564,15646-7408,1S-MH-MU-ZSC-CL04-2149,1S-MH-MU-ZSC-CL04-2148,2,15646,7408
35564,7410-32815,1S-MH-MU-ZSC-CL04-2148,1S-MH-MU-ZSC-CL04-3236,3,7410,32815
35564,32814-14571,1S-MH-MU-ZSC-CL04-3236,1S-MH-MU-ZSC-CL04-2145,4,32814,14571
35564,2940-37705,1S-MH-MU-ZSC-CL04-2145,1S-MH-MU-ZSC-CL04-2707,5,2940,37705
35564,13052-12482,1S-MH-MU-ZSC-CL04-2707,1S-MH-MU-ZSC-CL04-2151,6,13052,12482
35564,12482-29682,1S-MH-MU-ZSC-CL04-2151,1S-MH-MU-ZSC-CL04-3093,7,12482,29682
35564,29680-13999,1S-MH-MU-ZSC-CL04-3093,1S-MH-MU-ZSC-CL04-2790,8,29680,13999
35564,14000-14156,1S-MH-MU-ZSC-CL04-2790,1S-MH-MU-ZSC-CL04-2158,9,14000,14156
35564,14158-19272,1S-MH-MU-ZSC-CL04-2158,1S-MH-MU-ZSC-CL04-2888,10,14158,19272
35564,12480-15065,1S-MH-MU-ZSC-CL04-2151,1S-MH-MU-ZSC-CL04-2159,6.1,12480,15065
35564,7409-18705,1S-MH-MU-ZSC-CL04-2148,1S-MH-MU-ZSC-CL04-2630,2.1,7409,18705
35564,18704-HTCONSUMER,1S-MH-MU-ZSC-CL04-2630,NAN,2.2,18704,HTCONSUMER
35565,35565-16895,1S-MH-MU-ZSC-RSTN-HULL,1S-MH-MU-ZSC-CL04-2196,1,35565,16895
35565,16893-26675,1S-MH-MU-ZSC-CL04-2196,1S-MH-MU-ZSC-CL04-2997,2,16893,26675
35565,26677-25957,1S-MH-MU-ZSC-CL04-2997,1S-MH-MU-ZSC-CL04-2978,3,26677,25957
35565,25955-2104,1S-MH-MU-ZSC-CL04-2978,1S-MH-MU-ZSC-CL04-2608,4,25955,2104
35565,1081-28188,1S-MH-MU-ZSC-CL04-2608,1S-MH-MU-ZSC-CL04-3026,5,1081,28188
35565,28190-15439,1S-MH-MU-ZSC-CL04-3026,1S-MH-MU-ZSC-CL04-2711,6,28190,15439
35565,15440-36889,1S-MH-MU-ZSC-CL04-2711,1S-MH-MU-ZSC-CL04-3432,7,15440,36889
35565,36887-15708,1S-MH-MU-ZSC-CL04-3432,1S-MH-MU-ZSC-CL04-2539,8,36887,15708
35565,15706-160,1S-MH-MU-ZSC-CL04-2539,1S-MH-MU-ZSC-CL04-2141,9,15706,160
35565,42877-5141,1S-MH-MU-ZSC-CL04-2608,1S-MH-MU-ZSC-CL04-2347,4.1,42877,5141
35565,1082-HTCONSUMER,1S-MH-MU-ZSC-CL04-2608,NAN,4.2,1082,HTCONSUMER
35566,35566-HTCONSUMER,1S-MH-MU-ZSC-RSTN-HULL,NAN,1,35566,HTCONSUMER
35567,35567-5623,1S-MH-MU-ZSC-RSTN-HULL,1S-MH-MU-ZSC-CL04-2141,1,35567,5623
35567,5622-2483,1S-MH-MU-ZSC-CL04-2141,1S-MH-MU-ZSC-CL03-2253,2,5622,2483
35569,35569-18012,1S-MH-MU-ZSC-RSTN-HULL,1S-MH-MU-ZSC-CL03-2572,1,35569,18012
35569,18011-14481,1S-MH-MU-ZSC-CL03-2572,1S-MH-MU-ZSC-CL01-2086,2,18011,14481
35569,14483-14589,1S-MH-MU-ZSC-CL01-2086,1S-MH-MU-ZSC-CL03-2190,3,14483,14589
35569,14588-34456,1S-MH-MU-ZSC-CL03-2190,1S-MH-MU-ZSC-CL03-3263,4,14588,34456
35569,34458-13032,1S-MH-MU-ZSC-CL03-3263,1S-MH-MU-ZSC-CL03-2563,5,34458,13032
35569,13033-19414,1S-MH-MU-ZSC-CL03-2563,1S-MH-MU-ZSC-CL03-2890,6,13033,19414
35569,19416-18250,1S-MH-MU-ZSC-CL03-2890,1S-MH-MU-ZSC-CL03-2268,7,19416,18250
35569,9463-34967,1S-MH-MU-ZSC-CL03-2268,1S-MH-MU-ZSC-CL03-3248,8,9463,34967
35569,34965-36933,1S-MH-MU-ZSC-CL03-3248,1S-MH-MU-ZSC-CL03-3430,9,34965,36933
35569,36934-31956,1S-MH-MU-ZSC-CL03-3430,1S-MH-MU-ZSC-CL03-3222,10,36934,31956
35569,31957-29759,1S-MH-MU-ZSC-CL03-3222,1S-MH-MU-ZSC-CL03-3101,11,31957,29759
35569,29760-7102,1S-MH-MU-ZSC-CL03-3101,1S-MH-MU-ZSC-CL03-2319,12,29760,7102
35569,7100-42106,1S-MH-MU-ZSC-CL03-2319,1S-MH-MU-ZSC-CL03-3440,13,7100,42106
35569,42105-36498,1S-MH-MU-ZSC-CL03-3440,1S-MH-MU-ZSC-CL03-3314,14,42105,36498
35569,36496-40059,1S-MH-MU-ZSC-CL03-3314,1S-MH-MU-ZSC-CL03-3504,15,36496,40059
35569,40058-6104,1S-MH-MU-ZSC-CL03-3504,1S-MH-MU-ZSC-CL03-2703,16,40058,6104
35569,2515-38834,1S-MH-MU-ZSC-CL03-2703,1S-MH-MU-ZSC-CL03-3516,17,2515,38834
35569,9468-28912,1S-MH-MU-ZSC-CL03-2319,1S-MH-MU-ZSC-CL03-3064,12.1,9468,28912
35569,28911-28910,1S-MH-MU-ZSC-CL03-3064,1S-MH-MU-ZSC-CL03-3063,12.2,28911,28910
35569,9461-41174,1S-MH-MU-ZSC-CL03-2268,1S-MH-MU-ZSC-CL03-3601,7.1,9461,41174
35569,14484-HTCONSUMER,1S-MH-MU-ZSC-CL01-2086,NAN,2.1,14484,HTCONSUMER
35570,35570-CAP BANK,1S-MH-MU-ZSC-RSTN-HULL,1S-MH-MU-ZSC-RSTN-HULL,1,35570,CAP BANK
40283,40283-CAP BANK,1S-MH-MU-ZCT-RSTN-JANK,1S-MH-MU-ZCT-RSTN-JANK,1,40283,CAP BANK
40285,40285-40581,1S-MH-MU-ZCT-RSTN-JANK,1S-MH-MU-ZCT-CL06-5676,1,40285,40581
40285,40579-17990,1S-MH-MU-ZCT-CL06-5676,1S-MH-MU-ZCT-CL06-4580,2,40579,17990
40285,17978-42468,1S-MH-MU-ZCT-CL06-4580,1S-MH-MU-ZCT-CL06-5753,3,17978,42468
40285,42469-37649,1S-MH-MU-ZCT-CL06-5753,1S-MH-MU-ZCT-CL06-5291,4,42469,37649
40285,37651-16109,1S-MH-MU-ZCT-CL06-5291,1S-MH-MU-ZCT-CL06-4472,5,37651,16109
40285,16108-11895,1S-MH-MU-ZCT-CL06-4472,1S-MH-MU-ZCT-CL06-4473,6,16108,11895
40285,11893-43152,1S-MH-MU-ZCT-CL06-4473,1S-MH-MU-ZCT-CL06-4458,7,11893,43152
40285,2161-26778,1S-MH-MU-ZCT-CL06-4458,1S-MH-MU-ZCT-CL06-4034,8,2161,26778
40285,26780-42790,1S-MH-MU-ZCT-CL06-4034,1S-MH-MU-ZCT-CL06-5718,9,26780,42790
40285,42789-32993,1S-MH-MU-ZCT-CL06-5718,1S-MH-MU-ZCT-CL06-5183,10,42789,32993
40285,32995-10011,1S-MH-MU-ZCT-CL06-5183,1S-MH-MU-ZCT-CL06-4389,11,32995,10011
40285,42470-HTCONSUMER,1S-MH-MU-ZCT-CL06-5753,NAN,3.1,42470,HTCONSUMER
40285,40580-12498,1S-MH-MU-ZCT-CL06-5676,1S-MH-MU-ZCT-CL06-4703,1.1,40580,12498
40285,12496-3707,1S-MH-MU-ZCT-CL06-4703,1S-MH-MU-ZCT-RSTN-GANE,1.2,12496,3707
40287,40287-32201,1S-MH-MU-ZCT-RSTN-JANK,1S-MH-MU-ZCT-CL05-5171,1,40287,32201
40287,32202-29922,1S-MH-MU-ZCT-CL05-5171,1S-MH-MU-ZCT-CL05-5078,2,32202,29922
40287,29920-28028,1S-MH-MU-ZCT-CL05-5078,1S-MH-MU-ZCT-CL05-5000,3,29920,28028
40287,28027-26999,1S-MH-MU-ZCT-CL05-5000,1S-MH-MU-ZCT-CL05-4999,4,28027,26999
40288,40288-STN XMER,1S-MH-MU-ZCT-RSTN-JANK,1S-MH-MU-ZCT-RSTN-JANK,1,40288,STN XMER
40292,40292-38588,1S-MH-MU-ZCT-RSTN-JANK,1S-MH-MU-ZCT-CL05-5623,1,40292,38588
40292,38587-39989,1S-MH-MU-ZCT-CL05-5623,1S-MH-MU-ZCT-CL05-5518,2,38587,39989
40292,39990-41616,1S-MH-MU-ZCT-CL05-5518,1S-MH-MU-ZCT-CL05-5656,3,39990,41616
40292,41615-37252,1S-MH-MU-ZCT-CL05-5656,1S-MH-MU-ZCT-CL05-5501,4,41615,37252
40292,37254-41267,1S-MH-MU-ZCT-CL05-5501,1S-MH-MU-ZCT-CL05-5705,5,37254,41267
40292,41266-11143,1S-MH-MU-ZCT-CL05-5705,1S-MH-MU-ZCT-CL05-4133,6,41266,11143
40292,11144-14695,1S-MH-MU-ZCT-CL05-4133,1S-MH-MU-ZCT-CL05-4134,7,11144,14695
40292,14694-30268,1S-MH-MU-ZCT-CL05-4134,1S-MH-MU-ZCT-CL05-4492,8,14694,30268
40292,30269-36936,1S-MH-MU-ZCT-CL05-4492,1S-MH-MU-ZCT-CL05-5318,9,30269,36936
40292,36938-13969,1S-MH-MU-ZCT-CL05-5318,1S-MH-MU-ZCT-CL05-4636,10,36938,13969
40292,13971-15342,1S-MH-MU-ZCT-CL05-4636,1S-MH-MU-ZCT-CL05-4610,11,13971,15342
40292,11145-2598,1S-MH-MU-ZCT-CL05-4133,1S-MH-MU-ZCT-CL05-4503,6.1,11145,2598
40292,41268-43972,1S-MH-MU-ZCT-CL05-5705,1S-MH-MU-ZCT-CL05-5813,5.1,41268,43972
40292,43973-12650,1S-MH-MU-ZCT-CL05-5813,1S-MH-MU-ZCT-CL05-4777,5.2,43973,12650
40292,12652-12062,1S-MH-MU-ZCT-CL05-4777,1S-MH-MU-ZCT-CL05-4803,5.3,12652,12062
40292,12063-26309,1S-MH-MU-ZCT-CL05-4803,1S-MH-MU-ZCT-RSTN-KIES,5.4,12063,26309
40293,40293-38125,1S-MH-MU-ZCT-RSTN-JANK,1S-MH-MU-ZCT-CL06-5583,1,40293,38125
40293,38126-40354,1S-MH-MU-ZCT-CL06-5583,1S-MH-MU-ZCT-CL06-5582,2,38126,40354
40293,40355-38121,1S-MH-MU-ZCT-CL06-5582,1S-MH-MU-ZCT-CL06-5581,3,40355,38121
40293,38122-37317,1S-MH-MU-ZCT-CL06-5581,1S-MH-MU-ZCT-CL06-5379,4,38122,37317
40293,37318-34912,1S-MH-MU-ZCT-CL06-5379,1S-MH-MU-ZCT-CL06-5253,5,37318,34912
40293,34914-17522,1S-MH-MU-ZCT-CL06-5253,1S-MH-MU-ZCT-CL06-4328,6,34914,17522
40293,17524-12497,1S-MH-MU-ZCT-CL06-4328,1S-MH-MU-ZCT-CL06-4703,7,17524,12497
40293,40356-DT,1S-MH-MU-ZCT-CL06-5582,NAN,2.1,40356,DT
40295,40295-40903,1S-MH-MU-ZCT-RSTN-JANK,1S-MH-MU-ZCT-CL06-5607,1,40295,40903
40295,40904-42565,1S-MH-MU-ZCT-CL06-5607,1S-MH-MU-ZCT-CL06-4386,2,40904,42565
40295,42564-13266,1S-MH-MU-ZCT-CL06-4386,1S-MH-MU-ZCT-CL06-4209,3,42564,13266
40295,13265-7859,1S-MH-MU-ZCT-CL06-4209,1S-MH-MU-ZCT-CL06-4385,4,13265,7859
40295,7858-7997,1S-MH-MU-ZCT-CL06-4385,1S-MH-MU-ZCT-CL06-4481,5,7858,7997
40295,42563-26071,1S-MH-MU-ZCT-CL06-4386,1S-MH-MU-ZCT-CL05-4953,2.1,42563,26071
40295,26069-36976,1S-MH-MU-ZCT-CL05-4953,1S-MH-MU-ZCT-CL05-5481,2.2,26069,36976
40295,29341-27016,1S-MH-MU-ZCT-CL05-4953,1S-MH-MU-ZCT-CL05-4999,2.1.1,29341,27016
40295,26069-3702,1S-MH-MU-ZCT-CL05-4953,1S-MH-MU-ZCT-RSTN-GANE,2.1.2,26069,3702
40299,40299-CAP BANK,1S-MH-MU-ZCT-RSTN-JANK,1S-MH-MU-ZCT-RSTN-JANK,1,40299,CAP BANK
39002,39002-26947,1S-MH-MU-ZSC-RSTN-JBNA,1S-MH-MU-ZSC-CL04-2127,1,39002,26947
39003,39003-42802,1S-MH-MU-ZSC-RSTN-JBNA,1S-MH-MU-ZSC-CL04-3644,1,39003,42802
39003,42803-14095,1S-MH-MU-ZSC-CL04-3644,1S-MH-MU-ZSC-CL04-2687,2,42803,14095
39003,14097-14720,1S-MH-MU-ZSC-CL04-2687,1S-MH-MU-ZSC-CL04-2686,3,14097,14720
39003,41967-6534,1S-MH-MU-ZSC-CL04-2686,1S-MH-MU-ZSC-CL04-2022,4,41967,6534
39003,6532-40161,1S-MH-MU-ZSC-CL04-2022,1S-MH-MU-ZSC-CL04-2256,5,6532,40161
39003,6796-14767,1S-MH-MU-ZSC-CL04-2256,1S-MH-MU-ZSC-CL04-2166,6,6796,14767
39003,14765-41201,1S-MH-MU-ZSC-CL04-2166,1S-MH-MU-ZSC-CL04-3616,7,14765,41201
39003,41199-11931,1S-MH-MU-ZSC-CL04-3616,1S-MH-MU-ZSC-CL04-2485,8,41199,11931
39003,11931-15550,1S-MH-MU-ZSC-CL04-2485,1S-MH-MU-ZSC-CL04-2486,9,11931,15550
39003,11985-26042,1S-MH-MU-ZSC-CL04-2486,1S-MH-MU-ZSC-CL04-2980,10,11985,26042
39003,42801-HTCONSUMER,1S-MH-MU-ZSC-CL04-3644,NAN,1.1,42801,HTCONSUMER
39003,42804-HTCONSUMER,1S-MH-MU-ZSC-CL04-3644,NAN,1.2,42804,HTCONSUMER
39004,39004-18724,1S-MH-MU-ZSC-RSTN-JBNA,1S-MH-MU-ZSC-CL04-2090,1,39004,18724
39004,18725-HTCONSUMER,1S-MH-MU-ZSC-CL04-2090,NAN,2,18725,HTCONSUMER
39006,39006-9576,1S-MH-MU-ZSC-RSTN-JBNA,1S-MH-MU-ZSC-CL04-2899,1,39006,9576
39006,9578-17440,1S-MH-MU-ZSC-CL04-2899,1S-MH-MU-ZST-CL08-0454,2,9578,17440
39006,17442-7271,1S-MH-MU-ZST-CL08-0454,1S-MH-MU-ZST-CL08-0030,3,17442,7271
39006,7273-39497,1S-MH-MU-ZST-CL08-0030,1S-MH-MU-ZST-CL08-0612,4,7273,39497
39006,19120-10840,1S-MH-MU-ZST-CL08-0612,1S-MH-MU-ZST-CL08-0501,5,19120,10840
39006,10838-12017,1S-MH-MU-ZST-CL08-0501,1S-MH-MU-ZST-RSTN-VILE,6,10838,12017
39006,19122-26540,1S-MH-MU-ZST-CL08-0612,1S-MH-MU-ZST-CL08-0571,4.1,19122,26540
39006,9577-HTCONSUMER,1S-MH-MU-ZSC-CL04-2899,NAN,1.1,9577,HTCONSUMER
39007,35295-19807,1S-MH-MU-ZSC-CL04-3316,1S-MH-MU-ZSC-CL04-2923,1,35295,19807
39008,39026-12860,1S-MH-MU-ZSC-RSTN-JBNA,1S-MH-MU-ZSC-CL04-2024,1,39026,12860
39009,39009-1214397,1S-MH-MU-ZSC-RSTN-JBNA,1S-MH-MU-ZSC-RSTN-MIAL,1,39009,1214397
39012,39012-40816,1S-MH-MU-ZSC-RSTN-JBNA,1S-MH-MU-ZSC-CL04-2127,1,39012,40816
39013,39013-28454,1S-MH-MU-ZSC-RSTN-JBNA,1S-MH-MU-ZSC-CL04-3045,1,39013,28454
39013,28456-6909,1S-MH-MU-ZSC-CL04-3045,1S-MH-MU-ZSC-CL04-2146,2,28456,6909
39013,6908-34017,1S-MH-MU-ZSC-CL04-2146,1S-MH-MU-ZSC-CL04-3191,3,6908,34017
39013,34018-39559,1S-MH-MU-ZSC-CL04-3191,1S-MH-MU-ZSC-CL04-3479,4,34018,39559
39013,39560-15496,1S-MH-MU-ZSC-CL04-3479,1S-MH-MU-ZSC-CL04-2153,5,39560,15496
39013,15498-40423,1S-MH-MU-ZSC-CL04-2153,1S-MH-MU-ZSC-CL04-3561,6,15498,40423
39013,40422-15495,1S-MH-MU-ZSC-CL04-3561,1S-MH-MU-ZSC-CL04-2150,7,40422,15495
39013,15493-2941,1S-MH-MU-ZSC-CL04-2150,1S-MH-MU-ZSC-CL04-2145,8,15493,2941
39013,6907-281,1S-MH-MU-ZSC-CL04-2146,1S-MH-MU-ZSC-CL04-2242,2.1,6907,281
39015,39015-32709,1S-MH-MU-ZSC-RSTN-JBNA,1S-MH-MU-ZSC-CL04-2701,1,39015,32709
39015,14320-14722,1S-MH-MU-ZSC-CL04-2701,1S-MH-MU-ZSC-CL04-2686,2,14320,14722
39015,14722-15399,1S-MH-MU-ZSC-CL04-2686,1S-MH-MU-ZSC-CL04-2685,3,14722,15399
39015,15400-10832,1S-MH-MU-ZSC-CL04-2685,1S-MH-MU-ZSC-CL04-2680,4,15400,10832
39015,10830-14519,1S-MH-MU-ZSC-CL04-2680,1S-MH-MU-ZSC-CL04-2777,5,10830,14519
39015,14517-14809,1S-MH-MU-ZSC-CL04-2777,1S-MH-MU-ZSC-CL04-2778,6,14517,14809
39015,10831-5274,1S-MH-MU-ZSC-CL04-2680,1S-MH-MU-ZSC-CL04-2684,4.1,10831,5274
39015,14318-12487,1S-MH-MU-ZSC-CL04-2701,1S-MH-MU-ZSC-CL04-2580,1.1,14318,12487
39015,12489-28619,1S-MH-MU-ZSC-CL04-2580,1S-MH-MU-ZSC-CL04-3054,1.2,12489,28619
39016,39016-40112,1S-MH-MU-ZSC-RSTN-JBNA,1S-MH-MU-ZSC-CL04-3283,1,39016,40112
39016,34639-9352,1S-MH-MU-ZSC-CL04-3283,1S-MH-MU-ZSC-CL04-2756,2,34639,9352
39016,12834-43529,1S-MH-MU-ZSC-CL04-2756,1S-MH-MU-ZSC-CL04-3568,3,12834,43529
39016,43530-39451,1S-MH-MU-ZSC-CL04-3568,1S-MH-MU-ZSC-CL04-2985,4,43530,39451
39016,9354-6953,1S-MH-MU-ZSC-CL04-2756,1S-MH-MU-ZSC-CL04-2385,2.1,9354,6953
39017,39017-12020,1S-MH-MU-ZSC-RSTN-JBNA,1S-MH-MU-ZSC-CL04-2595,1,39017,12020
39017,12018-25919,1S-MH-MU-ZSC-CL04-2595,1S-MH-MU-ZSC-CL04-2973,2,12018,25919
39017,25921-9754,1S-MH-MU-ZSC-CL04-2973,1S-MH-MU-ZSC-CL04-2351,3,25921,9754
39018,39018-STN XMER,1S-MH-MU-ZSC-RSTN-JBNA,1S-MH-MU-ZSC-RSTN-JBNA,1,39018,STN XMER
39020,39020-42901,1S-MH-MU-ZSC-RSTN-JBNA,1S-MH-MU-ZSC-CL04-3652,1,39020,42901
39020,42900-9962,1S-MH-MU-ZSC-CL04-3652,1S-MH-MU-ZSC-CL04-2683,2,42900,9962
39020,39020-17164,1S-MH-MU-ZSC-RSTN-JBNA,1S-MH-MU-ZSC-CL04-2094,2,39020,17164
39020,17164-18726,1S-MH-MU-ZSC-CL04-2094,1S-MH-MU-ZSC-CL04-2090,3,17164,18726
39020,17168-40111,1S-MH-MU-ZSC-CL04-2094,1S-MH-MU-ZSC-CL04-3283,2.1,17168,40111
39020,17167-HTCONSUMER,1S-MH-MU-ZSC-CL04-2094,NAN,2.2,17167,HTCONSUMER
39020,17165-HTCONSUMER,1S-MH-MU-ZSC-CL04-2094,NAN,2.3,17165,HTCONSUMER
39020,39020-43822,1S-MH-MU-ZSC-RSTN-JBNA,1S-MH-MU-ZSC-CL04-5810,3,39020,43822
39021,39021-28090,1S-MH-MU-ZSC-RSTN-JBNA,1S-MH-MU-ZSC-CL04-2127,1,39021,28090
39021,28168-HTCONSUMER,1S-MH-MU-ZSC-CL04-2127,NAN,2,28168,HTCONSUMER
39022,39022-36431,1S-MH-MU-ZSC-RSTN-JBNA,1S-MH-MU-ZSC-CL04-3375,1,39022,36431
39022,36433-280,1S-MH-MU-ZSC-CL04-3375,1S-MH-MU-ZSC-CL04-2242,2,36433,280
39022,613-30021,1S-MH-MU-ZSC-CL04-2242,1S-MH-MU-ZSC-CL04-3115,3,613,30021
39022,30022-40553,1S-MH-MU-ZSC-CL04-3115,1S-MH-MU-ZSC-CL04-3610,4,30022,40553
39022,40552-15041,1S-MH-MU-ZSC-CL04-3610,1S-MH-MU-ZSC-CL04-2611,5,40552,15041
39022,15043-29234,1S-MH-MU-ZSC-CL04-2611,1S-MH-MU-ZSC-CL04-3076,6,15043,29234
39022,29232-28010,1S-MH-MU-ZSC-CL04-3076,1S-MH-MU-ZSC-CL04-3014,7,29232,28010
39022,28008-856,1S-MH-MU-ZSC-CL04-3014,1S-MH-MU-ZST-CL08-0327,8,28008,856
39022,29232-43512,1S-MH-MU-ZSC-CL04-3076,1S-MH-MU-ZSC-CL04-3014,6.1,29232,43512
39022,28008-856,1S-MH-MU-ZSC-CL04-3014,1S-MH-MU-ZST-CL08-0327,6.2,28008,856
39022,43511-28010,1S-MH-MU-ZSC-CL04-3076,1S-MH-MU-ZSC-CL04-3014,6.2,43511,28010
39022,28008-856,1S-MH-MU-ZSC-CL04-3014,1S-MH-MU-ZST-CL08-0327,6.3,28008,856
39022,16446-16374,1S-MH-MU-ZSC-CL04-2611,1S-MH-MU-ZSC-CL04-2682,5.1,16446,16374
39022,16373-6137,1S-MH-MU-ZSC-CL04-2682,1S-MH-MU-ZSC-CL04-2681,5.2,16373,6137
39023,16689-25236,1S-MH-MU-ZSC-CL04-2525,1S-MH-MU-ZSC-CL04-2943,1,16689,25236
39025,19805-28620,1S-MH-MU-ZSC-CL04-2923,1S-MH-MU-ZSC-CL04-3054,1,19805,28620
39026,39026-12860,1S-MH-MU-ZSC-RSTN-JBNA,1S-MH-MU-ZSC-CL04-2024,1,39026,12860
39026,12856-19534,1S-MH-MU-ZSC-CL04-2024,1S-MH-MU-ZSC-CL04-2908,2,12856,19534
39026,19536-15338,1S-MH-MU-ZSC-CL04-2908,1S-MH-MU-ZSC-CL04-2665,3,19536,15338
39026,15336-40815,1S-MH-MU-ZSC-CL04-2665,1S-MH-MU-ZSC-CL04-2127,4,15336,40815
39026,12861-HTCONSUMER,1S-MH-MU-ZSC-CL04-2024,NAN,1.1,12861,HTCONSUMER
39026,12857-HTCONSUMER,1S-MH-MU-ZSC-CL04-2024,NAN,1.2,12857,HTCONSUMER
39027,39027-CAP BANK,1S-MH-MU-ZSC-RSTN-JBNA,1S-MH-MU-ZSC-RSTN-JBNA,1,39027,CAP BANK
39029,39029-19398,1S-MH-MU-ZSC-RSTN-JBNA,1S-MH-MU-ZSC-CL04-2891,1,39029,19398
39029,19400-19858,1S-MH-MU-ZSC-CL04-2891,1S-MH-MU-ZSC-CL04-2487,2,19400,19858
39029,19856-26040,1S-MH-MU-ZSC-CL04-2487,1S-MH-MU-ZSC-CL04-2980,3,19856,26040
39029,19401-HTCONSUMER,1S-MH-MU-ZSC-CL04-2891,NAN,1.1,19401,HTCONSUMER
39029,19397-HTCONSUMER,1S-MH-MU-ZSC-CL04-2891,NAN,1.2,19397,HTCONSUMER
39030,39030-17297,1S-MH-MU-ZSC-RSTN-JBNA,1S-MH-MU-ZSC-CL04-2293,1,39030,17297
39030,17295-26989,1S-MH-MU-ZSC-CL04-2293,1S-MH-MU-ZSC-CL04-3013,2,17295,26989
39030,17294-HTCONSUMER,1S-MH-MU-ZSC-CL04-2293,NAN,1.1,17294,HTCONSUMER
39030,17298-HTCONSUMER,1S-MH-MU-ZSC-CL04-2293,NAN,1.2,17298,HTCONSUMER
39030,17299-HTCONSUMER,1S-MH-MU-ZSC-CL04-2293,NAN,1.3,17299,HTCONSUMER
39032,39032-16320,1S-MH-MU-ZSC-RSTN-JBNA,1S-MH-MU-ZSC-CL04-2099,1,39032,16320
39032,14154-16357,1S-MH-MU-ZSC-CL04-2099,1S-MH-MU-ZSC-CL04-2100,2,14154,16357
39032,16356-328,1S-MH-MU-ZSC-CL04-2100,1S-MH-MU-ZSC-CL04-2018,3,16356,328
39032,31962-373,1S-MH-MU-ZSC-CL04-2018,1S-MH-MU-ZSC-CL04-2604,4,31962,373
39032,371-11896,1S-MH-MU-ZSC-CL04-2604,1S-MH-MU-ZSC-CL04-2568,5,371,11896
39032,11896-38921,1S-MH-MU-ZSC-CL04-2568,1S-MH-MU-ZSC-CL04-3502,6,11896,38921
39032,38922-28137,1S-MH-MU-ZSC-CL04-3502,1S-MH-MU-ZST-CL08-0328,7,38922,28137
39032,28141-16384,1S-MH-MU-ZST-CL08-0328,1S-MH-MU-ZST-CL08-0499,8,28141,16384
39032,18263-35062,1S-MH-MU-ZST-CL08-0499,1S-MH-MU-ZST-CL08-0959,9,18263,35062
39032,35060-5267,1S-MH-MU-ZST-CL08-0959,1S-MH-MU-ZST-CL08-0373,10,35060,5267
39032,5264-31374,1S-MH-MU-ZST-CL08-0373,1S-MH-MU-ZST-CL08-0500,11,5264,31374
39032,28139-HTCONSUMER,1S-MH-MU-ZST-CL08-0328,NAN,7.1,28139,HTCONSUMER
39032,11898-16375,1S-MH-MU-ZSC-CL04-2568,1S-MH-MU-ZSC-CL04-2682,5.1,11898,16375
39032,13035-40521,1S-MH-MU-ZSC-CL04-2099,1S-MH-MU-ZSC-CL04-3599,1.1,13035,40521
39032,40520-19063,1S-MH-MU-ZSC-CL04-3599,1S-MH-MU-ZSC-CL04-2755,1.2,40520,19063
39032,13034-9755,1S-MH-MU-ZSC-CL04-2099,1S-MH-MU-ZSC-CL04-2351,1.2,13034,9755
39034,39034-38688,1S-MH-MU-ZSC-RSTN-JBNA,1S-MH-MU-ZSC-CL04-2156,1,39034,38688
39034,38687-15109,1S-MH-MU-ZSC-CL04-2156,1S-MH-MU-ZSC-CL04-2152,2,38687,15109
39034,15111-35580,1S-MH-MU-ZSC-CL04-2152,1S-MH-MU-ZSC-CL04-3320,3,15111,35580
39034,35578-12619,1S-MH-MU-ZSC-CL04-3320,1S-MH-MU-ZSC-CL04-2147,4,35578,12619
39034,12620-41102,1S-MH-MU-ZSC-CL04-2147,1S-MH-MU-ZSC-CL04-3604,5,12620,41102
39034,41103-12667,1S-MH-MU-ZSC-CL04-3604,1S-MH-MU-ZSC-CL04-2763,6,41103,12667
39034,11322-12572,1S-MH-MU-ZSC-CL04-2763,1S-MH-MU-ZSC-CL04-2098,7,11322,12572
39034,38686-13914,1S-MH-MU-ZSC-CL04-2156,1S-MH-MU-ZSC-CL04-2283,1.1,38686,13914
39034,13912-25238,1S-MH-MU-ZSC-CL04-2283,1S-MH-MU-ZSC-CL04-2943,1.2,13912,25238
39036,39036-CAP BANK,1S-MH-MU-ZSC-RSTN-JBNA,1S-MH-MU-ZSC-RSTN-JBNA,1,39036,CAP BANK
39036,39031-28169,1S-MH-MU-ZSC-RSTN-JBNA,1S-MH-MU-ZSC-CL04-2127,2,39031,28169
39036,40813-HTCONSUMER,1S-MH-MU-ZSC-CL04-2127,NAN,3,40813,HTCONSUMER
39036,39035-1214399,1S-MH-MU-ZSC-RSTN-JBNA,1S-MH-MU-ZSC-RSTN-MIAL,1.1,39035,1214399
28672,28672-CAP BANK,1S-MH-MU-ZST-RSTN-JUHN,1S-MH-MU-ZST-RSTN-JUHN,1,28672,CAP BANK
28673,28673-STN XMER,1S-MH-MU-ZST-RSTN-JUHN,1S-MH-MU-ZST-RSTN-JUHN,1,28673,STN XMER
28674,28674-4363,1S-MH-MU-ZST-RSTN-JUHN,1S-MH-MU-ZST-CL04-0237,1,28674,4363
28674,4361-35787,1S-MH-MU-ZST-CL04-0237,1S-MH-MU-ZST-CL04-1066,2,4361,35787
28674,35785-13519,1S-MH-MU-ZST-CL04-1066,1S-MH-MU-ZST-CL03-0230,3,35785,13519
28674,274-14711,1S-MH-MU-ZST-CL03-0230,1S-MH-MU-ZST-CL04-0233,4,274,14711
28674,14709-4456,1S-MH-MU-ZST-CL04-0233,1S-MH-MU-ZST-CL04-0232,5,14709,4456
28674,4454-25637,1S-MH-MU-ZST-CL04-0232,1S-MH-MU-ZST-CL04-0655,6,4454,25637
28674,25635-17196,1S-MH-MU-ZST-CL04-0655,1S-MH-MU-ZST-CL03-0362,7,25635,17196
28674,17194-30857,1S-MH-MU-ZST-CL03-0362,1S-MH-MU-ZST-CL03-0797,8,17194,30857
28674,30859-19278,1S-MH-MU-ZST-CL03-0797,1S-MH-MU-ZST-CL03-0589,9,30859,19278
28674,36135-HTCONSUMER,1S-MH-MU-ZST-CL04-0233,NAN,4.1,36135,HTCONSUMER
28674,32649-17345,1S-MH-MU-ZST-CL03-0230,1S-MH-MU-ZST-CL03-0403,3.1,32649,17345
28674,11754-34075,1S-MH-MU-ZST-CL03-0403,1S-MH-MU-ZST-CL03-0876,3.2,11754,34075
28674,34077-32460,1S-MH-MU-ZST-CL03-0876,1S-MH-MU-ZST-CL03-0852,3.3,34077,32460
28674,32462-31619,1S-MH-MU-ZST-CL03-0852,1S-MH-MU-ZST-CL03-0819,3.4,32462,31619
28674,31621-6308,1S-MH-MU-ZST-CL03-0819,1S-MH-MU-ZST-CL03-0244,3.5,31621,6308
28674,275-7294,1S-MH-MU-ZST-CL03-0230,1S-MH-MU-ZST-CL03-0402,3.2,275,7294
28674,11753-13430,1S-MH-MU-ZST-CL03-0402,1S-MH-MU-ZST-CL03-0026,3.3,11753,13430
28674,4298-7280,1S-MH-MU-ZST-CL03-0230,1S-MH-MU-ZST-CL03-0478,3.3,4298,7280
28674,28674-35974,1S-MH-MU-ZST-RSTN-JUHN,1S-MH-MU-ZST-CL04-1098,2,28674,35974
28674,35975-9024,1S-MH-MU-ZST-CL04-1098,1S-MH-MU-ZST-CL04-0252,3,35975,9024
28674,2127-29032,1S-MH-MU-ZST-CL04-0252,1S-MH-MU-ZST-CL04-0729,4,2127,29032
28674,29031-13773,1S-MH-MU-ZST-CL04-0729,1S-MH-MU-ZST-CL04-0053,5,29031,13773
28674,13775-9476,1S-MH-MU-ZST-CL04-0053,1S-MH-MU-ZST-CL04-0523,6,13775,9476
28675,28675-6437,1S-MH-MU-ZST-RSTN-JUHN,1S-MH-MU-ZST-CL04-0199,1,28675,6437
28675,6435-7867,1S-MH-MU-ZST-CL04-0199,1S-MH-MU-ZST-CL04-0222,2,6435,7867
28675,7865-19348,1S-MH-MU-ZST-CL04-0222,1S-MH-MU-ZST-CL04-0596,3,7865,19348
28675,19350-13371,1S-MH-MU-ZST-CL04-0596,1S-MH-MU-ZST-CL04-0235,4,19350,13371
28675,6943-11012,1S-MH-MU-ZST-CL04-0235,1S-MH-MU-ZST-CL04-0238,5,6943,11012
28675,5256-2745,1S-MH-MU-ZST-CL04-0238,1S-MH-MU-ZST-CL04-0240,6,5256,2745
28675,9691-32694,1S-MH-MU-ZST-CL04-0240,1S-MH-MU-ZST-CL04-0853,7,9691,32694
28675,32692-35056,1S-MH-MU-ZST-CL04-0853,1S-MH-MU-ZST-CL04-0900,8,32692,35056
28675,35054-30072,1S-MH-MU-ZST-CL04-0900,1S-MH-MU-ZST-CL04-0765,9,35054,30072
28675,30071-19123,1S-MH-MU-ZST-CL04-0765,1S-MH-MU-ZST-CL04-0597,10,30071,19123
28675,19125-31406,1S-MH-MU-ZST-CL04-0597,1S-MH-MU-ZST-CL04-0813,11,19125,31406
28675,31404-44014,1S-MH-MU-ZST-CL04-0813,1S-MH-MU-ZST-CL04-1350,12,31404,44014
28675,44015-42540,1S-MH-MU-ZST-CL04-1350,1S-MH-MU-ZST-CL04-1001,13,44015,42540
28675,42539-36950,1S-MH-MU-ZST-CL04-1001,1S-MH-MU-ZST-CL04-1149,14,42539,36950
28675,36949-12007,1S-MH-MU-ZST-CL04-1149,1S-MH-MU-ZST-CL04-0447,15,36949,12007
28675,5258-25106,1S-MH-MU-ZST-CL04-0238,1S-MH-MU-ZST-CL04-0634,5.1,5258,25106
28675,43040-6173,1S-MH-MU-ZST-CL04-0235,1S-MH-MU-ZST-CL04-0254,4.1,43040,6173
28677,28677-19511,1S-MH-MU-ZST-RSTN-JUHN,1S-MH-MU-ZST-CL04-0194,1,28677,19511
28677,19509-4071,1S-MH-MU-ZST-CL04-0194,1S-MH-MU-ZST-CL04-0246,2,19509,4071
28677,4070-13911,1S-MH-MU-ZST-CL04-0246,1S-MH-MU-ZST-CL04-0491,3,4070,13911
28677,13909-4068,1S-MH-MU-ZST-CL04-0491,1S-MH-MU-ZST-CL04-0540,4,13909,4068
28677,4067-15094,1S-MH-MU-ZST-CL04-0540,1S-MH-MU-ZST-CL04-0015,5,4067,15094
28677,15092-13921,1S-MH-MU-ZST-CL04-0015,1S-MH-MU-ZST-CL04-0037,6,15092,13921
28677,19510-HTCONSUMER,1S-MH-MU-ZST-CL04-0194,NAN,1.1,19510,HTCONSUMER
28679,28679-13302,1S-MH-MU-ZST-RSTN-JUHN,1S-MH-MU-ZST-CL04-0107,1,28679,13302
28679,4763-28345,1S-MH-MU-ZST-CL04-0107,1S-MH-MU-ZST-CL04-0706,2,4763,28345
28679,28346-11822,1S-MH-MU-ZST-CL04-0706,1S-MH-MU-ZST-CL04-0262,3,28346,11822
28680,28680-17963,1S-MH-MU-ZST-RSTN-JUHN,1S-MH-MU-ZST-CL04-0234,1,28680,17963
28680,17963-40105,1S-MH-MU-ZST-CL04-0234,1S-MH-MU-ZST-CL04-1309,2,17963,40105
28680,40104-10656,1S-MH-MU-ZST-CL04-1309,1S-MH-MU-ZST-CL04-0236,3,40104,10656
28680,10658-13513,1S-MH-MU-ZST-CL04-0236,1S-MH-MU-ZST-CL04-0400,4,10658,13513
28680,9625-25168,1S-MH-MU-ZST-CL04-0400,1S-MH-MU-ZST-CL04-0641,5,9625,25168
28680,25170-13864,1S-MH-MU-ZST-CL04-0641,1S-MH-MU-ZST-CL03-0111,6,25170,13864
28680,13866-13462,1S-MH-MU-ZST-CL03-0111,1S-MH-MU-ZST-CL03-0478,7,13866,13462
28680,9627-25108,1S-MH-MU-ZST-CL04-0400,1S-MH-MU-ZST-CL04-0634,4.1,9627,25108
28680,17964-HTCONSUMER,1S-MH-MU-ZST-CL04-0234,NAN,1.1,17964,HTCONSUMER
28680,18712-HTCONSUMER,1S-MH-MU-ZST-CL04-0234,NAN,1.2,18712,HTCONSUMER
28682,28682-13293,1S-MH-MU-ZST-RSTN-JUHN,1S-MH-MU-ZST-CL04-0042,1,28682,13293
28682,13291-40510,1S-MH-MU-ZST-CL04-0042,1S-MH-MU-ZST-CL04-1078,2,13291,40510
28682,40511-39783,1S-MH-MU-ZST-CL04-1078,1S-MH-MU-ZST-CL04-1333,3,40511,39783
28682,39782-13707,1S-MH-MU-ZST-CL04-1333,1S-MH-MU-ZST-CL04-0241,4,39782,13707
28682,13709-43309,1S-MH-MU-ZST-CL04-0241,1S-MH-MU-ZST-CL04-1232,5,13709,43309
28682,43310-35482,1S-MH-MU-ZST-CL04-1232,1S-MH-MU-ZST-CL04-0987,6,43310,35482
28682,35480-30238,1S-MH-MU-ZST-CL04-0987,1S-MH-MU-ZST-CL04-0774,7,35480,30238
28682,30240-35528,1S-MH-MU-ZST-CL04-0774,1S-MH-MU-ZST-CL04-0943,8,30240,35528
28682,35530-6958,1S-MH-MU-ZST-CL04-0943,1S-MH-MU-ZST-CL04-0434,9,35530,6958
28682,6960-28854,1S-MH-MU-ZST-CL04-0434,1S-MH-MU-ZST-CL04-0721,10,6960,28854
28682,28852-39280,1S-MH-MU-ZST-CL04-0721,1S-MH-MU-ZST-CL04-0928,11,28852,39280
28682,31800-31765,1S-MH-MU-ZST-CL04-0241,1S-MH-MU-ZST-CL04-0215,4.1,31800,31765
28682,28682-10383,1S-MH-MU-ZST-RSTN-JUHN,1S-MH-MU-ZST-CL04-0433,2,28682,10383
28682,10381-9708,1S-MH-MU-ZST-CL04-0433,1S-MH-MU-ZST-CL04-0263,3,10381,9708
28682,9706-6567,1S-MH-MU-ZST-CL04-0263,1S-MH-MU-ZST-CL04-0239,4,9706,6567
28682,6565-16737,1S-MH-MU-ZST-CL04-0239,1S-MH-MU-ZST-CL04-0338,5,6565,16737
28682,10382-HTCONSUMER,1S-MH-MU-ZST-CL04-0433,NAN,2.1,10382,HTCONSUMER
28683,28683-CAP BANK,1S-MH-MU-ZST-RSTN-JUHN,1S-MH-MU-ZST-RSTN-JUHN,1,28683,CAP BANK
28684,28684-31316,1S-MH-MU-ZST-RSTN-JUHN,1S-MH-MU-ZST-CL04-0810,1,28684,31316
28684,31318-11491,1S-MH-MU-ZST-CL04-0810,1S-MH-MU-ZST-CL04-0292,2,31318,11491
28684,11489-37711,1S-MH-MU-ZST-CL04-0292,1S-MH-MU-ZST-CL04-1188,3,11489,37711
28684,37713-32299,1S-MH-MU-ZST-CL04-1188,1S-MH-MU-ZST-CL04-0834,4,37713,32299
28684,32297-38153,1S-MH-MU-ZST-CL04-0834,1S-MH-MU-ZST-CL04-0016,5,32297,38153
28684,38152-13377,1S-MH-MU-ZST-CL04-0016,1S-MH-MU-ZST-CL04-0249,6,38152,13377
28684,13376-42805,1S-MH-MU-ZST-CL04-0249,1S-MH-MU-ZST-CL04-1369,7,13376,42805
28684,42806-15108,1S-MH-MU-ZST-CL04-1369,1S-MH-MU-ZST-CL04-0546,8,42806,15108
28684,31723-19317,1S-MH-MU-ZST-CL04-0249,1S-MH-MU-ZST-CL04-0545,6.1,31723,19317
28477,28477-34239,1S-MH-MU-ZST-RSTN-JUHU,NAN,1,28477,34239
28477,34241-39557,NAN,1S-MH-MU-ZST-CL04-1319,2,34241,39557
28477,39556-42110,1S-MH-MU-ZST-CL04-1319,1S-MH-MU-ZST-CL04-1358,3,39556,42110
28477,42111-2017,1S-MH-MU-ZST-CL04-1358,1S-MH-MU-ZST-CL04-0214,4,42111,2017
28477,2015-17763,1S-MH-MU-ZST-CL04-0214,1S-MH-MU-ZST-CL04-0456,5,2015,17763
28477,17761-32287,1S-MH-MU-ZST-CL04-0456,1S-MH-MU-ZST-CL04-0833,6,17761,32287
28477,32285-19784,1S-MH-MU-ZST-CL04-0833,1S-MH-MU-ZST-CL04-0626,7,32285,19784
28477,31495-38118,1S-MH-MU-ZST-CL04-0626,1S-MH-MU-ZST-CL04-1067,8,31495,38118
28477,19786-9478,1S-MH-MU-ZST-CL04-0626,1S-MH-MU-ZST-CL04-0523,7.1,19786,9478
28477,35859-7607,NAN,1S-MH-MU-ZST-CL04-0178,1.1,35859,7607
28477,7605-32589,1S-MH-MU-ZST-CL04-0178,1S-MH-MU-ZST-CL04-0848,1.2,7605,32589
28477,32587-35853,1S-MH-MU-ZST-CL04-0848,1S-MH-MU-ZST-CL04-0266,1.3,32587,35853
28477,35851-5026,1S-MH-MU-ZST-CL04-0266,1S-MH-MU-ZST-CL04-0247,1.4,35851,5026
28477,5024-39281,1S-MH-MU-ZST-CL04-0247,1S-MH-MU-ZST-CL04-0928,1.5,5024,39281
28478,28478-34276,1S-MH-MU-ZST-RSTN-JUHU,1S-MH-MU-ZST-CL04-0737,1,28478,34276
28478,34274-41086,1S-MH-MU-ZST-CL04-0737,1S-MH-MU-ZST-CL04-1051,2,34274,41086
28478,41087-11488,1S-MH-MU-ZST-CL04-1051,1S-MH-MU-ZST-CL04-0251,3,41087,11488
28478,11486-36303,1S-MH-MU-ZST-CL04-0251,1S-MH-MU-ZST-CL04-1048,4,11486,36303
28478,36305-30317,1S-MH-MU-ZST-CL04-1048,1S-MH-MU-ZST-CL04-0784,5,36305,30317
28478,30319-37341,1S-MH-MU-ZST-CL04-0784,1S-MH-MU-ZST-CL04-1190,6,30319,37341
28478,37342-18760,1S-MH-MU-ZST-CL04-1190,1S-MH-MU-ZSC-CL07-2077,7,37342,18760
28478,5048-16371,1S-MH-MU-ZSC-CL07-2077,1S-MH-MU-ZST-CL04-0603,8,5048,16371
28478,16371-11790,1S-MH-MU-ZST-CL04-0603,1S-MH-MU-ZSC-CL07-2346,9,16371,11790
28478,12604-41009,1S-MH-MU-ZST-CL04-0603,1S-MH-MU-ZST-CL04-0266,8.1,12604,41009
28478,5049-39447,1S-MH-MU-ZSC-CL07-2077,1S-MH-MU-ZSC-CL07-3567,7.1,5049,39447
28478,5050-HTCONSUMER,1S-MH-MU-ZSC-CL07-2077,NAN,7.2,5050,HTCONSUMER
28478,11487-32665,1S-MH-MU-ZST-CL04-0251,1S-MH-MU-ZSC-CL07-3220,3.1,11487,32665
28478,32667-11506,1S-MH-MU-ZSC-CL07-3220,1S-MH-MU-ZSC-CL07-2762,3.2,32667,11506
28478,11504-4871,1S-MH-MU-ZSC-CL07-2762,1S-MH-MU-ZSC-CL07-2344,3.3,11504,4871
28478,4869-7551,1S-MH-MU-ZSC-CL07-2344,1S-MH-MU-ZSC-CL07-2093,3.4,4869,7551
28479,28479-32576,1S-MH-MU-ZST-RSTN-JUHU,1S-MH-MU-ZST-CL04-0847,1,28479,32576
28479,32578-19361,1S-MH-MU-ZST-CL04-0847,1S-MH-MU-ZST-CL04-0595,2,32578,19361
28479,19363-10896,1S-MH-MU-ZST-CL04-0595,1S-MH-MU-ZST-CL04-0242,3,19363,10896
28479,10898-29294,1S-MH-MU-ZST-CL04-0242,1S-MH-MU-ZST-CL04-0699,4,10898,29294
28479,29293-19637,1S-MH-MU-ZST-CL04-0699,1S-MH-MU-ZST-CL04-0262,5,29293,19637
28480,28480-28339,1S-MH-MU-ZST-RSTN-JUHU,1S-MH-MU-ZST-CL04-0705,1,28480,28339
28480,28341-37164,1S-MH-MU-ZST-CL04-0705,1S-MH-MU-ZST-CL04-1163,2,28341,37164
28480,37165-18027,1S-MH-MU-ZST-CL04-1163,1S-MH-MU-ZST-CL04-0158,3,37165,18027
28480,18025-42357,1S-MH-MU-ZST-CL04-0158,1S-MH-MU-ZST-CL04-0055,4,18025,42357
28480,42356-42667,1S-MH-MU-ZST-CL04-0055,1S-MH-MU-ZST-CL04-1242,5,42356,42667
28480,43539-42667,1S-MH-MU-ZST-CL04-0055,1S-MH-MU-ZST-CL04-1242,4.1,43539,42667
28480,18025-43540,1S-MH-MU-ZST-CL04-0158,1S-MH-MU-ZST-CL04-0055,3.1,18025,43540
28480,42356-42667,1S-MH-MU-ZST-CL04-0055,1S-MH-MU-ZST-CL04-1242,3.2,42356,42667
28480,43539-42667,1S-MH-MU-ZST-CL04-0055,1S-MH-MU-ZST-CL04-1242,3.1.1,43539,42667
28480,28342-19756,1S-MH-MU-ZST-CL04-0705,1S-MH-MU-ZST-CL04-0622,1.1,28342,19756
28480,28344-2008,1S-MH-MU-ZST-CL04-0705,1S-MH-MU-ZST-CL04-0211,1.2,28344,2008
28481,28481-CAP BANK,1S-MH-MU-ZST-RSTN-JUHU,1S-MH-MU-ZST-RSTN-JUHU,1,28481,CAP BANK
28483,28483-18713,1S-MH-MU-ZST-RSTN-JUHU,1S-MH-MU-ZST-CL04-0234,1,28483,18713
28484,28484-38643,1S-MH-MU-ZST-RSTN-JUHU,1S-MH-MU-ZST-CL04-0944,1,28484,38643
28484,38641-30154,1S-MH-MU-ZST-CL04-0944,1S-MH-MU-ZST-CL04-0771,2,38641,30154
28484,30155-37514,1S-MH-MU-ZST-CL04-0771,1S-MH-MU-ZST-CL04-1002,3,30155,37514
28484,37516-39198,1S-MH-MU-ZST-CL04-1002,1S-MH-MU-ZST-CL04-1199,4,37516,39198
28484,39199-35050,1S-MH-MU-ZST-CL04-1199,1S-MH-MU-ZST-CL04-0965,5,39199,35050
28484,35048-11532,1S-MH-MU-ZST-CL04-0965,1S-MH-MU-ZST-CL04-0524,6,35048,11532
28484,6995-6175,1S-MH-MU-ZST-CL04-0524,1S-MH-MU-ZST-CL04-0254,7,6995,6175
28484,6993-15106,1S-MH-MU-ZST-CL04-0524,1S-MH-MU-ZST-CL04-0546,6.1,6993,15106
28486,28486-29104,1S-MH-MU-ZST-RSTN-JUHU,1S-MH-MU-ZST-CL04-0733,1,28486,29104
28486,29103-29108,1S-MH-MU-ZST-CL04-0733,1S-MH-MU-ZST-CL04-0734,2,29103,29108
28486,29106-32717,1S-MH-MU-ZST-CL04-0734,1S-MH-MU-ZST-CL04-0855,3,29106,32717
28486,32719-36506,1S-MH-MU-ZST-CL04-0855,1S-MH-MU-ZST-CL04-1138,4,32719,36506
28486,36508-43552,1S-MH-MU-ZST-CL04-1138,1S-MH-MU-ZST-CL04-0077,5,36508,43552
28486,43548-35938,1S-MH-MU-ZST-CL04-0077,1S-MH-MU-ZST-CL04-1090,6,43548,35938
28486,35936-43145,1S-MH-MU-ZST-CL04-1090,1S-MH-MU-ZST-CL04-0518,7,35936,43145
28486,43144-37733,1S-MH-MU-ZST-CL04-0518,1S-MH-MU-ZST-CL04-1221,8,43144,37733
28486,37731-16900,1S-MH-MU-ZST-CL04-1221,1S-MH-MU-ZST-CL04-0409,9,37731,16900
28486,16898-36800,1S-MH-MU-ZST-CL04-0409,1S-MH-MU-ZST-CL04-1150,10,16898,36800
28486,36802-10893,1S-MH-MU-ZST-CL04-1150,1S-MH-MU-ZST-CL04-0047,11,36802,10893
28486,43551-34924,1S-MH-MU-ZST-CL04-0077,1S-MH-MU-ZST-CL04-0948,5.1,43551,34924
28486,34922-40408,1S-MH-MU-ZST-CL04-0948,1S-MH-MU-ZST-CL04-1349,5.2,34922,40408
28486,43547-11136,1S-MH-MU-ZST-CL04-0077,1S-MH-MU-ZST-CL04-0043,5.2,43547,11136
28488,28488-CAP BANK,1S-MH-MU-ZST-RSTN-JUHU,1S-MH-MU-ZST-RSTN-JUHU,1,28488,CAP BANK
28489,28489-35962,1S-MH-MU-ZST-RSTN-JUHU,1S-MH-MU-ZST-CL04-1105,1,28489,35962
28489,35964-32974,1S-MH-MU-ZST-CL04-1105,1S-MH-MU-ZST-CL04-0871,2,35964,32974
28489,32972-7344,1S-MH-MU-ZST-CL04-0871,1S-MH-MU-ZST-CL04-0436,3,32972,7344
28489,35963-HTCONSUMER,1S-MH-MU-ZST-CL04-1105,NAN,1.1,35963,HTCONSUMER
28490,28490-38117,1S-MH-MU-ZST-RSTN-JUHU,1S-MH-MU-ZST-CL04-1067,1,28490,38117
28490,38116-42612,1S-MH-MU-ZST-CL04-1067,1S-MH-MU-ZST-CL04-0919,2,38116,42612
28490,42611-37980,1S-MH-MU-ZST-CL04-0919,1S-MH-MU-ZST-CL04-0545,3,42611,37980
28490,19316-34012,1S-MH-MU-ZST-CL04-0545,1S-MH-MU-ZST-CL04-0873,4,19316,34012
28490,34014-2011,1S-MH-MU-ZST-CL04-0873,1S-MH-MU-ZST-CL04-0564,5,34014,2011
28490,7728-36288,1S-MH-MU-ZST-CL04-0564,1S-MH-MU-ZST-CL04-0387,6,7728,36288
28490,36287-5099,1S-MH-MU-ZST-CL04-0387,1S-MH-MU-ZST-CL04-0332,7,36287,5099
28490,5097-5094,1S-MH-MU-ZST-CL04-0332,1S-MH-MU-ZST-CL04-0410,8,5097,5094
28490,14781-HTCONSUMER,1S-MH-MU-ZST-CL04-0387,NAN,6.1,14781,HTCONSUMER
28490,44058-36904,1S-MH-MU-ZST-CL04-0564,1S-MH-MU-ZST-CL04-1167,5.1,44058,36904
28490,36906-40407,1S-MH-MU-ZST-CL04-1167,1S-MH-MU-ZST-CL04-1349,5.2,36906,40407
28491,28491-11835,1S-MH-MU-ZST-RSTN-JUHU,1S-MH-MU-ZSC-CL07-2898,1,28491,11835
28491,11837-2901,1S-MH-MU-ZSC-CL07-2898,1S-MH-MU-ZST-CL04-0250,2,11837,2901
28491,9686-44051,1S-MH-MU-ZST-CL04-0250,1S-MH-MU-ZST-CL04-1053,3,9686,44051
28491,44050-7397,1S-MH-MU-ZST-CL04-1053,1S-MH-MU-ZST-CL04-0266,4,44050,7397
28492,28492-9299,1S-MH-MU-ZST-RSTN-JUHU,1S-MH-MU-ZST-CL04-0213,1,28492,9299
28492,9297-469,1S-MH-MU-ZST-CL04-0213,1S-MH-MU-ZST-CL04-0163,2,9297,469
28492,469-32958,1S-MH-MU-ZST-CL04-0163,1S-MH-MU-ZST-CL04-0870,3,469,32958
28492,32960-13466,1S-MH-MU-ZST-CL04-0870,1S-MH-MU-ZST-CL04-0519,4,32960,13466
28492,13464-4482,1S-MH-MU-ZST-CL04-0519,1S-MH-MU-ZST-CL04-0563,5,13464,4482
28492,4484-7214,1S-MH-MU-ZST-CL04-0563,1S-MH-MU-ZST-CL04-0370,6,4484,7214
28492,7213-HTCONSUMER,1S-MH-MU-ZST-CL04-0370,NAN,7,7213,HTCONSUMER
28492,12583-HTCONSUMER,1S-MH-MU-ZST-CL04-0370,NAN,6.1,12583,HTCONSUMER
28492,30571-354,1S-MH-MU-ZST-CL04-0563,1S-MH-MU-ZST-CL03-0380,5.1,30571,354
28492,352-7356,1S-MH-MU-ZST-CL03-0380,1S-MH-MU-ZST-CL03-0559,5.2,352,7356
28493,28493-12005,1S-MH-MU-ZST-RSTN-JUHU,1S-MH-MU-ZST-CL04-0447,1,28493,12005
28494,28494-26266,1S-MH-MU-ZST-RSTN-JUHU,1S-MH-MU-ZST-CL04-0253,1,28494,26266
28494,26253-30833,1S-MH-MU-ZST-CL04-0253,1S-MH-MU-ZST-CL04-0795,2,26253,30833
28494,30831-35970,1S-MH-MU-ZST-CL04-0795,1S-MH-MU-ZST-CL04-0898,3,30831,35970
28494,35968-35971,1S-MH-MU-ZST-CL04-0898,1S-MH-MU-ZST-CL04-0910,4,35968,35971
28494,35973-36286,1S-MH-MU-ZST-CL04-0910,1S-MH-MU-ZST-CL04-1123,5,35973,36286
28494,36284-41895,1S-MH-MU-ZST-CL04-1123,1S-MH-MU-ZST-CL04-0338,6,36284,41895
28494,16735-36393,1S-MH-MU-ZST-CL04-0338,1S-MH-MU-ZST-CL04-0900,7,16735,36393
42132,42132-14398,1S-MH-MU-ZCT-RSTN-KADA,1S-MH-MU-ZCT-CL10-4230,1,42132,14398
42132,11378-14364,1S-MH-MU-ZCT-CL10-4230,1S-MH-MU-ZCT-CL09-4065,2,11378,14364
42132,14365-16650,1S-MH-MU-ZCT-CL09-4065,1S-MH-MU-ZCT-CL09-4066,3,14365,16650
42132,14397-41505,1S-MH-MU-ZCT-CL10-4230,1S-MH-MU-ZCT-CL10-5726,1.1,14397,41505
42132,41165-40440,1S-MH-MU-ZCT-CL10-5726,1S-MH-MU-ZCT-CL09-5703,1.2,41165,40440
42134,42134-32200,1S-MH-MU-ZCT-RSTN-KADA,1S-MH-MU-ZCT-CL10-4418,1,42134,32200
42134,32199-15898,1S-MH-MU-ZCT-CL10-4418,1S-MH-MU-ZCT-CL10-4051,2,32199,15898
42134,15900-17327,1S-MH-MU-ZCT-CL10-4051,1S-MH-MU-ZCT-CL10-4052,3,15900,17327
42134,17329-42059,1S-MH-MU-ZCT-CL10-4052,1S-MH-MU-ZCT-CL10-5057,4,17329,42059
42134,32198-29987,1S-MH-MU-ZCT-CL10-4418,1S-MH-MU-ZCT-RSTN-LOKH,1.1,32198,29987
42138,42138-42728,1S-MH-MU-ZCT-RSTN-KADA,1S-MH-MU-ZCT-CL10-4343,1,42138,42728
42138,42729-40946,1S-MH-MU-ZCT-CL10-4343,1S-MH-MU-ZCT-CL10-5101,2,42729,40946
42138,31509-12080,1S-MH-MU-ZCT-CL10-5101,1S-MH-MU-ZCT-CL10-4090,3,31509,12080
42138,9395-6840,1S-MH-MU-ZCT-CL10-4090,1S-MH-MU-ZCT-CL10-4377,4,9395,6840
42138,6841-39721,1S-MH-MU-ZCT-CL10-4377,1S-MH-MU-ZCT-CL10-5674,5,6841,39721
42138,31510-13870,1S-MH-MU-ZCT-CL10-5101,1S-MH-MU-ZCT-CL10-4816,2.1,31510,13870
42139,42139-CAP BANK,1S-MH-MU-ZCT-RSTN-KADA,1S-MH-MU-ZCT-RSTN-KADA,1,42139,CAP BANK
42141,42141-43285,1S-MH-MU-ZCT-RSTN-KADA,1S-MH-MU-ZCT-CL10-5792,1,42141,43285
42142,42142-29217,1S-MH-MU-ZCT-RSTN-KADA,1S-MH-MU-ZCT-CL10-5057,1,42142,29217
42142,29219-30124,1S-MH-MU-ZCT-CL10-5057,1S-MH-MU-ZCT-CL10-5029,2,29219,30124
42142,30123-30411,1S-MH-MU-ZCT-CL10-5029,1S-MH-MU-ZCT-CL10-5089,3,30123,30411
42142,30410-14954,1S-MH-MU-ZCT-CL10-5089,1S-MH-MU-ZCT-CL10-4419,4,30410,14954
42142,14955-42080,1S-MH-MU-ZCT-CL10-4419,1S-MH-MU-ZCT-CL10-4816,5,14955,42080
42142,42060-15958,1S-MH-MU-ZCT-CL10-5057,1S-MH-MU-ZCT-CL10-4040,1.1,42060,15958
42142,15960-17314,1S-MH-MU-ZCT-CL10-4040,1S-MH-MU-ZCT-CL10-4042,1.2,15960,17314
42144,42144-11782,1S-MH-MU-ZCT-RSTN-KADA,1S-MH-MU-ZCT-CL10-4344,1,42144,11782
42144,11781-39705,1S-MH-MU-ZCT-CL10-4344,1S-MH-MU-ZCT-CL04-5374,2,11781,39705
42144,39704-42873,1S-MH-MU-ZCT-CL04-5374,1S-MH-MU-ZCT-CL10-5759,3,39704,42873
42144,42875-42294,1S-MH-MU-ZCT-CL10-5759,1S-MH-MU-ZCT-CL10-4399,4,42875,42294
42144,42293-18141,1S-MH-MU-ZCT-CL10-4399,1S-MH-MU-ZCT-CL10-4291,5,42293,18141
42144,18142-18170,1S-MH-MU-ZCT-CL10-4291,1S-MH-MU-ZCT-CL10-4525,6,18142,18170
42144,18168-29982,1S-MH-MU-ZCT-CL10-4525,1S-MH-MU-ZCT-RSTN-LOKH,7,18168,29982
42144,42931-6142,1S-MH-MU-ZCT-CL10-4344,1S-MH-MU-ZCT-CL10-4795,1.1,42931,6142
42144,42235-12761,1S-MH-MU-ZCT-CL10-4795,1S-MH-MU-ZCT-CL10-4440,1.2,42235,12761
42144,12763-12377,1S-MH-MU-ZCT-CL10-4440,1S-MH-MU-ZCT-CL10-4320,1.3,12763,12377
42144,6143-12307,1S-MH-MU-ZCT-CL10-4795,1S-MH-MU-ZCT-CL10-4659,1.1.1,6143,12307
42144,11783-9348,1S-MH-MU-ZCT-CL10-4344,1S-MH-MU-ZCT-CL10-4420,1.2,11783,9348
42148,42148-CAP BANK,1S-MH-MU-ZCT-RSTN-KADA,1S-MH-MU-ZCT-RSTN-KADA,1,42148,CAP BANK
6528,6528-32243,1S-MH-MU-ZST-RSTN-KALA,1S-MH-MU-ZST-CL05-0836,1,6528,32243
6528,32245-15552,1S-MH-MU-ZST-CL05-0836,1S-MH-MU-ZST-CL05-0363,2,32245,15552
6528,15554-2196,1S-MH-MU-ZST-CL05-0363,1S-MH-MU-ZST-CL05-0313,3,15554,2196
6528,2194-31013,1S-MH-MU-ZST-CL05-0313,1S-MH-MU-ZST-CL05-0801,4,2194,31013
6528,37770-37752,1S-MH-MU-ZST-CL05-0801,1S-MH-MU-ZST-CL05-0572,5,37770,37752
6528,9865-13216,1S-MH-MU-ZST-CL05-0572,1S-MH-MU-ZST-CL05-0318,6,9865,13216
6528,11049-19263,1S-MH-MU-ZST-CL05-0318,1S-MH-MU-ZST-CL06-0587,7,11049,19263
6528,19265-13096,1S-MH-MU-ZST-CL06-0587,1S-MH-MU-ZST-CL06-0496,8,19265,13096
6528,9863-35172,1S-MH-MU-ZST-CL05-0572,1S-MH-MU-ZST-CL05-0970,5.1,9863,35172
6528,35170-40996,1S-MH-MU-ZST-CL05-0970,1S-MH-MU-ZST-CL05-0128,5.2,35170,40996
6528,31015-1042,1S-MH-MU-ZST-CL05-0801,1S-MH-MU-ZST-CL05-0315,4.1,31015,1042
6528,1043-5579,1S-MH-MU-ZST-CL05-0315,1S-MH-MU-ZST-CL06-0316,4.2,1043,5579
6528,39527-17055,1S-MH-MU-ZST-CL05-0315,1S-MH-MU-ZST-CL05-0346,4.1.1,39527,17055
6528,39742-39594,1S-MH-MU-ZST-CL05-0836,1S-MH-MU-ZST-CL05-1276,1.1,39742,39594
6528,32244-HTCONSUMER,1S-MH-MU-ZST-CL05-0836,NAN,1.2,32244,HTCONSUMER
6530,6530-30773,1S-MH-MU-ZST-RSTN-KALA,1S-MH-MU-ZST-CL06-0204,1,6530,30773
6530,6578-37996,1S-MH-MU-ZST-CL06-0204,1S-MH-MU-ZST-CL01-0075,2,6578,37996
6530,15113-43295,1S-MH-MU-ZST-CL01-0075,1S-MH-MU-ZST-CL01-1391,3,15113,43295
6530,43294-31397,1S-MH-MU-ZST-CL01-1391,1S-MH-MU-ZST-CL01-0059,4,43294,31397
6530,5810-6305,1S-MH-MU-ZST-CL01-0059,1S-MH-MU-ZST-CL01-0086,5,5810,6305
6530,15115-15273,1S-MH-MU-ZST-CL01-0075,1S-MH-MU-ZST-CL01-0074,2.1,15115,15273
6530,15271-4769,1S-MH-MU-ZST-CL01-0074,1S-MH-MU-ZST-CL01-0073,2.2,15271,4769
6530,10397-29690,1S-MH-MU-ZST-CL06-0204,1S-MH-MU-ZST-CL06-0647,1.1,10397,29690
6530,35284-HTCONSUMER,1S-MH-MU-ZST-CL06-0204,NAN,1.2,35284,HTCONSUMER
6531,6531-35331,1S-MH-MU-ZST-RSTN-KALA,1S-MH-MU-ZST-CL05-0958,1,6531,35331
6531,35329-39324,1S-MH-MU-ZST-CL05-0958,1S-MH-MU-ZST-CL06-1016,2,35329,39324
6531,39323-36395,1S-MH-MU-ZST-CL06-1016,1S-MH-MU-ZST-CL05-0318,3,39323,36395
6531,11051-43769,1S-MH-MU-ZST-CL05-0318,1S-MH-MU-ZST-CL05-0312,4,11051,43769
6531,43771-10343,1S-MH-MU-ZST-CL05-0312,1S-MH-MU-ZST-CL07-0293,5,43771,10343
6531,10341-2810,1S-MH-MU-ZST-CL07-0293,1S-MH-MU-ZST-CL07-0556,6,10341,2810
6531,2812-35804,1S-MH-MU-ZST-CL07-0556,1S-MH-MU-ZST-CL07-1007,7,2812,35804
6531,35806-36882,1S-MH-MU-ZST-CL07-1007,1S-MH-MU-ZST-CL07-1109,8,35806,36882
6531,36881-16276,1S-MH-MU-ZST-CL07-1109,1S-MH-MU-ZST-CL07-0424,9,36881,16276
6531,16274-16262,1S-MH-MU-ZST-CL07-0424,1S-MH-MU-ZST-CL07-0551,10,16274,16262
6531,16261-25071,1S-MH-MU-ZST-CL07-0551,1S-MH-MU-ZST-CL07-0632,11,16261,25071
6531,43772-9407,1S-MH-MU-ZST-CL05-0312,1S-MH-MU-ZST-CL06-0185,4.1,43772,9407
6531,9405-HTCONSUMER,1S-MH-MU-ZST-CL06-0185,NAN,4.2,9405,HTCONSUMER
6531,4607-35907,1S-MH-MU-ZST-CL05-0312,1S-MH-MU-ZST-CL05-1085,4.2,4607,35907
7036,7036-37228,1S-MH-MU-ZST-RSTN-KALA,1S-MH-MU-ZST-CL05-0906,1,7036,37228
7036,37226-37229,1S-MH-MU-ZST-CL05-0906,1S-MH-MU-ZST-CL05-1189,2,37226,37229
7036,37231-14912,1S-MH-MU-ZST-CL05-1189,1S-MH-MU-ZST-CL05-0145,3,37231,14912
7036,14910-28846,1S-MH-MU-ZST-CL05-0145,1S-MH-MU-ZST-CL05-0720,4,14910,28846
7036,28847-29872,1S-MH-MU-ZST-CL05-0720,1S-MH-MU-ZST-CL05-0760,5,28847,29872
7036,37230-HTCONSUMER,1S-MH-MU-ZST-CL05-1189,NAN,2.1,37230,HTCONSUMER
7037,7037-31992,1S-MH-MU-ZST-RSTN-KALA,1S-MH-MU-ZST-CL05-0826,1,7037,31992
7037,31994-35315,1S-MH-MU-ZST-CL05-0826,1S-MH-MU-ZST-CL06-1015,2,31994,35315
7037,35313-7453,1S-MH-MU-ZST-CL06-1015,1S-MH-MU-ZST-CL06-0184,3,35313,7453
7037,7455-38135,1S-MH-MU-ZST-CL06-0184,1S-MH-MU-ZST-CL07-1125,4,7455,38135
7037,38137-6222,1S-MH-MU-ZST-CL07-1125,1S-MH-MU-ZST-CL07-0104,5,38137,6222
7037,6224-242,1S-MH-MU-ZST-CL07-0104,1S-MH-MU-ZST-CL07-0547,6,6224,242
7037,633-18072,1S-MH-MU-ZST-CL07-0547,1S-MH-MU-ZST-CL07-0041,7,633,18072
7037,36031-35767,1S-MH-MU-ZST-CL06-1015,1S-MH-MU-ZST-CL06-0803,2.1,36031,35767
7037,31157-37293,1S-MH-MU-ZST-CL06-0803,1S-MH-MU-ZST-CL06-1115,2.2,31157,37293
7037,37292-7311,1S-MH-MU-ZST-CL06-1115,1S-MH-MU-ZST-CL06-0166,2.3,37292,7311
7037,9703-25069,1S-MH-MU-ZST-CL06-0166,1S-MH-MU-ZST-CL06-0487,2.4,9703,25069
7037,25070-37337,1S-MH-MU-ZST-CL06-0487,1S-MH-MU-ZST-CL06-1160,2.5,25070,37337
7039,7039-29643,1S-MH-MU-ZST-RSTN-KALA,1S-MH-MU-ZST-CL06-0204,1,7039,29643
7039,29642-16769,1S-MH-MU-ZST-CL06-0204,1S-MH-MU-ZST-CL01-0382,2,29642,16769
7039,16767-6517,1S-MH-MU-ZST-CL01-0382,1S-MH-MU-ZST-CL01-0061,3,16767,6517
7039,6515-40107,1S-MH-MU-ZST-CL01-0061,1S-MH-MU-ZST-CL01-1332,4,6515,40107
7039,40109-9799,1S-MH-MU-ZST-CL01-1332,1S-MH-MU-ZST-CL01-0069,5,40109,9799
7039,9800-43976,1S-MH-MU-ZST-CL01-0069,1S-MH-MU-ZST-CL01-0975,6,9800,43976
7039,43975-5865,1S-MH-MU-ZST-CL01-0975,1S-MH-MU-ZST-CL01-0068,7,43975,5865
7039,5867-19038,1S-MH-MU-ZST-CL01-0068,1S-MH-MU-ZST-CL01-0435,8,5867,19038
7039,9797-2279,1S-MH-MU-ZST-CL01-0069,1S-MH-MU-ZST-CL01-0058,5.1,9797,2279
7039,9226-18484,1S-MH-MU-ZST-CL01-0061,1S-MH-MU-ZST-CL01-0210,3.1,9226,18484
7039,18482-4961,1S-MH-MU-ZST-CL01-0210,1S-MH-MU-ZST-CL01-0449,3.2,18482,4961
7039,6516-HTCONSUMER,1S-MH-MU-ZST-CL01-0061,NAN,3.2,6516,HTCONSUMER
11827,11827-CAP BANK,1S-MH-MU-ZST-RSTN-KALA,1S-MH-MU-ZST-RSTN-KALA,1,11827,CAP BANK
11828,11828-30025,1S-MH-MU-ZST-RSTN-KALA,1S-MH-MU-ZST-CL05-0778,1,11828,30025
11828,30024-29118,1S-MH-MU-ZST-CL05-0778,1S-MH-MU-ZST-CL05-0736,2,30024,29118
11828,30026-HTCONSUMER,1S-MH-MU-ZST-CL05-0778,NAN,1.1,30026,HTCONSUMER
13439,13439-26117,1S-MH-MU-ZST-RSTN-KALA,1S-MH-MU-ZST-CL05-0343,1,13439,26117
13439,26120-34222,1S-MH-MU-ZST-CL05-0343,1S-MH-MU-ZST-CL05-0901,2,26120,34222
13439,34224-15311,1S-MH-MU-ZST-CL05-0901,1S-MH-MU-ZST-CL05-0366,3,34224,15311
13439,15313-43681,1S-MH-MU-ZST-CL05-0366,1S-MH-MU-ZST-CL05-0205,4,15313,43681
13439,43686-9926,1S-MH-MU-ZST-CL05-0205,1S-MH-MU-ZST-CL05-0217,5,43686,9926
13439,15312-HTCONSUMER,1S-MH-MU-ZST-CL05-0366,NAN,3.1,15312,HTCONSUMER
13440,13440-42721,1S-MH-MU-ZST-RSTN-KALA,1S-MH-MU-ZST-CL05-0201,1,13440,42721
13440,42723-HTCONSUMER,1S-MH-MU-ZST-CL05-0201,NAN,2,42723,HTCONSUMER
13441,13441-CAP BANK,1S-MH-MU-ZST-RSTN-KALA,1S-MH-MU-ZST-RSTN-KALA,1,13441,CAP BANK
30960,30960-30101,1S-MH-MU-ZST-RSTN-KALA,1S-MH-MU-ZST-CL05-0720,1,30960,30101
30960,30100-30111,1S-MH-MU-ZST-CL05-0720,1S-MH-MU-ZST-CL05-0780,2,30100,30111
30960,30109-30106,1S-MH-MU-ZST-CL05-0780,1S-MH-MU-ZST-CL05-0779,3,30109,30106
30960,30110-HTCONSUMER,1S-MH-MU-ZST-CL05-0780,NAN,2.1,30110,HTCONSUMER
30961,30961-36459,1S-MH-MU-ZST-RSTN-KALA,1S-MH-MU-ZST-CL05-1141,1,30961,36459
30961,36457-42719,1S-MH-MU-ZST-CL05-1141,1S-MH-MU-ZST-CL05-0201,2,36457,42719
30961,36458-HTCONSUMER,1S-MH-MU-ZST-CL05-1141,NAN,1.1,36458,HTCONSUMER
30962,30962-6293,1S-MH-MU-ZST-RSTN-KALA,1S-MH-MU-ZST-CL06-0314,1,30962,6293
30962,6294-35225,1S-MH-MU-ZST-CL06-0314,1S-MH-MU-ZST-CL06-0094,2,6294,35225
30962,18601-9775,1S-MH-MU-ZST-CL06-0094,1S-MH-MU-ZST-CL06-0581,3,18601,9775
30962,9777-14984,1S-MH-MU-ZST-CL06-0581,1S-MH-MU-ZST-CL06-0078,4,9777,14984
30962,14986-29754,1S-MH-MU-ZST-CL06-0078,1S-MH-MU-ZST-CL06-0647,5,14986,29754
30962,37809-29645,1S-MH-MU-ZST-CL06-0647,1S-MH-MU-ZST-CL06-0204,6,37809,29645
30962,6291-32248,1S-MH-MU-ZST-CL06-0314,1S-MH-MU-ZST-CL06-0835,1.1,6291,32248
30962,32246-10393,1S-MH-MU-ZST-CL06-0835,1S-MH-MU-ZST-CL06-0305,1.2,32246,10393
30962,10391-35541,1S-MH-MU-ZST-CL06-0305,1S-MH-MU-ZST-CL06-1008,1.3,10391,35541
30964,30964-10252,1S-MH-MU-ZST-RSTN-KALA,1S-MH-MU-ZST-CL05-0095,1,30964,10252
30964,10254-19506,1S-MH-MU-ZST-CL05-0095,1S-MH-MU-ZST-CL05-0611,2,10254,19506
30964,19508-9835,1S-MH-MU-ZST-CL05-0611,1S-MH-MU-ZST-CL05-0208,3,19508,9835
30964,9833-9906,1S-MH-MU-ZST-CL05-0208,1S-MH-MU-ZST-CL05-0441,4,9833,9906
30964,10253-HTCONSUMER,1S-MH-MU-ZST-CL05-0095,NAN,1.1,10253,HTCONSUMER
30965,30965-11127,1S-MH-MU-ZST-RSTN-KALA,1S-MH-MU-ZST-CL05-0530,1,30965,11127
30965,11129-25822,1S-MH-MU-ZST-CL05-0530,1S-MH-MU-ZST-CL05-0662,2,11129,25822
30965,25824-9928,1S-MH-MU-ZST-CL05-0662,1S-MH-MU-ZST-CL05-0217,3,25824,9928
30965,41696-12679,1S-MH-MU-ZST-CL05-0217,1S-MH-MU-ZST-CL05-0179,4,41696,12679
30966,30966-STN XMER,1S-MH-MU-ZST-RSTN-KALA,1S-MH-MU-ZST-RSTN-KALA,1,30966,STN XMER
30967,30967-CAP BANK,1S-MH-MU-ZST-RSTN-KALA,1S-MH-MU-ZST-RSTN-KALA,1,30967,CAP BANK
35366,35366-16805,1S-MH-MU-ZST-RSTN-KALI,1S-MH-MU-ZST-CL07-0273,1,35366,16805
35366,16807-42058,1S-MH-MU-ZST-CL07-0273,1S-MH-MU-ZST-CL07-0024,2,16807,42058
35366,5697-26002,1S-MH-MU-ZST-CL07-0024,1S-MH-MU-ZST-CL07-0635,3,5697,26002
35366,5696-HTCONSUMER,1S-MH-MU-ZST-CL07-0024,NAN,2.1,5696,HTCONSUMER
35367,35367-32613,1S-MH-MU-ZST-RSTN-KALI,1S-MH-MU-ZST-CL07-0841,1,35367,32613
35367,32611-12760,1S-MH-MU-ZST-CL07-0841,1S-MH-MU-ZST-CL07-0280,2,32611,12760
35367,12835-40071,1S-MH-MU-ZST-CL07-0280,1S-MH-MU-ZST-CL07-1328,3,12835,40071
35367,40070-41177,1S-MH-MU-ZST-CL07-1328,1S-MH-MU-ZST-CL07-1039,4,40070,41177
35367,41176-12759,1S-MH-MU-ZST-CL07-1039,1S-MH-MU-ZST-CL07-0279,5,41176,12759
35367,12757-26103,1S-MH-MU-ZST-CL07-0279,1S-MH-MU-ZST-CL07-0272,6,12757,26103
35367,26103-38051,1S-MH-MU-ZST-CL07-0272,1S-MH-MU-ZST-CL07-1245,7,26103,38051
35367,38049-18143,1S-MH-MU-ZST-CL07-1245,1S-MH-MU-ZST-CL07-0558,8,38049,18143
35367,18144-13993,1S-MH-MU-ZST-CL07-0558,1S-MH-MU-ZST-CL07-0356,9,18144,13993
35367,41780-41031,1S-MH-MU-ZST-CL07-0356,1S-MH-MU-ZST-CL07-0144,10,41780,41031
35367,41033-31174,1S-MH-MU-ZST-CL07-0144,1S-MH-MU-ZST-CL07-0804,11,41033,31174
35367,31176-9406,1S-MH-MU-ZST-CL07-0804,1S-MH-MU-ZST-CL06-0185,12,31176,9406
35367,41032-17635,1S-MH-MU-ZST-CL07-0144,1S-MH-MU-ZST-CL07-0543,10.1,41032,17635
35367,13995-36630,1S-MH-MU-ZST-CL07-0356,1S-MH-MU-ZST-CL07-1112,9.1,13995,36630
35367,36628-30438,1S-MH-MU-ZST-CL07-1112,1S-MH-MU-ZST-CL07-0783,9.2,36628,30438
35367,12756-0,1S-MH-MU-ZST-CL07-0279,1S-MH-MU-ZST-CL07-1375,5.1,12756,0
35367,0-18413,1S-MH-MU-ZST-CL07-1375,1S-MH-MU-ZST-CL07-0281,5.2,0,18413
35367,18411-42738,1S-MH-MU-ZST-CL07-0281,1S-MH-MU-ZST-CL07-0355,5.3,18411,42738
35367,42737-9893,1S-MH-MU-ZST-CL07-0355,1S-MH-MU-ZST-CL07-0542,5.4,42737,9893
35367,9895-25512,1S-MH-MU-ZST-CL07-0542,1S-MH-MU-ZST-CL07-0607,5.5,9895,25512
35367,42739-40232,1S-MH-MU-ZST-CL07-0355,1S-MH-MU-ZST-CL07-0274,5.3.1,42739,40232
35369,35369-41611,1S-MH-MU-ZST-RSTN-KALI,1S-MH-MU-ZST-CL07-1212,1,35369,41611
35369,41612-2513,1S-MH-MU-ZST-CL07-1212,1S-MH-MU-ZST-CL07-0272,2,41612,2513
35369,2513-4679,1S-MH-MU-ZST-CL07-0272,1S-MH-MU-ZST-CL07-0358,3,2513,4679
35369,4677-32016,1S-MH-MU-ZST-CL07-0358,1S-MH-MU-ZST-CL07-0827,4,4677,32016
35369,32015-30118,1S-MH-MU-ZST-CL07-0827,1S-MH-MU-ZST-CL07-0766,5,32015,30118
35369,30116-41038,1S-MH-MU-ZST-CL07-0766,1S-MH-MU-ZST-CL07-1273,6,30116,41038
35369,41039-7966,1S-MH-MU-ZST-CL07-1273,1S-MH-MU-ZST-CL07-0146,7,41039,7966
35369,7964-9315,1S-MH-MU-ZST-CL07-0146,1S-MH-MU-ZST-CL07-0028,8,7964,9315
35369,9313-37921,1S-MH-MU-ZST-CL07-0028,1S-MH-MU-ZST-CL07-1157,9,9313,37921
35369,37923-11616,1S-MH-MU-ZST-CL07-1157,1S-MH-MU-ZST-CL07-0535,10,37923,11616
35369,11614-41913,1S-MH-MU-ZST-CL07-0535,1S-MH-MU-ZST-CL07-1291,11,11614,41913
35369,41914-4504,1S-MH-MU-ZST-CL07-1291,1S-MH-MU-ZST-CL07-0040,12,41914,4504
35369,41599-18889,1S-MH-MU-ZST-CL07-0146,1S-MH-MU-ZST-CL07-0583,7.1,41599,18889
35369,26102-HTCONSUMER,1S-MH-MU-ZST-CL07-0272,NAN,2.1,26102,HTCONSUMER
35370,35370-35190,1S-MH-MU-ZST-RSTN-KALI,1S-MH-MU-ZST-CL07-0930,1,35370,35190
35370,35188-27088,1S-MH-MU-ZST-CL07-0930,1S-MH-MU-ZST-CL07-0202,2,35188,27088
35370,27088-26093,1S-MH-MU-ZST-CL07-0202,1S-MH-MU-ZST-CL07-0022,3,27088,26093
35370,26094-504,1S-MH-MU-ZST-CL07-0022,1S-MH-MU-ZST-CL07-0024,4,26094,504
35370,4226-HTCONSUMER,1S-MH-MU-ZST-CL07-0024,NAN,5,4226,HTCONSUMER
35371,35371-CAP BANK,1S-MH-MU-ZST-RSTN-KALI,1S-MH-MU-ZST-RSTN-KALI,1,35371,CAP BANK
35372,35372-41831,1S-MH-MU-ZST-RSTN-KALI,1S-MH-MU-ZST-CL07-1195,1,35372,41831
35372,41832-27025,1S-MH-MU-ZST-CL07-1195,1S-MH-MU-ZST-CL07-0045,2,41832,27025
35372,27027-18130,1S-MH-MU-ZST-CL07-0045,1S-MH-MU-ZST-CL07-0097,3,27027,18130
35372,14734-41558,1S-MH-MU-ZST-CL07-0097,1S-MH-MU-ZST-CL07-1314,4,14734,41558
35372,41557-43527,1S-MH-MU-ZST-CL07-1314,1S-MH-MU-ZST-CL07-1396,5,41557,43527
35372,43526-28989,1S-MH-MU-ZST-CL07-1396,1S-MH-MU-ZST-CL07-0727,6,43526,28989
35372,28988-9884,1S-MH-MU-ZST-CL07-0727,1S-MH-MU-ZST-CL07-0096,7,28988,9884
35372,9886-39926,1S-MH-MU-ZST-CL07-0096,1S-MH-MU-ZST-CL07-1234,8,9886,39926
35372,39925-41234,1S-MH-MU-ZST-CL07-1234,1S-MH-MU-ZST-CL07-1352,9,39925,41234
35372,41233-16903,1S-MH-MU-ZST-CL07-1352,1S-MH-MU-ZST-CL07-0025,10,41233,16903
35372,16901-34011,1S-MH-MU-ZST-CL07-0025,1S-MH-MU-ZST-CL07-0874,11,16901,34011
35372,27024-18220,1S-MH-MU-ZST-CL07-0045,1S-MH-MU-ZET-CL02-8771,2.1,27024,18220
35372,18222-11015,1S-MH-MU-ZET-CL02-8771,1S-MH-MU-ZET-CL02-8430,2.2,18222,11015
35372,11017-10644,1S-MH-MU-ZET-CL02-8430,1S-MH-MU-ZET-CL02-8431,2.3,11017,10644
35372,10646-31791,1S-MH-MU-ZET-CL02-8431,1S-MH-MU-ZST-CL07-0823,2.4,10646,31791
35372,11017-35693,1S-MH-MU-ZET-CL02-8430,1S-MH-MU-ZET-CL02-9499,2.2.1,11017,35693
35374,35374-19137,1S-MH-MU-ZST-RSTN-KALI,1S-MH-MU-ZST-CL07-0173,1,35374,19137
35375,35375-16590,1S-MH-MU-ZST-RSTN-KALI,1S-MH-MU-ZST-CL07-0492,1,35375,16590
35375,16592-14557,1S-MH-MU-ZST-CL07-0492,1S-MH-MU-ZST-CL07-0220,2,16592,14557
35375,14556-27090,1S-MH-MU-ZST-CL07-0220,1S-MH-MU-ZST-CL07-0202,3,14556,27090
35375,27091-26095,1S-MH-MU-ZST-CL07-0202,1S-MH-MU-ZST-CL07-0203,4,27091,26095
35375,26097-28117,1S-MH-MU-ZST-CL07-0203,1S-MH-MU-ZST-CL07-0482,5,26097,28117
35375,28115-37584,1S-MH-MU-ZST-CL07-0482,1S-MH-MU-ZST-CL07-1203,6,28115,37584
35375,37582-10362,1S-MH-MU-ZST-CL07-1203,1S-MH-MU-ZST-CL07-0481,7,37582,10362
35375,27052-26090,1S-MH-MU-ZST-CL07-0203,1S-MH-MU-ZST-CL07-0022,4.1,27052,26090
35375,27092-12188,1S-MH-MU-ZST-CL07-0202,1S-MH-MU-ZST-CL07-0023,3.1,27092,12188
35375,12190-4225,1S-MH-MU-ZST-CL07-0023,1S-MH-MU-ZST-CL07-0024,3.2,12190,4225
35377,35377-10463,1S-MH-MU-ZST-RSTN-KALI,1S-MH-MU-ZST-CL07-0329,1,35377,10463
35377,10461-10361,1S-MH-MU-ZST-CL07-0329,1S-MH-MU-ZST-CL07-0481,2,10461,10361
35378,35378-19300,1S-MH-MU-ZST-RSTN-KALI,1S-MH-MU-ZST-CL07-0284,1,35378,19300
35378,19298-12686,1S-MH-MU-ZST-CL07-0284,1S-MH-MU-ZST-CL07-0330,2,19298,12686
35378,12688-12912,1S-MH-MU-ZST-CL07-0330,1S-MH-MU-ZST-CL07-0379,3,12688,12912
35378,12910-18530,1S-MH-MU-ZST-CL07-0379,1S-MH-MU-ZST-CL07-0494,4,12910,18530
35378,18528-28564,1S-MH-MU-ZST-CL07-0494,1S-MH-MU-ZST-CL07-0713,5,18528,28564
35378,28566-18085,1S-MH-MU-ZST-CL07-0713,1S-MH-MU-ZST-CL07-0275,6,28566,18085
35378,18085-6737,1S-MH-MU-ZST-CL07-0275,1S-MH-MU-ZST-CL07-0278,7,18085,6737
35378,6739-38549,1S-MH-MU-ZST-CL07-0278,1S-MH-MU-ZST-CL07-1252,8,6739,38549
35378,18087-42034,1S-MH-MU-ZST-CL07-0275,1S-MH-MU-ZST-CL07-0025,6.1,18087,42034
35378,18089-16696,1S-MH-MU-ZST-CL07-0275,1S-MH-MU-ZST-CL07-0120,6.2,18089,16696
35378,28565-18085,1S-MH-MU-ZST-CL07-0713,1S-MH-MU-ZST-CL07-0275,5.1,28565,18085
35378,18085-6737,1S-MH-MU-ZST-CL07-0275,1S-MH-MU-ZST-CL07-0278,5.2,18085,6737
35378,6739-38549,1S-MH-MU-ZST-CL07-0278,1S-MH-MU-ZST-CL07-1252,5.3,6739,38549
35378,18087-42034,1S-MH-MU-ZST-CL07-0275,1S-MH-MU-ZST-CL07-0025,5.1.1,18087,42034
35378,18089-16696,1S-MH-MU-ZST-CL07-0275,1S-MH-MU-ZST-CL07-0120,5.1.2,18089,16696
35379,35379-CAP BANK,1S-MH-MU-ZST-RSTN-KALI,1S-MH-MU-ZST-RSTN-KALI,1,35379,CAP BANK
34164,34164-STN XMER,1S-MH-MU-ZET-RSTN-KALP,1S-MH-MU-ZET-RSTN-KALP,1,34164,STN XMER
3803,3803-36326,1S-MH-MU-ZNT-RSTN-KANA,1S-MH-MU-ZNT-CL01-7472,1,3803,36326
3803,36325-40807,1S-MH-MU-ZNT-CL01-7472,1S-MH-MU-ZNT-CL01-7960,2,36325,40807
3803,40808-16092,1S-MH-MU-ZNT-CL01-7960,1S-MH-MU-ZNT-CL01-6160,3,40808,16092
3803,16090-19338,1S-MH-MU-ZNT-CL01-6160,1S-MH-MU-ZNT-CL01-6859,4,16090,19338
3803,19337-26904,1S-MH-MU-ZNT-CL01-6859,1S-MH-MU-ZNT-CL01-6952,5,19337,26904
3803,26902-7393,1S-MH-MU-ZNT-CL01-6952,1S-MH-MU-ZNT-CL01-6140,6,26902,7393
3803,7391-15894,1S-MH-MU-ZNT-CL01-6140,1S-MH-MU-ZNT-CL01-6580,7,7391,15894
3803,15892-37129,1S-MH-MU-ZNT-CL01-6580,1S-MH-MU-ZNT-CL01-7699,8,15892,37129
3803,36324-14437,1S-MH-MU-ZNT-CL01-7472,1S-MH-MU-ZNT-CL01-6034,1.1,36324,14437
3803,14436-19613,1S-MH-MU-ZNT-CL01-6034,1S-MH-MU-ZNT-CL01-6878,1.2,14436,19613
3803,19612-41758,1S-MH-MU-ZNT-CL01-6878,1S-MH-MU-ZNT-CL01-7939,1.3,19612,41758
3805,3805-41375,1S-MH-MU-ZNT-RSTN-KANA,1S-MH-MU-ZNT-CL01-7795,1,3805,41375
3805,41374-36515,1S-MH-MU-ZNT-CL01-7795,1S-MH-MU-ZNT-CL01-6753,2,41374,36515
3805,6111-38963,1S-MH-MU-ZNT-CL01-6753,1S-MH-MU-ZNT-CL01-7682,3,6111,38963
3805,38964-2354,1S-MH-MU-ZNT-CL01-7682,1S-MH-MU-ZNT-CL01-6148,4,38964,2354
3805,2356-37032,1S-MH-MU-ZNT-CL01-6148,1S-MH-MU-ZNT-CL01-7660,5,2356,37032
3805,37031-12446,1S-MH-MU-ZNT-CL01-7660,1S-MH-MU-ZNT-CL01-6569,6,37031,12446
3805,12444-1321,1S-MH-MU-ZNT-CL01-6569,1S-MH-MU-ZNT-RSTN-BORI,7,12444,1321
3805,6110-16804,1S-MH-MU-ZNT-CL01-6753,1S-MH-MU-ZNT-CL01-6627,2.1,6110,16804
3805,16802-37309,1S-MH-MU-ZNT-CL01-6627,1S-MH-MU-ZNT-CL01-7727,2.2,16802,37309
3805,37308-7276,1S-MH-MU-ZNT-CL01-7727,1S-MH-MU-ZNT-CL01-6231,2.3,37308,7276
3805,0-0,1S-MH-MU-ZNT-CL01-6627,1S-MH-MU-ZNT-CL01-7727,2.1.1,0,0
3805,37308-7276,1S-MH-MU-ZNT-CL01-7727,1S-MH-MU-ZNT-CL01-6231,2.1.2,37308,7276
3807,41082-3807,1S-MH-MU-ZNT-RSTN-KANA,1S-MH-MU-ZNT-RSTN-KANA,1,41082,3807
3808,3808-STN XMER,1S-MH-MU-ZNT-RSTN-KANA,1S-MH-MU-ZNT-RSTN-KANA,1,3808,STN XMER
3809,3809-CAP BANK,1S-MH-MU-ZNT-RSTN-KANA,1S-MH-MU-ZNT-RSTN-KANA,1,3809,CAP BANK
3810,3810-3801,1S-MH-MU-ZNT-RSTN-KANA,1S-MH-MU-ZNT-RSTN-KANA,1,3810,3801
3812,3812-30132,1S-MH-MU-ZNT-RSTN-KANA,1S-MH-MU-ZNT-CL01-7061,1,3812,30132
3812,30131-37982,1S-MH-MU-ZNT-CL01-7061,1S-MH-MU-ZNT-CL01-6186,2,30131,37982
3812,37984-17248,1S-MH-MU-ZNT-CL01-6186,1S-MH-MU-ZNT-CL01-6041,3,37984,17248
3812,17249-31912,1S-MH-MU-ZNT-CL01-6041,1S-MH-MU-ZNT-CL01-7157,4,17249,31912
3812,31914-25219,1S-MH-MU-ZNT-CL01-7157,1S-MH-MU-ZNT-CL01-7141,5,31914,25219
3812,17876-14938,1S-MH-MU-ZNT-CL01-7141,1S-MH-MU-ZCT-CL10-4256,6,17876,14938
3812,15884-36291,1S-MH-MU-ZCT-CL10-4256,1S-MH-MU-ZNT-CL01-7390,7,15884,36291
3812,36289-28688,1S-MH-MU-ZNT-CL01-7390,1S-MH-MU-ZCT-CL10-5024,8,36289,28688
3812,17250-HTCONSUMER,1S-MH-MU-ZNT-CL01-6041,NAN,3.1,17250,HTCONSUMER
3812,30130-36181,1S-MH-MU-ZNT-CL01-7061,1S-MH-MU-ZNT-CL01-7279,1.1,30130,36181
3812,36182-38943,1S-MH-MU-ZNT-CL01-7279,1S-MH-MU-ZNT-CL01-7621,1.2,36182,38943
3816,3816-38399,1S-MH-MU-ZNT-RSTN-KANA,1S-MH-MU-ZNT-CL01-7838,1,3816,38399
3816,38400-43453,1S-MH-MU-ZNT-CL01-7838,1S-MH-MU-ZNT-CL01-8193,2,38400,43453
3816,43458-38037,1S-MH-MU-ZNT-CL01-8193,1S-MH-MU-ZNT-CL01-7784,3,43458,38037
3816,38038-17498,1S-MH-MU-ZNT-CL01-7784,1S-MH-MU-ZNT-CL01-6139,4,38038,17498
3816,17499-37755,1S-MH-MU-ZNT-CL01-6139,1S-MH-MU-ZNT-CL01-6138,5,17499,37755
3816,37757-40769,1S-MH-MU-ZNT-CL01-6138,1S-MH-MU-ZNT-CL01-6351,6,37757,40769
3816,40770-5499,1S-MH-MU-ZNT-CL01-6351,1S-MH-MU-ZNT-CL01-6276,7,40770,5499
3816,5501-19849,1S-MH-MU-ZNT-CL01-6276,1S-MH-MU-ZNT-CL01-6073,8,5501,19849
3816,19851-16886,1S-MH-MU-ZNT-CL01-6073,1S-MH-MU-ZNT-CL01-6570,9,19851,16886
3816,16884-9595,1S-MH-MU-ZNT-CL01-6570,1S-MH-MU-ZNT-CL01-6801,10,16884,9595
3816,40771-HTCONSUMER,1S-MH-MU-ZNT-CL01-6351,NAN,6.1,40771,HTCONSUMER
3816,37756-35228,1S-MH-MU-ZNT-CL01-6138,1S-MH-MU-ZNT-CL01-7452,5.1,37756,35228
3816,17500-43212,1S-MH-MU-ZNT-CL01-6139,1S-MH-MU-ZNT-CL01-7785,4.1,17500,43212
3816,43211-36575,1S-MH-MU-ZNT-CL01-7785,1S-MH-MU-ZNT-CL01-6141,4.2,43211,36575
3816,38400-38037,1S-MH-MU-ZNT-CL01-7838,1S-MH-MU-ZNT-CL01-7784,1.1,38400,38037
3816,38038-17498,1S-MH-MU-ZNT-CL01-7784,1S-MH-MU-ZNT-CL01-6139,1.2,38038,17498
3816,17499-37755,1S-MH-MU-ZNT-CL01-6139,1S-MH-MU-ZNT-CL01-6138,1.3,17499,37755
3816,37757-40769,1S-MH-MU-ZNT-CL01-6138,1S-MH-MU-ZNT-CL01-6351,1.4,37757,40769
3816,40770-5499,1S-MH-MU-ZNT-CL01-6351,1S-MH-MU-ZNT-CL01-6276,1.5,40770,5499
3816,5501-19849,1S-MH-MU-ZNT-CL01-6276,1S-MH-MU-ZNT-CL01-6073,1.6,5501,19849
3816,19851-16886,1S-MH-MU-ZNT-CL01-6073,1S-MH-MU-ZNT-CL01-6570,1.7,19851,16886
3816,16884-9595,1S-MH-MU-ZNT-CL01-6570,1S-MH-MU-ZNT-CL01-6801,1.8,16884,9595
3816,40771-HTCONSUMER,1S-MH-MU-ZNT-CL01-6351,NAN,1.4.1,40771,HTCONSUMER
3816,37756-35228,1S-MH-MU-ZNT-CL01-6138,1S-MH-MU-ZNT-CL01-7452,1.3.1,37756,35228
3816,17500-43212,1S-MH-MU-ZNT-CL01-6139,1S-MH-MU-ZNT-CL01-7785,1.2.1,17500,43212
3816,43211-36575,1S-MH-MU-ZNT-CL01-7785,1S-MH-MU-ZNT-CL01-6141,1.2.2,43211,36575
3818,3818-CAP BANK,1S-MH-MU-ZNT-RSTN-KANA,1S-MH-MU-ZNT-RSTN-KANA,1,3818,CAP BANK
41079,41079-19005,1S-MH-MU-ZNT-RSTN-KANA,1S-MH-MU-ZNT-CL01-6832,1,41079,19005
41079,19005-26262,1S-MH-MU-ZNT-CL01-6832,1S-MH-MU-ZCT-CL10-4959,2,19005,26262
41079,26261-26263,1S-MH-MU-ZCT-CL10-4959,1S-MH-MU-ZCT-CL10-4960,3,26261,26263
41079,26265-12365,1S-MH-MU-ZCT-CL10-4960,1S-MH-MU-ZCT-CL10-4071,4,26265,12365
41079,12366-13007,1S-MH-MU-ZCT-CL10-4071,1S-MH-MU-ZCT-CL10-4811,5,12366,13007
41079,13008-16422,1S-MH-MU-ZCT-CL10-4811,1S-MH-MU-ZCT-CL10-4070,6,13008,16422
41079,16421-15428,1S-MH-MU-ZCT-CL10-4070,1S-MH-MU-ZCT-CL10-4698,7,16421,15428
41079,15426-17874,1S-MH-MU-ZCT-CL10-4698,1S-MH-MU-ZNT-CL01-7141,8,15426,17874
41079,19003-34629,1S-MH-MU-ZNT-CL01-6832,1S-MH-MU-ZNT-CL01-7165,1.1,19003,34629
41079,34631-38944,1S-MH-MU-ZNT-CL01-7165,1S-MH-MU-ZNT-CL01-7621,1.2,34631,38944
41079,19003-32975,1S-MH-MU-ZNT-CL01-6832,1S-MH-MU-ZNT-CL01-7263,1.2,19003,32975
41079,32976-17587,1S-MH-MU-ZNT-CL01-7263,1S-MH-MU-ZNT-CL01-6433,1.3,32976,17587
16773,16773-18322,1S-MH-MU-ZCT-RSTN-KAND,1S-MH-MU-ZCT-CL04-4699,1,16773,18322
16773,18320-37152,1S-MH-MU-ZCT-CL04-4699,1S-MH-MU-ZCT-CL04-5467,2,18320,37152
16773,37151-28732,1S-MH-MU-ZCT-CL04-5467,1S-MH-MU-ZCT-CL04-5030,3,37151,28732
16773,28730-38452,1S-MH-MU-ZCT-CL04-5030,1S-MH-MU-ZCT-CL04-5287,4,28730,38452
16773,38454-41315,1S-MH-MU-ZCT-CL04-5287,1S-MH-MU-ZCT-CL04-5709,5,38454,41315
16773,43268-43266,1S-MH-MU-ZCT-CL04-5287,1S-MH-MU-ZCT-CL04-4759,4.1,43268,43266
16775,16775-STN XMER,1S-MH-MU-ZCT-RSTN-KAND,1S-MH-MU-ZCT-RSTN-KAND,1,16775,STN XMER
16777,16777-34816,1S-MH-MU-ZCT-RSTN-KAND,1S-MH-MU-ZCT-CL04-5229,1,16777,34816
16777,34818-19081,1S-MH-MU-ZCT-CL04-5229,1S-MH-MU-ZCT-CL04-4858,2,34818,19081
16777,19079-39457,1S-MH-MU-ZCT-CL04-4858,1S-MH-MU-ZCT-CL04-5474,3,19079,39457
16777,39456-37623,1S-MH-MU-ZCT-CL04-5474,1S-MH-MU-ZCT-CL04-5309,4,39456,37623
16777,37625-38083,1S-MH-MU-ZCT-CL04-5309,1S-MH-MU-ZCT-CL04-5154,5,37625,38083
16777,32089-2458,1S-MH-MU-ZCT-CL04-5154,1S-MH-MU-ZCT-CL04-4731,6,32089,2458
16777,2460-6813,1S-MH-MU-ZCT-CL04-4731,1S-MH-MU-ZCT-CL04-4154,7,2460,6813
16777,6812-37561,1S-MH-MU-ZCT-CL04-4154,1S-MH-MU-ZCT-CL04-5325,8,6812,37561
16777,37563-35104,1S-MH-MU-ZCT-CL04-5325,1S-MH-MU-ZCT-CL04-5254,9,37563,35104
16777,35102-41321,1S-MH-MU-ZCT-CL04-5254,1S-MH-MU-ZCT-CL04-5668,10,35102,41321
16777,41322-37358,1S-MH-MU-ZCT-CL04-5668,1S-MH-MU-ZCT-CL04-5311,11,41322,37358
16777,37356-42690,1S-MH-MU-ZCT-CL04-5311,1S-MH-MU-ZCT-CL04-5741,12,37356,42690
16777,11336-41192,1S-MH-MU-ZCT-CL04-4154,1S-MH-MU-ZCT-CL04-5672,7.1,11336,41192
16777,32090-16362,1S-MH-MU-ZCT-CL04-5154,1S-MH-MU-ZCT-CL04-4486,5.1,32090,16362
16778,16778-19345,1S-MH-MU-ZCT-RSTN-KAND,1S-MH-MU-ZCT-CL04-4861,1,16778,19345
16778,19346-15965,1S-MH-MU-ZCT-CL04-4861,1S-MH-MU-ZCT-CL04-4371,2,19346,15965
16778,15967-31199,1S-MH-MU-ZCT-CL04-4371,1S-MH-MU-ZCT-CL04-5127,3,15967,31199
16778,31197-18349,1S-MH-MU-ZCT-CL04-5127,1S-MH-MU-ZCT-CL04-4685,4,31197,18349
16778,18347-42457,1S-MH-MU-ZCT-CL04-4685,1S-MH-MU-ZCT-CL04-5342,5,18347,42457
16778,42456-6774,1S-MH-MU-ZCT-CL04-5342,1S-MH-MU-ZCT-CL04-4684,6,42456,6774
16778,6772-7109,1S-MH-MU-ZCT-CL04-4684,1S-MH-MU-ZCT-CL04-4686,7,6772,7109
16778,6774-7109,1S-MH-MU-ZCT-CL04-4684,1S-MH-MU-ZCT-CL04-4686,6.1,6774,7109
16779,16779-CAP BANK,1S-MH-MU-ZCT-RSTN-KAND,1S-MH-MU-ZCT-RSTN-KAND,1,16779,CAP BANK
16781,16781-13895,1S-MH-MU-ZCT-RSTN-KAND,1S-MH-MU-ZCT-CL10-4049,1,16781,13895
16781,16781-11527,1S-MH-MU-ZCT-RSTN-KAND,1S-MH-MU-ZCT-CL04-4424,2,16781,11527
16781,11526-36481,1S-MH-MU-ZCT-CL04-4424,1S-MH-MU-ZCT-CL04-5418,3,11526,36481
16781,36480-10628,1S-MH-MU-ZCT-CL04-5418,1S-MH-MU-ZCT-CL04-4700,4,36480,10628
16781,10629-34037,1S-MH-MU-ZCT-CL04-4700,1S-MH-MU-ZCT-CL04-5189,5,10629,34037
16781,34035-2144,1S-MH-MU-ZCT-CL04-5189,1S-MH-MU-ZCT-CL04-4370,6,34035,2144
16781,2142-41191,1S-MH-MU-ZCT-CL04-4370,1S-MH-MU-ZCT-CL04-5672,7,2142,41191
16781,41193-11336,1S-MH-MU-ZCT-CL04-5672,1S-MH-MU-ZCT-CL04-4154,8,41193,11336
16781,10630-43936,1S-MH-MU-ZCT-CL04-4700,1S-MH-MU-ZCT-CL04-4441,4.1,10630,43936
16782,16782-11650,1S-MH-MU-ZCT-RSTN-KAND,1S-MH-MU-ZCT-CL04-4365,1,16782,11650
16782,11648-525,1S-MH-MU-ZCT-CL04-4365,1S-MH-MU-ZCT-CL04-4570,2,11648,525
16782,16782-10909,1S-MH-MU-ZCT-RSTN-KAND,1S-MH-MU-ZCT-CL04-4485,2,16782,10909
16782,13966-13625,1S-MH-MU-ZCT-CL04-4485,1S-MH-MU-ZCT-CL04-4324,3,13966,13625
16782,13624-29457,1S-MH-MU-ZCT-CL04-4324,1S-MH-MU-ZCT-CL04-5065,4,13624,29457
16782,29459-18196,1S-MH-MU-ZCT-CL04-5065,1S-MH-MU-ZCT-CL04-4498,5,29459,18196
16782,18198-38164,1S-MH-MU-ZCT-CL04-4498,1S-MH-MU-ZCT-CL04-5477,6,18198,38164
16782,38163-40784,1S-MH-MU-ZCT-CL04-5477,1S-MH-MU-ZCT-CL04-5525,7,38163,40784
16782,40783-31646,1S-MH-MU-ZCT-CL04-5525,1S-MH-MU-ZCT-CL04-4322,8,40783,31646
16782,13965-40686,1S-MH-MU-ZCT-CL04-4485,1S-MH-MU-ZCT-CL04-5466,2.1,13965,40686
16782,40687-34015,1S-MH-MU-ZCT-CL04-5466,1S-MH-MU-ZCT-CL04-5154,2.2,40687,34015
16784,16784-38432,1S-MH-MU-ZCT-RSTN-KAND,1S-MH-MU-ZCT-CL04-5523,1,16784,38432
16784,38431-7072,1S-MH-MU-ZCT-CL04-5523,1S-MH-MU-ZCT-CL04-4570,2,38431,7072
16784,524-18047,1S-MH-MU-ZCT-CL04-4570,1S-MH-MU-ZCT-CL04-4720,3,524,18047
16784,18045-15956,1S-MH-MU-ZCT-CL04-4720,1S-MH-MU-ZCT-CL04-4382,4,18045,15956
16784,15955-30018,1S-MH-MU-ZCT-CL04-4382,1S-MH-MU-ZCT-CL04-5085,5,15955,30018
16784,30019-11992,1S-MH-MU-ZCT-CL04-5085,1S-MH-MU-ZCT-CL04-4366,6,30019,11992
16784,14238-37081,1S-MH-MU-ZCT-CL04-4366,1S-MH-MU-ZCT-CL04-5469,7,14238,37081
16784,37079-16621,1S-MH-MU-ZCT-CL04-5469,1S-MH-MU-ZCT-CL04-4338,8,37079,16621
16784,16623-41316,1S-MH-MU-ZCT-CL04-4338,1S-MH-MU-ZCT-CL04-5709,9,16623,41316
16784,11993-40337,1S-MH-MU-ZCT-CL04-4366,1S-MH-MU-ZCT-CL04-5551,6.1,11993,40337
16785,16785-CAP BANK,1S-MH-MU-ZCT-RSTN-KAND,1S-MH-MU-ZCT-RSTN-KAND,1,16785,CAP BANK
16786,16786-STN XMER,1S-MH-MU-ZCT-RSTN-KAND,1S-MH-MU-ZCT-RSTN-KAND,1,16786,STN XMER
39600,39600-CAP BANK,1S-MH-MU-ZST-RSTN-KHAR,1S-MH-MU-ZST-RSTN-KHAR,1,39600,CAP BANK
39602,39602-38647,1S-MH-MU-ZST-RSTN-KHAR,1S-MH-MU-ZST-CL02-1061,1,39602,38647
39602,38648-38651,1S-MH-MU-ZST-CL02-1061,1S-MH-MU-ZST-CL02-1249,2,38648,38651
39602,38650-37090,1S-MH-MU-ZST-CL02-1249,1S-MH-MU-ZST-CL02-1083,3,38650,37090
39602,37089-37035,1S-MH-MU-ZST-CL02-1083,1S-MH-MU-ZST-CL02-0116,4,37089,37035
39602,6862-16026,1S-MH-MU-ZST-CL02-0116,1S-MH-MU-ZST-CL02-0119,5,6862,16026
39602,16024-41825,1S-MH-MU-ZST-CL02-0119,1S-MH-MU-ZST-CL02-1355,6,16024,41825
39602,41824-35774,1S-MH-MU-ZST-CL02-1355,1S-MH-MU-ZST-CL02-0117,7,41824,35774
39602,35776-43574,1S-MH-MU-ZST-CL02-0117,1S-MH-MU-ZST-CL03-1389,8,35776,43574
39602,43573-14673,1S-MH-MU-ZST-CL03-1389,1S-MH-MU-ZST-CL02-0118,9,43573,14673
39602,14672-42296,1S-MH-MU-ZST-CL02-0118,1S-MH-MU-ZST-CL02-1024,10,14672,42296
39602,35776-14673,1S-MH-MU-ZST-CL02-0117,1S-MH-MU-ZST-CL02-0118,7.1,35776,14673
39602,14672-42296,1S-MH-MU-ZST-CL02-0118,1S-MH-MU-ZST-CL02-1024,7.2,14672,42296
39604,39604-37048,1S-MH-MU-ZST-RSTN-KHAR,1S-MH-MU-ZST-CL02-1089,1,39604,37048
39604,37764-37772,1S-MH-MU-ZST-CL02-1089,1S-MH-MU-ZST-CL02-0851,2,37764,37772
39604,32677-32763,1S-MH-MU-ZST-CL02-0851,1S-MH-MU-ZST-CL02-0859,3,32677,32763
39604,32761-35518,1S-MH-MU-ZST-CL02-0859,1S-MH-MU-ZST-CL02-1023,4,32761,35518
39604,35516-13469,1S-MH-MU-ZST-CL02-1023,1S-MH-MU-ZST-CL03-0578,5,35516,13469
39604,13467-34920,1S-MH-MU-ZST-CL03-0578,1S-MH-MU-ZST-CL03-0931,6,13467,34920
39604,34918-7662,1S-MH-MU-ZST-CL03-0931,1S-MH-MU-ZST-CL03-0139,7,34918,7662
39604,37050-6677,1S-MH-MU-ZST-CL02-1089,1S-MH-MU-ZST-CL02-0001,1.1,37050,6677
39604,6675-9206,1S-MH-MU-ZST-CL02-0001,1S-MH-MU-ZST-CL02-0157,1.2,6675,9206
39604,9204-29784,1S-MH-MU-ZST-CL02-0157,1S-MH-MU-ZST-CL02-0198,1.3,9204,29784
39605,39605-38412,1S-MH-MU-ZST-RSTN-KHAR,1S-MH-MU-ZST-CL03-0473,1,39605,38412
39605,14576-35016,1S-MH-MU-ZST-CL03-0473,1S-MH-MU-ZST-CL03-0966,2,14576,35016
39605,35018-14584,1S-MH-MU-ZST-CL03-0966,1S-MH-MU-ZST-CL03-0529,3,35018,14584
39605,14583-39079,1S-MH-MU-ZST-CL03-0529,1S-MH-MU-ZST-CL03-1225,4,14583,39079
39605,39080-9716,1S-MH-MU-ZST-CL03-1225,1S-MH-MU-ZST-CL03-0125,5,39080,9716
39605,9717-28615,1S-MH-MU-ZST-CL03-0125,1S-MH-MU-ZST-CL03-0102,6,9717,28615
39605,14578-35795,1S-MH-MU-ZST-CL03-0473,1S-MH-MU-ZST-RSTN-SARA,1.1,14578,35795
39605,39605-DT,1S-MH-MU-ZST-RSTN-KHAR,1S-MH-MU-ZST-RSTN-KHAR,2,39605,DT
39605,39605-38412,1S-MH-MU-ZST-RSTN-KHAR,1S-MH-MU-ZST-CL03-0473,3,39605,38412
39605,14576-35016,1S-MH-MU-ZST-CL03-0473,1S-MH-MU-ZST-CL03-0966,4,14576,35016
39605,35018-14584,1S-MH-MU-ZST-CL03-0966,1S-MH-MU-ZST-CL03-0529,5,35018,14584
39605,14583-39079,1S-MH-MU-ZST-CL03-0529,1S-MH-MU-ZST-CL03-1225,6,14583,39079
39605,39080-9716,1S-MH-MU-ZST-CL03-1225,1S-MH-MU-ZST-CL03-0125,7,39080,9716
39605,9717-28615,1S-MH-MU-ZST-CL03-0125,1S-MH-MU-ZST-CL03-0102,8,9717,28615
39605,14578-35795,1S-MH-MU-ZST-CL03-0473,1S-MH-MU-ZST-RSTN-SARA,3.1,14578,35795
39607,39607-17929,1S-MH-MU-ZST-RSTN-KHAR,1S-MH-MU-ZST-CL02-0219,1,39607,17929
39607,17927-28657,1S-MH-MU-ZST-CL02-0219,1S-MH-MU-ZST-CL02-0717,2,17927,28657
39607,28655-42643,1S-MH-MU-ZST-CL02-0717,1S-MH-MU-ZST-CL02-0502,3,28655,42643
39607,42641-35583,1S-MH-MU-ZST-CL02-0502,1S-MH-MU-ZST-CL03-1026,4,42641,35583
39607,35581-34949,1S-MH-MU-ZST-CL03-1026,1S-MH-MU-ZST-CL03-0904,5,35581,34949
39607,34947-38633,1S-MH-MU-ZST-CL03-0904,1S-MH-MU-ZST-CL02-1254,6,34947,38633
39607,38703-37953,1S-MH-MU-ZST-CL02-1254,1S-MH-MU-ZST-CL03-1180,7,38703,37953
39607,42644-19574,1S-MH-MU-ZST-CL02-0502,1S-MH-MU-ZST-CL03-0616,3.1,42644,19574
39607,19572-14106,1S-MH-MU-ZST-CL03-0616,1S-MH-MU-ZST-CL03-0503,3.2,19572,14106
39607,42642-40959,1S-MH-MU-ZST-CL02-0502,1S-MH-MU-ZST-CL03-1343,3.2,42642,40959
26311,42529-26311,1S-MH-MU-ZCT-CL05-5755,1S-MH-MU-ZCT-RSTN-KIES,1,42529,26311
26312,26312-34288,1S-MH-MU-ZCT-RSTN-KIES,1S-MH-MU-ZCT-CL05-4341,1,26312,34288
26312,34285-37736,1S-MH-MU-ZCT-CL05-4341,1S-MH-MU-ZCT-CL05-5317,2,34285,37736
26312,37737-10637,1S-MH-MU-ZCT-CL05-5317,1S-MH-MU-ZCT-CL05-4608,3,37737,10637
26312,10635-15344,1S-MH-MU-ZCT-CL05-4608,1S-MH-MU-ZCT-CL05-4610,4,10635,15344
26312,15343-14341,1S-MH-MU-ZCT-CL05-4610,1S-MH-MU-ZCT-CL05-4609,5,15343,14341
26312,14342-26812,1S-MH-MU-ZCT-CL05-4609,1S-MH-MU-ZCT-CL05-4984,6,14342,26812
26312,26810-17348,1S-MH-MU-ZCT-CL05-4984,1S-MH-MU-ZCT-CL05-4624,7,26810,17348
26312,17346-16072,1S-MH-MU-ZCT-CL05-4624,1S-MH-MU-ZCT-CL05-4655,8,17346,16072
26312,16074-25647,1S-MH-MU-ZCT-CL05-4655,1S-MH-MU-ZNT-CL06-6916,9,16074,25647
26312,25645-18034,1S-MH-MU-ZNT-CL06-6916,1S-MH-MU-ZNT-CL06-6822,10,25645,18034
26312,25646-HTCONSUMER,1S-MH-MU-ZNT-CL06-6916,NAN,9.1,25646,HTCONSUMER
26312,16073-38659,1S-MH-MU-ZCT-CL05-4655,1S-MH-MU-ZNT-CL06-7593,8.1,16073,38659
26312,35638-6371,1S-MH-MU-ZCT-CL05-5317,1S-MH-MU-ZCT-CL05-4079,2.1,35638,6371
26312,35640-41952,1S-MH-MU-ZCT-CL05-5317,1S-MH-MU-ZNT-CL05-7976,2.2,35640,41952
26313,26313-29009,1S-MH-MU-ZCT-RSTN-KIES,1S-MH-MU-ZCT-CL05-5047,1,26313,29009
26313,29010-11038,1S-MH-MU-ZCT-CL05-5047,1S-MH-MU-ZCT-CL05-4027,2,29010,11038
26313,11039-28174,1S-MH-MU-ZCT-CL05-4027,1S-MH-MU-ZCT-CL05-5004,3,11039,28174
26313,28172-36100,1S-MH-MU-ZCT-CL05-5004,1S-MH-MU-ZCT-CL05-5273,4,28172,36100
26313,11040-29630,1S-MH-MU-ZCT-CL05-4027,1S-MH-MU-ZCT-CL04-5069,2.1,11040,29630
26313,29631-41769,1S-MH-MU-ZCT-CL04-5069,1S-MH-MU-ZNT-CL04-7974,2.2,29631,41769
26313,41185-26996,1S-MH-MU-ZCT-CL05-5047,1S-MH-MU-ZCT-CL05-4998,1.1,41185,26996
26313,26998-30813,1S-MH-MU-ZCT-CL05-4998,1S-MH-MU-ZCT-CL05-5110,1.2,26998,30813
26313,42209-29013,1S-MH-MU-ZCT-CL05-5047,1S-MH-MU-ZCT-CL05-4409,1.2,42209,29013
26315,26315-CAP BANK,1S-MH-MU-ZCT-RSTN-KIES,1S-MH-MU-ZCT-RSTN-KIES,1,26315,CAP BANK
30895,30895-29193,1S-MH-MU-ZCT-RSTN-KIES,1S-MH-MU-ZCT-CL05-4363,1,30895,29193
30895,2074-30198,1S-MH-MU-ZCT-CL05-4363,1S-MH-MU-ZCT-CL05-5097,2,2074,30198
30895,30199-13628,1S-MH-MU-ZCT-CL05-5097,1S-MH-MU-ZCT-CL05-4612,3,30199,13628
30895,13626-10733,1S-MH-MU-ZCT-CL05-4612,1S-MH-MU-ZCT-CL05-4613,4,13626,10733
30895,10734-14568,1S-MH-MU-ZCT-CL05-4613,1S-MH-MU-ZCT-CL05-4611,5,10734,14568
30895,14569-18032,1S-MH-MU-ZCT-CL05-4611,1S-MH-MU-ZNT-CL06-6822,6,14569,18032
30896,30896-9812,1S-MH-MU-ZCT-RSTN-KIES,1S-MH-MU-ZCT-CL05-4355,1,30896,9812
30896,9814-35919,1S-MH-MU-ZCT-CL05-4355,1S-MH-MU-ZCT-CL05-5366,2,9814,35919
30896,35918-17890,1S-MH-MU-ZCT-CL05-5366,1S-MH-MU-ZCT-CL05-4233,3,35918,17890
30896,17891-36095,1S-MH-MU-ZCT-CL05-4233,1S-MH-MU-ZCT-CL05-4235,4,17891,36095
30896,36094-17936,1S-MH-MU-ZCT-CL05-4235,1S-MH-MU-ZCT-CL05-4231,5,36094,17936
30896,17935-26514,1S-MH-MU-ZCT-CL05-4231,1S-MH-MU-ZCT-CL05-4974,6,17935,26514
30896,17933-3701,1S-MH-MU-ZCT-CL05-4231,1S-MH-MU-ZCT-RSTN-GANE,5.1,17933,3701
30898,30898-4848,1S-MH-MU-ZCT-RSTN-KIES,1S-MH-MU-ZCT-CL05-4397,1,30898,4848
30898,4847-6213,1S-MH-MU-ZCT-CL05-4397,1S-MH-MU-ZCT-CL05-4360,2,4847,6213
30898,6212-19444,1S-MH-MU-ZCT-CL05-4360,1S-MH-MU-ZCT-CL05-4884,3,6212,19444
30898,19445-39227,1S-MH-MU-ZCT-CL05-4884,1S-MH-MU-ZCT-CL04-5589,4,19445,39227
30898,39228-34692,1S-MH-MU-ZCT-CL04-5589,1S-MH-MU-ZCT-CL04-4167,5,39228,34692
30898,34691-12999,1S-MH-MU-ZCT-CL04-4167,1S-MH-MU-ZCT-CL04-4499,6,34691,12999
30898,12997-34590,1S-MH-MU-ZCT-CL04-4499,1S-MH-MU-ZCT-CL04-5223,7,12997,34590
30898,34592-43333,1S-MH-MU-ZCT-CL04-5223,1S-MH-MU-ZCT-CL04-4908,8,34592,43333
30898,43334-43210,1S-MH-MU-ZCT-CL04-4908,1S-MH-MU-ZCT-CL04-5234,9,43334,43210
30898,28653-38619,1S-MH-MU-ZCT-CL04-4908,1S-MH-MU-ZCT-CL04-4166,8.1,28653,38619
30899,34735-41947,1S-MH-MU-ZCT-RSTN-RNAR,1S-MH-MU-ZNT-CL05-7976,1,34735,41947
30899,41951-30899,1S-MH-MU-ZNT-CL05-7976,1S-MH-MU-ZCT-RSTN-KIES,2,41951,30899
30899,41949-HTCONSUMER,1S-MH-MU-ZNT-CL05-7976,NAN,1.1,41949,HTCONSUMER
30899,41953-HTCONSUMER,1S-MH-MU-ZNT-CL05-7976,NAN,1.2,41953,HTCONSUMER
30899,41946-HTCONSUMER,1S-MH-MU-ZNT-CL05-7976,NAN,1.3,41946,HTCONSUMER
30900,30900-42531,1S-MH-MU-ZCT-RSTN-KIES,1S-MH-MU-ZCT-CL05-5755,1,30900,42531
30901,30901-35099,1S-MH-MU-ZCT-RSTN-KIES,1S-MH-MU-ZCT-CL05-4339,1,30901,35099
30901,35098-30814,1S-MH-MU-ZCT-CL05-4339,1S-MH-MU-ZCT-CL05-5110,2,35098,30814
30902,30902-CAP BANK,1S-MH-MU-ZCT-RSTN-KIES,1S-MH-MU-ZCT-RSTN-KIES,1,30902,CAP BANK
35869,35869-4268,1S-MH-MU-ZCT-RSTN-KIES,1S-MH-MU-ZCT-CL05-4364,1,35869,4268
35869,4269-4682,1S-MH-MU-ZCT-CL05-4364,1S-MH-MU-ZCT-CL05-4396,2,4269,4682
35869,4680-14447,1S-MH-MU-ZCT-CL05-4396,1S-MH-MU-ZCT-CL05-4321,3,4680,14447
35869,14445-2597,1S-MH-MU-ZCT-CL05-4321,1S-MH-MU-ZCT-CL05-4503,4,14445,2597
35869,14336-30260,1S-MH-MU-ZCT-CL05-4503,1S-MH-MU-ZCT-CL05-5099,5,14336,30260
35869,30262-30258,1S-MH-MU-ZCT-CL05-5099,1S-MH-MU-ZCT-CL05-5098,6,30262,30258
35869,4030-14337,1S-MH-MU-ZCT-CL05-4503,1S-MH-MU-ZCT-CL05-4363,4.1,4030,14337
35869,4681-HTCONSUMER,1S-MH-MU-ZCT-CL05-4396,NAN,2.1,4681,HTCONSUMER
35870,35870-28367,1S-MH-MU-ZCT-RSTN-KIES,1S-MH-MU-ZCT-CL05-5012,1,35870,28367
35870,28365-30039,1S-MH-MU-ZCT-CL05-5012,1S-MH-MU-ZCT-CL05-5084,2,28365,30039
35870,30038-41436,1S-MH-MU-ZCT-CL05-5084,1S-MH-MU-ZCT-CL04-4476,3,30038,41436
35870,41435-17466,1S-MH-MU-ZCT-CL04-4476,1S-MH-MU-ZCT-CL05-4553,4,41435,17466
35870,17468-42224,1S-MH-MU-ZCT-CL05-4553,1S-MH-MU-ZCT-CL05-5740,5,17468,42224
35870,42225-DT,1S-MH-MU-ZCT-CL05-5740,NAN,6,42225,DT
35870,41437-11308,1S-MH-MU-ZCT-CL04-4476,1S-MH-MU-ZCT-CL04-4477,3.1,41437,11308
35870,11306-10471,1S-MH-MU-ZCT-CL04-4477,1S-MH-MU-ZCT-CL05-4674,3.2,11306,10471
35870,41075-4549,1S-MH-MU-ZCT-CL05-5084,1S-MH-MU-ZCT-CL05-4317,2.1,41075,4549
35872,35872-14249,1S-MH-MU-ZCT-RSTN-KIES,1S-MH-MU-ZCT-CL05-4361,1,35872,14249
35872,32196-10291,1S-MH-MU-ZCT-CL05-4361,1S-MH-MU-ZCT-CL05-4356,2,32196,10291
35872,10289-12520,1S-MH-MU-ZCT-CL05-4356,1S-MH-MU-ZCT-CL05-4086,3,10289,12520
35872,18669-41206,1S-MH-MU-ZCT-CL05-4086,1S-MH-MU-ZCT-CL05-5654,4,18669,41206
35872,41205-18671,1S-MH-MU-ZCT-CL05-5654,1S-MH-MU-ZCT-CL05-4357,5,41205,18671
35872,18670-4550,1S-MH-MU-ZCT-CL05-4357,1S-MH-MU-ZCT-CL05-4317,6,18670,4550
35872,2930-43999,1S-MH-MU-ZCT-CL05-4361,1S-MH-MU-ZCT-CL05-5808,1.1,2930,43999
35873,35873-41122,1S-MH-MU-ZCT-RSTN-KIES,1S-MH-MU-ZCT-CL05-4362,1,35873,41122
35873,41123-12727,1S-MH-MU-ZCT-CL05-4362,1S-MH-MU-ZCT-CL05-4184,2,41123,12727
35873,12729-7239,1S-MH-MU-ZCT-CL05-4184,1S-MH-MU-ZCT-CL05-4656,3,12729,7239
35873,7241-7701,1S-MH-MU-ZCT-CL05-4656,1S-MH-MU-ZCT-CL05-4682,4,7241,7701
35874,35874-10423,1S-MH-MU-ZCT-RSTN-KIES,1S-MH-MU-ZCT-CL03-4809,1,35874,10423
35874,36110-32601,1S-MH-MU-ZCT-CL03-4809,1S-MH-MU-ZCT-CL03-5169,2,36110,32601
35874,32603-37478,1S-MH-MU-ZCT-CL03-5169,1S-MH-MU-ZCT-CL03-5314,3,32603,37478
35874,37480-664,1S-MH-MU-ZCT-CL03-5314,1S-MH-MU-ZCT-CL03-4541,4,37480,664
35874,5514-15105,1S-MH-MU-ZCT-CL03-4541,1S-MH-MU-ZCT-CL03-4053,5,5514,15105
35874,15103-25668,1S-MH-MU-ZCT-CL03-4053,1S-MH-MU-ZCT-CL01-4936,6,15103,25668
35874,25667-37065,1S-MH-MU-ZCT-CL01-4936,1S-MH-MU-ZCT-CL03-5487,7,25667,37065
35874,10422-11080,1S-MH-MU-ZCT-CL03-4809,1S-MH-MU-ZCT-CL03-4776,1.1,10422,11080
35876,35876-CAP BANK,1S-MH-MU-ZCT-RSTN-KIES,1S-MH-MU-ZCT-RSTN-KIES,1,35876,CAP BANK
35878,35878-42524,1S-MH-MU-ZCT-RSTN-KIES,1S-MH-MU-ZCT-CL05-5755,1,35878,42524
35879,35879-CAP BANK,1S-MH-MU-ZCT-RSTN-KIES,1S-MH-MU-ZCT-RSTN-KIES,1,35879,CAP BANK
35881,35881-10433,1S-MH-MU-ZCT-RSTN-KIES,1S-MH-MU-ZCT-CL05-4228,1,35881,10433
35881,10432-12730,1S-MH-MU-ZCT-CL05-4228,1S-MH-MU-ZCT-CL05-4229,2,10432,12730
35881,10464-12797,1S-MH-MU-ZCT-CL05-4229,1S-MH-MU-ZCT-CL05-4339,3,10464,12797
35882,35882-41054,1S-MH-MU-ZCT-RSTN-KIES,1S-MH-MU-ZCT-CL05-5294,1,35882,41054
35882,41053-2214,1S-MH-MU-ZCT-CL05-5294,1S-MH-MU-ZCT-CL05-4358,2,41053,2214
35882,32799-42528,1S-MH-MU-ZCT-CL05-4358,1S-MH-MU-ZCT-CL05-5755,3,32799,42528
35882,32798-13236,1S-MH-MU-ZCT-CL05-4358,1S-MH-MU-ZCT-CL05-4566,2.1,32798,13236
35882,4172-17416,1S-MH-MU-ZCT-CL05-4358,1S-MH-MU-ZCT-CL05-4696,2.2,4172,17416
35883,35883-15986,1S-MH-MU-ZCT-RSTN-KIES,1S-MH-MU-ZCT-CL05-4672,1,35883,15986
35883,34206-18593,1S-MH-MU-ZCT-CL05-4672,1S-MH-MU-ZCT-CL04-4555,2,34206,18593
35883,18594-36779,1S-MH-MU-ZCT-CL04-4555,1S-MH-MU-ZCT-CL04-5283,3,18594,36779
35883,36781-11073,1S-MH-MU-ZCT-CL04-5283,1S-MH-MU-ZCT-CL04-4491,4,36781,11073
35883,11075-35735,1S-MH-MU-ZCT-CL04-4491,1S-MH-MU-ZCT-CL04-5346,5,11075,35735
35884,35884-26308,1S-MH-MU-ZCT-RSTN-KIES,1S-MH-MU-ZCT-RSTN-KIES,1,35884,26308
35884,26308-13154,1S-MH-MU-ZCT-RSTN-KIES,1S-MH-MU-ZCT-CL05-4079,2,26308,13154
35884,4061-32797,1S-MH-MU-ZCT-CL05-4079,1S-MH-MU-ZCT-CL05-4358,3,4061,32797
35885,35885-13459,1S-MH-MU-ZCT-RSTN-KIES,1S-MH-MU-ZCT-CL05-4340,1,35885,13459
35885,13461-28500,1S-MH-MU-ZCT-CL05-4340,1S-MH-MU-ZCT-CL04-5018,2,13461,28500
35885,28502-29265,1S-MH-MU-ZCT-CL04-5018,1S-MH-MU-ZCT-CL05-5052,3,28502,29265
35885,29267-10918,1S-MH-MU-ZCT-CL05-5052,1S-MH-MU-ZCT-CL05-4159,4,29267,10918
35885,31782-19549,1S-MH-MU-ZCT-CL05-4159,1S-MH-MU-ZNT-CL06-6808,5,31782,19549
35885,19547-31322,1S-MH-MU-ZNT-CL06-6808,1S-MH-MU-ZCT-CL05-5131,6,19547,31322
35885,31324-15259,1S-MH-MU-ZCT-CL05-5131,1S-MH-MU-ZCT-CL05-4415,7,31324,15259
35885,19548-14099,1S-MH-MU-ZNT-CL06-6808,1S-MH-MU-ZCT-CL05-4664,5.1,19548,14099
35885,29963-13237,1S-MH-MU-ZCT-CL05-4159,1S-MH-MU-ZCT-CL05-4566,4.1,29963,13237
35885,41198-HTCONSUMER,1S-MH-MU-ZCT-CL05-4566,NAN,4.2,41198,HTCONSUMER
31438,31438-35686,1S-MH-MU-ZET-RSTN-KOHI,1S-MH-MU-ZET-CL03-9500,1,31438,35686
31438,35687-37611,1S-MH-MU-ZET-CL03-9500,1S-MH-MU-ZET-CL03-9661,2,35687,37611
31438,37613-35830,1S-MH-MU-ZET-CL03-9661,1S-MH-MU-ZET-CL03-9501,3,37613,35830
31438,35828-31817,1S-MH-MU-ZET-CL03-9501,1S-MH-MU-ZET-CL03-9339,4,35828,31817
31438,31818-34393,1S-MH-MU-ZET-CL03-9339,1S-MH-MU-ZET-CL03-9356,5,31818,34393
31438,35688-HTCONSUMER,1S-MH-MU-ZET-CL03-9500,NAN,1.1,35688,HTCONSUMER
31439,31439-34815,1S-MH-MU-ZET-RSTN-KOHI,1S-MH-MU-ZET-CL04-8451,1,31439,34815
31439,743-602,1S-MH-MU-ZET-CL04-8451,1S-MH-MU-ZET-CL04-8448,2,743,602
31439,603-31432,1S-MH-MU-ZET-CL04-8448,1S-MH-MU-ZET-CL04-8447,3,603,31432
31441,31441-34776,1S-MH-MU-ZET-RSTN-KOHI,1S-MH-MU-ZET-CL03-9378,1,31441,34776
31441,34774-29590,1S-MH-MU-ZET-CL03-9378,1S-MH-MU-ZET-CL03-9144,2,34774,29590
31441,29591-29587,1S-MH-MU-ZET-CL03-9144,1S-MH-MU-ZET-CL03-9143,3,29591,29587
31441,29589-28193,1S-MH-MU-ZET-CL03-9143,1S-MH-MU-ZET-RSTN-KURL,4,29589,28193
31443,31443-38079,1S-MH-MU-ZET-RSTN-KOHI,1S-MH-MU-ZET-CL03-9653,1,31443,38079
31443,38080-29868,1S-MH-MU-ZET-CL03-9653,1S-MH-MU-ZET-CL03-8057,2,38080,29868
31443,7297-31097,1S-MH-MU-ZET-CL03-8057,1S-MH-MU-ZET-CL02-9219,3,7297,31097
31443,31099-26667,1S-MH-MU-ZET-CL02-9219,1S-MH-MU-ZET-CL02-8239,4,31099,26667
31443,26664-11667,1S-MH-MU-ZET-CL02-8239,1S-MH-MU-ZET-CL02-8592,5,26664,11667
31443,11668-11225,1S-MH-MU-ZET-CL02-8592,1S-MH-MU-ZET-CL02-8476,6,11668,11225
31443,11226-34107,1S-MH-MU-ZET-CL02-8476,1S-MH-MU-ZET-CL02-9324,7,11226,34107
31443,34109-5813,1S-MH-MU-ZET-CL02-9324,1S-MH-MU-ZET-CL02-8087,8,34109,5813
31443,5811-37475,1S-MH-MU-ZET-CL02-8087,1S-MH-MU-ZET-CL02-9610,9,5811,37475
31443,26666-29938,1S-MH-MU-ZET-CL02-8239,1S-MH-MU-ZET-CL02-9185,4.1,26666,29938
31443,26663-37408,1S-MH-MU-ZET-CL02-8239,1S-MH-MU-ZET-CL02-9636,4.2,26663,37408
31444,31444-STN XMER,1S-MH-MU-ZET-RSTN-KOHI,1S-MH-MU-ZET-RSTN-KOHI,1,31444,STN XMER
31445,31445-CAP BANK,1S-MH-MU-ZET-RSTN-KOHI,1S-MH-MU-ZET-RSTN-KOHI,1,31445,CAP BANK
31447,31447-42567,1S-MH-MU-ZET-RSTN-KOHI,1S-MH-MU-ZET-CL03-9707,1,31447,42567
31447,42568-16008,1S-MH-MU-ZET-CL03-9707,1S-MH-MU-ZET-CL04-8578,2,42568,16008
31447,16006-2954,1S-MH-MU-ZET-CL04-8578,1S-MH-MU-ZET-CL03-8645,3,16006,2954
31447,2953-7677,1S-MH-MU-ZET-CL03-8645,1S-MH-MU-ZET-CL03-8475,4,2953,7677
31447,12056-38327,1S-MH-MU-ZET-CL03-8475,1S-MH-MU-ZET-CL03-9649,5,12056,38327
31447,38328-12131,1S-MH-MU-ZET-CL03-9649,1S-MH-MU-ZET-CL03-8180,6,38328,12131
31447,12132-41797,1S-MH-MU-ZET-CL03-8180,1S-MH-MU-ZET-CL03-9779,7,12132,41797
31447,7679-10412,1S-MH-MU-ZET-CL03-8475,1S-MH-MU-ZET-CL03-8675,4.1,7679,10412
31447,10890-751,1S-MH-MU-ZET-CL03-8475,1S-MH-MU-ZET-CL03-8470,4.2,10890,751
31447,32472-4649,1S-MH-MU-ZET-CL03-8645,1S-MH-MU-ZET-CL03-8359,3.1,32472,4649
31447,34489-HTCONSUMER,1S-MH-MU-ZET-CL04-8578,NAN,2.1,34489,HTCONSUMER
31447,16007-HTCONSUMER,1S-MH-MU-ZET-CL04-8578,NAN,2.2,16007,HTCONSUMER
31448,31448-37344,1S-MH-MU-ZET-RSTN-KOHI,1S-MH-MU-ZET-CL03-9631,1,31448,37344
31448,37346-34626,1S-MH-MU-ZET-CL03-9631,1S-MH-MU-ZET-CL03-9377,2,37346,34626
31448,34628-36083,1S-MH-MU-ZET-CL03-9377,1S-MH-MU-ZET-CL03-9339,3,34628,36083
31448,34627-HTCONSUMER,1S-MH-MU-ZET-CL03-9377,NAN,2.1,34627,HTCONSUMER
31450,31450-32038,1S-MH-MU-ZET-RSTN-KOHI,1S-MH-MU-ZET-CL03-9340,1,31450,32038
31450,32037-34757,1S-MH-MU-ZET-CL03-9340,1S-MH-MU-ZET-CL03-9376,2,32037,34757
31450,34759-34400,1S-MH-MU-ZET-CL03-9376,1S-MH-MU-ZET-CL03-9356,3,34759,34400
31450,32040-HTCONSUMER,1S-MH-MU-ZET-CL03-9340,NAN,1.1,32040,HTCONSUMER
31451,31451-32402,1S-MH-MU-ZET-RSTN-KOHI,1S-MH-MU-ZET-CL03-9292,1,31451,32402
31451,32403-34316,1S-MH-MU-ZET-CL03-9292,1S-MH-MU-ZET-CL03-9347,2,32403,34316
31451,32404-HTCONSUMER,1S-MH-MU-ZET-CL03-9292,NAN,1.1,32404,HTCONSUMER
31451,32401-HTCONSUMER,1S-MH-MU-ZET-CL03-9292,NAN,1.2,32401,HTCONSUMER
31452,31452-7533,1S-MH-MU-ZET-RSTN-KOHI,1S-MH-MU-ZET-CL02-8828,1,31452,7533
31452,7535-15317,1S-MH-MU-ZET-CL02-8828,1S-MH-MU-ZET-CL03-8334,2,7535,15317
31452,15318-37364,1S-MH-MU-ZET-CL03-8334,1S-MH-MU-ZET-CL03-9483,3,15318,37364
31452,37362-9943,1S-MH-MU-ZET-CL03-9483,1S-MH-MU-ZET-CL03-8759,4,37362,9943
31452,9944-7380,1S-MH-MU-ZET-CL03-8759,1S-MH-MU-ZET-CL03-8811,5,9944,7380
31452,42851-28721,1S-MH-MU-ZET-CL02-8828,1S-MH-MU-ZET-CL03-9094,1.1,42851,28721
31452,28723-42907,1S-MH-MU-ZET-CL03-9094,1S-MH-MU-ZET-CL02-8544,1.2,28723,42907
31452,42852-16328,1S-MH-MU-ZET-CL02-8828,1S-MH-MU-ZET-CL02-8265,1.2,42852,16328
31453,31453-7016,1S-MH-MU-ZET-RSTN-KOHI,1S-MH-MU-ZET-CL13-8040,1,31453,7016
31453,7014-32478,1S-MH-MU-ZET-CL13-8040,1S-MH-MU-ZET-CL04-8041,2,7014,32478
31453,32477-5349,1S-MH-MU-ZET-CL04-8041,1S-MH-MU-ZET-CL04-8039,3,32477,5349
31453,5350-5466,1S-MH-MU-ZET-CL04-8039,1S-MH-MU-ZET-CL04-8360,4,5350,5466
31453,5464-13587,1S-MH-MU-ZET-CL04-8360,1S-MH-MU-ZET-CL04-8072,5,5464,13587
31454,31454-CAP BANK,1S-MH-MU-ZET-RSTN-KOHI,1S-MH-MU-ZET-RSTN-KOHI,1,31454,CAP BANK
28196,28196-19435,1S-MH-MU-ZET-RSTN-KURL,1S-MH-MU-ZET-CL03-8973,1,28196,19435
28196,19434-16489,1S-MH-MU-ZET-CL03-8973,1S-MH-MU-ZET-CL03-8526,2,19434,16489
28196,16490-38036,1S-MH-MU-ZET-CL03-8526,1S-MH-MU-ZET-CL03-9668,3,16490,38036
28196,38034-13599,1S-MH-MU-ZET-CL03-9668,1S-MH-MU-ZET-CL03-8284,4,38034,13599
28196,13597-17006,1S-MH-MU-ZET-CL03-8284,1S-MH-MU-ZET-CL03-8894,5,13597,17006
28196,38035-HTCONSUMER,1S-MH-MU-ZET-CL03-9668,NAN,3.1,38035,HTCONSUMER
104,104-6824,1S-MH-MU-ZET-RSTN-KURL,1S-MH-MU-ZET-CL03-8462,1,104,6824
104,6826-6461,1S-MH-MU-ZET-CL03-8462,1S-MH-MU-ZET-CL03-8463,2,6826,6461
104,6463-36176,1S-MH-MU-ZET-CL03-8463,1S-MH-MU-ZET-CL13-8407,3,6463,36176
104,15968-9130,1S-MH-MU-ZET-CL13-8407,1S-MH-MU-ZET-CL03-8412,4,15968,9130
104,9129-15143,1S-MH-MU-ZET-CL03-8412,1S-MH-MU-ZET-CL03-8800,5,9129,15143
104,15968-43701,1S-MH-MU-ZET-CL13-8407,1S-MH-MU-ZET-CL03-8411,3.1,15968,43701
105,105-4911,1S-MH-MU-ZET-RSTN-KURL,1S-MH-MU-ZET-CL03-8527,1,105,4911
105,4913-9427,1S-MH-MU-ZET-CL03-8527,1S-MH-MU-ZET-CL03-8692,2,4913,9427
105,9429-37932,1S-MH-MU-ZET-CL03-8692,1S-MH-MU-ZET-CL03-9457,3,9429,37932
105,37931-7381,1S-MH-MU-ZET-CL03-9457,1S-MH-MU-ZET-CL03-8811,4,37931,7381
105,7382-36618,1S-MH-MU-ZET-CL03-8811,1S-MH-MU-ZET-CL03-9571,5,7382,36618
105,36619-14802,1S-MH-MU-ZET-CL03-9571,1S-MH-MU-ZET-CL03-8335,6,36619,14802
105,14800-38273,1S-MH-MU-ZET-CL03-8335,1S-MH-MU-ZET-CL03-9399,7,14800,38273
105,38274-5116,1S-MH-MU-ZET-CL03-9399,1S-MH-MU-ZET-CL02-8806,8,38274,5116
105,4919-28146,1S-MH-MU-ZET-CL02-8806,1S-MH-MU-ZET-CL02-8543,9,4919,28146
105,28145-7299,1S-MH-MU-ZET-CL02-8543,1S-MH-MU-ZET-CL03-8057,10,28145,7299
105,4920-6348,1S-MH-MU-ZET-CL02-8806,1S-MH-MU-ZET-CL02-8545,8.1,4920,6348
105,4921-39289,1S-MH-MU-ZET-CL02-8806,1S-MH-MU-ZET-CL02-9597,8.2,4921,39289
106,106-29426,1S-MH-MU-ZET-RSTN-KURL,1S-MH-MU-ZET-CL03-9480,1,106,29426
106,29428-6188,1S-MH-MU-ZET-CL03-9480,1S-MH-MU-ZET-CL02-8011,2,29428,6188
109,109-30520,1S-MH-MU-ZET-RSTN-KURL,1S-MH-MU-ZET-CL03-9172,1,109,30520
109,30518-1826,1S-MH-MU-ZET-CL03-9172,1S-MH-MU-ZET-CL03-8510,2,30518,1826
109,1826-2111,1S-MH-MU-ZET-CL03-8510,1S-MH-MU-ZET-CL03-8283,3,1826,2111
109,6586-29230,1S-MH-MU-ZET-CL03-8283,1S-MH-MU-ZET-CL03-9123,4,6586,29230
109,29229-2516,1S-MH-MU-ZET-CL03-9123,1S-MH-MU-ZET-CL03-8178,5,29229,2516
109,2518-37796,1S-MH-MU-ZET-CL03-8178,1S-MH-MU-ZET-CL03-8181,6,2518,37796
109,37797-41800,1S-MH-MU-ZET-CL03-8181,1S-MH-MU-ZET-CL03-9779,7,37797,41800
109,41796-11353,1S-MH-MU-ZET-CL03-9779,1S-MH-MU-ZET-CL03-8182,8,41796,11353
109,11352-16245,1S-MH-MU-ZET-CL03-8182,1S-MH-MU-ZET-CL03-8179,9,11352,16245
109,16244-29132,1S-MH-MU-ZET-CL03-8179,1S-MH-MU-ZET-CL03-9116,10,16244,29132
109,29134-30849,1S-MH-MU-ZET-CL03-9116,1S-MH-MU-ZET-CL03-9204,11,29134,30849
109,30850-13239,1S-MH-MU-ZET-CL03-9204,1S-MH-MU-ZET-CL03-8739,12,30850,13239
109,2110-34283,1S-MH-MU-ZET-CL03-8283,1S-MH-MU-ZET-CL03-9346,3.1,2110,34283
110,110-251,1S-MH-MU-ZET-RSTN-KURL,1S-MH-MU-ZET-CL02-8478,1,110,251
110,112-38066,1S-MH-MU-ZET-CL02-8478,1S-MH-MU-ZET-CL03-8442,2,112,38066
110,38067-14134,1S-MH-MU-ZET-CL03-8442,1S-MH-MU-ZET-CL03-8078,3,38067,14134
110,14132-17628,1S-MH-MU-ZET-CL03-8078,1S-MH-MU-ZET-CL03-8213,4,14132,17628
110,17627-12192,1S-MH-MU-ZET-CL03-8213,1S-MH-MU-ZET-CL03-8536,5,17627,12192
110,12194-10935,1S-MH-MU-ZET-CL03-8536,1S-MH-MU-ZET-CL03-8938,6,12194,10935
110,250-11726,1S-MH-MU-ZET-CL02-8478,1S-MH-MU-ZET-CL02-8544,1.1,250,11726
110,11728-25926,1S-MH-MU-ZET-CL02-8544,1S-MH-MU-ZET-CL02-8473,1.2,11728,25926
110,25925-7805,1S-MH-MU-ZET-CL02-8473,1S-MH-MU-ZET-CL02-8472,1.3,25925,7805
110,7806-15231,1S-MH-MU-ZET-CL02-8472,1S-MH-MU-ZET-CL02-8471,1.4,7806,15231
134,134-CAP BANK,1S-MH-MU-ZET-RSTN-KURL,1S-MH-MU-ZET-RSTN-KURL,1,134,CAP BANK
231,231-17629,1S-MH-MU-ZET-RSTN-KURL,1S-MH-MU-ZET-CL03-8064,1,231,17629
231,7596-14085,1S-MH-MU-ZET-CL03-8064,1S-MH-MU-ZET-CL03-8581,2,7596,14085
231,14087-6903,1S-MH-MU-ZET-CL03-8581,1S-MH-MU-ZET-CL03-8115,3,14087,6903
231,10203-31108,1S-MH-MU-ZET-CL03-8115,1S-MH-MU-ZET-CL03-9220,4,10203,31108
231,31109-43002,1S-MH-MU-ZET-CL03-9220,1S-MH-MU-ZET-CL13-8404,5,31109,43002
231,43003-9189,1S-MH-MU-ZET-CL13-8404,1S-MH-MU-ZET-CL03-8744,6,43003,9189
231,39736-4651,1S-MH-MU-ZET-CL03-8744,1S-MH-MU-ZET-CL03-8359,7,39736,4651
231,37806-29240,1S-MH-MU-ZET-CL03-8359,1S-MH-MU-ZET-CL03-9124,8,37806,29240
231,29238-16719,1S-MH-MU-ZET-CL03-9124,1S-MH-MU-ZET-CL03-8275,9,29238,16719
231,16718-11467,1S-MH-MU-ZET-CL03-8275,1S-MH-MU-ZET-CL03-8287,10,16718,11467
231,11465-10274,1S-MH-MU-ZET-CL03-8287,1S-MH-MU-ZET-CL03-8046,11,11465,10274
231,9190-14877,1S-MH-MU-ZET-CL03-8744,1S-MH-MU-ZET-CL03-8740,6.1,9190,14877
231,10202-12272,1S-MH-MU-ZET-CL03-8115,1S-MH-MU-ZET-CL03-8186,3.1,10202,12272
231,12271-2778,1S-MH-MU-ZET-CL03-8186,1S-MH-MU-ZET-CL03-8894,3.2,12271,2778
231,17630-15145,1S-MH-MU-ZET-CL03-8064,1S-MH-MU-ZET-CL03-8800,1.1,17630,15145
235,235-9011,1S-MH-MU-ZET-RSTN-KURL,1S-MH-MU-ZET-CL03-8672,1,235,9011
235,9012-16919,1S-MH-MU-ZET-CL03-8672,1S-MH-MU-ZET-CL04-8519,2,9012,16919
235,28576-16920,1S-MH-MU-ZET-CL04-8519,1S-MH-MU-ZET-CL04-9083,3,28576,16920
235,28578-28572,1S-MH-MU-ZET-CL04-9083,1S-MH-MU-ZET-CL04-9082,4,28578,28572
235,28574-742,1S-MH-MU-ZET-CL04-9082,1S-MH-MU-ZET-CL04-8451,5,28574,742
738,738-32624,1S-MH-MU-ZET-RSTN-KURL,1S-MH-MU-ZET-CL02-9310,1,738,32624
738,32626-43492,1S-MH-MU-ZET-CL02-9310,1S-MH-MU-ZET-CL02-9857,2,32626,43492
738,43496-35439,1S-MH-MU-ZET-CL02-9857,1S-MH-MU-ZET-CL02-8113,3,43496,35439
738,35440-39460,1S-MH-MU-ZET-CL02-8113,1S-MH-MU-ZET-CL02-8850,4,35440,39460
738,39461-9839,1S-MH-MU-ZET-CL02-8850,1S-MH-MU-ZET-CL02-8720,5,39461,9839
738,9841-26486,1S-MH-MU-ZET-CL02-8720,1S-MH-MU-ZET-CL02-9042,6,9841,26486
738,26487-31516,1S-MH-MU-ZET-CL02-9042,1S-MH-MU-ZET-CL02-8988,7,26487,31516
738,31515-2444,1S-MH-MU-ZET-CL02-8988,1S-MH-MU-ZET-CL02-8490,8,31515,2444
738,35438-36615,1S-MH-MU-ZET-CL02-8113,1S-MH-MU-ZET-CL02-9600,3.1,35438,36615
2031,2031-28191,1S-MH-MU-ZET-RSTN-KURL,1S-MH-MU-ZET-RSTN-KURL,1,2031,28191
2031,2031-CAP BANK,1S-MH-MU-ZET-RSTN-KURL,1S-MH-MU-ZET-RSTN-KURL,2,2031,CAP BANK
14627,14627-34481,1S-MH-MU-ZET-RSTN-KURL,1S-MH-MU-ZET-CL03-9354,1,14627,34481
14627,34479-15425,1S-MH-MU-ZET-CL03-9354,1S-MH-MU-ZET-CL03-8635,2,34479,15425
14627,15423-26158,1S-MH-MU-ZET-CL03-8635,1S-MH-MU-ZET-CL03-8308,3,15423,26158
14627,36216-14874,1S-MH-MU-ZET-CL03-8308,1S-MH-MU-ZET-CL03-8330,4,36216,14874
14627,32409-14878,1S-MH-MU-ZET-CL03-8330,1S-MH-MU-ZET-CL03-8740,5,32409,14878
14627,14873-4650,1S-MH-MU-ZET-CL03-8330,1S-MH-MU-ZET-CL03-8359,4.1,14873,4650
14627,26159-748,1S-MH-MU-ZET-CL03-8308,1S-MH-MU-ZET-CL03-8470,3.1,26159,748
14628,14628-16820,1S-MH-MU-ZET-RSTN-KURL,1S-MH-MU-ZET-CL13-8848,1,14628,16820
14628,16822-37947,1S-MH-MU-ZET-CL13-8848,1S-MH-MU-ZET-CL13-9667,2,16822,37947
14628,37946-7916,1S-MH-MU-ZET-CL13-9667,1S-MH-MU-ZET-CL13-8752,3,37946,7916
14628,7917-18419,1S-MH-MU-ZET-CL13-8752,1S-MH-MU-ZET-CL13-8234,4,7917,18419
14629,14629-13386,1S-MH-MU-ZET-RSTN-KURL,1S-MH-MU-ZET-CL13-8015,1,14629,13386
28192,28192-18880,1S-MH-MU-ZET-RSTN-KURL,1S-MH-MU-ZET-CL03-8092,1,28192,18880
28192,10673-6058,1S-MH-MU-ZET-CL03-8092,1S-MH-MU-ZET-CL03-8372,2,10673,6058
28192,9059-19833,1S-MH-MU-ZET-CL03-8372,1S-MH-MU-ZET-CL13-8404,3,9059,19833
28195,28195-10934,1S-MH-MU-ZET-RSTN-KURL,1S-MH-MU-ZET-CL03-8938,1,28195,10934
28197,28197-31503,1S-MH-MU-ZET-RSTN-KURL,1S-MH-MU-ZET-CL13-9235,1,28197,31503
28197,31504-2266,1S-MH-MU-ZET-CL13-9235,1S-MH-MU-ZET-CL13-8489,2,31504,2266
28197,2265-6438,1S-MH-MU-ZET-CL13-8489,1S-MH-MU-ZET-CL13-8079,3,2265,6438
28197,6440-42240,1S-MH-MU-ZET-CL13-8079,1S-MH-MU-ZET-CL13-8257,4,6440,42240
28197,5183-5017,1S-MH-MU-ZET-CL13-8257,1S-MH-MU-ZET-CL13-8356,5,5183,5017
28197,5018-14038,1S-MH-MU-ZET-CL13-8356,1S-MH-MU-ZET-CL13-8710,6,5018,14038
28197,31500-9116,1S-MH-MU-ZET-CL13-9235,1S-MH-MU-ZET-CL13-8819,1.1,31500,9116
28197,9115-16364,1S-MH-MU-ZET-CL13-8819,1S-MH-MU-ZET-CL13-8382,1.2,9115,16364
28197,16365-31248,1S-MH-MU-ZET-CL13-8382,1S-MH-MU-ZET-CL13-8383,1.3,16365,31248
28197,31501-HTCONSUMER,1S-MH-MU-ZET-CL13-9235,NAN,1.2,31501,HTCONSUMER
28198,28198-42428,1S-MH-MU-ZET-RSTN-KURL,1S-MH-MU-ZET-CL03-9385,1,28198,42428
28198,42429-12578,1S-MH-MU-ZET-CL03-9385,1S-MH-MU-ZET-CL04-8452,2,42429,12578
28198,12577-30592,1S-MH-MU-ZET-CL04-8452,1S-MH-MU-ZET-CL04-8715,3,12577,30592
28198,30591-37494,1S-MH-MU-ZET-CL04-8715,1S-MH-MU-ZET-CL04-9643,4,30591,37494
28198,37495-14355,1S-MH-MU-ZET-CL04-9643,1S-MH-MU-ZET-CL04-8449,5,37495,14355
28198,14357-40035,1S-MH-MU-ZET-CL04-8449,1S-MH-MU-ZET-CL04-8446,6,14357,40035
28198,40036-42423,1S-MH-MU-ZET-CL04-8446,1S-MH-MU-ZET-CL04-8395,7,40036,42423
28198,18788-13077,1S-MH-MU-ZET-CL04-8395,1S-MH-MU-ZET-CL04-8450,8,18788,13077
28198,13076-35110,1S-MH-MU-ZET-CL04-8450,1S-MH-MU-ZET-CL04-9329,9,13076,35110
28198,35111-12701,1S-MH-MU-ZET-CL04-9329,1S-MH-MU-ZET-CL04-8336,10,35111,12701
28198,12700-37886,1S-MH-MU-ZET-CL04-8336,1S-MH-MU-ZET-CL04-8582,11,12700,37886
28198,40036-18786,1S-MH-MU-ZET-CL04-8446,1S-MH-MU-ZET-CL04-8395,6.1,40036,18786
28198,18788-13077,1S-MH-MU-ZET-CL04-8395,1S-MH-MU-ZET-CL04-8450,6.2,18788,13077
28198,13076-35110,1S-MH-MU-ZET-CL04-8450,1S-MH-MU-ZET-CL04-9329,6.3,13076,35110
28198,35111-12701,1S-MH-MU-ZET-CL04-9329,1S-MH-MU-ZET-CL04-8336,6.4,35111,12701
28198,12700-37886,1S-MH-MU-ZET-CL04-8336,1S-MH-MU-ZET-CL04-8582,6.5,12700,37886
28198,30593-31433,1S-MH-MU-ZET-CL04-8715,1S-MH-MU-ZET-CL04-8447,3.1,30593,31433
28199,28199-CAP BANK,1S-MH-MU-ZET-RSTN-KURL,1S-MH-MU-ZET-RSTN-KURL,1,28199,CAP BANK
29977,29977-12375,1S-MH-MU-ZCT-RSTN-LOKH,1S-MH-MU-ZCT-CL10-4320,1,29977,12375
29977,12376-HTCONSUMER,1S-MH-MU-ZCT-CL10-4320,NAN,2,12376,HTCONSUMER
29978,29978-40569,1S-MH-MU-ZCT-RSTN-LOKH,1S-MH-MU-ZCT-CL10-5713,1,29978,40569
29978,40567-7302,1S-MH-MU-ZCT-CL10-5713,1S-MH-MU-ZCT-CL10-4168,2,40567,7302
29978,7300-26645,1S-MH-MU-ZCT-CL10-4168,1S-MH-MU-ZCT-CL10-4982,3,7300,26645
29978,26646-19956,1S-MH-MU-ZCT-CL10-4982,1S-MH-MU-ZCT-CL10-4169,4,26646,19956
29980,29980-28625,1S-MH-MU-ZCT-RSTN-LOKH,1S-MH-MU-ZCT-CL10-5023,1,29980,28625
29980,28627-13621,1S-MH-MU-ZCT-CL10-5023,1S-MH-MU-ZCT-CL10-4399,2,28627,13621
29980,13620-17215,1S-MH-MU-ZCT-CL10-4399,1S-MH-MU-ZCT-CL10-4041,3,13620,17215
29980,17217-31543,1S-MH-MU-ZCT-CL10-4041,1S-MH-MU-ZCT-CL10-5145,4,17217,31543
29980,31542-17312,1S-MH-MU-ZCT-CL10-5145,1S-MH-MU-ZCT-CL10-4042,5,31542,17312
29980,13622-19073,1S-MH-MU-ZCT-CL10-4399,1S-MH-MU-ZCT-CL10-4400,2.1,13622,19073
29980,19074-10762,1S-MH-MU-ZCT-CL10-4400,1S-MH-MU-ZCT-CL10-4667,2.2,19074,10762
29983,29983-18145,1S-MH-MU-ZCT-RSTN-LOKH,1S-MH-MU-ZCT-CL10-4115,1,29983,18145
29983,10440-11569,1S-MH-MU-ZCT-CL10-4115,1S-MH-MU-ZCT-CL10-4592,2,10440,11569
29983,19237-39377,1S-MH-MU-ZCT-CL10-4592,1S-MH-MU-ZCT-CL10-5669,3,19237,39377
29984,29984-CAP BANK,1S-MH-MU-ZCT-RSTN-LOKH,1S-MH-MU-ZCT-RSTN-LOKH,1,29984,CAP BANK
29986,29986-4737,1S-MH-MU-ZCT-RSTN-LOKH,1S-MH-MU-ZCT-CL10-4320,1,29986,4737
29986,4735-HTCONSUMER,1S-MH-MU-ZCT-CL10-4320,NAN,2,4735,HTCONSUMER
29989,29989-29086,1S-MH-MU-ZCT-RSTN-LOKH,1S-MH-MU-ZCT-CL10-5044,1,29989,29086
29989,29084-30398,1S-MH-MU-ZCT-CL10-5044,1S-MH-MU-ZCT-CL10-5103,2,29084,30398
29989,30399-29080,1S-MH-MU-ZCT-CL10-5103,1S-MH-MU-ZCT-CL10-5046,3,30399,29080
29989,29081-30406,1S-MH-MU-ZCT-CL10-5046,1S-MH-MU-ZCT-CL10-5102,4,29081,30406
29989,30407-32827,1S-MH-MU-ZCT-CL10-5102,1S-MH-MU-ZCT-CL10-5045,5,30407,32827
29989,32828-25631,1S-MH-MU-ZCT-CL10-5045,1S-MH-MU-ZCT-CL10-4933,6,32828,25631
29989,25629-28359,1S-MH-MU-ZCT-CL10-4933,1S-MH-MU-ZCT-CL10-5011,7,25629,28359
29989,41916-42607,1S-MH-MU-ZCT-CL10-5045,1S-MH-MU-ZCT-CL10-4779,5.1,41916,42607
29990,29990-16319,1S-MH-MU-ZCT-RSTN-LOKH,1S-MH-MU-ZCT-CL10-4062,1,29990,16319
29990,29113-16536,1S-MH-MU-ZCT-CL10-4062,1S-MH-MU-ZCT-CL10-4060,2,29113,16536
29990,16534-31147,1S-MH-MU-ZCT-CL10-4060,1S-MH-MU-ZCT-CL10-5119,3,16534,31147
29990,42049-26341,1S-MH-MU-ZCT-CL10-5119,1S-MH-MU-ZCT-CL10-4794,4,42049,26341
29990,26339-40568,1S-MH-MU-ZCT-CL10-4794,1S-MH-MU-ZCT-CL10-5713,5,26339,40568
29991,29991-31836,1S-MH-MU-ZCT-RSTN-LOKH,1S-MH-MU-ZCT-CL10-5151,1,29991,31836
29991,31834-10763,1S-MH-MU-ZCT-CL10-5151,1S-MH-MU-ZCT-CL10-4667,2,31834,10763
29992,29992-STN XMER,1S-MH-MU-ZCT-RSTN-LOKH,1S-MH-MU-ZCT-RSTN-LOKH,1,29992,STN XMER
29993,29993-CAP BANK,1S-MH-MU-ZCT-RSTN-LOKH,1S-MH-MU-ZCT-RSTN-LOKH,1,29993,CAP BANK
7818,7818-HTCONSUMER,1S-MH-MU-ZCT-RSTN-MAHA,1S-MH-MU-ZCT-RSTN-MAHA,1,7818,HTCONSUMER
7819,7819-HTCONSUMER,1S-MH-MU-ZCT-RSTN-MAHA,1S-MH-MU-ZCT-RSTN-MAHA,1,7819,HTCONSUMER
7821,7821-10912,1S-MH-MU-ZCT-RSTN-MAHA,1S-MH-MU-ZSC-CL03-2751,1,7821,10912
7821,13507-26043,1S-MH-MU-ZSC-CL03-2751,1S-MH-MU-ZSC-CL03-2981,2,13507,26043
7821,26045-15854,1S-MH-MU-ZSC-CL03-2981,1S-MH-MU-ZSC-CL03-2102,3,26045,15854
7821,15856-14637,1S-MH-MU-ZSC-CL03-2102,1S-MH-MU-ZSC-CL03-2101,4,15856,14637
7821,14635-38915,1S-MH-MU-ZSC-CL03-2101,1S-MH-MU-ZSC-CL03-3519,5,14635,38915
7822,7822-26036,1S-MH-MU-ZCT-RSTN-MAHA,1S-MH-MU-ZCT-RSTN-MAHA,1,7822,26036
7822,7822-7326,1S-MH-MU-ZCT-RSTN-MAHA,1S-MH-MU-ZSC-CL03-2709,2,7822,7326
7822,7327-36912,1S-MH-MU-ZSC-CL03-2709,1S-MH-MU-ZSC-CL03-2776,3,7327,36912
7822,5541-34953,1S-MH-MU-ZSC-CL03-2776,1S-MH-MU-ZSC-CL03-3293,4,5541,34953
7822,34955-34950,1S-MH-MU-ZSC-CL03-3293,1S-MH-MU-ZSC-CL03-3277,5,34955,34950
7822,34951-2480,1S-MH-MU-ZSC-CL03-3277,1S-MH-MU-ZSC-CL03-2318,6,34951,2480
7822,4676-18962,1S-MH-MU-ZSC-CL03-2318,1S-MH-MU-ZSC-CL03-2880,7,4676,18962
7822,18964-18928,1S-MH-MU-ZSC-CL03-2880,1S-MH-MU-ZSC-CL03-2879,8,18964,18928
7822,18930-37246,1S-MH-MU-ZSC-CL03-2879,1S-MH-MU-ZSC-CL03-3431,9,18930,37246
7822,37247-41173,1S-MH-MU-ZSC-CL03-3431,1S-MH-MU-ZSC-CL03-3601,10,37247,41173
7822,13701-13703,1S-MH-MU-ZSC-CL03-2776,1S-MH-MU-ZSC-CL03-2628,3.1,13701,13703
7822,13701-13703,1S-MH-MU-ZSC-CL03-2776,1S-MH-MU-ZSC-CL03-2628,3.2,13701,13703
7823,7823-34651,1S-MH-MU-ZCT-RSTN-MAHA,1S-MH-MU-ZCT-CL07-4723,1,7823,34651
7823,12598-12252,1S-MH-MU-ZCT-CL07-4723,1S-MH-MU-ZSC-CL02-2746,2,12598,12252
7823,12250-13867,1S-MH-MU-ZSC-CL02-2746,1S-MH-MU-ZSC-CL02-2624,3,12250,13867
7823,13869-25930,1S-MH-MU-ZSC-CL02-2624,1S-MH-MU-ZSC-CL02-2974,4,13869,25930
7823,25932-26804,1S-MH-MU-ZSC-CL02-2974,1S-MH-MU-ZSC-CL02-2625,5,25932,26804
7823,26806-5270,1S-MH-MU-ZSC-CL02-2625,1S-MH-MU-ZSC-CL02-2323,6,26806,5270
7824,7824-30048,1S-MH-MU-ZCT-RSTN-MAHA,1S-MH-MU-ZCT-CL07-4569,1,7824,30048
7824,41699-28787,1S-MH-MU-ZCT-CL07-4569,1S-MH-MU-ZCT-CL07-5027,2,41699,28787
7824,28785-28790,1S-MH-MU-ZCT-CL07-5027,1S-MH-MU-ZCT-CL07-5028,3,28785,28790
7824,28789-25560,1S-MH-MU-ZCT-CL07-5028,1S-MH-MU-ZCT-CL07-4930,4,28789,25560
7825,7825-CAP BANK,1S-MH-MU-ZCT-RSTN-MAHA,1S-MH-MU-ZCT-RSTN-MAHA,1,7825,CAP BANK
7828,7828-30120,1S-MH-MU-ZCT-RSTN-MAHA,1S-MH-MU-ZCT-CL07-5086,1,7828,30120
7828,31505-29425,1S-MH-MU-ZCT-CL07-5086,1S-MH-MU-ZCT-CL07-4661,2,31505,29425
7828,2996-15519,1S-MH-MU-ZCT-CL07-4661,1S-MH-MU-ZSC-CL02-2626,3,2996,15519
7828,15517-2923,1S-MH-MU-ZSC-CL02-2626,1S-MH-MU-ZSC-CL02-2323,4,15517,2923
7828,2922-12533,1S-MH-MU-ZSC-CL02-2323,1S-MH-MU-ZSC-CL02-2324,5,2922,12533
7828,12534-18527,1S-MH-MU-ZSC-CL02-2324,1S-MH-MU-ZSC-CL02-2786,6,12534,18527
7828,18525-4945,1S-MH-MU-ZSC-CL02-2786,1S-MH-MU-ZSC-CL02-2138,7,18525,4945
7828,4947-41940,1S-MH-MU-ZSC-CL02-2138,1S-MH-MU-ZSC-CL02-3622,8,4947,41940
7828,41939-40971,1S-MH-MU-ZSC-CL02-3622,1S-MH-MU-ZSC-CL02-3577,9,41939,40971
7828,40970-11133,1S-MH-MU-ZSC-CL02-3577,1S-MH-MU-ZSC-CL02-2696,10,40970,11133
7828,11131-19252,1S-MH-MU-ZSC-CL02-2696,1S-MH-MU-ZSC-CL02-2869,11,11131,19252
7828,19254-17520,1S-MH-MU-ZSC-CL02-2869,1S-MH-MU-ZSC-CL02-2453,12,19254,17520
7828,17518-30775,1S-MH-MU-ZSC-CL02-2453,1S-MH-MU-ZSC-CL02-3151,13,17518,30775
7828,2921-38948,1S-MH-MU-ZSC-CL02-2323,1S-MH-MU-ZSC-CL02-3523,4.1,2921,38948
7828,2995-4653,1S-MH-MU-ZCT-CL07-4661,1S-MH-MU-ZCT-CL07-4568,2.1,2995,4653
7828,5789-HTCONSUMER,1S-MH-MU-ZCT-CL07-4661,NAN,2.2,5789,HTCONSUMER
7828,30121-HTCONSUMER,1S-MH-MU-ZCT-CL07-5086,NAN,1.1,30121,HTCONSUMER
7830,7830-18216,1S-MH-MU-ZCT-RSTN-MAHA,1S-MH-MU-ZCT-CL07-4277,1,7830,18216
7830,18214-14777,1S-MH-MU-ZCT-CL07-4277,1S-MH-MU-ZCT-CL07-4006,2,18214,14777
7830,18066-18008,1S-MH-MU-ZCT-CL07-4006,1S-MH-MU-ZCT-CL08-4019,3,18066,18008
7830,18009-26673,1S-MH-MU-ZCT-CL08-4019,1S-MH-MU-ZCT-CL08-4013,4,18009,26673
7830,26674-18015,1S-MH-MU-ZCT-CL08-4013,1S-MH-MU-ZCT-CL08-4010,5,26674,18015
7830,18014-18977,1S-MH-MU-ZCT-CL08-4010,1S-MH-MU-ZCT-CL08-4009,6,18014,18977
7830,18976-27019,1S-MH-MU-ZCT-CL08-4009,1S-MH-MU-ZCT-CL07-5001,7,18976,27019
7830,18010-26633,1S-MH-MU-ZCT-CL08-4019,1S-MH-MU-ZCT-CL08-4018,3.1,18010,26633
7830,26632-41673,1S-MH-MU-ZCT-CL08-4018,1S-MH-MU-ZCT-CL07-5343,3.2,26632,41673
7830,41672-40324,1S-MH-MU-ZCT-CL07-5343,1S-MH-MU-ZCT-RSTN-ROYA,3.3,41672,40324
7830,15521-36338,1S-MH-MU-ZCT-CL08-4018,1S-MH-MU-ZCT-CL08-5432,3.1.1,15521,36338
7830,18065-18005,1S-MH-MU-ZCT-CL07-4006,1S-MH-MU-ZCT-CL08-4017,2.1,18065,18005
7830,18007-16172,1S-MH-MU-ZCT-CL08-4017,1S-MH-MU-ZCT-CL07-4011,2.2,18007,16172
7830,26005-18020,1S-MH-MU-ZCT-CL07-4011,1S-MH-MU-ZCT-CL08-4012,2.3,26005,18020
7830,18019-2986,1S-MH-MU-ZCT-CL08-4012,1S-MH-MU-ZCT-CL08-4033,2.4,18019,2986
7830,32585-GOD425,1S-MH-MU-ZCT-CL07-4011,NAN,2.2.1,32585,GOD425
7830,18006-26679,1S-MH-MU-ZCT-CL08-4017,1S-MH-MU-ZCT-CL08-4014,2.1.1,18006,26679
7830,34773-34769,1S-MH-MU-ZCT-CL07-4277,1S-MH-MU-ZCT-CL07-4276,1.1,34773,34769
9256,9256-9122,1S-MH-MU-ZCT-RSTN-MAHA,1S-MH-MU-ZCT-CL07-4313,1,9256,9122
9257,9257-HTCONSUMER,1S-MH-MU-ZCT-RSTN-MAHA,1S-MH-MU-ZCT-RSTN-MAHA,1,9257,HTCONSUMER
12078,12078-HTCONSUMER,1S-MH-MU-ZCT-RSTN-MAHA,1S-MH-MU-ZCT-RSTN-MAHA,1,12078,HTCONSUMER
12079,12079-CAP BANK,1S-MH-MU-ZCT-RSTN-MAHA,1S-MH-MU-ZCT-RSTN-MAHA,1,12079,CAP BANK
26032,26032-17904,1S-MH-MU-ZCT-RSTN-MAHA,1S-MH-MU-ZSC-CL03-2440,1,26032,17904
26032,13549-40531,1S-MH-MU-ZSC-CL03-2440,1S-MH-MU-ZSC-CL03-3608,2,13549,40531
26032,40532-10906,1S-MH-MU-ZSC-CL03-3608,1S-MH-MU-ZSC-CL03-2627,3,40532,10906
26032,6861-76,1S-MH-MU-ZSC-CL03-2627,1S-MH-MU-ZSC-CL08-2048,4,6861,76
26032,4356-13702,1S-MH-MU-ZSC-CL03-2627,1S-MH-MU-ZSC-CL03-2628,3.1,4356,13702
26032,13547-34502,1S-MH-MU-ZSC-CL03-2440,1S-MH-MU-ZSC-CL03-2437,1.1,13547,34502
26032,2391-38914,1S-MH-MU-ZSC-CL03-2437,1S-MH-MU-ZSC-CL03-3519,1.2,2391,38914
26032,17904-13341,1S-MH-MU-ZSC-CL03-2440,1S-MH-MU-ZSC-CL03-2439,1.2,17904,13341
26033,26033-19954,1S-MH-MU-ZCT-RSTN-MAHA,1S-MH-MU-ZCT-CL07-4879,1,26033,19954
26033,19953-30772,1S-MH-MU-ZCT-CL07-4879,1S-MH-MU-ZCT-CL07-5109,2,19953,30772
26033,30770-19623,1S-MH-MU-ZCT-CL07-5109,1S-MH-MU-ZCT-CL07-4878,3,30770,19623
26033,19621-26053,1S-MH-MU-ZCT-CL07-4878,1S-MH-MU-ZCT-CL07-4950,4,19621,26053
26033,26052-29377,1S-MH-MU-ZCT-CL07-4950,1S-MH-MU-ZCT-CL07-5059,5,26052,29377
26033,29375-25506,1S-MH-MU-ZCT-CL07-5059,1S-MH-MU-ZCT-CL07-4726,6,29375,25506
26038,26038-STN XMER,1S-MH-MU-ZCT-RSTN-MAHA,1S-MH-MU-ZCT-RSTN-MAHA,1,26038,STN XMER
26039,26039-CAP BANK,1S-MH-MU-ZCT-RSTN-MAHA,1S-MH-MU-ZCT-RSTN-MAHA,1,26039,CAP BANK
3603,3603-3616,1S-MH-MU-ZET-RSTN-MAHU,1S-MH-MU-ZET-RSTN-MAHU,1,3603,3616
3605,3605-35696,1S-MH-MU-ZET-RSTN-MAHU,1S-MH-MU-ZET-CL10-9484,1,3605,35696
3605,35698-35711,1S-MH-MU-ZET-CL10-9484,1S-MH-MU-ZET-CL10-9485,2,35698,35711
3608,3608-42757,1S-MH-MU-ZET-RSTN-MAHU,1S-MH-MU-ZET-CL10-9606,1,3608,42757
3608,42756-458,1S-MH-MU-ZET-CL10-9606,1S-MH-MU-ZET-CL10-8441,2,42756,458
3608,36543-17924,1S-MH-MU-ZET-CL10-8441,1S-MH-MU-ZET-CL10-8717,3,36543,17924
3608,36439-37460,1S-MH-MU-ZET-CL10-8717,1S-MH-MU-ZET-CL10-9612,4,36439,37460
3608,37462-32864,1S-MH-MU-ZET-CL10-9612,1S-MH-MU-ZET-RSTN-ANIK,5,37462,32864
3608,32864-394,1S-MH-MU-ZET-RSTN-ANIK,1S-MH-MU-ZET-CL10-8112,6,32864,394
3608,336-438,1S-MH-MU-ZET-CL10-8112,1S-MH-MU-ZET-CL10-8849,7,336,438
3608,440-15301,1S-MH-MU-ZET-CL10-8849,1S-MH-MU-ZET-CL10-8566,8,440,15301
3608,15300-30664,1S-MH-MU-ZET-CL10-8566,1S-MH-MU-ZET-CL10-9192,9,15300,30664
3608,2816-29887,1S-MH-MU-ZET-CL10-8849,1S-MH-MU-ZET-CL10-8670,7.1,2816,29887
3608,460-16417,1S-MH-MU-ZET-CL10-8441,1S-MH-MU-ZET-CL10-8547,2.1,460,16417
3608,16419-16441,1S-MH-MU-ZET-CL10-8547,1S-MH-MU-ZET-CL10-8259,2.2,16419,16441
3608,43544-DT,1S-MH-MU-ZET-CL10-9606,NAN,1.1,43544,DT
3609,3609-42964,1S-MH-MU-ZET-RSTN-MAHU,1S-MH-MU-ZET-CL10-8529,1,3609,42964
3609,2963-16989,1S-MH-MU-ZET-CL10-8529,1S-MH-MU-ZET-CL10-8055,2,2963,16989
3609,16991-4301,1S-MH-MU-ZET-CL10-8055,1S-MH-MU-ZET-CL10-8162,3,16991,4301
3609,4300-4695,1S-MH-MU-ZET-CL10-8162,1S-MH-MU-ZET-CL10-8647,4,4300,4695
3609,7719-4597,1S-MH-MU-ZET-CL10-8647,1S-MH-MU-ZET-CL10-8246,5,7719,4597
3609,5142-40679,1S-MH-MU-ZET-CL10-8246,1S-MH-MU-ZET-CL10-8371,6,5142,40679
3609,40680-34503,1S-MH-MU-ZET-CL10-8371,1S-MH-MU-ZET-CL10-8272,7,40680,34503
3609,34505-17968,1S-MH-MU-ZET-CL10-8272,1S-MH-MU-ZET-CL10-8814,8,34505,17968
3609,40678-16977,1S-MH-MU-ZET-CL10-8371,1S-MH-MU-ZET-CL10-8598,6.1,40678,16977
3609,4595-2101,1S-MH-MU-ZET-CL10-8246,1S-MH-MU-ZET-CL10-8370,5.1,4595,2101
3609,2965-39398,1S-MH-MU-ZET-CL10-8529,1S-MH-MU-ZET-CL10-8021,1.1,2965,39398
3609,39399-29249,1S-MH-MU-ZET-CL10-8021,1S-MH-MU-ZET-CL10-8756,1.2,39399,29249
3609,2964-HTCONSUMER,1S-MH-MU-ZET-CL10-8529,NAN,1.2,2964,HTCONSUMER
3610,3610-CAP BANK,1S-MH-MU-ZET-RSTN-MAHU,1S-MH-MU-ZET-RSTN-MAHU,1,3610,CAP BANK
3614,3614-31910,1S-MH-MU-ZET-RSTN-MAHU,1S-MH-MU-ZET-CL10-8259,1,3614,31910
3614,11477-9032,1S-MH-MU-ZET-CL10-8259,1S-MH-MU-ZET-CL10-8817,2,11477,9032
3614,9033-32867,1S-MH-MU-ZET-CL10-8817,1S-MH-MU-ZET-RSTN-ANIK,3,9033,32867
3614,16440-26190,1S-MH-MU-ZET-CL10-8259,1S-MH-MU-ZET-CL10-8941,1.1,16440,26190
3614,16440-15185,1S-MH-MU-ZET-CL10-8259,1S-MH-MU-ZET-CL10-8941,1.2,16440,15185
3615,3615-39367,1S-MH-MU-ZET-RSTN-MAHU,1S-MH-MU-ZET-CL10-9486,1,3615,39367
3615,39369-39381,1S-MH-MU-ZET-CL10-9486,1S-MH-MU-ZET-CL10-9506,2,39369,39381
3615,39379-19523,1S-MH-MU-ZET-CL10-9506,1S-MH-MU-ZET-CL10-8975,3,39379,19523
3615,19521-25865,1S-MH-MU-ZET-CL10-8975,1S-MH-MU-ZET-CL10-9028,4,19521,25865
3615,37481-42758,1S-MH-MU-ZET-CL10-9028,1S-MH-MU-ZET-CL10-9606,5,37481,42758
3615,25867-29248,1S-MH-MU-ZET-CL10-9028,1S-MH-MU-ZET-CL10-8756,4.1,25867,29248
3618,3618-CAP BANK,1S-MH-MU-ZET-RSTN-MAHU,1S-MH-MU-ZET-RSTN-MAHU,1,3618,CAP BANK
38988,38988-38626,1S-MH-MU-ZST-RSTN-MAKE,1S-MH-MU-ZST-CL05-1276,1,38988,38626
38988,38627-HTCONSUMER,1S-MH-MU-ZST-CL05-1276,NAN,2,38627,HTCONSUMER
38988,38628-HTCONSUMER,1S-MH-MU-ZST-CL05-1276,NAN,1.1,38628,HTCONSUMER
38994,38994-7436,1S-MH-MU-ZST-RSTN-MAKE,1S-MH-MU-ZST-CL05-0051,1,38994,7436
38994,7438-13546,1S-MH-MU-ZST-CL05-0051,1S-MH-MU-ZST-CL05-0270,2,7438,13546
38994,13544-6292,1S-MH-MU-ZST-CL05-0270,1S-MH-MU-ZST-CL06-0314,3,13544,6292
38994,6292-30360,1S-MH-MU-ZST-CL06-0314,1S-MH-MU-ZST-CL06-0777,4,6292,30360
38994,30358-40186,1S-MH-MU-ZST-CL06-0777,1S-MH-MU-ZST-CL06-1342,5,30358,40186
38994,40187-4569,1S-MH-MU-ZST-CL06-1342,1S-MH-MU-ZST-CL06-0320,6,40187,4569
38994,6311-6513,1S-MH-MU-ZST-CL06-0320,1S-MH-MU-ZST-CL06-0385,7,6311,6513
38994,6511-6631,1S-MH-MU-ZST-CL06-0385,1S-MH-MU-ZST-CL06-0342,8,6511,6631
38994,6633-6579,1S-MH-MU-ZST-CL06-0342,1S-MH-MU-ZST-CL06-0204,9,6633,6579
38994,40188-HTCONSUMER,1S-MH-MU-ZST-CL06-1342,NAN,5.1,40188,HTCONSUMER
38994,13544-43708,1S-MH-MU-ZST-CL05-0270,1S-MH-MU-ZST-CL05-0269,2.1,13544,43708
38995,38995-12075,1S-MH-MU-ZST-RSTN-MAKE,1S-MH-MU-ZST-CL05-0143,1,38995,12075
38995,12077-12677,1S-MH-MU-ZST-CL05-0143,1S-MH-MU-ZST-CL05-0179,2,12077,12677
39411,39411-39593,1S-MH-MU-ZST-RSTN-MAKE,1S-MH-MU-ZST-CL05-1276,1,39411,39593
39416,39416-42856,1S-MH-MU-ZST-RSTN-MAKE,1S-MH-MU-ZST-CL05-0269,1,39416,42856
39416,42857-39536,1S-MH-MU-ZST-CL05-0269,1S-MH-MU-ZST-CL05-0341,2,42857,39536
39416,12256-30272,1S-MH-MU-ZST-CL05-0341,1S-MH-MU-ZST-CL05-0775,3,12256,30272
39416,30270-42020,1S-MH-MU-ZST-CL05-0775,1S-MH-MU-ZST-CL06-1357,4,30270,42020
39416,42021-34354,1S-MH-MU-ZST-CL06-1357,1S-MH-MU-ZST-CL05-0310,5,42021,34354
39416,34356-9778,1S-MH-MU-ZST-CL05-0310,1S-MH-MU-ZST-CL05-0150,6,34356,9778
39416,5965-42046,1S-MH-MU-ZST-CL05-0150,1S-MH-MU-ZST-CL05-1092,7,5965,42046
39416,42047-42826,1S-MH-MU-ZST-CL05-1092,1S-MH-MU-ZST-CL05-0432,8,42047,42826
39416,42825-17800,1S-MH-MU-ZST-CL05-0432,1S-MH-MU-ZST-CL05-0128,9,42825,17800
39416,17798-15633,1S-MH-MU-ZST-CL05-0128,1S-MH-MU-ZST-CL05-0347,10,17798,15633
39416,34357-39390,1S-MH-MU-ZST-CL05-0310,1S-MH-MU-ZST-CL05-1307,5.1,34357,39390
39416,12254-17053,1S-MH-MU-ZST-CL05-0341,1S-MH-MU-ZST-CL05-0346,2.1,12254,17053
18444,18444-11086,1S-MH-MU-ZCT-RSTN-MALA,1S-MH-MU-ZCT-CL10-4596,1,18444,11086
18444,11088-10325,1S-MH-MU-ZCT-CL10-4596,1S-MH-MU-ZCT-CL09-4297,2,11088,10325
18444,10323-6602,1S-MH-MU-ZCT-CL09-4297,1S-MH-MU-ZCT-CL10-4172,3,10323,6602
18444,12203-12299,1S-MH-MU-ZCT-CL10-4172,1S-MH-MU-ZCT-CL10-4171,4,12203,12299
18444,11087-12346,1S-MH-MU-ZCT-CL10-4596,1S-MH-MU-ZCT-CL10-4164,1.1,11087,12346
18445,18445-44054,1S-MH-MU-ZCT-RSTN-MALA,1S-MH-MU-ZCT-CL03-5322,1,18445,44054
18445,44055-11578,1S-MH-MU-ZCT-CL03-5322,1S-MH-MU-ZCT-CL03-4808,2,44055,11578
18445,11577-11524,1S-MH-MU-ZCT-CL03-4808,1S-MH-MU-ZCT-CL03-4516,3,11577,11524
18445,11525-31216,1S-MH-MU-ZCT-CL03-4516,1S-MH-MU-ZCT-CL03-5121,4,11525,31216
18445,31214-25564,1S-MH-MU-ZCT-CL03-5121,1S-MH-MU-ZCT-CL03-4932,5,31214,25564
18445,25566-43073,1S-MH-MU-ZCT-CL03-4932,1S-MH-MU-ZCT-CL03-5290,6,25566,43073
18445,43072-14379,1S-MH-MU-ZCT-CL03-5290,1S-MH-MU-ZCT-CL03-4681,7,43072,14379
18445,11386-15895,1S-MH-MU-ZCT-CL03-4681,1S-MH-MU-ZCT-CL03-4031,8,11386,15895
18445,15897-36213,1S-MH-MU-ZCT-CL03-4031,1S-MH-MU-ZCT-CL03-4030,9,15897,36213
18445,36212-27098,1S-MH-MU-ZCT-CL03-4030,1S-MH-MU-ZCT-CL03-5002,10,36212,27098
18445,27097-18171,1S-MH-MU-ZCT-CL03-5002,1S-MH-MU-ZCT-CL04-4688,11,27097,18171
18445,18173-7107,1S-MH-MU-ZCT-CL04-4688,1S-MH-MU-ZCT-CL04-4686,12,18173,7107
18447,18447-26114,1S-MH-MU-ZCT-RSTN-MALA,1S-MH-MU-ZCT-CL03-4954,1,18447,26114
18447,26116-10814,1S-MH-MU-ZCT-CL03-4954,1S-MH-MU-ZCT-CL03-4823,2,26116,10814
18447,10816-292,1S-MH-MU-ZCT-CL03-4823,1S-MH-MU-ZCT-CL03-4442,3,10816,292
18447,173-7711,1S-MH-MU-ZCT-CL03-4442,1S-MH-MU-ZCT-CL03-4691,4,173,7711
18447,7712-35925,1S-MH-MU-ZCT-CL03-4691,1S-MH-MU-ZCT-CL03-5259,5,7712,35925
18447,35927-10595,1S-MH-MU-ZCT-CL03-5259,1S-MH-MU-ZCT-CL03-4395,6,35927,10595
18447,10596-38096,1S-MH-MU-ZCT-CL03-4395,1S-MH-MU-ZCT-CL02-5554,7,10596,38096
18447,38095-15861,1S-MH-MU-ZCT-CL02-5554,1S-MH-MU-ZCT-CL02-4161,8,38095,15861
18447,15859-42592,1S-MH-MU-ZCT-CL02-4161,1S-MH-MU-ZCT-CL02-5580,9,15859,42592
18447,18447-29556,1S-MH-MU-ZCT-RSTN-MALA,1S-MH-MU-ZCT-RSTN-MALA,2,18447,29556
18447,18447-26114,1S-MH-MU-ZCT-RSTN-MALA,1S-MH-MU-ZCT-CL03-4954,3,18447,26114
18447,26116-10814,1S-MH-MU-ZCT-CL03-4954,1S-MH-MU-ZCT-CL03-4823,4,26116,10814
18447,10816-292,1S-MH-MU-ZCT-CL03-4823,1S-MH-MU-ZCT-CL03-4442,5,10816,292
18447,173-7711,1S-MH-MU-ZCT-CL03-4442,1S-MH-MU-ZCT-CL03-4691,6,173,7711
18447,7712-35925,1S-MH-MU-ZCT-CL03-4691,1S-MH-MU-ZCT-CL03-5259,7,7712,35925
18447,35927-10595,1S-MH-MU-ZCT-CL03-5259,1S-MH-MU-ZCT-CL03-4395,8,35927,10595
18447,10596-38096,1S-MH-MU-ZCT-CL03-4395,1S-MH-MU-ZCT-CL02-5554,9,10596,38096
18447,38095-15861,1S-MH-MU-ZCT-CL02-5554,1S-MH-MU-ZCT-CL02-4161,10,38095,15861
18447,15859-42592,1S-MH-MU-ZCT-CL02-4161,1S-MH-MU-ZCT-CL02-5580,11,15859,42592
18448,18448-35009,1S-MH-MU-ZCT-RSTN-MALA,1S-MH-MU-ZCT-CL03-5232,1,18448,35009
18448,35007-38349,1S-MH-MU-ZCT-CL03-5232,1S-MH-MU-ZCT-CL03-5239,2,35007,38349
18448,38350-35589,1S-MH-MU-ZCT-CL03-5239,1S-MH-MU-ZCT-CL03-5324,3,38350,35589
18448,35590-31781,1S-MH-MU-ZCT-CL03-5324,1S-MH-MU-ZCT-CL03-5148,4,35590,31781
18448,31779-14244,1S-MH-MU-ZCT-CL03-5148,1S-MH-MU-ZCT-CL03-4601,5,31779,14244
18448,14245-10321,1S-MH-MU-ZCT-CL03-4601,1S-MH-MU-ZCT-CL03-4474,6,14245,10321
18448,6893-4335,1S-MH-MU-ZCT-CL03-4474,1S-MH-MU-ZCT-CL03-4412,7,6893,4335
18448,4336-34804,1S-MH-MU-ZCT-CL03-4412,1S-MH-MU-ZCT-CL03-5238,8,4336,34804
18448,34802-29059,1S-MH-MU-ZCT-CL03-5238,1S-MH-MU-ZCT-CL03-5049,9,34802,29059
18448,29057-6330,1S-MH-MU-ZCT-CL03-5049,1S-MH-MU-ZCT-CL03-4414,10,29057,6330
18448,19892-6331,1S-MH-MU-ZCT-CL03-4414,1S-MH-MU-ZCT-CL03-4902,11,19892,6331
18448,7394-26841,1S-MH-MU-ZCT-CL03-4474,1S-MH-MU-ZCT-CL03-4991,6.1,7394,26841
18448,26843-15805,1S-MH-MU-ZCT-CL03-4991,1S-MH-MU-ZCT-CL03-4757,6.2,26843,15805
18448,15804-10815,1S-MH-MU-ZCT-CL03-4757,1S-MH-MU-ZCT-CL03-4823,6.3,15804,10815
18449,18449-40084,1S-MH-MU-ZCT-RSTN-MALA,1S-MH-MU-ZCT-CL03-5647,1,18449,40084
18449,40085-42519,1S-MH-MU-ZCT-CL03-5647,1S-MH-MU-ZCT-CL03-5289,2,40085,42519
18449,42517-42542,1S-MH-MU-ZCT-CL03-5289,1S-MH-MU-ZCT-CL03-4074,3,42517,42542
18449,15835-14369,1S-MH-MU-ZCT-CL03-4074,1S-MH-MU-ZCT-CL03-4641,4,15835,14369
18449,14371-4287,1S-MH-MU-ZCT-CL03-4641,1S-MH-MU-ZCT-CL03-4026,5,14371,4287
18449,15833-10667,1S-MH-MU-ZCT-CL03-4074,1S-MH-MU-ZCT-CL03-4646,3.1,15833,10667
18449,10668-32581,1S-MH-MU-ZCT-CL03-4646,1S-MH-MU-ZCT-CL03-5153,3.2,10668,32581
18449,42518-35177,1S-MH-MU-ZCT-CL03-5289,1S-MH-MU-ZCT-CL03-5265,2.1,42518,35177
18449,35174-29064,1S-MH-MU-ZCT-CL03-5265,1S-MH-MU-ZCT-CL03-5048,2.2,35174,29064
18450,18450-STN XMER,1S-MH-MU-ZCT-RSTN-MALA,1S-MH-MU-ZCT-RSTN-MALA,1,18450,STN XMER
18451,18451-CAP BANK,1S-MH-MU-ZCT-RSTN-MALA,1S-MH-MU-ZCT-RSTN-MALA,1,18451,CAP BANK
29554,29554-CAP BANK,1S-MH-MU-ZCT-RSTN-MALA,1S-MH-MU-ZCT-RSTN-MALA,1,29554,CAP BANK
29558,29558-37910,1S-MH-MU-ZCT-RSTN-MALA,1S-MH-MU-ZCT-CL03-5516,1,29558,37910
29558,37911-11856,1S-MH-MU-ZCT-CL03-5516,1S-MH-MU-ZCT-CL03-4030,2,37911,11856
29558,11855-7220,1S-MH-MU-ZCT-CL03-4030,1S-MH-MU-ZCT-CL04-4687,3,11855,7220
29558,7219-34363,1S-MH-MU-ZCT-CL04-4687,1S-MH-MU-ZCT-CL04-5202,4,7219,34363
29558,34365-38203,1S-MH-MU-ZCT-CL04-5202,1S-MH-MU-ZCT-CL05-5393,5,34365,38203
29558,38202-7423,1S-MH-MU-ZCT-CL05-5393,1S-MH-MU-ZCT-CL04-4323,6,38202,7423
29558,7425-5085,1S-MH-MU-ZCT-CL04-4323,1S-MH-MU-ZCT-CL04-4322,7,7425,5085
29558,31645-16044,1S-MH-MU-ZCT-CL04-4322,1S-MH-MU-ZCT-CL04-4638,8,31645,16044
29558,16042-40685,1S-MH-MU-ZCT-CL04-4638,1S-MH-MU-ZCT-CL04-5466,9,16042,40685
29558,7221-16509,1S-MH-MU-ZCT-CL04-4687,1S-MH-MU-ZCT-CL04-4709,3.1,7221,16509
29558,16511-12567,1S-MH-MU-ZCT-CL04-4709,1S-MH-MU-ZCT-CL03-4548,3.2,16511,12567
29559,29559-13879,1S-MH-MU-ZCT-RSTN-MALA,1S-MH-MU-ZCT-CL10-4099,1,29559,13879
29559,16243-43023,1S-MH-MU-ZCT-CL10-4099,1S-MH-MU-ZCT-CL09-5323,2,16243,43023
29559,43022-16247,1S-MH-MU-ZCT-CL09-5323,1S-MH-MU-ZCT-CL09-4586,3,43022,16247
29559,31672-6172,1S-MH-MU-ZCT-CL09-4586,1S-MH-MU-ZCT-CL09-4059,4,31672,6172
29559,6170-34150,1S-MH-MU-ZCT-CL09-4059,1S-MH-MU-ZCT-CL09-5193,5,6170,34150
29559,34152-39974,1S-MH-MU-ZCT-CL09-5193,1S-MH-MU-ZCT-CL08-5691,6,34152,39974
29559,39975-36264,1S-MH-MU-ZCT-CL08-5691,1S-MH-MU-ZCT-CL08-5413,7,39975,36264
29559,36265-2891,1S-MH-MU-ZCT-CL08-5413,1S-MH-MU-ZCT-CL08-4604,8,36265,2891
29559,7113-42274,1S-MH-MU-ZCT-CL09-4586,1S-MH-MU-ZCT-CL09-5629,3.1,7113,42274
29559,42273-38250,1S-MH-MU-ZCT-CL09-5629,1S-MH-MU-ZCT-CL09-4563,3.2,42273,38250
29559,31671-38355,1S-MH-MU-ZCT-CL09-4586,1S-MH-MU-ZCT-CL09-5455,3.2,31671,38355
29560,29560-31683,1S-MH-MU-ZCT-RSTN-MALA,1S-MH-MU-ZCT-CL03-4443,1,29560,31683
29560,4123-9013,1S-MH-MU-ZCT-CL03-4443,1S-MH-MU-ZCT-CL03-4455,2,4123,9013
29560,9015-4128,1S-MH-MU-ZCT-CL03-4455,1S-MH-MU-ZCT-CL03-4669,3,9015,4128
29560,14824-36722,1S-MH-MU-ZCT-CL03-4669,1S-MH-MU-ZCT-CL03-5367,4,14824,36722
29560,31682-4581,1S-MH-MU-ZCT-CL03-4443,1S-MH-MU-ZCT-CL10-4162,1.1,31682,4581
29560,2-40690,1S-MH-MU-ZCT-CL10-4162,1S-MH-MU-ZCT-CL09-5717,1.2,2,40690
29560,40689-42122,1S-MH-MU-ZCT-CL09-5717,1S-MH-MU-ZCT-CL09-4893,1.3,40689,42122
29560,4580-40690,1S-MH-MU-ZCT-CL10-4162,1S-MH-MU-ZCT-CL09-5717,1.1.1,4580,40690
29560,40689-42122,1S-MH-MU-ZCT-CL09-5717,1S-MH-MU-ZCT-CL09-4893,1.1.2,40689,42122
29560,896-HTCONSUMER,1S-MH-MU-ZCT-CL03-4443,NAN,1.2,896,HTCONSUMER
29562,29562-32566,1S-MH-MU-ZCT-RSTN-MALA,1S-MH-MU-ZCT-CL03-5164,1,29562,32566
29562,32564-34812,1S-MH-MU-ZCT-CL03-5164,1S-MH-MU-ZCT-CL03-5243,2,32564,34812
29562,34813-37407,1S-MH-MU-ZCT-CL03-5243,1S-MH-MU-ZCT-CL03-5268,3,34813,37407
29562,37405-15842,1S-MH-MU-ZCT-CL03-5268,1S-MH-MU-ZCT-CL03-4223,4,37405,15842
29562,44013-25828,1S-MH-MU-ZCT-CL03-4223,1S-MH-MU-ZCT-CL03-4944,5,44013,25828
29562,25830-31331,1S-MH-MU-ZCT-CL03-4944,1S-MH-MU-ZCT-CL03-5132,6,25830,31331
29562,31333-36077,1S-MH-MU-ZCT-CL03-5132,1S-MH-MU-ZCT-CL03-4210,7,31333,36077
29562,14403-42891,1S-MH-MU-ZCT-CL03-4210,1S-MH-MU-ZCT-CL03-5168,8,14403,42891
29562,32318-28142,1S-MH-MU-ZCT-CL03-5168,1S-MH-MU-ZCT-CL03-5006,9,32318,28142
29562,28144-31527,1S-MH-MU-ZCT-CL03-5006,1S-MH-MU-ZCT-CL03-4789,10,28144,31527
29562,31526-35320,1S-MH-MU-ZCT-CL03-4789,1S-MH-MU-ZCT-CL03-5266,11,31526,35320
29562,35319-7882,1S-MH-MU-ZCT-CL03-5266,1S-MH-MU-ZCT-CL03-4545,12,35319,7882
29562,42892-38662,1S-MH-MU-ZCT-CL03-5168,1S-MH-MU-ZCT-CL03-4448,8.1,42892,38662
29562,36078-38193,1S-MH-MU-ZCT-CL03-4210,1S-MH-MU-ZCT-CL03-5353,7.1,36078,38193
29562,38192-39393,1S-MH-MU-ZCT-CL03-5353,1S-MH-MU-ZCT-CL03-5450,7.2,38192,39393
29562,39392-14840,1S-MH-MU-ZCT-CL03-5450,1S-MH-MU-ZCT-CL03-4547,7.3,39392,14840
29562,14838-10357,1S-MH-MU-ZCT-CL03-4547,1S-MH-MU-ZCT-CL03-4705,7.4,14838,10357
29562,39394-DT,1S-MH-MU-ZCT-CL03-5450,1S-MH-MU-ZCT-CL08-5226,7.2.1,39394,DT
29562,17185-29904,1S-MH-MU-ZCT-CL03-4223,1S-MH-MU-ZCT-CL03-5077,4.1,17185,29904
29562,29902-11385,1S-MH-MU-ZCT-CL03-5077,1S-MH-MU-ZCT-CL03-4681,4.2,29902,11385
29565,29565-37288,1S-MH-MU-ZCT-RSTN-MALA,1S-MH-MU-ZCT-CL03-5500,1,29565,37288
29565,37290-9303,1S-MH-MU-ZCT-CL03-5500,1S-MH-MU-ZCT-CL03-4483,2,37290,9303
29565,37289-HTCONSUMER,1S-MH-MU-ZCT-CL03-5500,NAN,1.1,37289,HTCONSUMER
29565,29565-36720,1S-MH-MU-ZCT-RSTN-MALA,1S-MH-MU-ZCT-CL03-5367,2,29565,36720
29565,36721-5471,1S-MH-MU-ZCT-CL03-5367,1S-MH-MU-ZCT-CL03-4521,3,36721,5471
29565,5473-19443,1S-MH-MU-ZCT-CL03-4521,1S-MH-MU-ZCT-CL03-4836,4,5473,19443
29565,19198-35434,1S-MH-MU-ZCT-CL03-4836,1S-MH-MU-ZCT-CL09-5307,5,19198,35434
29565,35432-38357,1S-MH-MU-ZCT-CL09-5307,1S-MH-MU-ZCT-CL09-5455,6,35432,38357
29566,29566-CAP BANK,1S-MH-MU-ZCT-RSTN-MALA,1S-MH-MU-ZCT-RSTN-MALA,1,29566,CAP BANK
29567,29567-6134,1S-MH-MU-ZCT-RSTN-MALA,1S-MH-MU-ZCT-CL03-4493,1,29567,6134
29567,6133-5722,1S-MH-MU-ZCT-CL03-4493,1S-MH-MU-ZCT-CL04-4441,2,6133,5722
29567,5721-42703,1S-MH-MU-ZCT-CL04-4441,1S-MH-MU-ZCT-CL04-5361,3,5721,42703
29567,42705-19344,1S-MH-MU-ZCT-CL04-5361,1S-MH-MU-ZCT-CL04-4861,4,42705,19344
29567,36192-HTCONSUMER,1S-MH-MU-ZCT-CL03-4493,NAN,1.1,36192,HTCONSUMER
29568,29568-36488,1S-MH-MU-ZCT-RSTN-MALA,1S-MH-MU-ZCT-CL03-5338,1,29568,36488
29568,36486-6611,1S-MH-MU-ZCT-CL03-5338,1S-MH-MU-ZCT-CL03-4104,2,36486,6611
29568,6610-15928,1S-MH-MU-ZCT-CL03-4104,1S-MH-MU-ZCT-CL04-4381,3,6610,15928
29568,15926-18698,1S-MH-MU-ZCT-CL04-4381,1S-MH-MU-ZCT-CL04-4756,4,15926,18698
29568,18699-4319,1S-MH-MU-ZCT-CL04-4756,1S-MH-MU-ZCT-CL04-4298,5,18699,4319
29568,4317-37279,1S-MH-MU-ZCT-CL04-4298,1S-MH-MU-ZCT-CL04-5483,6,4317,37279
29568,37278-34062,1S-MH-MU-ZCT-CL04-5483,1S-MH-MU-ZCT-CL10-5194,7,37278,34062
29568,34060-16811,1S-MH-MU-ZCT-CL10-5194,1S-MH-MU-ZCT-CL10-4352,8,34060,16811
29568,16813-6066,1S-MH-MU-ZCT-CL10-4352,1S-MH-MU-ZCT-CL10-4214,9,16813,6066
29568,14224-34233,1S-MH-MU-ZCT-CL10-4214,1S-MH-MU-ZCT-CL10-5199,10,14224,34233
29568,34231-17204,1S-MH-MU-ZCT-CL10-5199,1S-MH-MU-ZCT-CL10-4046,11,34231,17204
29568,17206-30215,1S-MH-MU-ZCT-CL10-4046,1S-MH-MU-ZCT-CL10-5100,12,17206,30215
29568,34701-41042,1S-MH-MU-ZCT-CL10-5100,1S-MH-MU-ZCT-CL10-5724,13,34701,41042
29568,41043-HTCONSUMER,1S-MH-MU-ZCT-CL10-5724,NAN,14,41043,HTCONSUMER
29568,5425-16772,1S-MH-MU-ZCT-CL04-4298,1S-MH-MU-ZCT-RSTN-KAND,5.1,5425,16772
30134,30134-STN XMER,1S-MH-MU-ZCT-RSTN-MALA,1S-MH-MU-ZCT-RSTN-MALA,1,30134,STN XMER
30135,30135-31393,1S-MH-MU-ZCT-RSTN-MALA,1S-MH-MU-ZCT-CL03-5133,1,30135,31393
30135,31395-31785,1S-MH-MU-ZCT-CL03-5133,1S-MH-MU-ZCT-CL03-5150,2,31395,31785
30135,31787-40672,1S-MH-MU-ZCT-CL03-5150,1S-MH-MU-ZCT-CL03-5707,3,31787,40672
30135,41381-37821,1S-MH-MU-ZCT-CL03-5707,1S-MH-MU-ZCT-CL03-4054,4,41381,37821
30135,2629-6502,1S-MH-MU-ZCT-CL03-4054,1S-MH-MU-ZCT-CL03-4647,5,2629,6502
30135,5966-39110,1S-MH-MU-ZCT-CL03-4647,1S-MH-MU-ZCT-CL03-4648,6,5966,39110
30135,39111-29066,1S-MH-MU-ZCT-CL03-4648,1S-MH-MU-ZCT-CL03-5048,7,39111,29066
30135,2630-6854,1S-MH-MU-ZCT-CL03-4054,1S-MH-MU-ZCT-CL03-4026,4.1,2630,6854
30135,2630-6502,1S-MH-MU-ZCT-CL03-4054,1S-MH-MU-ZCT-CL03-4026,4.2,2630,6502
30135,40670-40661,1S-MH-MU-ZCT-CL03-5707,1S-MH-MU-ZCT-CL03-4484,3.1,40670,40661
30135,37795-37961,1S-MH-MU-ZCT-CL03-5150,1S-MH-MU-ZCT-CL03-5320,2.1,37795,37961
30135,37960-7883,1S-MH-MU-ZCT-CL03-5320,1S-MH-MU-ZCT-CL03-4545,2.2,37960,7883
30135,7881-39337,1S-MH-MU-ZCT-CL03-4545,1S-MH-MU-ZCT-CL03-5519,2.3,7881,39337
30135,39335-30249,1S-MH-MU-ZCT-CL03-5519,1S-MH-MU-ZCT-CL03-5092,2.4,39335,30249
30135,31394-28877,1S-MH-MU-ZCT-CL03-5133,1S-MH-MU-ZCT-CL03-5035,1.1,31394,28877
30135,28878-6785,1S-MH-MU-ZCT-CL03-5035,1S-MH-MU-ZCT-CL03-4412,1.2,28878,6785
30135,36215-39299,1S-MH-MU-ZCT-CL03-4412,1S-MH-MU-ZCT-CL03-5655,1.3,36215,39299
30135,37844-HTCONSUMER,1S-MH-MU-ZCT-CL03-5133,NAN,1.2,37844,HTCONSUMER
3723,3723-42371,1S-MH-MU-ZSC-RSTN-MARO,1S-MH-MU-ZSC-CL10-3638,1,3723,42371
3723,42370-37744,1S-MH-MU-ZSC-CL10-3638,1S-MH-MU-ZSC-CL10-3483,2,42370,37744
3723,38966-6697,1S-MH-MU-ZSC-CL10-3483,1S-MH-MU-ZSC-CL10-2473,3,38966,6697
3723,6696-12920,1S-MH-MU-ZSC-CL10-2473,1S-MH-MU-ZSC-CL10-2548,4,6696,12920
3723,12923-4322,1S-MH-MU-ZSC-CL10-2548,1S-MH-MU-ZSC-CL10-2446,5,12923,4322
3723,6699-35232,1S-MH-MU-ZSC-CL10-2473,NAN,3.1,6699,35232
3723,6699-6613,1S-MH-MU-ZSC-CL10-2473,1S-MH-MU-ZSC-CL10-2468,3.2,6699,6613
3723,37742-39319,1S-MH-MU-ZSC-CL10-3483,1S-MH-MU-ZSC-CL10-3558,2.1,37742,39319
3723,39318-40404,1S-MH-MU-ZSC-CL10-3558,1S-MH-MU-ZSC-CL10-3607,2.2,39318,40404
3723,40405-40400,1S-MH-MU-ZSC-CL10-3607,1S-MH-MU-ZSC-CL10-3559,2.3,40405,40400
3724,3724-25290,1S-MH-MU-ZSC-RSTN-MARO,1S-MH-MU-ZSC-CL10-2949,1,3724,25290
3724,25288-2166,1S-MH-MU-ZSC-CL10-2949,1S-MH-MU-ZSC-CL10-2458,2,25288,2166
3724,2165-2736,1S-MH-MU-ZSC-CL10-2458,1S-MH-MU-ZSC-CL10-2456,3,2165,2736
3724,2738-15310,1S-MH-MU-ZSC-CL10-2456,1S-MH-MU-ZSC-CL10-2792,4,2738,15310
3724,15308-9890,1S-MH-MU-ZSC-CL10-2792,1S-MH-MU-ZSC-CL10-2126,5,15308,9890
3725,3725-37532,1S-MH-MU-ZSC-RSTN-MARO,1S-MH-MU-ZSC-CL10-2489,1,3725,37532
3725,16049-13219,1S-MH-MU-ZSC-CL10-2489,1S-MH-MU-ZSC-CL10-2119,2,16049,13219
3725,13217-13357,1S-MH-MU-ZSC-CL10-2119,NAN,3,13217,13357
3725,13355-13259,NAN,1S-MH-MU-ZSC-CL10-2120,4,13355,13259
3725,13257-36734,1S-MH-MU-ZSC-CL10-2120,1S-MH-MU-ZSC-CL10-3409,5,13257,36734
3725,36732-7421,1S-MH-MU-ZSC-CL10-3409,1S-MH-MU-ZSC-CL10-2118,6,36732,7421
3725,16051-36414,1S-MH-MU-ZSC-CL10-2489,1S-MH-MU-ZSC-CL10-3326,1.1,16051,36414
3725,36416-28031,1S-MH-MU-ZSC-CL10-3326,1S-MH-MU-ZSC-CL10-3015,1.2,36416,28031
3725,37532-39482,1S-MH-MU-ZSC-CL10-2489,1S-MH-MU-ZSC-CL10-3550,1.2,37532,39482
3726,3726-STN XMER,1S-MH-MU-ZSC-RSTN-MARO,1S-MH-MU-ZSC-RSTN-MARO,1,3726,STN XMER
3727,41818-5059,1S-MH-MU-ZET-CL14-8033,1S-MH-MU-ZET-CL14-8459,1,41818,5059
3730,3730-13206,1S-MH-MU-ZSC-RSTN-MARO,1S-MH-MU-ZSC-CL10-2644,1,3730,13206
3730,9545-9445,1S-MH-MU-ZSC-CL10-2644,1S-MH-MU-ZSC-CL10-2647,2,9545,9445
3730,9444-15831,1S-MH-MU-ZSC-CL10-2647,1S-MH-MU-ZSC-CL10-2643,3,9444,15831
3730,15830-41433,1S-MH-MU-ZSC-CL10-2643,1S-MH-MU-ZET-CL14-9065,4,15830,41433
3730,29050-17869,1S-MH-MU-ZET-CL14-9065,1S-MH-MU-ZET-CL14-8881,5,29050,17869
3730,17869-34512,1S-MH-MU-ZET-CL14-8881,1S-MH-MU-ZET-CL14-9366,6,17869,34512
3730,34510-19276,1S-MH-MU-ZET-CL14-9366,1S-MH-MU-ZSC-CL10-2885,7,34510,19276
3730,17870-10739,1S-MH-MU-ZET-CL14-8881,1S-MH-MU-ZET-CL14-8886,5.1,17870,10739
3730,41434-5061,1S-MH-MU-ZET-CL14-9065,1S-MH-MU-ZET-CL14-8459,4.1,41434,5061
3730,15832-9334,1S-MH-MU-ZSC-CL10-2643,1S-MH-MU-ZSC-CL10-2457,3.1,15832,9334
3730,9628-10718,1S-MH-MU-ZSC-CL10-2457,1S-MH-MU-ZSC-CL10-2515,3.2,9628,10718
3730,18697-30092,1S-MH-MU-ZSC-CL10-2515,1S-MH-MU-ZSC-CL10-3119,3.3,18697,30092
3730,30091-18607,1S-MH-MU-ZSC-CL10-3119,1S-MH-MU-ZSC-CL10-2171,3.4,30091,18607
3730,13261-13541,1S-MH-MU-ZSC-CL10-2515,1S-MH-MU-ZSC-CL10-2520,3.2.1,13261,13541
3730,14872-15406,1S-MH-MU-ZSC-CL10-2520,1S-MH-MU-ZSC-CL10-2360,3.2.2,14872,15406
3731,3731-14632,NAN,NAN,1,3731,14632
3732,3732-38268,1S-MH-MU-ZSC-RSTN-MARO,1S-MH-MU-ZSC-CL10-3446,1,3732,38268
3732,38267-41407,1S-MH-MU-ZSC-CL10-3446,1S-MH-MU-ZSC-CL10-2446,2,38267,41407
3732,34208-34740,1S-MH-MU-ZSC-CL10-2446,1S-MH-MU-ZSC-CL10-3284,3,34208,34740
3732,34741-34237,1S-MH-MU-ZSC-CL10-3284,1S-MH-MU-ZSC-CL10-3212,4,34741,34237
3732,34235-32700,1S-MH-MU-ZSC-CL10-3212,1S-MH-MU-ZSC-CL10-2565,5,34235,32700
3732,12539-15061,1S-MH-MU-ZSC-CL10-2565,1S-MH-MU-ZSC-CL04-2391,6,12539,15061
3732,15060-7270,1S-MH-MU-ZSC-CL04-2391,1S-MH-MU-ZSC-CL04-2485,7,15060,7270
3732,18492-39434,1S-MH-MU-ZSC-CL04-2485,1S-MH-MU-ZSC-CL04-3566,8,18492,39434
3732,39436-18493,1S-MH-MU-ZSC-CL04-3566,1S-MH-MU-ZSC-CL04-2493,9,39436,18493
3732,28000-HTCONSUMER,1S-MH-MU-ZSC-CL04-2493,NAN,10,28000,HTCONSUMER
3732,18492-18493,1S-MH-MU-ZSC-CL04-2485,1S-MH-MU-ZSC-CL04-2493,7.1,18492,18493
3732,28000-HTCONSUMER,1S-MH-MU-ZSC-CL04-2493,NAN,7.2,28000,HTCONSUMER
3732,12540-26744,1S-MH-MU-ZSC-CL10-2565,1S-MH-MU-ZSC-CL10-3001,5.1,12540,26744
3732,26746-26749,1S-MH-MU-ZSC-CL10-3001,1S-MH-MU-ZSC-CL10-3000,5.2,26746,26749
3732,26747-40207,1S-MH-MU-ZSC-CL10-3000,1S-MH-MU-ZSC-CL04-2461,5.3,26747,40207
3732,31862-19286,1S-MH-MU-ZSC-CL10-2446,1S-MH-MU-ZSC-CL10-2882,2.1,31862,19286
3732,19284-6891,1S-MH-MU-ZSC-CL10-2882,1S-MH-MU-ZSC-CL10-2476,2.2,19284,6891
3732,6889-4477,1S-MH-MU-ZSC-CL10-2476,1S-MH-MU-ZSC-CL10-2083,2.3,6889,4477
3736,3736-6295,1S-MH-MU-ZSC-RSTN-MARO,1S-MH-MU-ZSC-CL10-2472,1,3736,6295
3736,7173-5586,1S-MH-MU-ZSC-CL10-2472,1S-MH-MU-ZSC-CL10-2470,2,7173,5586
3736,5506-18265,1S-MH-MU-ZSC-CL10-2470,1S-MH-MU-ZSC-CL10-2725,3,5506,18265
3736,18264-5275,1S-MH-MU-ZSC-CL10-2725,1S-MH-MU-ZSC-CL10-2468,4,18264,5275
3736,4161-6873,1S-MH-MU-ZSC-CL10-2468,1S-MH-MU-ZSC-CL10-2471,5,4161,6873
3737,3737-CAP BANK,1S-MH-MU-ZSC-RSTN-MARO,1S-MH-MU-ZSC-RSTN-MARO,1,3737,CAP BANK
40362,40362-16100,1S-MH-MU-ZSC-RSTN-MEGH,1S-MH-MU-ZSC-CL02-2579,1,40362,16100
40362,16102-7376,1S-MH-MU-ZSC-CL02-2579,1S-MH-MU-ZSC-CL02-2314,2,16102,7376
40362,7379-13069,1S-MH-MU-ZSC-CL02-2314,1S-MH-MU-ZSC-CL02-2267,3,7379,13069
40362,13070-36162,1S-MH-MU-ZSC-CL02-2267,1S-MH-MU-ZSC-CL02-3392,4,13070,36162
40362,36160-13262,1S-MH-MU-ZSC-CL02-3392,1S-MH-MU-ZSC-CL02-2634,5,36160,13262
40362,13263-31137,1S-MH-MU-ZSC-CL02-2634,1S-MH-MU-ZSC-CL02-3162,6,13263,31137
40362,31135-13016,1S-MH-MU-ZSC-CL02-3162,1S-MH-MU-ZSC-CL02-2558,7,31135,13016
40362,41604-13381,1S-MH-MU-ZSC-CL02-2558,1S-MH-MU-ZSC-CL02-2585,8,41604,13381
40362,13380-19834,1S-MH-MU-ZSC-CL02-2585,1S-MH-MU-ZSC-CL02-2924,9,13380,19834
40362,19835-10077,1S-MH-MU-ZSC-CL02-2924,1S-MH-MU-ZSC-CL02-2576,10,19835,10077
40362,10079-14248,1S-MH-MU-ZSC-CL02-2576,1S-MH-MU-ZSC-CL02-2557,11,10079,14248
40362,14246-5955,1S-MH-MU-ZSC-CL02-2557,1S-MH-MU-ZSC-CL02-2750,12,14246,5955
40362,19836-HTCONSUMER,1S-MH-MU-ZSC-CL02-2924,NAN,9.1,19836,HTCONSUMER
40362,7378-41119,1S-MH-MU-ZSC-CL02-2314,1S-MH-MU-ZSC-CL02-3584,2.1,7378,41119
40363,40363-10286,1S-MH-MU-ZSC-RSTN-MEGH,1S-MH-MU-ZSC-CL02-2742,1,40363,10286
40363,12141-12144,1S-MH-MU-ZSC-CL02-2742,1S-MH-MU-ZSC-CL02-2355,2,12141,12144
40363,12142-32627,1S-MH-MU-ZSC-CL02-2355,1S-MH-MU-ZSC-CL02-3235,3,12142,32627
40363,32629-32640,1S-MH-MU-ZSC-CL02-3235,1S-MH-MU-ZSC-CL02-3208,4,32629,32640
40363,10287-18476,1S-MH-MU-ZSC-CL02-2742,1S-MH-MU-ZSC-CL02-2743,1.1,10287,18476
40365,40365-15219,1S-MH-MU-ZSC-RSTN-MEGH,1S-MH-MU-ZSC-CL02-2307,1,40365,15219
40365,15232-38700,1S-MH-MU-ZSC-CL02-2307,1S-MH-MU-ZSC-CL02-3535,2,15232,38700
40365,38701-15206,1S-MH-MU-ZSC-CL02-3535,1S-MH-MU-ZSC-CL03-2197,3,38701,15206
40365,9912-14026,1S-MH-MU-ZSC-CL03-2197,1S-MH-MU-ZSC-CL03-2183,4,9912,14026
40365,14028-28015,1S-MH-MU-ZSC-CL03-2183,1S-MH-MU-ZSC-CL03-2327,5,14028,28015
40365,28014-5542,1S-MH-MU-ZSC-CL03-2327,1S-MH-MU-ZSC-CL03-2776,6,28014,5542
40365,9910-38947,1S-MH-MU-ZSC-CL03-2197,1S-MH-MU-ZSC-CL02-3523,3.1,9910,38947
40365,15220-12238,1S-MH-MU-ZSC-CL02-2307,1S-MH-MU-ZSC-CL02-2304,1.1,15220,12238
40366,40366-31469,1S-MH-MU-ZSC-RSTN-MEGH,1S-MH-MU-ZSC-CL02-3198,1,40366,31469
40366,31467-6131,1S-MH-MU-ZSC-CL02-3198,1S-MH-MU-ZSC-CL02-2315,2,31467,6131
40366,6129-11775,1S-MH-MU-ZSC-CL02-2315,1S-MH-MU-ZSC-CL02-2452,3,6129,11775
40366,16061-19755,1S-MH-MU-ZSC-CL02-2452,1S-MH-MU-ZSC-CL02-2919,4,16061,19755
40366,19753-18536,1S-MH-MU-ZSC-CL02-2919,1S-MH-MU-ZSC-CL02-2748,5,19753,18536
40366,18538-16046,1S-MH-MU-ZSC-CL02-2748,1S-MH-MU-ZSC-CL02-2694,6,18538,16046
40366,16047-16078,1S-MH-MU-ZSC-CL02-2694,1S-MH-MU-ZSC-CL02-2695,7,16047,16078
40366,11776-7377,1S-MH-MU-ZSC-CL02-2452,1S-MH-MU-ZSC-CL02-2314,3.1,11776,7377
40367,40367-7255,1S-MH-MU-ZSC-RSTN-MEGH,1S-MH-MU-ZSC-CL02-2728,1,40367,7255
40367,7257-39769,1S-MH-MU-ZSC-CL02-2728,1S-MH-MU-ZSC-CL02-3423,2,7257,39769
40367,39770-14495,1S-MH-MU-ZSC-CL02-3423,1S-MH-MU-ZSC-CL02-2641,3,39770,14495
40368,40368-28306,1S-MH-MU-ZSC-RSTN-MEGH,1S-MH-MU-ZSC-CL02-3034,1,40368,28306
40368,28304-39826,1S-MH-MU-ZSC-CL02-3034,1S-MH-MU-ZSC-CL02-3476,2,28304,39826
40368,39825-39957,1S-MH-MU-ZSC-CL02-3476,1S-MH-MU-ZSC-CL02-3598,3,39825,39957
40368,39959-35902,1S-MH-MU-ZSC-CL02-3598,1S-MH-MU-ZSC-CL02-3348,4,39959,35902
40368,35625-37365,1S-MH-MU-ZSC-CL02-3348,1S-MH-MU-ZSC-CL02-3439,5,35625,37365
40368,37367-43217,1S-MH-MU-ZSC-CL02-3439,1S-MH-MU-ZSC-CL02-5796,6,37367,43217
40368,43221-32290,1S-MH-MU-ZSC-CL02-5796,1S-MH-MU-ZSC-CL02-3223,7,43221,32290
40368,32288-HTCONSUMER,1S-MH-MU-ZSC-CL02-3223,NAN,8,32288,HTCONSUMER
40368,32291-HTCONSUMER,1S-MH-MU-ZSC-CL02-3223,NAN,7.1,32291,HTCONSUMER
40368,43219-40748,1S-MH-MU-ZSC-CL02-5796,1S-MH-MU-ZSC-RSTN-SARV,6.1,43219,40748
40368,43223-40741,1S-MH-MU-ZSC-CL02-5796,1S-MH-MU-ZSC-RSTN-SARV,6.2,43223,40741
40369,40369-CAP BANK,1S-MH-MU-ZSC-RSTN-MEGH,1S-MH-MU-ZSC-RSTN-MEGH,1,40369,CAP BANK
40371,40371-12789,1S-MH-MU-ZSC-RSTN-MEGH,1S-MH-MU-ZSC-CL02-2496,1,40371,12789
40371,12786-11626,1S-MH-MU-ZSC-CL02-2496,1S-MH-MU-ZSC-CL02-2265,2,12786,11626
40371,12799-39096,1S-MH-MU-ZSC-CL02-2265,1S-MH-MU-ZSC-CL02-2365,3,12799,39096
40371,12749-19480,1S-MH-MU-ZSC-CL02-2365,1S-MH-MU-ZSC-CL02-2905,4,12749,19480
40371,19482-16189,1S-MH-MU-ZSC-CL02-2905,1S-MH-MU-ZSC-CL02-2087,5,19482,16189
40371,16190-12842,1S-MH-MU-ZSC-CL02-2087,1S-MH-MU-ZSC-CL02-2702,6,16190,12842
40371,12843-32508,1S-MH-MU-ZSC-CL02-2702,1S-MH-MU-ZSC-CL02-3230,7,12843,32508
40371,11624-11461,1S-MH-MU-ZSC-CL02-2265,1S-MH-MU-ZSC-CL02-2284,2.1,11624,11461
40373,40373-38323,1S-MH-MU-ZSC-RSTN-MEGH,1S-MH-MU-ZSC-CL02-3459,1,40373,38323
40373,38324-30298,1S-MH-MU-ZSC-CL02-3459,1S-MH-MU-ZSC-CL02-3129,2,38324,30298
40373,30296-12616,1S-MH-MU-ZSC-CL02-3129,1S-MH-MU-ZSC-CL02-2741,3,30296,12616
40373,12618-6471,1S-MH-MU-ZSC-CL02-2741,1S-MH-MU-ZSC-CL01-2448,4,12618,6471
40373,6473-26575,1S-MH-MU-ZSC-CL01-2448,1S-MH-MU-ZSC-CL01-2994,5,6473,26575
40373,26577-6601,1S-MH-MU-ZSC-CL01-2994,1S-MH-MU-ZSC-CL02-2421,6,26577,6601
40373,6601-NAN,1S-MH-MU-ZSC-CL02-2421,NAN,7,6601,NAN
40373,6472-11233,1S-MH-MU-ZSC-CL01-2448,1S-MH-MU-ZSC-CL02-2799,4.1,6472,11233
40373,11235-27057,1S-MH-MU-ZSC-CL02-2799,1S-MH-MU-ZSC-CL02-3019,4.2,11235,27057
40373,27059-5247,1S-MH-MU-ZSC-CL02-3019,1S-MH-MU-ZSC-CL02-2554,4.3,27059,5247
40374,40374-30374,1S-MH-MU-ZSC-RSTN-MEGH,1S-MH-MU-ZSC-CL02-3046,1,40374,30374
40374,28496-11970,1S-MH-MU-ZSC-CL02-3046,1S-MH-MU-ZSC-CL02-2260,2,28496,11970
40374,28498-41118,1S-MH-MU-ZSC-CL02-3046,1S-MH-MU-ZSC-CL02-3584,1.1,28498,41118
40375,40375-34706,1S-MH-MU-ZSC-RSTN-MEGH,1S-MH-MU-ZSC-CL02-3285,1,40375,34706
40375,34707-36833,1S-MH-MU-ZSC-CL02-3285,1S-MH-MU-ZSC-CL02-3394,2,34707,36833
40375,36831-41441,1S-MH-MU-ZSC-CL02-3394,1S-MH-MU-ZSC-CL03-3615,3,36831,41441
40375,41440-28716,1S-MH-MU-ZSC-CL03-3615,1S-MH-MU-ZSC-CL03-2610,4,41440,28716
40375,4324-35635,1S-MH-MU-ZSC-CL03-2610,1S-MH-MU-ZSC-CL03-3329,5,4324,35635
40375,35637-11313,1S-MH-MU-ZSC-CL03-3329,1S-MH-MU-ZSC-CL03-2710,6,35637,11313
40375,11312-9241,1S-MH-MU-ZSC-CL03-2710,1S-MH-MU-ZSC-CL03-2536,7,11312,9241
40375,9241-37586,1S-MH-MU-ZSC-CL03-2536,1S-MH-MU-ZSC-CL03-3465,8,9241,37586
40375,37585-32604,1S-MH-MU-ZSC-CL03-3465,1S-MH-MU-ZSC-CL03-3233,9,37585,32604
40375,32606-4112,1S-MH-MU-ZSC-CL03-3233,1S-MH-MU-ZSC-CL03-2535,10,32606,4112
40375,4114-30367,1S-MH-MU-ZSC-CL03-2535,1S-MH-MU-ZSC-CL03-3135,11,4114,30367
40375,30365-10308,1S-MH-MU-ZSC-CL03-3135,1S-MH-MU-ZSC-CL03-2533,12,30365,10308
40375,10306-9803,1S-MH-MU-ZSC-CL03-2533,1S-MH-MU-ZSC-CL03-2532,13,10306,9803
40375,5282-37904,1S-MH-MU-ZSC-CL03-2610,1S-MH-MU-ZSC-CL03-3496,4.1,5282,37904
40375,37906-39888,1S-MH-MU-ZSC-CL03-3496,1S-MH-MU-ZSC-CL03-3407,4.2,37906,39888
40375,39890-28231,1S-MH-MU-ZSC-CL03-3407,1S-MH-MU-ZSC-CL03-3028,4.3,39890,28231
40375,28232-41963,1S-MH-MU-ZSC-CL03-3028,1S-MH-MU-ZSC-CL03-3625,4.4,28232,41963
40375,41964-25515,1S-MH-MU-ZSC-CL03-3625,1S-MH-MU-ZSC-CL03-2959,4.5,41964,25515
40375,25517-12994,1S-MH-MU-ZSC-CL03-2959,1S-MH-MU-ZSC-CL03-2632,4.6,25517,12994
40375,12996-10037,1S-MH-MU-ZSC-CL03-2632,1S-MH-MU-ZSC-CL03-2521,4.7,12996,10037
40375,10039-14443,1S-MH-MU-ZSC-CL03-2521,1S-MH-MU-ZSC-CL03-2744,4.8,10039,14443
40375,10036-40053,1S-MH-MU-ZSC-CL03-2521,1S-MH-MU-ZSC-CL03-3588,4.7.1,10036,40053
40375,4326-4100,1S-MH-MU-ZSC-CL03-2610,1S-MH-MU-ZSC-CL03-2553,4.2,4326,4100
40375,2864-14482,1S-MH-MU-ZSC-CL03-2553,1S-MH-MU-ZSC-CL01-2086,4.3,2864,14482
40375,2862-2977,1S-MH-MU-ZSC-CL03-2553,1S-MH-MU-ZSC-CL03-2609,4.2.1,2862,2977
40376,40376-16185,1S-MH-MU-ZSC-RSTN-MEGH,1S-MH-MU-ZSC-CL02-2302,1,40376,16185
40376,16183-4655,1S-MH-MU-ZSC-CL02-2302,1S-MH-MU-ZSC-CL02-2303,2,16183,4655
40376,4657-2290,1S-MH-MU-ZSC-CL02-2303,1S-MH-MU-ZSC-CL02-2306,3,4657,2290
40376,18124-28551,1S-MH-MU-ZSC-CL02-2306,1S-MH-MU-ZSC-CL02-3051,4,18124,28551
40376,28549-9415,1S-MH-MU-ZSC-CL02-3051,1S-MH-MU-ZSC-CL03-2645,5,28549,9415
40376,2289-11507,1S-MH-MU-ZSC-CL02-2306,1S-MH-MU-ZSC-CL02-2304,3.1,2289,11507
40377,40377-CAP BANK,1S-MH-MU-ZSC-RSTN-MEGH,1S-MH-MU-ZSC-RSTN-MEGH,1,40377,CAP BANK
38723,38723-29342,1S-MH-MU-ZET-RSTN-MANK,1S-MH-MU-ZET-CL12-9129,1,38723,29342
38723,29343-25951,1S-MH-MU-ZET-CL12-9129,1S-MH-MU-ZET-CL12-9029,2,29343,25951
38723,25950-25882,1S-MH-MU-ZET-CL12-9029,1S-MH-MU-ZET-CL12-8522,3,25950,25882
38723,12422-12421,1S-MH-MU-ZET-CL12-8522,1S-MH-MU-ZET-CL12-8616,4,12422,12421
38723,10954-10975,1S-MH-MU-ZET-CL12-8616,1S-MH-MU-ZET-CL12-8617,5,10954,10975
38723,10973-37509,1S-MH-MU-ZET-CL12-8617,1S-MH-MU-ZET-CL12-8618,6,10973,37509
38723,37510-41922,1S-MH-MU-ZET-CL12-8618,1S-MH-MU-ZET-CL12-9791,7,37510,41922
38723,41924-HTCONSUMER,1S-MH-MU-ZET-CL12-9791,NAN,8,41924,HTCONSUMER
38726,38726-34384,1S-MH-MU-ZET-RSTN-MANK,1S-MH-MU-ZET-CL12-9352,1,38726,34384
38726,34386-42488,1S-MH-MU-ZET-CL12-9352,1S-MH-MU-ZET-CL12-9453,2,34386,42488
38726,42489-39954,1S-MH-MU-ZET-CL12-9453,1S-MH-MU-ZET-CL11-9731,3,42489,39954
38726,39955-11533,1S-MH-MU-ZET-CL11-9731,1S-MH-MU-ZET-CL11-8138,4,39955,11533
38726,11533-12491,1S-MH-MU-ZET-CL11-8138,1S-MH-MU-ZET-CL11-8139,5,11533,12491
38726,12490-16530,1S-MH-MU-ZET-CL11-8139,1S-MH-MU-ZET-CL11-8142,6,12490,16530
38726,16532-43420,1S-MH-MU-ZET-CL11-8142,1S-MH-MU-ZET-CL11-9447,7,16532,43420
38726,34385-HTCONSUMER,1S-MH-MU-ZET-CL12-9352,NAN,1.1,34385,HTCONSUMER
38727,38727-STN XMER,1S-MH-MU-ZET-RSTN-MANK,1S-MH-MU-ZET-RSTN-MANK,1,38727,STN XMER
38728,38728-CAP BANK,1S-MH-MU-ZET-RSTN-MANK,1S-MH-MU-ZET-RSTN-MANK,1,38728,CAP BANK
38730,38730-41827,1S-MH-MU-ZET-RSTN-MANK,1S-MH-MU-ZET-CL11-9786,1,38730,41827
38730,41828-29381,1S-MH-MU-ZET-CL11-9786,1S-MH-MU-ZET-CL11-8140,2,41828,29381
38730,16377-11008,1S-MH-MU-ZET-CL11-8140,1S-MH-MU-ZET-CL11-8137,3,16377,11008
38730,11007-12563,1S-MH-MU-ZET-CL11-8137,1S-MH-MU-ZET-CL11-8874,4,11007,12563
38731,38731-42836,1S-MH-MU-ZET-RSTN-MANK,1S-MH-MU-ZET-CL12-9858,1,38731,42836
38731,42837-34980,1S-MH-MU-ZET-CL12-9858,1S-MH-MU-ZET-CL12-9401,2,42837,34980
38731,34981-34525,1S-MH-MU-ZET-CL12-9401,1S-MH-MU-ZET-CL12-9367,3,34981,34525
38731,34526-10956,1S-MH-MU-ZET-CL12-9367,1S-MH-MU-ZET-CL12-8616,4,34526,10956
38731,10956-42154,1S-MH-MU-ZET-CL12-8616,1S-MH-MU-ZET-CL12-9775,5,10956,42154
38731,42153-42151,1S-MH-MU-ZET-CL12-9775,1S-MH-MU-ZET-CL12-9795,6,42153,42151
38731,42155-DT,1S-MH-MU-ZET-CL12-9775,1S-MH-MU-ZET-CL12-9795,5.1,42155,DT
38732,38732-30190,1S-MH-MU-ZET-RSTN-MANK,1S-MH-MU-ZET-CL12-8787,1,38732,30190
38732,30189-15731,1S-MH-MU-ZET-CL12-8787,1S-MH-MU-ZET-CL12-8958,2,30189,15731
38732,15730-37424,1S-MH-MU-ZET-CL12-8958,1S-MH-MU-ZET-CL12-9637,3,15730,37424
38732,37423-41161,1S-MH-MU-ZET-CL12-9637,1S-MH-MU-ZET-CL12-8175,4,37423,41161
38732,16855-38534,1S-MH-MU-ZET-CL12-8175,1S-MH-MU-ZET-CL12-9675,5,16855,38534
38737,38727-CAP BANK,1S-MH-MU-ZET-RSTN-MANK,1S-MH-MU-ZET-RSTN-MANK,1,38727,CAP BANK
39140,39140-18137,1S-MH-MU-ZET-RSTN-SAHK,1S-MH-MU-ZET-CL01-8713,1,39140,18137
39140,6386-19204,1S-MH-MU-ZET-CL01-8713,1S-MH-MU-ZET-CL01-8967,2,6386,19204
39140,19206-15737,1S-MH-MU-ZET-CL01-8967,1S-MH-MU-ZET-CL01-8907,3,19206,15737
39140,15738-15705,1S-MH-MU-ZET-CL01-8907,1S-MH-MU-ZET-CL01-8908,4,15738,15705
39141,39141-36552,1S-MH-MU-ZET-RSTN-SAHK,1S-MH-MU-ZET-CL01-8416,1,39141,36552
39141,15995-31150,1S-MH-MU-ZET-CL01-8416,1S-MH-MU-ZET-CL09-9224,2,15995,31150
39141,31149-37373,1S-MH-MU-ZET-CL09-9224,1S-MH-MU-ZET-CL09-9634,3,31149,37373
39141,37372-39204,1S-MH-MU-ZET-CL09-9634,1S-MH-MU-ZET-CL09-9079,4,37372,39204
39141,15997-32225,1S-MH-MU-ZET-CL01-8416,1S-MH-MU-ZET-CL01-9278,1.1,15997,32225
39153,39153-32224,1S-MH-MU-ZET-RSTN-SAHK,1S-MH-MU-ZET-CL01-9278,1,39153,32224
39153,32227-32228,1S-MH-MU-ZET-CL01-9278,1S-MH-MU-ZET-CL01-9277,2,32227,32228
39153,32230-9184,1S-MH-MU-ZET-CL01-9277,1S-MH-MU-ZET-CL01-8415,3,32230,9184
39153,9185-19790,1S-MH-MU-ZET-CL01-8415,1S-MH-MU-ZET-CL01-8986,4,9185,19790
39153,19792-35738,1S-MH-MU-ZET-CL01-8986,1S-MH-MU-ZET-CL01-9420,5,19792,35738
39153,35739-4816,1S-MH-MU-ZET-CL01-9420,1S-MH-MU-ZET-CL01-8414,6,35739,4816
39153,5214-5192,1S-MH-MU-ZET-CL01-8414,1S-MH-MU-ZET-CL01-8469,7,5214,5192
39153,5195-37006,1S-MH-MU-ZET-CL01-8469,1S-MH-MU-ZET-CL01-9583,8,5195,37006
39153,37007-7020,1S-MH-MU-ZET-CL01-9583,1S-MH-MU-ZET-CL01-8585,9,37007,7020
39153,7022-32542,1S-MH-MU-ZET-CL01-8585,1S-MH-MU-ZET-CL01-8466,10,7022,32542
39153,7022-44073,1S-MH-MU-ZET-CL01-8585,1S-MH-MU-ZET-CL01-8466,9.1,7022,44073
39154,39154-36563,1S-MH-MU-ZET-RSTN-SAHK,1S-MH-MU-ZET-CL01-9528,1,39154,36563
39154,36561-39232,1S-MH-MU-ZET-CL01-9528,1S-MH-MU-ZET-CL01-9572,2,36561,39232
39154,39234-10876,1S-MH-MU-ZET-CL01-9572,1S-MH-MU-ZET-CL01-8714,3,39234,10876
39154,10874-36505,1S-MH-MU-ZET-CL01-8714,1S-MH-MU-ZET-CL08-9477,4,10874,36505
39154,36503-9172,1S-MH-MU-ZET-CL08-9477,1S-MH-MU-ZET-CL01-8861,5,36503,9172
39154,9173-5105,1S-MH-MU-ZET-CL01-8861,1S-MH-MU-ZET-CL01-8860,6,9173,5105
39154,9174-9748,1S-MH-MU-ZET-CL01-8860,1S-MH-MU-ZET-CL01-8862,7,9174,9748
39154,5107-15739,1S-MH-MU-ZET-CL01-8860,1S-MH-MU-ZET-CL01-8907,6.1,5107,15739
39155,39155-36040,1S-MH-MU-ZET-RSTN-SAHK,1S-MH-MU-ZET-CL01-9493,1,39155,36040
39155,36038-38704,1S-MH-MU-ZET-CL01-9493,1S-MH-MU-ZET-CL01-9542,2,36038,38704
39155,38705-16020,1S-MH-MU-ZET-CL01-9542,1S-MH-MU-ZET-CL01-8790,3,38705,16020
39155,16019-17554,1S-MH-MU-ZET-CL01-8790,1S-MH-MU-ZET-CL08-8648,4,16019,17554
39155,17553-35959,1S-MH-MU-ZET-CL08-8648,1S-MH-MU-ZET-CL08-9537,5,17553,35959
39156,39156-CAP BANK,1S-MH-MU-ZET-RSTN-MANK,1S-MH-MU-ZET-RSTN-MANK,1,39156,CAP BANK
39142,39142-13020,1S-MH-MU-ZET-RSTN-SAHK,1S-MH-MU-ZET-CL08-8144,1,39142,13020
39142,13022-10448,1S-MH-MU-ZET-CL08-8144,1S-MH-MU-ZET-CL08-8252,2,13022,10448
39142,10450-11529,1S-MH-MU-ZET-CL08-8252,1S-MH-MU-ZET-CL08-8159,3,10450,11529
39142,11531-38190,1S-MH-MU-ZET-CL08-8159,1S-MH-MU-ZET-CL08-9586,4,11531,38190
39142,38189-43128,1S-MH-MU-ZET-CL08-9586,1S-MH-MU-ZET-CL08-9867,5,38189,43128
39142,43127-6468,1S-MH-MU-ZET-CL08-9867,1S-MH-MU-ZET-CL08-8145,6,43127,6468
39142,6465-31126,1S-MH-MU-ZET-CL08-8145,1S-MH-MU-ZET-CL08-9221,7,6465,31126
39142,31127-41319,1S-MH-MU-ZET-CL08-9221,1S-MH-MU-ZET-CL10-9770,8,31127,41319
39142,41318-838,1S-MH-MU-ZET-CL10-9770,1S-MH-MU-ZET-CL10-8151,9,41318,838
39142,840-9411,1S-MH-MU-ZET-CL10-8151,1S-MH-MU-ZET-CL10-8746,10,840,9411
39142,9413-28526,1S-MH-MU-ZET-CL10-8746,1S-MH-MU-ZET-CL10-9078,11,9413,28526
39142,28524-29808,1S-MH-MU-ZET-CL10-9078,1S-MH-MU-ZET-CL10-9154,12,28524,29808
39142,4364-32673,1S-MH-MU-ZET-CL10-8151,1S-MH-MU-ZET-CL08-9308,9.1,4364,32673
39142,32671-4958,1S-MH-MU-ZET-CL08-9308,1S-MH-MU-ZET-CL08-8822,9.2,32671,4958
39142,32675-6837,1S-MH-MU-ZET-CL10-8151,1S-MH-MU-ZET-CL10-8707,9.2,32675,6837
39142,6467-29111,1S-MH-MU-ZET-CL08-8145,1S-MH-MU-ZET-CL08-9112,6.1,6467,29111
39142,29110-36884,1S-MH-MU-ZET-CL08-9112,1S-MH-MU-ZET-CL08-9581,6.2,29110,36884
39142,36885-37296,1S-MH-MU-ZET-CL08-9581,1S-MH-MU-ZET-CL08-9630,6.3,36885,37296
39142,43128-DT,1S-MH-MU-ZET-CL08-9867,NAN,5.1,43128,DT
39146,34540-34543,1S-MH-MU-ZET-CL01-9358,1S-MH-MU-ZET-CL01-9337,1,34540,34543
39146,34545-2383,1S-MH-MU-ZET-CL01-9337,1S-MH-MU-ZET-CL01-8466,2,34545,2383
39146,2384-37384,1S-MH-MU-ZET-CL01-8466,1S-MH-MU-ZET-CL01-9592,3,2384,37384
39147,39147-CAP BANK,1S-MH-MU-ZET-RSTN-SAHK,1S-MH-MU-ZET-RSTN-SAHK,1,39147,CAP BANK
39149,39149-STN XMER,1S-MH-MU-ZET-RSTN-SAHK,1S-MH-MU-ZET-RSTN-SAHK,1,39149,STN XMER
39151,39151-35336,1S-MH-MU-ZET-RSTN-SAHK,1S-MH-MU-ZET-CL08-9466,1,39151,35336
39151,35338-13244,1S-MH-MU-ZET-CL08-9466,1S-MH-MU-ZET-CL08-8161,2,35338,13244
39151,13245-32008,1S-MH-MU-ZET-CL08-8161,1S-MH-MU-ZET-CL08-9238,3,13245,32008
39151,32010-35026,1S-MH-MU-ZET-CL08-9238,1S-MH-MU-ZET-CL08-9333,4,32010,35026
39151,35024-2509,1S-MH-MU-ZET-CL08-9333,1S-MH-MU-ZET-CL08-8156,5,35024,2509
39151,2507-2723,1S-MH-MU-ZET-CL08-8156,1S-MH-MU-ZET-CL08-8388,6,2507,2723
17805,17805-7697,1S-MH-MU-ZSC-RSTN-MIDC,1S-MH-MU-ZSC-CL01-2278,1,17805,7697
17805,7695-14449,1S-MH-MU-ZSC-CL01-2278,1S-MH-MU-ZSC-CL01-2492,2,7695,14449
17805,14448-31209,1S-MH-MU-ZSC-CL01-2492,1S-MH-MU-ZSC-CL01-3166,3,14448,31209
17805,31206-31546,1S-MH-MU-ZSC-CL01-3166,1S-MH-MU-ZSC-CL01-3181,4,31206,31546
17805,31545-38653,1S-MH-MU-ZSC-CL01-3181,1S-MH-MU-ZSC-CL01-2510,5,31545,38653
17805,38654-19625,1S-MH-MU-ZSC-CL01-2510,1S-MH-MU-ZSC-CL01-2916,6,38654,19625
17805,19627-4917,1S-MH-MU-ZSC-CL01-2916,1S-MH-MU-ZSC-CL01-2509,7,19627,4917
17805,38655-34567,1S-MH-MU-ZSC-CL01-2510,1S-MH-MU-ZSC-CL01-3275,5.1,38655,34567
17805,34569-38886,1S-MH-MU-ZSC-CL01-3275,1S-MH-MU-ZSC-CL01-3536,5.2,34569,38886
17805,31207-4895,1S-MH-MU-ZSC-CL01-3166,1S-MH-MU-ZSC-CL01-2586,3.1,31207,4895
17805,4800-15023,1S-MH-MU-ZSC-CL01-2586,1S-MH-MU-ZSC-CL01-2413,3.2,4800,15023
17805,14450-HTCONSUMER,1S-MH-MU-ZSC-CL01-2492,NAN,2.1,14450,HTCONSUMER
17806,17806-43562,1S-MH-MU-ZSC-RSTN-MIDC,1S-MH-MU-ZSC-CL01-3552,1,17806,43562
17806,43563-17477,1S-MH-MU-ZSC-CL01-3552,1S-MH-MU-ZSC-CL01-2177,2,43563,17477
17806,17475-5398,1S-MH-MU-ZSC-CL01-2177,1S-MH-MU-ZSC-CL01-2507,3,17475,5398
17806,5399-9054,1S-MH-MU-ZSC-CL01-2507,1S-MH-MU-ZSC-CL01-2030,4,5399,9054
17806,9052-30797,1S-MH-MU-ZSC-CL01-2030,1S-MH-MU-ZSC-CL01-3152,5,9052,30797
17806,30796-14849,1S-MH-MU-ZSC-CL01-3152,1S-MH-MU-ZSC-CL01-2614,6,30796,14849
17806,14851-15624,1S-MH-MU-ZSC-CL01-2614,1S-MH-MU-ZSC-CL01-2561,7,14851,15624
17806,15626-12112,1S-MH-MU-ZSC-CL01-2561,1S-MH-MU-ZSC-CL01-2194,8,15626,12112
17806,12111-14503,1S-MH-MU-ZSC-CL01-2194,1S-MH-MU-ZSC-CL01-2766,9,12111,14503
17806,36127-HTCONSUMER,1S-MH-MU-ZSC-CL01-2194,NAN,8.1,36127,HTCONSUMER
17806,5400-29869,1S-MH-MU-ZSC-CL01-2507,1S-MH-MU-ZSC-CL01-3109,3.1,5400,29869
17806,29871-28830,1S-MH-MU-ZSC-CL01-3109,1S-MH-MU-ZSC-CL01-3059,3.2,29871,28830
17806,28829-15865,1S-MH-MU-ZSC-CL01-3059,1S-MH-MU-ZSC-CL01-2202,3.3,28829,15865
17808,4210-18533,1S-MH-MU-ZSC-CL01-2478,1S-MH-MU-ZSC-CL01-2176,1,4210,18533
17808,18534-17808,1S-MH-MU-ZSC-CL01-2176,1S-MH-MU-ZSC-RSTN-MIDC,2,18534,17808
17808,18535-HTCONSUMER,1S-MH-MU-ZSC-CL01-2176,NAN,1.1,18535,HTCONSUMER
17809,17809-CAP BANK,1S-MH-MU-ZSC-RSTN-MIDC,1S-MH-MU-ZSC-RSTN-MIDC,1,17809,CAP BANK
17811,17811-17819,1S-MH-MU-ZSC-RSTN-MIDC,1S-MH-MU-ZSC-RSTN-MIDC,1,17811,17819
17812,17812-17821,1S-MH-MU-ZSC-RSTN-MIDC,1S-MH-MU-ZSC-RSTN-MIDC,1,17812,17821
17812,17812-35510,1S-MH-MU-ZSC-RSTN-MIDC,1S-MH-MU-ZSC-CL01-3330,2,17812,35510
17812,35512-15101,1S-MH-MU-ZSC-CL01-3330,1S-MH-MU-ZSC-CL01-2162,3,35512,15101
17812,16130-16299,1S-MH-MU-ZSC-CL01-2162,1S-MH-MU-ZSC-CL01-2273,4,16130,16299
17812,16296-HTCONSUMER,1S-MH-MU-ZSC-CL01-2273,NAN,5,16296,HTCONSUMER
17812,5648-25046,1S-MH-MU-ZSC-CL01-2162,1S-MH-MU-ZSC-CL02-2172,3.1,5648,25046
17812,5648-25046,1S-MH-MU-ZSC-CL01-2162,1S-MH-MU-ZSC-CL02-2172,3.2,5648,25046
17815,17815-14293,1S-MH-MU-ZSC-RSTN-MIDC,1S-MH-MU-ZSC-CL01-2121,1,17815,14293
17815,14294-15841,1S-MH-MU-ZSC-CL01-2121,1S-MH-MU-ZSC-CL01-2279,2,14294,15841
17815,15839-5322,1S-MH-MU-ZSC-CL01-2279,1S-MH-MU-ZSC-CL01-2509,3,15839,5322
17815,5084-15866,1S-MH-MU-ZSC-CL01-2509,1S-MH-MU-ZSC-CL01-2202,4,5084,15866
17815,14295-14504,1S-MH-MU-ZSC-CL01-2121,1S-MH-MU-ZSC-CL01-2766,1.1,14295,14504
17815,14296-HTCONSUMER,1S-MH-MU-ZSC-CL01-2121,NAN,1.2,14296,HTCONSUMER
17816,17816-13992,1S-MH-MU-ZSC-RSTN-MIDC,1S-MH-MU-ZSC-CL02-2430,1,17816,13992
17816,13990-9741,1S-MH-MU-ZSC-CL02-2430,1S-MH-MU-ZSC-CL02-2429,2,13990,9741
17816,5423-28309,1S-MH-MU-ZSC-CL02-2429,1S-MH-MU-ZSC-CL02-2782,3,5423,28309
17816,28310-41278,1S-MH-MU-ZSC-CL02-2782,1S-MH-MU-ZSC-CL03-3620,4,28310,41278
17816,41277-43047,1S-MH-MU-ZSC-CL03-3620,1S-MH-MU-ZSC-CL04-3355,5,41277,43047
17816,43049-4053,1S-MH-MU-ZSC-CL04-3355,1S-MH-MU-ZSC-CL03-2609,6,43049,4053
17816,2976-6478,1S-MH-MU-ZSC-CL03-2609,1S-MH-MU-ZSC-CL03-2524,7,2976,6478
17816,6476-31522,1S-MH-MU-ZSC-CL03-2524,1S-MH-MU-ZSC-CL03-3167,8,6476,31522
17816,31520-28908,1S-MH-MU-ZSC-CL03-3167,1S-MH-MU-ZSC-CL03-3063,9,31520,28908
17816,6475-18868,1S-MH-MU-ZSC-CL03-2524,1S-MH-MU-ZSC-CL03-2003,7.1,6475,18868
17816,18867-9417,1S-MH-MU-ZSC-CL03-2003,1S-MH-MU-ZSC-CL03-2645,7.2,18867,9417
17816,11793-15136,1S-MH-MU-ZSC-CL03-2609,1S-MH-MU-ZSC-CL02-2245,6.1,11793,15136
17816,15138-16079,1S-MH-MU-ZSC-CL02-2245,1S-MH-MU-ZSC-CL02-2695,6.2,15138,16079
17816,28311-15525,1S-MH-MU-ZSC-CL02-2782,1S-MH-MU-ZSC-CL02-2767,3.1,28311,15525
17816,15526-4897,1S-MH-MU-ZSC-CL02-2767,1S-MH-MU-ZSC-CL02-2768,3.2,15526,4897
17816,4898-42419,1S-MH-MU-ZSC-CL02-2768,1S-MH-MU-ZSC-CL02-2960,3.3,4898,42419
17816,42418-39807,1S-MH-MU-ZSC-CL02-2960,1S-MH-MU-ZSC-CL02-3590,3.4,42418,39807
17817,17817-5536,1S-MH-MU-ZSC-RSTN-MIDC,1S-MH-MU-ZSC-CL01-2478,1,17817,5536
17817,5536-2326,1S-MH-MU-ZSC-CL01-2478,1S-MH-MU-ZSC-CL01-2810,2,5536,2326
17817,2055-14411,1S-MH-MU-ZSC-CL01-2810,1S-MH-MU-ZSC-CL01-2191,3,2055,14411
17817,14410-15006,1S-MH-MU-ZSC-CL01-2191,1S-MH-MU-ZSC-CL01-2017,4,14410,15006
17817,15004-13884,1S-MH-MU-ZSC-CL01-2017,1S-MH-MU-ZSC-CL04-2112,5,15004,13884
17817,13882-36045,1S-MH-MU-ZSC-CL04-2112,1S-MH-MU-ZSC-CL04-3322,6,13882,36045
17817,36044-19274,1S-MH-MU-ZSC-CL04-3322,1S-MH-MU-ZSC-CL04-2888,7,36044,19274
17817,41264-41297,1S-MH-MU-ZSC-CL04-3322,1S-MH-MU-ZSC-CL04-2763,6.1,41264,41297
17817,15007-29054,1S-MH-MU-ZSC-CL01-2017,1S-MH-MU-ZSC-CL01-3069,4.1,15007,29054
17817,29055-32079,1S-MH-MU-ZSC-CL01-3069,1S-MH-MU-ZSC-CL01-3215,4.2,29055,32079
17817,32077-30059,1S-MH-MU-ZSC-CL01-3215,1S-MH-MU-ZSC-RSTN-CHAK,4.3,32077,30059
17817,14409-5413,1S-MH-MU-ZSC-CL01-2191,NAN,3.1,14409,5413
17817,14409-43422,1S-MH-MU-ZSC-CL01-2191,1S-MH-MU-ZSC-CL01-2653,3.2,14409,43422
17818,17818-28743,1S-MH-MU-ZSC-RSTN-MIDC,1S-MH-MU-ZSC-RSTN-MIDC,1,17818,28743
17818,17818-CAP BANK,1S-MH-MU-ZSC-RSTN-MIDC,1S-MH-MU-ZSC-RSTN-MIDC,2,17818,CAP BANK
17820,17820-36870,1S-MH-MU-ZSC-RSTN-MIDC,1S-MH-MU-ZSC-CL01-2875,1,17820,36870
17820,19255-13736,1S-MH-MU-ZSC-CL01-2875,1S-MH-MU-ZSC-CL01-2508,2,19255,13736
17820,13735-35404,1S-MH-MU-ZSC-CL01-2508,1S-MH-MU-ZSC-CL01-3327,3,13735,35404
17820,35406-35718,1S-MH-MU-ZSC-CL01-3327,1S-MH-MU-ZSC-CL01-3328,4,35406,35718
17820,35720-7810,1S-MH-MU-ZSC-CL01-3328,1S-MH-MU-ZSC-CL01-2615,5,35720,7810
17820,19257-5407,1S-MH-MU-ZSC-CL01-2875,1S-MH-MU-ZSC-CL02-2554,1.1,19257,5407
17820,5248-4510,1S-MH-MU-ZSC-CL02-2554,1S-MH-MU-ZSC-CL02-2566,1.2,5248,4510
17820,4512-4935,1S-MH-MU-ZSC-CL02-2566,1S-MH-MU-ZSC-CL02-2801,1.3,4512,4935
17820,4934-4509,1S-MH-MU-ZSC-CL02-2801,1S-MH-MU-ZSC-CL02-2426,1.4,4934,4509
17820,5249-9900,1S-MH-MU-ZSC-CL02-2554,1S-MH-MU-ZSC-CL02-2750,1.1.1,5249,9900
17820,19256-HTCONSUMER,1S-MH-MU-ZSC-CL01-2875,NAN,1.2,19256,HTCONSUMER
17823,17823-36848,1S-MH-MU-ZSC-RSTN-MIDC,1S-MH-MU-ZSC-CL01-3368,1,17823,36848
17823,35897-28260,1S-MH-MU-ZSC-CL01-3368,1S-MH-MU-ZSC-CL01-3029,2,35897,28260
17823,28262-25607,1S-MH-MU-ZSC-CL01-3029,1S-MH-MU-ZSC-CL01-2963,3,28262,25607
17823,25605-17517,1S-MH-MU-ZSC-CL01-2963,1S-MH-MU-ZSC-CL01-2128,4,25605,17517
17823,17515-15022,1S-MH-MU-ZSC-CL01-2128,1S-MH-MU-ZSC-CL01-2413,5,17515,15022
17823,15021-30055,1S-MH-MU-ZSC-CL01-2413,1S-MH-MU-ZSC-CL01-3117,6,15021,30055
17823,35896-6971,1S-MH-MU-ZSC-CL01-3368,1S-MH-MU-ZSC-CL01-2506,1.1,35896,6971
17823,34921-10844,1S-MH-MU-ZSC-CL01-2506,1S-MH-MU-ZSC-CL01-2211,1.2,34921,10844
17823,10845-HTCONSUMER,1S-MH-MU-ZSC-CL01-2211,NAN,1.3,10845,HTCONSUMER
17824,17824-4208,1S-MH-MU-ZSC-RSTN-MIDC,1S-MH-MU-ZSC-CL01-2478,1,17824,4208
17824,4208-6629,1S-MH-MU-ZSC-CL01-2478,1S-MH-MU-ZSC-CL01-2362,2,4208,6629
17827,17827-CAP BANK,1S-MH-MU-ZSC-RSTN-MIDC,1S-MH-MU-ZSC-RSTN-MIDC,1,17827,CAP BANK
28745,28745-4629,1S-MH-MU-ZSC-RSTN-MIDC,1S-MH-MU-ZSC-CL01-2411,1,28745,4629
28745,4628-4346,1S-MH-MU-ZSC-CL01-2411,1S-MH-MU-ZSC-CL01-2479,2,4628,4346
28747,28747-5252,1S-MH-MU-ZSC-RSTN-MIDC,1S-MH-MU-ZSC-CL01-2199,1,28747,5252
28747,36292-41581,1S-MH-MU-ZSC-CL01-2199,1S-MH-MU-ZSC-RSTN-ESIC,2,36292,41581
28747,36294-HTCONSUMER,1S-MH-MU-ZSC-CL01-2199,NAN,1.1,36294,HTCONSUMER
28748,28748-26872,1S-MH-MU-ZSC-RSTN-MIDC,1S-MH-MU-ZSC-CL01-3009,1,28748,26872
28748,26869-29702,1S-MH-MU-ZSC-CL01-3009,1S-MH-MU-ZSC-CL01-3094,2,26869,29702
28748,29700-41353,1S-MH-MU-ZSC-CL01-3094,1S-MH-MU-ZSC-CL01-2785,3,29700,41353
28749,28749-4779,1S-MH-MU-ZSC-RSTN-MIDC,1S-MH-MU-ZSC-CL01-2618,1,28749,4779
28749,4777-4344,1S-MH-MU-ZSC-CL01-2618,1S-MH-MU-ZSC-CL01-2479,2,4777,4344
28749,38794-43818,1S-MH-MU-ZSC-CL01-2479,1S-MH-MU-ZSC-CL01-5806,3,38794,43818
28749,43819-4826,1S-MH-MU-ZSC-CL01-5806,1S-MH-MU-ZSC-CL01-2480,4,43819,4826
28749,38794-4826,1S-MH-MU-ZSC-CL01-2479,1S-MH-MU-ZSC-CL01-2480,2.1,38794,4826
28750,28750-STN XMER,1S-MH-MU-ZSC-RSTN-MIDC,1S-MH-MU-ZSC-RSTN-MIDC,1,28750,STN XMER
28751,28751-CAP BANK,1S-MH-MU-ZSC-RSTN-MIDC,1S-MH-MU-ZSC-RSTN-MIDC,1,28751,CAP BANK
26969,26969-CAP BANK,1S-MH-MU-ZCT-RSTN-MIND,1S-MH-MU-ZCT-RSTN-MIND,1,26969,CAP BANK
26970,26970-28826,1S-MH-MU-ZCT-RSTN-MIND,1S-MH-MU-ZCT-CL01-5033,1,26970,28826
26970,28828-29471,1S-MH-MU-ZCT-CL01-5033,1S-MH-MU-ZCT-CL01-5061,2,28828,29471
26970,29473-37086,1S-MH-MU-ZCT-CL01-5061,1S-MH-MU-ZCT-CL01-5490,3,29473,37086
26970,37082-25999,1S-MH-MU-ZCT-CL01-5490,1S-MH-MU-ZCT-CL01-4747,4,37082,25999
26970,26000-28825,1S-MH-MU-ZCT-CL01-4747,1S-MH-MU-ZCT-CL01-5034,5,26000,28825
26970,28823-16589,1S-MH-MU-ZCT-CL01-5034,1S-MH-MU-ZCT-CL01-4769,6,28823,16589
26970,16587-37456,1S-MH-MU-ZCT-CL01-4769,1S-MH-MU-ZCT-CL01-5295,7,16587,37456
26970,37454-39684,1S-MH-MU-ZCT-CL01-5295,1S-MH-MU-ZCT-CL01-5680,8,37454,39684
26970,39685-16432,1S-MH-MU-ZCT-CL01-5680,1S-MH-MU-ZCT-CL01-4770,9,39685,16432
26970,16434-40118,1S-MH-MU-ZCT-CL01-4770,1S-MH-MU-ZCT-CL01-5494,10,16434,40118
26970,40119-16579,1S-MH-MU-ZCT-CL01-5494,1S-MH-MU-ZCT-CL01-4768,11,40119,16579
26970,16577-18612,1S-MH-MU-ZCT-CL01-4768,1S-MH-MU-ZCT-CL01-4224,12,16577,18612
26970,16431-HTCONSUMER,1S-MH-MU-ZCT-CL01-4224,NAN,13,16431,HTCONSUMER
26970,25998-2602,1S-MH-MU-ZCT-CL01-4747,1S-MH-MU-ZCT-CL01-4496,4.1,25998,2602
26971,26971-31742,1S-MH-MU-ZCT-RSTN-MIND,1S-MH-MU-ZCT-CL02-5116,1,26971,31742
26971,31743-40648,1S-MH-MU-ZCT-CL02-5116,1S-MH-MU-ZCT-CL02-5117,2,31743,40648
26971,40647-34581,1S-MH-MU-ZCT-CL02-5117,1S-MH-MU-ZCT-CL02-4285,3,40647,34581
26971,14725-4978,1S-MH-MU-ZCT-CL02-4285,1S-MH-MU-ZCT-CL02-4438,4,14725,4978
26971,4976-30499,1S-MH-MU-ZCT-CL02-4438,1S-MH-MU-ZCT-CL02-5113,5,4976,30499
26971,34580-2729,1S-MH-MU-ZCT-CL02-4285,1S-MH-MU-ZCT-CL02-4765,3.1,34580,2729
26971,14726-HTCONSUMER,1S-MH-MU-ZCT-CL02-4285,NAN,3.2,14726,HTCONSUMER
26971,31741-34829,1S-MH-MU-ZCT-CL02-5116,1S-MH-MU-ZCT-CL02-5236,1.1,31741,34829
26971,34827-31600,1S-MH-MU-ZCT-CL02-5236,1S-MH-MU-ZCT-CL02-5146,1.2,34827,31600
26971,31596-12165,1S-MH-MU-ZCT-CL02-5146,1S-MH-MU-ZCT-CL02-4001,1.3,31596,12165
26971,12164-6339,1S-MH-MU-ZCT-CL02-4001,1S-MH-MU-ZCT-CL02-4286,1.4,12164,6339
26971,31596-38053,1S-MH-MU-ZCT-CL02-5146,1S-MH-MU-ZCT-CL01-5540,1.2.1,31596,38053
26972,26972-28438,1S-MH-MU-ZCT-RSTN-MIND,1S-MH-MU-ZCT-CL02-5020,1,26972,28438
26972,28436-25407,1S-MH-MU-ZCT-CL02-5020,1S-MH-MU-ZCT-CL02-4887,2,28436,25407
26972,25406-42480,1S-MH-MU-ZCT-CL02-4887,1S-MH-MU-ZCT-CL02-5750,3,25406,42480
26972,25409-HTCONSUMER,1S-MH-MU-ZCT-CL02-4887,NAN,2.1,25409,HTCONSUMER
26975,26975-25545,1S-MH-MU-ZCT-RSTN-MIND,1S-MH-MU-ZCT-CL03-4929,1,26975,25545
26975,25916-39682,1S-MH-MU-ZCT-CL03-4929,1S-MH-MU-ZCT-CL01-5679,2,25916,39682
26975,42812-14751,1S-MH-MU-ZCT-CL01-5679,1S-MH-MU-ZCT-CL01-4237,3,42812,14751
26975,14752-25087,1S-MH-MU-ZCT-CL01-4237,1S-MH-MU-ZCT-CL01-4872,4,14752,25087
26975,18988-37901,1S-MH-MU-ZCT-CL01-4872,1S-MH-MU-ZCT-CL01-5524,5,18988,37901
26975,25088-36557,1S-MH-MU-ZCT-CL01-4872,1S-MH-MU-ZCT-CL01-5251,4.1,25088,36557
26975,41844-41840,1S-MH-MU-ZCT-CL01-5679,1S-MH-MU-ZCT-CL01-4326,2.1,41844,41840
26976,26976-34099,1S-MH-MU-ZCT-RSTN-MIND,1S-MH-MU-ZCT-CL01-5126,1,26976,34099
26976,31026-26588,1S-MH-MU-ZCT-CL01-5126,1S-MH-MU-ZCT-CL01-4980,2,31026,26588
26976,26589-28942,1S-MH-MU-ZCT-CL01-4980,1S-MH-MU-ZCT-CL01-5015,3,26589,28942
26976,28943-39761,1S-MH-MU-ZCT-CL01-5015,1S-MH-MU-ZCT-CL01-5538,4,28943,39761
26976,39760-38445,1S-MH-MU-ZCT-CL01-5538,1S-MH-MU-ZCT-CL01-5533,5,39760,38445
26976,38446-25086,1S-MH-MU-ZCT-CL01-5533,1S-MH-MU-ZCT-CL01-4872,6,38446,25086
26976,26587-29775,1S-MH-MU-ZCT-CL01-4980,1S-MH-MU-ZCT-CL01-5071,2.1,26587,29775
26976,31023-19381,1S-MH-MU-ZCT-CL01-5126,1S-MH-MU-ZCT-CL01-4883,1.1,31023,19381
26976,19382-18968,1S-MH-MU-ZCT-CL01-4883,1S-MH-MU-ZCT-CL01-4841,1.2,19382,18968
26976,18966-42947,1S-MH-MU-ZCT-CL01-4841,1S-MH-MU-ZCT-CL01-5767,1.3,18966,42947
26976,42946-25821,1S-MH-MU-ZCT-CL01-5767,1S-MH-MU-ZCT-CL01-4943,1.4,42946,25821
26976,25819-9391,1S-MH-MU-ZCT-CL01-4943,1S-MH-MU-ZCT-CL01-4106,1.5,25819,9391
26976,44113-43660,1S-MH-MU-ZCT-CL01-4841,1S-MH-MU-ZCT-CL01-4272,1.2.1,44113,43660
26976,34098-13786,1S-MH-MU-ZCT-CL01-5126,1S-MH-MU-ZCT-CL01-4293,1.2,34098,13786
26976,13785-35453,1S-MH-MU-ZCT-CL01-4293,1S-MH-MU-ZCT-CL01-5281,1.3,13785,35453
26976,35452-17912,1S-MH-MU-ZCT-CL01-5281,1S-MH-MU-ZCT-CL01-4411,1.4,35452,17912
26976,17913-34006,1S-MH-MU-ZCT-CL01-4411,1S-MH-MU-ZCT-CL01-5184,1.5,17913,34006
26978,26978-CAP BANK,1S-MH-MU-ZCT-RSTN-MIND,1S-MH-MU-ZCT-RSTN-MIND,1,26978,CAP BANK
26979,26979-30622,1S-MH-MU-ZCT-RSTN-MIND,1S-MH-MU-ZCT-CL02-5117,1,26979,30622
26979,30621-39714,1S-MH-MU-ZCT-CL02-5117,1S-MH-MU-ZCT-CL02-5288,2,30621,39714
26979,39715-32633,1S-MH-MU-ZCT-CL02-5288,1S-MH-MU-ZCT-CL02-5106,3,39715,32633
26979,32631-43313,1S-MH-MU-ZCT-CL02-5106,1S-MH-MU-ZCT-CL02-5790,4,32631,43313
26979,43314-15973,1S-MH-MU-ZCT-CL02-5790,1S-MH-MU-ZCT-CL02-4766,5,43314,15973
26979,15971-4696,1S-MH-MU-ZCT-CL02-4766,1S-MH-MU-ZCT-CL02-4706,6,15971,4696
26979,4698-41482,1S-MH-MU-ZCT-CL02-4706,1S-MH-MU-ZCT-CL02-4226,7,4698,41482
26979,32632-2317,1S-MH-MU-ZCT-CL02-5106,1S-MH-MU-ZCT-CL02-4225,3.1,32632,2317
26979,32630-30500,1S-MH-MU-ZCT-CL02-5106,1S-MH-MU-ZCT-CL02-5113,3.2,32630,30500
26980,26980-25404,1S-MH-MU-ZCT-RSTN-MIND,1S-MH-MU-ZCT-CL02-4887,1,26980,25404
26980,25401-HTCONSUMER,1S-MH-MU-ZCT-CL02-4887,NAN,2,25401,HTCONSUMER
26981,26981-26798,1S-MH-MU-ZCT-RSTN-MIND,1S-MH-MU-ZCT-CL02-4987,1,26981,26798
26981,26796-26789,1S-MH-MU-ZCT-CL02-4987,1S-MH-MU-ZCT-CL02-4988,2,26796,26789
26982,26982-16596,1S-MH-MU-ZCT-RSTN-MIND,1S-MH-MU-ZCT-CL02-4821,1,26982,16596
26982,16598-31221,1S-MH-MU-ZCT-CL02-4821,1S-MH-MU-ZCT-CL02-4822,2,16598,31221
26982,18039-28880,1S-MH-MU-ZCT-CL02-4822,1S-MH-MU-ZCT-CL02-5040,3,18039,28880
26984,26984-26524,1S-MH-MU-ZCT-RSTN-MIND,1S-MH-MU-ZCT-CL02-4976,1,26984,26524
26984,26522-30908,1S-MH-MU-ZCT-CL02-4976,1S-MH-MU-ZCT-CL02-5123,2,26522,30908
26984,30906-31184,1S-MH-MU-ZCT-CL02-5123,1S-MH-MU-ZCT-CL02-5091,3,30906,31184
26984,26984-16751,1S-MH-MU-ZCT-RSTN-MIND,1S-MH-MU-ZCT-CL01-4326,2,26984,16751
26984,31287-10330,1S-MH-MU-ZCT-CL01-4326,1S-MH-MU-ZCT-CL01-4598,3,31287,10330
26984,10398-10353,1S-MH-MU-ZCT-CL01-4598,1S-MH-MU-ZCT-CL02-4790,4,10398,10353
26984,14775-14770,1S-MH-MU-ZCT-CL02-4790,1S-MH-MU-ZCT-CL02-4734,5,14775,14770
26984,12962-12003,1S-MH-MU-ZCT-CL02-4734,1S-MH-MU-ZCT-CL02-4735,6,12962,12003
26984,12004-6338,1S-MH-MU-ZCT-CL02-4735,1S-MH-MU-ZCT-CL02-4286,7,12004,6338
26984,6337-14727,1S-MH-MU-ZCT-CL02-4286,1S-MH-MU-ZCT-CL02-4285,8,6337,14727
26984,12963-35151,1S-MH-MU-ZCT-CL02-4734,1S-MH-MU-ZCT-CL02-4152,5.1,12963,35151
26984,43464-43466,1S-MH-MU-ZCT-CL02-4790,1S-MH-MU-ZCT-CL01-5796,4.1,43464,43466
26984,43468-43465,1S-MH-MU-ZCT-CL01-5796,1S-MH-MU-ZCT-CL02-4821,4.2,43468,43465
26985,26985-6410,1S-MH-MU-ZCT-RSTN-MIND,1S-MH-MU-ZCT-CL01-4102,1,26985,6410
26985,35811-31183,1S-MH-MU-ZCT-CL01-4102,1S-MH-MU-ZCT-CL01-5090,2,35811,31183
26985,31181-29724,1S-MH-MU-ZCT-CL01-5090,1S-MH-MU-ZCT-CL01-5074,3,31181,29724
26985,29726-36368,1S-MH-MU-ZCT-CL01-5074,1S-MH-MU-ZCT-CL01-5433,4,29726,36368
26985,36370-28861,1S-MH-MU-ZCT-CL01-5433,1S-MH-MU-ZCT-CL01-4105,5,36370,28861
26985,19161-18139,1S-MH-MU-ZCT-CL01-4102,1S-MH-MU-ZCT-CL01-4644,1.1,19161,18139
26985,18138-6792,1S-MH-MU-ZCT-CL01-4644,1S-MH-MU-ZCT-CL01-4497,1.2,18138,6792
26985,6791-18150,1S-MH-MU-ZCT-CL01-4497,1S-MH-MU-ZCT-CL01-4101,1.3,6791,18150
26985,18149-34005,1S-MH-MU-ZCT-CL01-4101,1S-MH-MU-ZCT-CL01-5184,1.4,18149,34005
26985,6790-37900,1S-MH-MU-ZCT-CL01-4497,1S-MH-MU-ZCT-CL01-5524,1.2.1,6790,37900
39370,39370-STN XMER,1S-MH-MU-ZCT-RSTN-MIND,1S-MH-MU-ZCT-RSTN-MIND,1,39370,STN XMER
18632,18632-28391,1S-MH-MU-ZNT-RSTN-MIRA,1S-MH-MU-ZNT-CL04-6401,1,18632,28391
18632,28390-25505,1S-MH-MU-ZNT-CL04-6401,1S-MH-MU-ZNT-CL04-6907,2,28390,25505
18632,25503-35073,1S-MH-MU-ZNT-CL04-6907,1S-MH-MU-ZNT-CL04-7453,3,25503,35073
18632,35075-34321,1S-MH-MU-ZNT-CL04-7453,1S-MH-MU-ZNT-CL04-6449,4,35075,34321
18632,4928-2370,1S-MH-MU-ZNT-CL04-6449,1S-MH-MU-ZNT-CL04-6181,5,4928,2370
18632,2372-18218,1S-MH-MU-ZNT-CL04-6181,1S-MH-MU-ZNT-CL04-6291,6,2372,18218
18632,18219-40182,1S-MH-MU-ZNT-CL04-6291,1S-MH-MU-ZNT-CL04-6448,7,18219,40182
18632,42573-28883,1S-MH-MU-ZNT-CL04-6448,1S-MH-MU-ZNT-CL04-6993,8,42573,28883
18632,28884-32736,1S-MH-MU-ZNT-CL04-6993,1S-MH-MU-ZNT-CL04-7311,9,28884,32736
18632,32737-27060,1S-MH-MU-ZNT-CL04-7311,1S-MH-MU-ZNT-CL04-6344,10,32737,27060
18632,27063-10776,1S-MH-MU-ZNT-CL04-6344,1S-MH-MU-ZNT-CL04-6492,11,27063,10776
18632,2372-35519,1S-MH-MU-ZNT-CL04-6181,1S-MH-MU-ZNT-CL04-7249,5.1,2372,35519
18632,4524-38785,1S-MH-MU-ZNT-CL04-6449,1S-MH-MU-ZNT-CL04-6392,4.1,4524,38785
18632,35074-HTCONSUMER,1S-MH-MU-ZNT-CL04-7453,NAN,3.1,35074,HTCONSUMER
18633,18633-40249,1S-MH-MU-ZNT-RSTN-MIRA,1S-MH-MU-ZNT-CL04-6338,1,18633,40249
18633,40251-32518,1S-MH-MU-ZNT-CL04-6338,1S-MH-MU-ZNT-CL04-7336,2,40251,32518
18633,32516-28387,1S-MH-MU-ZNT-CL04-7336,1S-MH-MU-ZNT-CL04-6971,3,32516,28387
18633,28389-43161,1S-MH-MU-ZNT-CL04-6971,1S-MH-MU-ZNT-CL04-7949,4,28389,43161
18633,43160-17882,1S-MH-MU-ZNT-CL04-7949,1S-MH-MU-ZNT-CL04-6339,5,43160,17882
18633,17884-6480,1S-MH-MU-ZNT-CL04-6339,1S-MH-MU-ZNT-CL04-6447,6,17884,6480
18633,6496-18028,1S-MH-MU-ZNT-CL04-6447,1S-MH-MU-ZNT-CL04-6454,7,6496,18028
18633,18030-17889,1S-MH-MU-ZNT-CL04-6454,1S-MH-MU-ZNT-CL04-6448,8,18030,17889
18633,40248-40658,1S-MH-MU-ZNT-CL04-6338,1S-MH-MU-ZNT-CL04-7948,1.1,40248,40658
18633,40659-34267,1S-MH-MU-ZNT-CL04-7948,1S-MH-MU-ZNT-CL04-6425,1.2,40659,34267
18633,34264-42914,1S-MH-MU-ZNT-CL04-6425,1S-MH-MU-ZNT-CL04-7592,1.3,34264,42914
18633,42913-35479,1S-MH-MU-ZNT-CL04-7592,1S-MH-MU-ZNT-CL04-7147,1.4,42913,35479
18633,42915-DT,1S-MH-MU-ZNT-CL04-7592,1S-MH-MU-ZNT-CL04-7210,1.3.1,42915,DT
18633,34266-7667,1S-MH-MU-ZNT-CL04-6425,1S-MH-MU-ZNT-CL04-6605,1.2.1,34266,7667
18633,40250-10778,1S-MH-MU-ZNT-CL04-6338,1S-MH-MU-ZNT-CL04-6492,1.2,40250,10778
18635,18635-32346,1S-MH-MU-ZNT-RSTN-MIRA,1S-MH-MU-ZNT-CL04-7149,1,18635,32346
18635,32348-11984,1S-MH-MU-ZNT-CL04-7149,1S-MH-MU-ZNT-CL04-6442,2,32348,11984
18635,11982-26953,1S-MH-MU-ZNT-CL04-6442,1S-MH-MU-ZNT-CL04-6954,3,11982,26953
18635,26954-26909,1S-MH-MU-ZNT-CL04-6954,1S-MH-MU-ZNT-CL04-6609,4,26954,26909
18635,26911-42074,1S-MH-MU-ZNT-CL04-6609,1S-MH-MU-ZNT-CL04-6640,5,26911,42074
18635,15999-14945,1S-MH-MU-ZNT-CL04-6640,1S-MH-MU-ZNT-CL09-6374,6,15999,14945
18635,14944-31973,1S-MH-MU-ZNT-CL09-6374,1S-MH-MU-ZNT-CL04-6020,7,14944,31973
18635,31972-40419,1S-MH-MU-ZNT-CL04-6020,1S-MH-MU-ZNT-CL09-7416,8,31972,40419
18635,40418-17700,1S-MH-MU-ZNT-CL09-7416,1S-MH-MU-ZNT-CL04-6463,9,40418,17700
18635,15998-15874,1S-MH-MU-ZNT-CL04-6640,1S-MH-MU-ZNT-CL04-6450,5.1,15998,15874
18635,26955-HTCONSUMER,1S-MH-MU-ZNT-CL04-6954,NAN,3.1,26955,HTCONSUMER
18636,18636-17773,1S-MH-MU-ZNT-RSTN-MIRA,1S-MH-MU-ZNT-CL09-6521,1,18636,17773
18636,17771-39893,1S-MH-MU-ZNT-CL09-6521,1S-MH-MU-ZNT-CL09-7902,2,17771,39893
18636,39892-17151,1S-MH-MU-ZNT-CL09-7902,1S-MH-MU-ZNT-CL09-6468,3,39892,17151
18636,17153-11519,1S-MH-MU-ZNT-CL09-6468,1S-MH-MU-ZNT-CL09-6600,4,17153,11519
18636,17772-7166,1S-MH-MU-ZNT-CL09-6521,1S-MH-MU-ZNT-CL09-6022,1.1,17772,7166
18636,7167-17352,1S-MH-MU-ZNT-CL09-6022,1S-MH-MU-ZNT-CL09-6517,1.2,7167,17352
18636,18636-16150,1S-MH-MU-ZNT-RSTN-MIRA,1S-MH-MU-ZNT-CL10-6606,2,18636,16150
18636,16151-42117,1S-MH-MU-ZNT-CL10-6606,1S-MH-MU-ZNT-CL10-7837,3,16151,42117
18637,18637-43186,1S-MH-MU-ZNT-RSTN-MIRA,1S-MH-MU-ZNT-CL04-6609,1,18637,43186
18638,18638-5402,1S-MH-MU-ZNT-RSTN-MIRA,1S-MH-MU-ZNT-CL11-6168,1,18638,5402
18638,5404-17503,1S-MH-MU-ZNT-CL11-6168,1S-MH-MU-ZNT-CL11-6664,2,5404,17503
18638,17501-15243,1S-MH-MU-ZNT-CL11-6664,1S-MH-MU-ZNT-CL11-6633,3,17501,15243
18638,25183-31558,1S-MH-MU-ZNT-CL11-6633,1S-MH-MU-ZNT-CL11-7170,4,25183,31558
18638,31560-38288,1S-MH-MU-ZNT-CL11-7170,1S-MH-MU-ZNT-CL11-7530,5,31560,38288
18638,15241-19097,1S-MH-MU-ZNT-CL11-6633,1S-MH-MU-ZNT-CL11-6837,3.1,15241,19097
18639,18639-CAP BANK,1S-MH-MU-ZNT-RSTN-MIRA,1S-MH-MU-ZNT-RSTN-MIRA,1,18639,CAP BANK
18642,18642-4982,1S-MH-MU-ZNT-RSTN-MIRA,1S-MH-MU-ZNT-CL11-6790,1,18642,4982
18642,4981-19095,1S-MH-MU-ZNT-CL11-6790,1S-MH-MU-ZNT-CL11-6837,2,4981,19095
18642,19096-36820,1S-MH-MU-ZNT-CL11-6837,1S-MH-MU-ZNT-CL10-6724,3,19096,36820
18642,36819-36879,1S-MH-MU-ZNT-CL10-6724,1S-MH-MU-ZNT-CL10-7151,4,36819,36879
18642,36877-36880,1S-MH-MU-ZNT-CL10-7151,1S-MH-MU-ZNT-CL10-6312,5,36877,36880
18642,17753-12051,1S-MH-MU-ZNT-CL10-6312,1S-MH-MU-ZNT-CL10-6311,6,17753,12051
18642,11977-32840,1S-MH-MU-ZNT-CL10-6311,1S-MH-MU-ZNT-CL11-6728,7,11977,32840
18642,36821-37854,1S-MH-MU-ZNT-CL10-6724,1S-MH-MU-ZNT-CL10-7381,3.1,36821,37854
18642,32076-HTCONSUMER,1S-MH-MU-ZNT-CL11-6790,NAN,1.1,32076,HTCONSUMER
18642,4983-13004,1S-MH-MU-ZNT-CL11-6790,1S-MH-MU-ZNT-CL11-6283,1.2,4983,13004
18644,18644-11165,1S-MH-MU-ZNT-RSTN-MIRA,1S-MH-MU-ZNT-CL04-6014,1,18644,11165
18644,11164-17864,1S-MH-MU-ZNT-CL04-6014,1S-MH-MU-ZNT-CL09-6188,2,11164,17864
18644,17863-12942,1S-MH-MU-ZNT-CL09-6188,1S-MH-MU-ZNT-CL04-6307,3,17863,12942
18645,18645-43183,1S-MH-MU-ZNT-RSTN-MIRA,1S-MH-MU-ZNT-CL04-6609,1,18645,43183
18646,18646-5073,1S-MH-MU-ZNT-RSTN-MIRA,1S-MH-MU-ZNT-CL09-6455,1,18646,5073
18646,5072-4516,1S-MH-MU-ZNT-CL09-6455,1S-MH-MU-ZNT-CL09-6009,2,5072,4516
18646,4517-11358,1S-MH-MU-ZNT-CL09-6009,1S-MH-MU-ZNT-CL09-6751,3,4517,11358
18646,11356-11677,1S-MH-MU-ZNT-CL09-6751,1S-MH-MU-ZNT-CL09-6375,4,11356,11677
18647,18647-CAP BANK,1S-MH-MU-ZNT-RSTN-MIRA,1S-MH-MU-ZNT-RSTN-MIRA,1,18647,CAP BANK
18648,18648-38331,1S-MH-MU-ZNT-RSTN-MIRA,1S-MH-MU-ZNT-CL09-7506,1,18648,38331
18648,38330-31586,1S-MH-MU-ZNT-CL09-7506,1S-MH-MU-ZNT-CL09-7162,2,38330,31586
18648,31585-32100,1S-MH-MU-ZNT-CL09-7162,1S-MH-MU-ZNT-CL09-7318,3,31585,32100
18648,32102-17901,1S-MH-MU-ZNT-CL09-7318,1S-MH-MU-ZNT-CL09-6612,4,32102,17901
18648,17901-34593,1S-MH-MU-ZNT-CL09-6612,1S-MH-MU-ZNT-CL09-7420,5,17901,34593
18648,17902-10183,1S-MH-MU-ZNT-CL09-6612,1S-MH-MU-ZNT-CL09-6171,4.1,17902,10183
18648,17901-DT,1S-MH-MU-ZNT-CL09-6612,DT,4.2,17901,DT
18648,31587-15763,1S-MH-MU-ZNT-CL09-7162,1S-MH-MU-ZNT-CL09-6796,2.1,31587,15763
18648,15762-25922,1S-MH-MU-ZNT-CL09-6796,1S-MH-MU-ZNT-CL09-6922,2.2,15762,25922
18648,40668-10182,1S-MH-MU-ZNT-CL09-7162,1S-MH-MU-ZNT-CL09-6171,2.2,40668,10182
26106,26106-39257,1S-MH-MU-ZNT-RSTN-MIRA,1S-MH-MU-ZNT-CL04-6345,1,26106,39257
26106,39258-36589,1S-MH-MU-ZNT-CL04-6345,1S-MH-MU-ZNT-CL04-7146,2,39258,36589
26106,36590-30417,1S-MH-MU-ZNT-CL04-7146,1S-MH-MU-ZNT-CL04-7134,3,36590,30417
26106,30418-43143,1S-MH-MU-ZNT-CL04-7134,1S-MH-MU-ZNT-CL04-7653,4,30418,43143
26106,38856-42497,1S-MH-MU-ZNT-CL04-7653,1S-MH-MU-ZNT-CL04-7467,5,38856,42497
26106,42496-38583,1S-MH-MU-ZNT-CL04-7467,1S-MH-MU-ZNT-CL04-6427,6,42496,38583
26106,18140-42715,1S-MH-MU-ZNT-CL04-6427,1S-MH-MU-ZNT-CL04-7998,7,18140,42715
26106,42714-38414,1S-MH-MU-ZNT-CL04-7998,1S-MH-MU-ZNT-CL04-7842,8,42714,38414
26106,42716-HTCONSUMER,1S-MH-MU-ZNT-CL04-7998,NAN,7.1,42716,HTCONSUMER
26106,38857-35477,1S-MH-MU-ZNT-CL04-7653,1S-MH-MU-ZNT-CL04-7147,4.1,38857,35477
26106,26106-31841,1S-MH-MU-ZNT-RSTN-MIRA,1S-MH-MU-ZNT-CL04-7313,2,26106,31841
26107,26107-19895,1S-MH-MU-ZNT-RSTN-MIRA,1S-MH-MU-ZNT-CL04-6895,1,26107,19895
26107,19897-16206,1S-MH-MU-ZNT-CL04-6895,1S-MH-MU-ZNT-CL09-6432,2,19897,16206
26107,16207-HTCONSUMER,1S-MH-MU-ZNT-CL09-6432,NAN,3,16207,HTCONSUMER
26109,26109-10869,1S-MH-MU-ZNT-RSTN-MIRA,1S-MH-MU-ZNT-CL04-6028,1,26109,10869
26109,10868-35521,1S-MH-MU-ZNT-CL04-6028,1S-MH-MU-ZNT-CL04-7249,2,10868,35521
26109,10870-12335,1S-MH-MU-ZNT-CL04-6028,1S-MH-MU-ZNT-CL04-6423,1.1,10870,12335
26109,26109-44017,1S-MH-MU-ZNT-RSTN-MIRA,1S-MH-MU-ZNT-CL04-6028,2,26109,44017
26109,10868-35521,1S-MH-MU-ZNT-CL04-6028,1S-MH-MU-ZNT-CL04-7249,3,10868,35521
26109,10870-12335,1S-MH-MU-ZNT-CL04-6028,1S-MH-MU-ZNT-CL04-6423,2.1,10870,12335
26110,26110-39050,1S-MH-MU-ZNT-RSTN-MIRA,1S-MH-MU-ZNT-CL04-7897,1,26110,39050
26110,39049-18186,1S-MH-MU-ZNT-CL04-7897,1S-MH-MU-ZNT-CL10-6313,2,39049,18186
26110,18187-29812,1S-MH-MU-ZNT-CL10-6313,1S-MH-MU-ZNT-CL10-7033,3,18187,29812
26110,29811-38387,1S-MH-MU-ZNT-CL10-7033,1S-MH-MU-ZNT-CL11-7271,4,29811,38387
26110,38386-17283,1S-MH-MU-ZNT-CL11-7271,1S-MH-MU-ZNT-CL10-6777,5,38386,17283
26110,12070-32072,1S-MH-MU-ZNT-CL10-6777,1S-MH-MU-ZNT-CL10-7068,6,12070,32072
26110,32074-12066,1S-MH-MU-ZNT-CL10-7068,1S-MH-MU-ZNT-CL10-6787,7,32074,12066
26110,12069-17411,1S-MH-MU-ZNT-CL10-6787,1S-MH-MU-ZNT-CL10-6084,8,12069,17411
26110,17409-25330,1S-MH-MU-ZNT-CL10-6084,1S-MH-MU-ZNT-CL10-6905,9,17409,25330
26110,25328-11978,1S-MH-MU-ZNT-CL10-6905,1S-MH-MU-ZNT-CL10-6311,10,25328,11978
26110,17613-37852,1S-MH-MU-ZNT-CL10-6777,1S-MH-MU-ZNT-CL10-7381,5.1,17613,37852
26111,26111-25263,1S-MH-MU-ZNT-RSTN-MIRA,1S-MH-MU-ZNT-CL04-6904,1,26111,25263
26111,42061-43784,1S-MH-MU-ZNT-CL04-6904,1S-MH-MU-ZNT-CL10-8737,2,42061,43784
26111,43785-28408,1S-MH-MU-ZNT-CL10-8737,1S-MH-MU-ZNT-CL11-6968,3,43785,28408
26111,28410-38075,1S-MH-MU-ZNT-CL11-6968,1S-MH-MU-ZNT-CL11-7285,4,28410,38075
26111,25261-15873,1S-MH-MU-ZNT-CL04-6904,1S-MH-MU-ZNT-CL04-6450,1.1,25261,15873
26112,26112-STN XMER,1S-MH-MU-ZNT-RSTN-MIRA,1S-MH-MU-ZNT-RSTN-MIRA,1,26112,STN XMER
26113,26113-CAP BANK,1S-MH-MU-ZNT-RSTN-MIRA,1S-MH-MU-ZNT-RSTN-MIRA,1,26113,CAP BANK
18090,18090-18862,1S-MH-MU-ZST-RSTN-MMRD,1S-MH-MU-ZST-CL05-0076,1,18090,18862
18090,36336-36471,1S-MH-MU-ZST-CL05-0076,1S-MH-MU-ZST-CL05-1142,2,36336,36471
18090,36335-36464,1S-MH-MU-ZST-CL05-0076,1S-MH-MU-ZST-CL05-1140,1.1,36335,36464
18090,18863-HTCONSUMER,1S-MH-MU-ZST-CL05-0076,NAN,1.2,18863,HTCONSUMER
18091,18091-19144,1S-MH-MU-ZST-RSTN-MMRD,1S-MH-MU-ZST-CL07-0173,1,18091,19144
18092,18092-28332,1S-MH-MU-ZST-RSTN-MMRD,1S-MH-MU-ZST-CL05-0704,1,18092,28332
18092,39511-28329,1S-MH-MU-ZST-CL05-0704,1S-MH-MU-ZST-CL05-0703,2,39511,28329
18092,28331-51036,1S-MH-MU-ZST-CL05-0703,1S-MH-MU-ZST-CL05-0636,3,28331,51036
18093,18093-19232,1S-MH-MU-ZST-RSTN-MMRD,1S-MH-MU-ZST-CL05-0609,1,18093,19232
18093,18093-36253,1S-MH-MU-ZST-RSTN-MMRD,1S-MH-MU-ZST-CL05-1010,2,18093,36253
18093,36253-25052,1S-MH-MU-ZST-CL05-1010,1S-MH-MU-ZST-CL05-0608,3,36253,25052
18094,18094-35211,1S-MH-MU-ZST-RSTN-MMRD,1S-MH-MU-ZST-CL05-1009,1,18094,35211
18094,35209-42219,1S-MH-MU-ZST-CL05-1009,1S-MH-MU-ZST-CL05-1364,2,35209,42219
18094,42217-37635,1S-MH-MU-ZST-CL05-1364,1S-MH-MU-ZST-CL05-1209,3,42217,37635
18094,42223-3633,1S-MH-MU-ZST-CL05-1364,1S-MH-MU-ZST-RSTN-GODR,2.1,42223,3633
18094,42221-HTCONSUMER,1S-MH-MU-ZST-CL05-1364,NAN,2.2,42221,HTCONSUMER
18094,42218-HTCONSUMER,1S-MH-MU-ZST-CL05-1364,NAN,2.3,42218,HTCONSUMER
18094,42222-HTCONSUMER,1S-MH-MU-ZST-CL05-1364,NAN,2.4,42222,HTCONSUMER
18096,18096-19987,1S-MH-MU-ZST-RSTN-MMRD,1S-MH-MU-ZST-CL05-0307,1,18096,19987
18096,19986-10140,1S-MH-MU-ZST-CL05-0307,1S-MH-MU-ZST-CL05-0412,2,19986,10140
18096,10138-38979,1S-MH-MU-ZST-CL05-0412,1S-MH-MU-ZST-CL05-1284,3,10138,38979
18096,43658-38979,1S-MH-MU-ZST-CL05-0412,1S-MH-MU-ZST-CL05-1284,2.1,43658,38979
18096,19958-15631,1S-MH-MU-ZST-CL05-0307,1S-MH-MU-ZST-CL05-0347,1.1,19958,15631
18097,18097-38377,1S-MH-MU-ZST-RSTN-MMRD,1S-MH-MU-ZST-CL05-1233,1,18097,38377
18097,38378-19817,1S-MH-MU-ZST-CL05-1233,1S-MH-MU-ZST-CL05-0621,2,38378,19817
18097,19748-17150,1S-MH-MU-ZST-CL05-0621,1S-MH-MU-ZET-CL02-8851,3,19748,17150
18097,15372-39462,1S-MH-MU-ZET-CL02-8851,1S-MH-MU-ZET-CL02-8850,4,15372,39462
18097,19749-HTCONSUMER,1S-MH-MU-ZST-CL05-0621,NAN,2.1,19749,HTCONSUMER
18099,18099-43376,1S-MH-MU-ZST-RSTN-MMRD,1S-MH-MU-ZST-CL05-1401,1,18099,43376
18100,18100-14859,1S-MH-MU-ZST-RSTN-MMRD,1S-MH-MU-ZST-CL05-0308,1,18100,14859
18100,14861-17987,1S-MH-MU-ZST-CL05-0308,1S-MH-MU-ZST-CL05-0544,2,14861,17987
18100,17985-41621,1S-MH-MU-ZST-CL05-0544,1S-MH-MU-ZST-CL05-1359,3,17985,41621
18100,41623-39542,1S-MH-MU-ZST-CL05-1359,1S-MH-MU-ZST-CL05-1301,4,41623,39542
18100,39541-35753,1S-MH-MU-ZST-CL05-1301,1S-MH-MU-ZST-CL07-1062,5,39541,35753
18100,35752-36828,1S-MH-MU-ZST-CL07-1062,1S-MH-MU-ZST-CL07-1030,6,35752,36828
18100,36830-25543,1S-MH-MU-ZST-CL07-1030,1S-MH-MU-ZST-CL07-0640,7,36830,25543
18100,25541-34290,1S-MH-MU-ZST-CL07-0640,1S-MH-MU-ZST-CL07-0933,8,25541,34290
18100,34292-11723,1S-MH-MU-ZST-CL07-0933,1S-MH-MU-ZST-CL07-0557,9,34292,11723
18100,11724-25073,1S-MH-MU-ZST-CL07-0557,1S-MH-MU-ZST-CL07-0632,10,11724,25073
18100,35751-HTCONSUMER,1S-MH-MU-ZST-CL07-1062,NAN,5.1,35751,HTCONSUMER
18100,5582-26146,NAN,1S-MH-MU-ZST-CL07-0531,5.2,5582,26146
18101,18101-39779,1S-MH-MU-ZST-RSTN-MMRD,1S-MH-MU-ZST-CL07-1334,1,18101,39779
18101,39781-HTCONSUMER,1S-MH-MU-ZST-CL07-1334,NAN,2,39781,HTCONSUMER
18102,18102-36472,1S-MH-MU-ZST-RSTN-MMRD,1S-MH-MU-ZST-CL05-1142,1,18102,36472
18102,36473-HTCONSUMER,1S-MH-MU-ZST-CL05-1142,NAN,2,36473,HTCONSUMER
18102,36474-HTCONSUMER,1S-MH-MU-ZST-CL05-1142,NAN,1.1,36474,HTCONSUMER
18102,18102-42638,1S-MH-MU-ZST-RSTN-MMRD,1S-MH-MU-ZST-CL05-1361,2,18102,42638
18103,18103-25394,1S-MH-MU-ZST-RSTN-MMRD,1S-MH-MU-ZST-CL05-0636,1,18103,25394
18103,51038-42203,1S-MH-MU-ZST-CL05-0636,1S-MH-MU-ZST-CL05-0678,2,51038,42203
18103,28321-28448,1S-MH-MU-ZST-CL05-0678,1S-MH-MU-ZST-CL05-0644,3,28321,28448
18103,28446-30756,1S-MH-MU-ZST-CL05-0644,1S-MH-MU-ZST-CL05-0792,4,28446,30756
18103,30755-28476,1S-MH-MU-ZST-CL05-0792,1S-MH-MU-ZST-CL05-0708,5,30755,28476
18103,28474-26182,1S-MH-MU-ZST-CL05-0708,1S-MH-MU-ZST-CL05-0670,6,28474,26182
18103,26180-39523,1S-MH-MU-ZST-CL05-0670,1S-MH-MU-ZST-CL05-1321,7,26180,39523
18103,39524-38396,1S-MH-MU-ZST-CL05-1321,1S-MH-MU-ZST-CL05-1256,8,39524,38396
18103,39525-HTCONSUMER,1S-MH-MU-ZST-CL05-1321,NAN,7.1,39525,HTCONSUMER
18103,28319-34788,1S-MH-MU-ZST-CL05-0678,1S-MH-MU-ZST-CL05-0951,2.1,28319,34788
18105,18105-19145,1S-MH-MU-ZST-RSTN-MMRD,1S-MH-MU-ZST-CL07-0173,1,18105,19145
18105,19142-HTCONSUMER,1S-MH-MU-ZST-CL07-0173,NAN,2,19142,HTCONSUMER
18105,19143-HTCONSUMER,1S-MH-MU-ZST-CL07-0173,NAN,1.1,19143,HTCONSUMER
18106,18106-31639,1S-MH-MU-ZST-RSTN-MMRD,1S-MH-MU-ZST-CL05-0820,1,18106,31639
18106,31637-36579,1S-MH-MU-ZST-CL05-0820,1S-MH-MU-ZST-CL05-0076,2,31637,36579
18106,36579-19588,1S-MH-MU-ZST-CL05-0076,1S-MH-MU-ZST-CL05-0605,3,36579,19588
18106,19586-42775,1S-MH-MU-ZST-CL05-0605,1S-MH-MU-ZST-CL05-1374,4,19586,42775
18106,42774-26561,1S-MH-MU-ZST-CL05-1374,1S-MH-MU-ZST-CL05-0684,5,42774,26561
18106,31638-HTCONSUMER,1S-MH-MU-ZST-CL05-0820,NAN,1.1,31638,HTCONSUMER
18106,18106-39815,1S-MH-MU-ZST-RSTN-MMRD,1S-MH-MU-ZST-CL05-1336,2,18106,39815
18106,39814-36460,1S-MH-MU-ZST-CL05-1336,1S-MH-MU-ZST-CL05-1140,3,39814,36460
26716,26716-36257,1S-MH-MU-ZST-RSTN-MMRD,1S-MH-MU-ZST-CL05-1010,1,26716,36257
26716,36257-35341,1S-MH-MU-ZST-CL05-1010,1S-MH-MU-ZST-CL05-0840,2,36257,35341
26716,35339-39899,1S-MH-MU-ZST-CL05-0840,1S-MH-MU-ZST-CL05-1339,3,35339,39899
26716,39900-36074,1S-MH-MU-ZST-CL05-1339,1S-MH-MU-ZST-CL05-1111,4,39900,36074
26716,36073-31035,1S-MH-MU-ZST-CL05-1111,1S-MH-MU-ZST-CL05-0744,5,36073,31035
26716,31033-28248,1S-MH-MU-ZST-CL05-0744,1S-MH-MU-ZST-CL05-0606,6,31033,28248
26716,35340-HTCONSUMER,1S-MH-MU-ZST-CL05-0840,NAN,2.1,35340,HTCONSUMER
26716,26716-43740,1S-MH-MU-ZST-RSTN-MMRD,1S-MH-MU-ZST-CL05-1404,2,26716,43740
26717,26717-41767,1S-MH-MU-ZST-RSTN-MMRD,1S-MH-MU-ZST-CL05-1233,1,26717,41767
26717,41761-30834,1S-MH-MU-ZST-CL05-1233,1S-MH-MU-ZST-CL05-0796,2,41761,30834
26717,30836-29622,1S-MH-MU-ZST-CL05-0796,1S-MH-MU-ZST-CL05-0750,3,30836,29622
26717,29624-30594,1S-MH-MU-ZST-CL05-0750,1S-MH-MU-ZST-CL07-0788,4,29624,30594
26717,29623-29626,1S-MH-MU-ZST-CL05-0750,1S-MH-MU-ZST-CL05-0751,3.1,29623,29626
26717,41762-HTCONSUMER,1S-MH-MU-ZST-CL05-1233,NAN,1.1,41762,HTCONSUMER
26717,41763-HTCONSUMER,1S-MH-MU-ZST-CL05-1233,NAN,1.2,41763,HTCONSUMER
26717,41765-HTCONSUMER,1S-MH-MU-ZST-CL05-1233,NAN,1.3,41765,HTCONSUMER
26719,26719-42718,1S-MH-MU-ZST-RSTN-MMRD,1S-MH-MU-ZST-CL05-0201,1,26719,42718
26719,42717-HTCONSUMER,1S-MH-MU-ZST-CL05-0201,NAN,2,42717,HTCONSUMER
26720,26720-37774,1S-MH-MU-ZST-RSTN-MMRD,1S-MH-MU-ZST-CL05-0309,1,26720,37774
26720,16567-14902,1S-MH-MU-ZST-CL05-0309,1S-MH-MU-ZST-CL05-0311,2,16567,14902
26720,14904-18341,1S-MH-MU-ZST-CL05-0311,1S-MH-MU-ZST-CL05-0060,3,14904,18341
26720,18340-43110,1S-MH-MU-ZST-CL05-0060,1S-MH-MU-ZST-CL05-1378,4,18340,43110
26720,43111-35909,1S-MH-MU-ZST-CL05-1378,1S-MH-MU-ZST-CL05-1085,5,43111,35909
26720,43828-42637,1S-MH-MU-ZST-CL05-0060,1S-MH-MU-ZST-CL05-1361,3.1,43828,42637
26720,16565-39244,1S-MH-MU-ZST-CL05-0309,1S-MH-MU-ZST-CL05-1306,1.1,16565,39244
26720,39245-39389,1S-MH-MU-ZST-CL05-1306,1S-MH-MU-ZST-CL05-1307,1.2,39245,39389
26721,26721-29888,1S-MH-MU-ZST-RSTN-MMRD,1S-MH-MU-ZST-CL05-0753,1,26721,29888
26721,29648-40168,1S-MH-MU-ZST-CL05-0753,1S-MH-MU-ZST-CL05-0149,2,29648,40168
26721,40169-15321,1S-MH-MU-ZST-CL05-0149,1S-MH-MU-ZST-CL05-0317,3,40169,15321
26721,15319-26243,1S-MH-MU-ZST-CL05-0317,1S-MH-MU-ZST-CL05-0381,4,15319,26243
26721,26240-9779,1S-MH-MU-ZST-CL05-0381,1S-MH-MU-ZST-CL05-0150,5,26240,9779
26721,40167-9663,1S-MH-MU-ZST-CL05-0149,1S-MH-MU-ZST-CL05-0084,2.1,40167,9663
26721,9664-38978,1S-MH-MU-ZST-CL05-0084,1S-MH-MU-ZST-CL05-1284,2.2,9664,38978
26721,29650-HTCONSUMER,1S-MH-MU-ZST-CL05-0753,NAN,1.1,29650,HTCONSUMER
26722,26722-19138,1S-MH-MU-ZST-RSTN-MMRD,1S-MH-MU-ZST-CL07-0173,1,26722,19138
26722,19139-HTCONSUMER,1S-MH-MU-ZST-CL07-0173,NAN,2,19139,HTCONSUMER
26722,19140-HTCONSUMER,1S-MH-MU-ZST-CL07-0173,NAN,1.1,19140,HTCONSUMER
26723,26723-43380,1S-MH-MU-ZST-RSTN-MMRD,1S-MH-MU-ZST-CL05-1401,1,26723,43380
35593,35593-32280,1S-MH-MU-ZST-RSTN-MMRD,1S-MH-MU-ZST-CL05-0838,1,35593,32280
35593,32282-38540,1S-MH-MU-ZST-CL05-0838,1S-MH-MU-ZST-CL07-0660,2,32282,38540
35593,38542-19690,1S-MH-MU-ZST-CL07-0660,1S-MH-MU-ZST-CL07-0277,3,38542,19690
35593,19692-29741,1S-MH-MU-ZST-CL07-0277,1S-MH-MU-ZST-CL07-0755,4,19692,29741
35593,29742-26343,1S-MH-MU-ZST-CL07-0755,1S-MH-MU-ZST-CL07-0120,5,29742,26343
35593,32279-HTCONSUMER,1S-MH-MU-ZST-CL05-0838,NAN,1.1,32279,HTCONSUMER
35594,35594-42722,1S-MH-MU-ZST-RSTN-MMRD,1S-MH-MU-ZST-CL05-0201,1,35594,42722
35594,35594-29038,1S-MH-MU-ZST-RSTN-MMRD,1S-MH-MU-ZST-CL05-0730,2,35594,29038
35594,29037-32732,1S-MH-MU-ZST-CL05-0730,1S-MH-MU-ZST-CL05-0857,3,29037,32732
35594,32733-29820,1S-MH-MU-ZST-CL05-0857,1S-MH-MU-ZST-CL05-0757,4,32733,29820
35594,29822-HTCONSUMER,1S-MH-MU-ZST-CL05-0757,NAN,5,29822,HTCONSUMER
35594,29821-39350,1S-MH-MU-ZST-CL05-0757,1S-MH-MU-ZST-CL05-0951,4.1,29821,39350
35596,35596-19230,1S-MH-MU-ZST-RSTN-MMRD,1S-MH-MU-ZST-CL05-0609,1,35596,19230
35596,19233-HTCONSUMER,1S-MH-MU-ZST-CL05-0609,NAN,2,19233,HTCONSUMER
35596,19229-HTCONSUMER,1S-MH-MU-ZST-CL05-0609,NAN,1.1,19229,HTCONSUMER
35597,35597-41261,1S-MH-MU-ZST-RSTN-MMRD,1S-MH-MU-ZST-CL05-1351,1,35597,41261
35597,41262-35257,1S-MH-MU-ZST-CL05-1351,1S-MH-MU-ZST-CL05-1010,2,41262,35257
35597,35257-34652,1S-MH-MU-ZST-CL05-1010,1S-MH-MU-ZST-CL05-0762,3,35257,34652
35597,41263-HTCONSUMER,1S-MH-MU-ZST-CL05-1351,NAN,1.1,41263,HTCONSUMER
35598,35598-43373,1S-MH-MU-ZST-RSTN-MMRD,1S-MH-MU-ZST-CL05-1401,1,35598,43373
36760,36760-40601,1S-MH-MU-ZET-RSTN-NAHA,1S-MH-MU-ZET-RSTN-NAHA,1,36760,40601
36760,40602-39872,1S-MH-MU-ZET-RSTN-NAHA,1S-MH-MU-ZET-CL14-9741,2,40602,39872
36760,41155-39859,1S-MH-MU-ZET-CL14-9741,1S-MH-MU-ZET-CL14-9740,3,41155,39859
36760,39863-HTCONSUMER,1S-MH-MU-ZET-CL14-9740,NAN,4,39863,HTCONSUMER
36760,39880-39850,1S-MH-MU-ZET-CL14-9741,1S-MH-MU-ZET-CL14-9740,2.1,39880,39850
36760,39863-HTCONSUMER,1S-MH-MU-ZET-CL14-9740,NAN,2.2,39863,HTCONSUMER
36760,41148-39842,1S-MH-MU-ZET-CL14-9741,1S-MH-MU-ZET-CL14-9740,2.2,41148,39842
36760,39863-HTCONSUMER,1S-MH-MU-ZET-CL14-9740,NAN,2.3,39863,HTCONSUMER
36760,41153-39844,1S-MH-MU-ZET-CL14-9741,1S-MH-MU-ZET-CL14-9740,2.3,41153,39844
36760,39863-HTCONSUMER,1S-MH-MU-ZET-CL14-9740,NAN,2.4,39863,HTCONSUMER
36760,41535-39853,1S-MH-MU-ZET-CL14-9741,1S-MH-MU-ZET-CL14-9740,2.4,41535,39853
36760,39863-HTCONSUMER,1S-MH-MU-ZET-CL14-9740,NAN,2.5,39863,HTCONSUMER
36761,36761-39864,1S-MH-MU-ZET-RSTN-NAHA,1S-MH-MU-ZET-CL14-9741,1,36761,39864
36761,39867-HTCONSUMER,1S-MH-MU-ZET-CL14-9741,NAN,2,39867,HTCONSUMER
36762,36762-40859,1S-MH-MU-ZET-RSTN-NAHA,1S-MH-MU-ZET-CL14-9741,1,36762,40859
40514,40514-41539,1S-MH-MU-ZET-RSTN-NAHA,1S-MH-MU-ZET-CL14-9741,1,40514,41539
40514,41540-HTCONSUMER,1S-MH-MU-ZET-CL14-9741,NAN,2,41540,HTCONSUMER
40515,40515-39886,1S-MH-MU-ZET-RSTN-NAHA,1S-MH-MU-ZET-CL14-9741,1,40515,39886
40515,39887-HTCONSUMER,1S-MH-MU-ZET-CL14-9741,NAN,2,39887,HTCONSUMER
40517,40517-40597,1S-MH-MU-ZET-RSTN-NAHA,1S-MH-MU-ZET-RSTN-NAHA,1,40517,40597
40517,40598-39852,1S-MH-MU-ZET-RSTN-NAHA,1S-MH-MU-ZET-CL14-9740,2,40598,39852
40517,39855-HTCONSUMER,1S-MH-MU-ZET-CL14-9740,NAN,3,39855,HTCONSUMER
40519,40519-39860,1S-MH-MU-ZET-RSTN-NAHA,1S-MH-MU-ZET-CL14-9740,1,40519,39860
36756,36756-40599,1S-MH-MU-ZET-RSTN-NAHA,1S-MH-MU-ZET-RSTN-NAHA,1,36756,40599
37010,37010-36331,1S-MH-MU-ZET-RSTN-NATW,1S-MH-MU-ZET-CL12-8515,1,37010,36331
37010,14283-13528,1S-MH-MU-ZET-CL12-8515,1S-MH-MU-ZET-CL12-8238,2,14283,13528
37010,14285-9692,1S-MH-MU-ZET-CL12-8515,1S-MH-MU-ZET-CL12-8778,1.1,14285,9692
37012,37012-28154,1S-MH-MU-ZET-RSTN-NATW,1S-MH-MU-ZET-CL08-8053,1,37012,28154
37012,28153-19718,1S-MH-MU-ZET-CL08-8053,1S-MH-MU-ZET-CL08-8595,2,28153,19718
37012,19719-25006,1S-MH-MU-ZET-CL08-8595,1S-MH-MU-ZET-CL08-8992,3,19719,25006
37012,25008-37588,1S-MH-MU-ZET-CL08-8992,1S-MH-MU-ZET-CL08-9598,4,25008,37588
37012,37589-6497,1S-MH-MU-ZET-CL08-9598,1S-MH-MU-ZET-CL08-8572,5,37589,6497
37012,28152-38775,1S-MH-MU-ZET-CL08-8053,1S-MH-MU-ZET-CL08-9022,1.1,28152,38775
37014,37014-39755,1S-MH-MU-ZET-RSTN-NATW,1S-MH-MU-ZET-CL08-9736,1,37014,39755
37014,39754-7121,1S-MH-MU-ZET-CL08-9736,1S-MH-MU-ZET-CL08-8097,2,39754,7121
37014,7123-30812,1S-MH-MU-ZET-CL08-8097,1S-MH-MU-ZET-CL08-8805,3,7123,30812
37014,11620-4041,1S-MH-MU-ZET-CL08-8805,1S-MH-MU-ZET-CL08-8804,4,11620,4041
37014,4547-5511,1S-MH-MU-ZET-CL08-8804,1S-MH-MU-ZET-CL08-8593,5,4547,5511
37014,5510-42477,1S-MH-MU-ZET-CL08-8593,1S-MH-MU-ZET-CL08-9792,6,5510,42477
37014,4040-HTCONSUMER,1S-MH-MU-ZET-CL08-8804,NAN,4.1,4040,HTCONSUMER
37014,11621-26815,1S-MH-MU-ZET-CL08-8805,1S-MH-MU-ZET-CL08-9055,3.1,11621,26815
37014,37014-43571,1S-MH-MU-ZET-RSTN-NATW,1S-MH-MU-ZET-CL08-9893,2,37014,43571
37015,37015-11511,1S-MH-MU-ZET-RSTN-NATW,1S-MH-MU-ZET-CL12-8216,1,37015,11511
37015,11509-9542,1S-MH-MU-ZET-CL12-8216,1S-MH-MU-ZET-CL12-8784,2,11509,9542
37015,9544-13271,1S-MH-MU-ZET-CL12-8784,1S-MH-MU-ZET-CL12-8694,3,9544,13271
37016,37016-CAP BANK,1S-MH-MU-ZET-RSTN-NATW,1S-MH-MU-ZET-RSTN-NATW,1,37016,CAP BANK
37018,37018-25678,1S-MH-MU-ZET-RSTN-NATW,1S-MH-MU-ZET-CL12-9013,1,37018,25678
37018,25679-32783,1S-MH-MU-ZET-CL12-9013,1S-MH-MU-ZET-CL12-9301,2,25679,32783
37018,32781-25675,1S-MH-MU-ZET-CL12-9301,1S-MH-MU-ZET-CL12-9012,3,32781,25675
37018,39911-42011,1S-MH-MU-ZET-CL12-9012,1S-MH-MU-ZET-CL12-9778,4,39911,42011
37018,42012-5703,1S-MH-MU-ZET-CL12-9778,1S-MH-MU-ZET-CL12-8215,5,42012,5703
37019,37019-32614,1S-MH-MU-ZET-RSTN-NATW,1S-MH-MU-ZET-CL08-9300,1,37019,32614
37019,32616-13733,1S-MH-MU-ZET-CL08-9300,1S-MH-MU-ZET-CL08-8761,2,32616,13733
37019,13734-29261,1S-MH-MU-ZET-CL08-8761,1S-MH-MU-ZET-CL08-9127,3,13734,29261
37019,29262-28151,1S-MH-MU-ZET-CL08-9127,1S-MH-MU-ZET-CL08-8053,4,29262,28151
37019,29264-HTCONSUMER,1S-MH-MU-ZET-CL08-9127,NAN,3.1,29264,HTCONSUMER
37019,13732-25826,1S-MH-MU-ZET-CL08-8761,1S-MH-MU-ZET-CL12-9023,2.1,13732,25826
37019,32617-HTCONSUMER,1S-MH-MU-ZET-CL08-9300,NAN,1.1,32617,HTCONSUMER
37024,37024-13527,1S-MH-MU-ZET-RSTN-NATW,1S-MH-MU-ZET-CL12-8238,1,37024,13527
37024,31663-14521,1S-MH-MU-ZET-CL12-8238,1S-MH-MU-ZET-CL12-8685,2,31663,14521
37024,14520-25145,1S-MH-MU-ZET-CL12-8685,1S-MH-MU-ZET-CL12-8994,3,14520,25145
37024,25143-37818,1S-MH-MU-ZET-CL12-8994,1S-MH-MU-ZET-CL12-9662,4,25143,37818
37024,37819-40840,1S-MH-MU-ZET-CL12-9662,1S-MH-MU-ZET-CL12-9663,5,37819,40840
37025,37025-CAP BANK,1S-MH-MU-ZET-RSTN-NATW,1S-MH-MU-ZET-RSTN-NATW,1,37025,CAP BANK
39636,39636-42351,1S-MH-MU-ZCT-RSTN-NESC,1S-MH-MU-ZCT-CL07-5745,1,39636,42351
39636,42350-34340,1S-MH-MU-ZCT-CL07-5745,1S-MH-MU-ZCT-CL07-5203,2,42350,34340
39636,34339-32525,1S-MH-MU-ZCT-CL07-5203,1S-MH-MU-ZCT-RSTN-NIRL,3,34339,32525
39636,42352-HTCONSUMER,1S-MH-MU-ZCT-CL07-5745,NAN,1.1,42352,HTCONSUMER
39637,39637-HTCONSUMER,1S-MH-MU-ZCT-RSTN-NESC,NAN,1,39637,HTCONSUMER
39638,39638-10141,1S-MH-MU-ZCT-RSTN-NESC,1S-MH-MU-ZCT-CL07-4702,1,39638,10141
39638,10143-5076,1S-MH-MU-ZCT-CL07-4702,1S-MH-MU-ZCT-CL07-4751,2,10143,5076
39638,5338-6067,1S-MH-MU-ZCT-CL07-4751,1S-MH-MU-ZCT-CL07-4904,3,5338,6067
39638,6065-5055,1S-MH-MU-ZCT-CL07-4904,1S-MH-MU-ZCT-CL07-4287,4,6065,5055
39638,5057-7681,1S-MH-MU-ZCT-CL07-4287,1S-MH-MU-ZCT-CL07-4093,5,5057,7681
39638,7680-17730,1S-MH-MU-ZCT-CL07-4093,1S-MH-MU-ZSC-CL03-2316,6,7680,17730
39638,17728-36476,1S-MH-MU-ZSC-CL03-2316,1S-MH-MU-ZSC-CL03-2438,7,17728,36476
39638,36478-13098,1S-MH-MU-ZSC-CL03-2438,1S-MH-MU-ZSC-CL03-2441,8,36478,13098
39638,13097-13340,1S-MH-MU-ZSC-CL03-2441,1S-MH-MU-ZSC-CL03-2439,9,13097,13340
39638,36475-9177,1S-MH-MU-ZSC-CL03-2438,1S-MH-MU-ZSC-CL03-2709,7.1,36475,9177
39638,30789-26140,1S-MH-MU-ZCT-CL07-4093,1S-MH-MU-ZCT-CL07-4094,5.1,30789,26140
39638,30763-4892,1S-MH-MU-ZCT-CL07-4904,1S-MH-MU-ZCT-CL07-4569,3.1,30763,4892
39638,5077-CAP BANK,1S-MH-MU-ZCT-CL07-4751,1S-MH-MU-ZCT-CL07-4568,2.1,5077,CAP BANK
39638,10142-4654,1S-MH-MU-ZCT-CL07-4702,1S-MH-MU-ZCT-CL07-4568,1.1,10142,4654
39640,39640-26141,1S-MH-MU-ZCT-RSTN-NESC,1S-MH-MU-ZCT-CL07-4094,1,39640,26141
39641,39641-STN XMER,1S-MH-MU-ZCT-RSTN-NESC,1S-MH-MU-ZCT-RSTN-NESC,1,39641,STN XMER
39642,39642-STN XMER,1S-MH-MU-ZCT-RSTN-NESC,1S-MH-MU-ZCT-RSTN-NESC,1,39642,STN XMER
39645,39645-STN XMER,1S-MH-MU-ZCT-RSTN-NESC,1S-MH-MU-ZCT-RSTN-NESC,1,39645,STN XMER
39647,39647-37322,1S-MH-MU-ZCT-RSTN-NESC,1S-MH-MU-ZCT-CL07-4111,1,39647,37322
39647,37320-4207,1S-MH-MU-ZCT-CL07-4111,1S-MH-MU-ZCT-CL07-4692,2,37320,4207
39647,12863-4310,1S-MH-MU-ZCT-CL07-4692,1S-MH-MU-ZCT-CL07-4095,3,12863,4310
39647,4312-38861,1S-MH-MU-ZCT-CL07-4095,1S-MH-MU-ZCT-CL07-5504,4,4312,38861
39649,39649-HTCONSUMER,1S-MH-MU-ZCT-RSTN-NESC,NAN,1,39649,HTCONSUMER
32526,32526-42365,1S-MH-MU-ZCT-RSTN-NIRL,1S-MH-MU-ZCT-CL07-5745,1,32526,42365
32526,42364-39646,1S-MH-MU-ZCT-CL07-5745,1S-MH-MU-ZCT-RSTN-NESC,2,42364,39646
32526,42363-DT,1S-MH-MU-ZCT-CL07-5745,NAN,1.1,42363,DT
32526,42366-HTCONSUMER,1S-MH-MU-ZCT-CL07-5745,NAN,1.2,42366,HTCONSUMER
26317,26317-29152,1S-MH-MU-ZCT-RSTN-NIRL,1S-MH-MU-ZCT-CL07-5053,1,26317,29152
26317,26317-6936,1S-MH-MU-ZCT-RSTN-NIRL,1S-MH-MU-ZCT-CL08-4306,2,26317,6936
26317,6934-5110,1S-MH-MU-ZCT-CL08-4306,1S-MH-MU-ZCT-CL08-4189,3,6934,5110
26317,13390-16529,1S-MH-MU-ZCT-CL08-4189,1S-MH-MU-ZCT-CL08-4331,4,13390,16529
26317,16527-26130,1S-MH-MU-ZCT-CL08-4331,1S-MH-MU-ZCT-CL08-4192,5,16527,26130
26317,6935-11395,1S-MH-MU-ZCT-CL08-4306,1S-MH-MU-ZCT-CL08-4739,2.1,6935,11395
26317,11393-6961,1S-MH-MU-ZCT-CL08-4739,1S-MH-MU-ZCT-CL08-4807,2.2,11393,6961
26317,6962-4658,1S-MH-MU-ZCT-CL08-4807,1S-MH-MU-ZCT-CL08-4806,2.3,6962,4658
26318,26318-28228,1S-MH-MU-ZCT-RSTN-NIRL,1S-MH-MU-ZCT-RSTN-CAMA,1,26318,28228
26318,26318-DT,1S-MH-MU-ZCT-RSTN-NIRL,DT,2,26318,DT
26320,26320-15266,1S-MH-MU-ZCT-RSTN-NIRL,1S-MH-MU-ZCT-CL07-4506,1,26320,15266
26320,15268-5941,1S-MH-MU-ZCT-CL07-4506,1S-MH-MU-ZCT-CL07-4828,2,15268,5941
26320,5939-4703,1S-MH-MU-ZCT-CL07-4828,1S-MH-MU-ZCT-CL07-4177,3,5939,4703
26320,4702-9137,1S-MH-MU-ZCT-CL07-4177,1S-MH-MU-ZCT-CL07-4123,4,4702,9137
26320,9135-4462,1S-MH-MU-ZCT-CL07-4123,1S-MH-MU-ZCT-CL07-4534,5,9135,4462
26320,4461-157,1S-MH-MU-ZCT-CL07-4534,1S-MH-MU-ZCT-CL07-4269,6,4461,157
26320,4463-7617,1S-MH-MU-ZCT-CL07-4534,1S-MH-MU-ZCT-CL07-4767,5.1,4463,7617
26320,6340-41664,1S-MH-MU-ZCT-CL07-4177,1S-MH-MU-ZCT-CL07-5302,3.1,6340,41664
26320,5940-4560,1S-MH-MU-ZCT-CL07-4828,1S-MH-MU-ZCT-CL07-4309,2.1,5940,4560
26320,4559-4216,1S-MH-MU-ZCT-CL07-4309,1S-MH-MU-ZCT-CL07-4308,2.2,4559,4216
26320,15269-12838,1S-MH-MU-ZCT-CL07-4506,1S-MH-MU-ZCT-CL07-4737,1.1,15269,12838
26320,12839-38862,1S-MH-MU-ZCT-CL07-4737,1S-MH-MU-ZCT-CL07-5504,1.2,12839,38862
26321,26321-36202,1S-MH-MU-ZCT-RSTN-NIRL,1S-MH-MU-ZCT-CL07-5409,1,26321,36202
26321,36203-39138,1S-MH-MU-ZCT-CL07-5409,1S-MH-MU-ZCT-CL09-4742,2,36203,39138
26321,39137-28202,1S-MH-MU-ZCT-CL09-4742,1S-MH-MU-ZCT-CL09-5005,3,39137,28202
26321,28200-18565,1S-MH-MU-ZCT-CL09-5005,1S-MH-MU-ZCT-CL09-4743,4,28200,18565
26321,18566-18584,1S-MH-MU-ZCT-CL09-4743,1S-MH-MU-ZCT-CL09-4744,5,18566,18584
26321,18582-13844,1S-MH-MU-ZCT-CL09-4744,1S-MH-MU-ZCT-CL08-4078,6,18582,13844
26322,26322-35929,1S-MH-MU-ZCT-RSTN-NIRL,1S-MH-MU-ZCT-CL07-5365,1,26322,35929
26322,35929-34335,1S-MH-MU-ZCT-CL07-5365,1S-MH-MU-ZCT-CL07-5203,2,35929,34335
26322,34337-26289,1S-MH-MU-ZCT-CL07-5203,1S-MH-MU-ZCT-CL07-4961,3,34337,26289
26322,34338-HTCONSUMER,1S-MH-MU-ZCT-CL07-5203,NAN,2.1,34338,HTCONSUMER
26323,26323-34449,1S-MH-MU-ZCT-RSTN-NIRL,1S-MH-MU-ZCT-CL07-4983,1,26323,34449
26323,34451-38105,1S-MH-MU-ZCT-CL07-4983,1S-MH-MU-ZCT-CL07-5570,2,34451,38105
26323,38104-25683,1S-MH-MU-ZCT-CL07-5570,1S-MH-MU-ZCT-CL07-4939,3,38104,25683
26323,25681-39644,1S-MH-MU-ZCT-CL07-4939,1S-MH-MU-ZCT-RSTN-NESC,4,25681,39644
26324,26324-CAP BANK,1S-MH-MU-ZCT-RSTN-NIRL,1S-MH-MU-ZCT-RSTN-NIRL,1,26324,CAP BANK
26326,26326-29771,1S-MH-MU-ZCT-RSTN-NIRL,1S-MH-MU-ZCT-CL07-5076,1,26326,29771
26326,29773-31708,1S-MH-MU-ZCT-CL07-5076,1S-MH-MU-ZCT-CL07-5147,2,29773,31708
26326,31710-32043,1S-MH-MU-ZCT-CL07-5147,1S-MH-MU-ZCT-CL07-5157,3,31710,32043
26326,26326-31430,1S-MH-MU-ZCT-RSTN-NIRL,1S-MH-MU-ZCT-CL07-5141,2,26326,31430
26327,26327-30853,1S-MH-MU-ZCT-RSTN-NIRL,1S-MH-MU-ZCT-CL07-5122,1,26327,30853
26327,34792-29153,1S-MH-MU-ZCT-CL07-5122,1S-MH-MU-ZCT-CL07-5053,2,34792,29153
26327,30854-HTCONSUMER,1S-MH-MU-ZCT-CL07-5122,NAN,1.1,30854,HTCONSUMER
26328,26328-41021,1S-MH-MU-ZCT-RSTN-NIRL,1S-MH-MU-ZCT-CL07-5725,1,26328,41021
26328,41022-41877,1S-MH-MU-ZCT-CL07-5725,NAN,2,41022,41877
26328,41020-26290,1S-MH-MU-ZCT-CL07-5725,1S-MH-MU-ZCT-CL07-4961,1.1,41020,26290
26328,41023-HTCONSUMER,1S-MH-MU-ZCT-CL07-5725,NAN,1.2,41023,HTCONSUMER
26330,26330-2285,1S-MH-MU-ZCT-RSTN-NIRL,1S-MH-MU-ZCT-CL07-4270,1,26330,2285
26330,2286-35822,1S-MH-MU-ZCT-CL07-4270,1S-MH-MU-ZCT-CL07-5347,2,2286,35822
26330,35823-13614,1S-MH-MU-ZCT-CL07-5347,1S-MH-MU-ZCT-CL07-4329,3,35823,13614
26330,13615-41170,1S-MH-MU-ZCT-CL07-4329,1S-MH-MU-ZCT-CL07-5568,4,13615,41170
26330,41169-39801,1S-MH-MU-ZCT-CL07-5568,1S-MH-MU-ZCT-CL08-5385,5,41169,39801
26330,39802-34513,1S-MH-MU-ZCT-CL08-5385,1S-MH-MU-ZCT-CL08-4554,6,39802,34513
26330,34515-38276,1S-MH-MU-ZCT-CL08-4554,1S-MH-MU-ZCT-CL08-5316,7,34515,38276
26330,38277-36454,1S-MH-MU-ZCT-CL08-5316,1S-MH-MU-ZCT-CL08-5451,8,38277,36454
26330,39803-41521,1S-MH-MU-ZCT-CL08-5385,1S-MH-MU-ZCT-CL07-5662,5.1,39803,41521
26330,41520-32504,1S-MH-MU-ZCT-CL07-5662,1S-MH-MU-ZCT-CL07-5174,5.2,41520,32504
26330,41522-DT,1S-MH-MU-ZCT-CL07-5662,1S-MH-MU-ZCT-CL10-5591,5.1.1,41522,DT
26330,2284-19393,1S-MH-MU-ZCT-CL07-4270,1S-MH-MU-ZCT-CL07-4832,1.1,2284,19393
26330,19392-7619,1S-MH-MU-ZCT-CL07-4832,1S-MH-MU-ZCT-CL07-4767,1.2,19392,7619
26330,7616-12474,1S-MH-MU-ZCT-CL07-4767,1S-MH-MU-ZCT-CL07-4350,1.3,7616,12474
26330,19394-HTCONSUMER,1S-MH-MU-ZCT-CL07-4832,NAN,1.1.1,19394,HTCONSUMER
26331,26331-37235,1S-MH-MU-ZCT-RSTN-NIRL,1S-MH-MU-ZCT-CL07-5380,1,26331,37235
26331,37237-7706,1S-MH-MU-ZCT-CL07-5380,1S-MH-MU-ZCT-CL08-4398,2,37237,7706
26331,7705-5532,1S-MH-MU-ZCT-CL08-4398,1S-MH-MU-ZCT-CL02-4336,3,7705,5532
26331,5531-39101,1S-MH-MU-ZCT-CL02-4336,1S-MH-MU-ZCT-CL08-5618,4,5531,39101
26331,39100-11737,1S-MH-MU-ZCT-CL08-5618,1S-MH-MU-ZCT-CL08-4805,5,39100,11737
26331,11738-1066,1S-MH-MU-ZCT-CL08-4805,1S-MH-MU-ZCT-CL08-4194,6,11738,1066
26331,2899-31625,1S-MH-MU-ZCT-CL08-4194,1S-MH-MU-ZCT-CL08-5140,7,2899,31625
26331,31411-18049,1S-MH-MU-ZCT-CL08-5140,1S-MH-MU-ZCT-CL08-4727,8,31411,18049
26331,1067-26173,1S-MH-MU-ZCT-CL08-4194,1S-MH-MU-ZCT-CL07-4956,6.1,1067,26173
26331,41126-4660,1S-MH-MU-ZCT-CL08-4805,1S-MH-MU-ZCT-CL08-4806,5.1,41126,4660
26331,7704-14646,1S-MH-MU-ZCT-CL08-4398,1S-MH-MU-ZCT-CL08-4348,2.1,7704,14646
26331,14648-41164,1S-MH-MU-ZCT-CL08-4348,1S-MH-MU-ZCT-CL07-4689,2.2,14648,41164
26331,41163-32502,1S-MH-MU-ZCT-CL07-4689,1S-MH-MU-ZCT-CL07-5174,2.3,41163,32502
26331,32503-9651,1S-MH-MU-ZCT-CL07-5174,1S-MH-MU-ZCT-CL07-4639,2.4,32503,9651
26331,9652-18770,1S-MH-MU-ZCT-CL07-4639,1S-MH-MU-ZCT-CL07-4023,2.5,9652,18770
26331,18772-18767,1S-MH-MU-ZCT-CL07-4023,1S-MH-MU-ZCT-CL07-4022,2.6,18772,18767
26331,14567-5387,1S-MH-MU-ZCT-CL07-4689,1S-MH-MU-ZCT-CL08-4670,2.2.1,14567,5387
26331,14647-17122,1S-MH-MU-ZCT-CL08-4348,1S-MH-MU-ZCT-CL07-4110,2.1.1,14647,17122
26332,26332-36853,1S-MH-MU-ZCT-RSTN-NIRL,1S-MH-MU-ZCT-CL07-5462,1,26332,36853
26332,36855-HTCONSUMER,1S-MH-MU-ZCT-CL07-5462,NAN,2,36855,HTCONSUMER
26333,26333-CAP BANK,1S-MH-MU-ZCT-RSTN-NIRL,1S-MH-MU-ZCT-RSTN-NIRL,1,26333,CAP BANK
32527,32527-37157,1S-MH-MU-ZCT-RSTN-NIRL,1S-MH-MU-ZCT-CL07-5496,1,32527,37157
32527,37156-2239,1S-MH-MU-ZCT-CL07-5496,1S-MH-MU-ZCT-CL07-4269,2,37156,2239
32527,610-26246,1S-MH-MU-ZCT-CL07-4269,1S-MH-MU-ZCT-CL07-4738,3,610,26246
32527,12258-36597,1S-MH-MU-ZCT-CL07-4738,1S-MH-MU-ZCT-CL07-4271,4,12258,36597
32527,36595-41371,1S-MH-MU-ZCT-CL07-4271,1S-MH-MU-ZCT-CL08-5619,5,36595,41371
32527,41372-7075,1S-MH-MU-ZCT-CL08-5619,1S-MH-MU-ZCT-CL08-4514,6,41372,7075
32527,7074-18917,1S-MH-MU-ZCT-CL08-4514,1S-MH-MU-ZCT-CL07-4825,7,7074,18917
32527,18916-18385,1S-MH-MU-ZCT-CL07-4825,1S-MH-MU-ZCT-CL08-4683,8,18916,18385
32527,18387-9467,1S-MH-MU-ZCT-CL08-4683,1S-MH-MU-ZCT-CL08-4155,9,18387,9467
32527,9466-12630,1S-MH-MU-ZCT-CL08-4155,1S-MH-MU-ZCT-CL08-4565,10,9466,12630
32527,36596-37154,1S-MH-MU-ZCT-CL07-4271,1S-MH-MU-ZCT-CL07-4069,4.1,36596,37154
32527,407-716,1S-MH-MU-ZCT-CL07-4269,1S-MH-MU-ZCT-CL07-4713,2.1,407,716
32527,1050-10989,1S-MH-MU-ZCT-CL07-4713,1S-MH-MU-ZCT-CL07-4715,2.2,1050,10989
32527,10991-11958,1S-MH-MU-ZCT-CL07-4715,1S-MH-MU-ZCT-CL07-4714,2.3,10991,11958
32527,43326-28875,1S-MH-MU-ZCT-CL07-4269,1S-MH-MU-ZCT-CL07-5037,2.2,43326,28875
32527,31292-9538,1S-MH-MU-ZCT-CL07-5037,1S-MH-MU-ZCT-CL07-4520,2.3,31292,9538
32529,32529-32406,1S-MH-MU-ZCT-RSTN-NIRL,1S-MH-MU-ZCT-CL07-5173,1,32529,32406
32529,32408-32044,1S-MH-MU-ZCT-CL07-5173,1S-MH-MU-ZCT-CL07-5157,2,32408,32044
32530,32530-31428,1S-MH-MU-ZCT-RSTN-NIRL,1S-MH-MU-ZCT-CL07-5141,1,32530,31428
32530,31429-HTCONSUMER,1S-MH-MU-ZCT-CL07-5141,NAN,2,31429,HTCONSUMER
32530,31427-HTCONSUMER,1S-MH-MU-ZCT-CL07-5141,NAN,1.1,31427,HTCONSUMER
32531,32531-36857,1S-MH-MU-ZCT-RSTN-NIRL,1S-MH-MU-ZCT-CL07-5462,1,32531,36857
32531,36858-35935,1S-MH-MU-ZCT-CL07-5462,1S-MH-MU-ZCT-CL07-5365,2,36858,35935
32531,35933-HTCONSUMER,1S-MH-MU-ZCT-CL07-5365,NAN,3,35933,HTCONSUMER
32531,35930-HTCONSUMER,1S-MH-MU-ZCT-CL07-5365,NAN,2.1,35930,HTCONSUMER
32532,32532-CAP BANK,1S-MH-MU-ZCT-RSTN-NIRL,1S-MH-MU-ZCT-RSTN-NIRL,1,32532,CAP BANK
3636,3636-11562,1S-MH-MU-ZCT-RSTN-OMKA,1S-MH-MU-ZCT-CL09-4058,1,3636,11562
3636,11561-5851,1S-MH-MU-ZCT-CL09-4058,1S-MH-MU-ZCT-CL09-4029,2,11561,5851
3636,5852-41648,1S-MH-MU-ZCT-CL09-4029,1S-MH-MU-ZCT-CL09-4405,3,5852,41648
3636,11560-37505,1S-MH-MU-ZCT-CL09-4058,1S-MH-MU-ZCT-CL09-5327,1.1,11560,37505
3636,37503-10521,1S-MH-MU-ZCT-CL09-5327,1S-MH-MU-ZCT-CL09-4067,1.2,37503,10521
3637,3637-41427,1S-MH-MU-ZCT-RSTN-OMKA,1S-MH-MU-ZCT-CL09-5596,1,3637,41427
3637,3637-38927,1S-MH-MU-ZCT-RSTN-OMKA,1S-MH-MU-ZCT-CL09-5464,2,3637,38927
3637,36795-36026,1S-MH-MU-ZCT-CL09-5464,1S-MH-MU-ZCT-CL09-5369,3,36795,36026
3637,36024-7537,1S-MH-MU-ZCT-CL09-5369,1S-MH-MU-ZCT-CL09-4444,4,36024,7537
3637,7538-40850,1S-MH-MU-ZCT-CL09-4444,1S-MH-MU-ZCT-CL09-5678,5,7538,40850
3637,40851-41454,1S-MH-MU-ZCT-CL09-5678,1S-MH-MU-ZCT-CL09-5616,6,40851,41454
3637,41455-16103,1S-MH-MU-ZCT-CL09-5616,1S-MH-MU-ZCT-CL09-4300,7,41455,16103
3637,16105-16648,1S-MH-MU-ZCT-CL09-4300,1S-MH-MU-ZCT-CL09-4066,8,16105,16648
3637,36025-HTCONSUMER,1S-MH-MU-ZCT-CL09-5369,NAN,3.1,36025,HTCONSUMER
3637,36794-11053,1S-MH-MU-ZCT-CL09-5464,1S-MH-MU-ZCT-CL09-4518,2.1,36794,11053
3639,3639-12559,1S-MH-MU-ZCT-RSTN-OMKA,1S-MH-MU-ZCT-CL09-4402,1,3639,12559
3639,12557-18591,1S-MH-MU-ZCT-CL09-4402,1S-MH-MU-ZCT-CL09-4057,2,12557,18591
3639,18590-11277,1S-MH-MU-ZCT-CL09-4057,1S-MH-MU-ZCT-CL09-4423,3,18590,11277
3639,11279-40439,1S-MH-MU-ZCT-CL09-4423,1S-MH-MU-ZCT-CL09-5703,4,11279,40439
3640,3640-38777,1S-MH-MU-ZCT-RSTN-OMKA,1S-MH-MU-ZCT-CL09-5424,1,3640,38777
3640,38779-40756,1S-MH-MU-ZCT-CL09-5424,1S-MH-MU-ZCT-CL09-5675,2,38779,40756
3640,40755-13027,1S-MH-MU-ZCT-CL09-5675,1S-MH-MU-ZCT-CL09-4579,3,40755,13027
3640,13029-17543,1S-MH-MU-ZCT-CL09-4579,1S-MH-MU-ZCT-CL09-4295,4,13029,17543
3640,17541-10166,1S-MH-MU-ZCT-CL09-4295,1S-MH-MU-ZCT-CL09-4673,5,17541,10166
3640,32471-32338,1S-MH-MU-ZCT-CL09-4673,1S-MH-MU-ZCT-CL09-4719,6,32471,32338
3640,32337-16908,1S-MH-MU-ZCT-CL09-4719,1S-MH-MU-ZCT-CL09-4404,7,32337,16908
3640,10165-32205,1S-MH-MU-ZCT-CL09-4673,1S-MH-MU-ZCT-CL09-4404,5.1,10165,32205
3640,10164-10192,1S-MH-MU-ZCT-CL09-4673,1S-MH-MU-ZCT-CL09-4578,5.2,10164,10192
3641,3641-CAP BANK,1S-MH-MU-ZCT-RSTN-OMKA,1S-MH-MU-ZCT-RSTN-OMKA,1,3641,CAP BANK
3643,3643-43051,1S-MH-MU-ZCT-RSTN-OMKA,1S-MH-MU-ZCT-CL09-5786,1,3643,43051
3643,43052-36791,1S-MH-MU-ZCT-CL09-5786,1S-MH-MU-ZCT-CL09-5463,2,43052,36791
3643,36792-14194,1S-MH-MU-ZCT-CL09-5463,1S-MH-MU-ZCT-CL08-4083,3,36792,14194
3643,14192-38928,1S-MH-MU-ZCT-CL08-4083,1S-MH-MU-ZCT-CL09-5517,4,14192,38928
3643,38929-19016,1S-MH-MU-ZCT-CL09-5517,1S-MH-MU-ZCT-CL09-4843,5,38929,19016
3643,19014-7526,1S-MH-MU-ZCT-CL09-4843,1S-MH-MU-ZCT-CL09-4404,6,19014,7526
3643,7524-30692,1S-MH-MU-ZCT-CL09-4404,1S-MH-MU-ZCT-CL09-5095,7,7524,30692
3643,30691-38831,1S-MH-MU-ZCT-CL09-5095,1S-MH-MU-ZCT-CL09-5626,8,30691,38831
3643,36793-41422,1S-MH-MU-ZCT-CL09-5463,1S-MH-MU-ZCT-CL09-5596,2.1,36793,41422
3644,3644-36028,1S-MH-MU-ZCT-RSTN-OMKA,1S-MH-MU-ZCT-CL09-4518,1,3644,36028
3644,11055-32511,1S-MH-MU-ZCT-CL09-4518,1S-MH-MU-ZCT-CL09-5176,2,11055,32511
3644,32513-35832,1S-MH-MU-ZCT-CL09-5176,1S-MH-MU-ZCT-CL09-5271,3,32513,35832
3644,35831-12503,1S-MH-MU-ZCT-CL09-5271,1S-MH-MU-ZCT-CL09-4571,4,35831,12503
3644,12501-10255,1S-MH-MU-ZCT-CL09-4571,1S-MH-MU-ZCT-CL09-4780,5,12501,10255
3644,3644-38421,1S-MH-MU-ZCT-RSTN-OMKA,1S-MH-MU-ZCT-CL09-5595,2,3644,38421
3644,38422-37438,1S-MH-MU-ZCT-CL09-5595,1S-MH-MU-ZCT-CL09-5503,3,38422,37438
3644,37439-36206,1S-MH-MU-ZCT-CL09-5503,1S-MH-MU-ZCT-CL09-5422,4,37439,36206
3644,36208-36209,1S-MH-MU-ZCT-CL09-5422,1S-MH-MU-ZCT-CL09-5423,5,36208,36209
3644,36210-38778,1S-MH-MU-ZCT-CL09-5423,1S-MH-MU-ZCT-CL09-5424,6,36210,38778
3644,3644-43902,1S-MH-MU-ZCT-RSTN-OMKA,1S-MH-MU-ZCT-CL09-5812,3,3644,43902
3645,3645-5216,1S-MH-MU-ZCT-RSTN-OMKA,1S-MH-MU-ZCT-CL09-4445,1,3645,5216
3645,5216-40963,1S-MH-MU-ZCT-CL09-4445,1S-MH-MU-ZCT-CL09-5312,2,5216,40963
3645,40962-11842,1S-MH-MU-ZCT-CL09-5312,1S-MH-MU-ZCT-CL09-4380,3,40962,11842
3645,11841-28349,1S-MH-MU-ZCT-CL09-4380,1S-MH-MU-ZCT-CL09-5010,4,11841,28349
3645,28351-5681,1S-MH-MU-ZCT-CL09-5010,1S-MH-MU-ZCT-CL09-4605,5,28351,5681
3645,5682-31628,1S-MH-MU-ZCT-CL09-4605,1S-MH-MU-ZCT-CL08-4604,6,5682,31628
3645,11843-2432,1S-MH-MU-ZCT-CL09-4380,1S-MH-MU-ZCT-CL09-4729,3.1,11843,2432
3645,5887-4075,1S-MH-MU-ZCT-CL09-4729,1S-MH-MU-ZCT-CL09-4088,3.2,5887,4075
3645,2431-4948,1S-MH-MU-ZCT-CL09-4729,1S-MH-MU-ZCT-CL09-4730,3.1.1,2431,4948
3646,3646-16564,1S-MH-MU-ZCT-RSTN-OMKA,1S-MH-MU-ZCT-CL09-4515,1,3646,16564
3646,13174-17179,1S-MH-MU-ZCT-CL09-4515,1S-MH-MU-ZCT-CL10-4351,2,13174,17179
3646,17177-456,1S-MH-MU-ZCT-CL10-4351,1S-MH-MU-ZCT-CL10-4602,3,17177,456
3646,6619-41212,1S-MH-MU-ZCT-CL10-4602,1S-MH-MU-ZCT-CL10-5541,4,6619,41212
3646,41213-41216,1S-MH-MU-ZCT-CL10-5541,1S-MH-MU-ZCT-CL10-5245,5,41213,41216
3646,41215-41209,1S-MH-MU-ZCT-CL10-5245,1S-MH-MU-ZCT-CL10-5445,6,41215,41209
3646,41210-40483,1S-MH-MU-ZCT-CL10-5445,1S-MH-MU-ZCT-CL10-4912,7,41210,40483
3646,40481-18974,1S-MH-MU-ZCT-CL10-4912,1S-MH-MU-ZCT-CL09-4869,8,40481,18974
3646,18973-41073,1S-MH-MU-ZCT-CL09-4869,1S-MH-MU-ZCT-CL09-5714,9,18973,41073
3646,41072-41492,1S-MH-MU-ZCT-CL09-5714,1S-MH-MU-ZCT-CL09-5590,10,41072,41492
3646,41491-4949,1S-MH-MU-ZCT-CL09-5590,1S-MH-MU-ZCT-CL09-4730,11,41491,4949
3646,40482-41348,1S-MH-MU-ZCT-CL10-4912,1S-MH-MU-ZCT-CL09-5458,7.1,40482,41348
3646,41349-7144,1S-MH-MU-ZCT-CL09-5458,1S-MH-MU-ZCT-CL09-4163,7.2,41349,7144
3646,41350-DT,1S-MH-MU-ZCT-CL09-5458,NAN,7.1.1,41350,DT
3646,16563-9704,1S-MH-MU-ZCT-CL09-4515,1S-MH-MU-ZCT-CL09-4406,1.1,16563,9704
3646,9705-11654,1S-MH-MU-ZCT-CL09-4406,1S-MH-MU-ZCT-CL09-4741,1.2,9705,11654
3648,3648-STN XMER,1S-MH-MU-ZCT-RSTN-OMKA,1S-MH-MU-ZCT-RSTN-OMKA,1,3648,STN XMER
3649,3649-CAP BANK,1S-MH-MU-ZCT-RSTN-OMKA,1S-MH-MU-ZCT-RSTN-OMKA,1,3649,CAP BANK
40313,40313-37880,1S-MH-MU-ZCT-RSTN-OSHI,1S-MH-MU-ZCT-CL01-5515,1,40313,37880
40313,37879-35628,1S-MH-MU-ZCT-CL01-5515,1S-MH-MU-ZCT-CL01-5278,2,37879,35628
40313,35630-35212,1S-MH-MU-ZCT-CL01-5278,1S-MH-MU-ZCT-CL01-5277,3,35630,35212
40313,35214-32131,1S-MH-MU-ZCT-CL01-5277,1S-MH-MU-ZCT-CL07-5161,4,35214,32131
40313,32129-5568,1S-MH-MU-ZCT-CL07-5161,1S-MH-MU-ZCT-CL01-4267,5,32129,5568
40313,5567-34751,1S-MH-MU-ZCT-CL01-4267,1S-MH-MU-ZCT-CL01-4282,6,5567,34751
40313,34753-19339,1S-MH-MU-ZCT-CL01-4282,1S-MH-MU-ZCT-CL01-4833,7,34753,19339
40313,19340-13395,1S-MH-MU-ZCT-CL01-4833,1S-MH-MU-ZCT-CL03-4174,8,19340,13395
40313,13397-13398,1S-MH-MU-ZCT-CL03-4174,1S-MH-MU-ZCT-CL01-4175,9,13397,13398
40313,13399-13228,1S-MH-MU-ZCT-CL01-4175,1S-MH-MU-ZCT-CL01-4173,10,13399,13228
40313,5569-29758,1S-MH-MU-ZCT-CL01-4267,1S-MH-MU-ZCT-CL01-5075,5.1,5569,29758
40313,32130-HTCONSUMER,1S-MH-MU-ZCT-CL07-5161,NAN,4.1,32130,HTCONSUMER
40313,32128-HTCONSUMER,1S-MH-MU-ZCT-CL07-5161,NAN,4.2,32128,HTCONSUMER
40313,37878-38796,1S-MH-MU-ZCT-CL01-5515,1S-MH-MU-ZCT-CL01-5514,1.1,37878,38796
40301,40301-9642,1S-MH-MU-ZCT-RSTN-OSHI,1S-MH-MU-ZCT-CL01-4274,1,40301,9642
40301,9640-766,1S-MH-MU-ZCT-CL01-4274,1S-MH-MU-ZCT-CL01-4273,2,9640,766
40301,764-13185,1S-MH-MU-ZCT-CL01-4273,1S-MH-MU-ZCT-CL01-4272,3,764,13185
40301,13187-29678,1S-MH-MU-ZCT-CL01-4272,1S-MH-MU-ZCT-CL01-5070,4,13187,29678
40301,29677-29776,1S-MH-MU-ZCT-CL01-5070,1S-MH-MU-ZCT-CL01-5071,5,29677,29776
40304,40304-STN XMER,1S-MH-MU-ZCT-RSTN-OSHI,1S-MH-MU-ZCT-RSTN-OSHI,1,40304,STN XMER
40306,40306-39277,1S-MH-MU-ZCT-RSTN-OSHI,1S-MH-MU-ZCT-CL01-5574,1,40306,39277
40306,39276-43577,1S-MH-MU-ZCT-CL01-5574,1S-MH-MU-ZCT-CL01-5795,2,39276,43577
40306,43576-39275,1S-MH-MU-ZCT-CL01-5795,1S-MH-MU-ZCT-CL01-5434,3,43576,39275
40306,39272-1534,1S-MH-MU-ZCT-CL01-5434,1S-MH-MU-ZCT-RSTN-GORE,4,39272,1534
40306,39276-39275,1S-MH-MU-ZCT-CL01-5574,1S-MH-MU-ZCT-CL01-5434,1.1,39276,39275
40306,39272-1534,1S-MH-MU-ZCT-CL01-5434,1S-MH-MU-ZCT-RSTN-GORE,1.2,39272,1534
40312,40312-18042,1S-MH-MU-ZCT-RSTN-OSHI,1S-MH-MU-ZCT-CL01-4063,1,40312,18042
40312,18044-11833,1S-MH-MU-ZCT-CL01-4063,1S-MH-MU-ZCT-CL01-4268,2,18044,11833
40312,11832-15941,1S-MH-MU-ZCT-CL01-4268,1S-MH-MU-ZCT-CL01-4679,3,11832,15941
40312,15940-6963,1S-MH-MU-ZCT-CL01-4679,1S-MH-MU-ZCT-CL01-4282,4,15940,6963
38708,38708-10998,1S-MH-MU-ZST-RSTN-PALI,1S-MH-MU-ZST-CL02-0290,1,38708,10998
38708,11002-13122,1S-MH-MU-ZST-CL02-0290,1S-MH-MU-ZST-CL02-0291,2,11002,13122
38708,13120-16746,1S-MH-MU-ZST-CL02-0291,1S-MH-MU-ZST-CL01-0493,3,13120,16746
38708,16744-9230,1S-MH-MU-ZST-CL01-0493,1S-MH-MU-ZST-CL01-0498,4,16744,9230
38710,38710-11152,1S-MH-MU-ZST-RSTN-PALI,1S-MH-MU-ZST-CL02-0484,1,38710,11152
38710,11149-2908,1S-MH-MU-ZST-CL02-0484,1S-MH-MU-ZST-CL02-0098,2,11149,2908
38710,4120-17263,1S-MH-MU-ZST-CL02-0098,1S-MH-MU-ZST-CL02-0099,3,4120,17263
38710,17261-38860,1S-MH-MU-ZST-CL02-0099,1S-MH-MU-ZST-CL02-0399,4,17261,38860
38710,13729-17489,1S-MH-MU-ZST-CL02-0399,1S-MH-MU-ZST-CL02-0100,5,13729,17489
38710,11151-19485,1S-MH-MU-ZST-CL02-0484,1S-MH-MU-ZST-CL02-0591,1.1,11151,19485
38710,19483-18193,1S-MH-MU-ZST-CL02-0591,1S-MH-MU-ZST-CL02-0090,1.2,19483,18193
38710,18195-34530,1S-MH-MU-ZST-CL02-0090,1S-MH-MU-ZST-CL02-0915,1.3,18195,34530
38712,38712-CAP BANK,1S-MH-MU-ZST-RSTN-PALI,1S-MH-MU-ZST-RSTN-PALI,1,38712,CAP BANK
38714,38714-38825,1S-MH-MU-ZST-RSTN-PALI,1S-MH-MU-ZST-CL02-0724,1,38714,38825
38714,28945-9569,1S-MH-MU-ZST-CL02-0724,1S-MH-MU-ZST-CL02-0046,2,28945,9569
38714,9571-35070,1S-MH-MU-ZST-CL02-0046,1S-MH-MU-ZST-CL02-0903,3,9571,35070
38714,35072-36017,1S-MH-MU-ZST-CL02-0903,1S-MH-MU-ZST-CL02-0337,4,35072,36017
38714,36015-540,1S-MH-MU-ZST-CL02-0337,1S-MH-MU-ZST-CL02-0115,5,36015,540
38714,7958-35545,1S-MH-MU-ZST-CL02-0115,1S-MH-MU-ZST-CL02-1024,6,7958,35545
38714,35547-41561,1S-MH-MU-ZST-CL02-1024,1S-MH-MU-ZST-CL02-1356,7,35547,41561
38714,41560-19039,1S-MH-MU-ZST-CL02-1356,1S-MH-MU-ZST-CL02-0599,8,41560,19039
38714,19683-19941,1S-MH-MU-ZST-CL02-0599,1S-MH-MU-ZST-CL02-0625,9,19683,19941
38714,19943-39933,1S-MH-MU-ZST-CL02-0625,1S-MH-MU-ZST-CL02-0304,10,19943,39933
38714,538-10540,1S-MH-MU-ZST-CL02-0115,1S-MH-MU-ZST-CL02-0446,5.1,538,10540
38714,38714-43602,1S-MH-MU-ZST-RSTN-PALI,1S-MH-MU-ZST-CL02-1318,2,38714,43602
38714,43603-38825,1S-MH-MU-ZST-CL02-1318,1S-MH-MU-ZST-CL02-0724,3,43603,38825
38714,28945-9569,1S-MH-MU-ZST-CL02-0724,1S-MH-MU-ZST-CL02-0046,4,28945,9569
38714,9571-35070,1S-MH-MU-ZST-CL02-0046,1S-MH-MU-ZST-CL02-0903,5,9571,35070
38714,35072-36017,1S-MH-MU-ZST-CL02-0903,1S-MH-MU-ZST-CL02-0337,6,35072,36017
38714,36015-540,1S-MH-MU-ZST-CL02-0337,1S-MH-MU-ZST-CL02-0115,7,36015,540
38714,7958-35545,1S-MH-MU-ZST-CL02-0115,1S-MH-MU-ZST-CL02-1024,8,7958,35545
38714,35547-41561,1S-MH-MU-ZST-CL02-1024,1S-MH-MU-ZST-CL02-1356,9,35547,41561
38714,41560-19039,1S-MH-MU-ZST-CL02-1356,1S-MH-MU-ZST-CL02-0599,10,41560,19039
38714,19683-19941,1S-MH-MU-ZST-CL02-0599,1S-MH-MU-ZST-CL02-0625,11,19683,19941
38714,19943-39933,1S-MH-MU-ZST-CL02-0625,1S-MH-MU-ZST-CL02-0304,12,19943,39933
38714,538-10540,1S-MH-MU-ZST-CL02-0115,1S-MH-MU-ZST-CL02-0446,7.1,538,10540
38715,38715-CAP BANK,1S-MH-MU-ZST-RSTN-PALI,1S-MH-MU-ZST-RSTN-PALI,1,38715,CAP BANK
38716,38716-38844,1S-MH-MU-ZST-RSTN-PALI,1S-MH-MU-ZST-CL02-0397,1,38716,38844
38716,6427-26726,1S-MH-MU-ZST-CL02-0397,1S-MH-MU-ZST-CL02-0691,2,6427,26726
38716,26724-5922,1S-MH-MU-ZST-CL02-0691,1S-MH-MU-ZST-CL02-0394,3,26724,5922
38716,5921-37684,1S-MH-MU-ZST-CL02-0394,1S-MH-MU-ZST-CL02-1119,4,5921,37684
38716,37682-12364,1S-MH-MU-ZST-CL02-1119,1S-MH-MU-ZST-CL02-0396,5,37682,12364
38717,38717-10602,1S-MH-MU-ZST-RSTN-PALI,1S-MH-MU-ZST-CL02-0398,1,38717,10602
38717,10604-39796,1S-MH-MU-ZST-CL02-0398,1S-MH-MU-ZST-CL02-1068,2,10604,39796
38717,39794-38864,1S-MH-MU-ZST-CL02-1068,1S-MH-MU-ZST-CL02-0485,3,39794,38864
38717,9238-26704,1S-MH-MU-ZST-CL02-0485,1S-MH-MU-ZST-CL02-0690,4,9238,26704
38717,26706-10240,1S-MH-MU-ZST-CL02-0690,1S-MH-MU-ZST-CL02-0324,5,26706,10240
38717,10242-16628,1S-MH-MU-ZST-CL02-0324,1S-MH-MU-ZST-CL02-0445,6,10242,16628
38717,16626-18516,1S-MH-MU-ZST-CL02-0445,1S-MH-MU-ZST-CL02-0483,7,16626,18516
38717,18514-34528,1S-MH-MU-ZST-CL02-0483,1S-MH-MU-ZST-CL02-0915,8,18514,34528
38717,9239-16258,1S-MH-MU-ZST-CL02-0485,1S-MH-MU-ZST-CL02-0514,3.1,9239,16258
38717,16256-10006,1S-MH-MU-ZST-CL02-0514,1S-MH-MU-ZST-CL02-0080,3.2,16256,10006
38717,10008-2907,1S-MH-MU-ZST-CL02-0080,1S-MH-MU-ZST-CL02-0303,3.3,10008,2907
38717,5250-25163,1S-MH-MU-ZST-CL02-0303,1S-MH-MU-ZST-CL02-0598,3.4,5250,25163
38717,25164-6637,1S-MH-MU-ZST-CL02-0598,1S-MH-MU-ZST-CL02-0304,3.5,25164,6637
38719,38719-41194,1S-MH-MU-ZST-RSTN-PALI,1S-MH-MU-ZST-CL02-1345,1,38719,41194
38719,41195-13478,1S-MH-MU-ZST-CL02-1345,1S-MH-MU-ZST-CL02-0504,2,41195,13478
38719,38855-38843,1S-MH-MU-ZST-CL02-0504,1S-MH-MU-ZST-CL02-0768,3,38855,38843
38719,30140-41246,1S-MH-MU-ZST-CL02-0768,1S-MH-MU-ZST-CL02-1230,4,30140,41246
38719,41245-37126,1S-MH-MU-ZST-CL02-1230,1S-MH-MU-ZST-CL02-1170,5,41245,37126
38719,37125-25037,1S-MH-MU-ZST-CL02-1170,1S-MH-MU-ZST-CL02-0617,6,37125,25037
38719,25035-6883,1S-MH-MU-ZST-CL02-0617,1S-MH-MU-ZST-CL02-0268,7,25035,6883
38719,6885-19243,1S-MH-MU-ZST-CL02-0268,1S-MH-MU-ZST-CL02-0600,8,6885,19243
38719,19245-32727,1S-MH-MU-ZST-CL02-0600,1S-MH-MU-ZST-CL01-0856,9,19245,32727
38719,30142-40693,1S-MH-MU-ZST-CL02-0768,1S-MH-MU-ZST-CL02-1265,3.1,30142,40693
38720,38720-STN XMER,1S-MH-MU-ZST-RSTN-PALI,1S-MH-MU-ZST-RSTN-PALI,1,38720,STN XMER
27077,27077-10456,1S-MH-MU-ZCT-RSTN-PALM,1S-MH-MU-ZCT-CL03-4327,1,27077,10456
27077,10457-6551,1S-MH-MU-ZCT-CL03-4327,1S-MH-MU-ZCT-CL03-4774,2,10457,6551
27077,6552-15698,1S-MH-MU-ZCT-CL03-4774,1S-MH-MU-ZCT-CL03-4378,3,6552,15698
27077,15697-7458,1S-MH-MU-ZCT-CL03-4378,1S-MH-MU-ZCT-CL03-4219,4,15697,7458
27077,6898-13747,1S-MH-MU-ZCT-CL03-4219,1S-MH-MU-ZCT-CL03-4221,5,6898,13747
27077,13749-19126,1S-MH-MU-ZCT-CL03-4221,1S-MH-MU-ZCT-CL03-4837,6,13749,19126
27077,19128-7943,1S-MH-MU-ZCT-CL03-4837,1S-MH-MU-ZCT-CL03-4668,7,19128,7943
27077,7941-15080,1S-MH-MU-ZCT-CL03-4668,1S-MH-MU-ZCT-CL03-4457,8,7941,15080
27077,7942-11081,1S-MH-MU-ZCT-CL03-4668,1S-MH-MU-ZCT-CL03-4776,7.1,7942,11081
27077,6550-13133,1S-MH-MU-ZCT-CL03-4774,1S-MH-MU-ZCT-CL02-4585,2.1,6550,13133
27077,10458-37039,1S-MH-MU-ZCT-CL03-4327,1S-MH-MU-ZCT-CL02-4500,1.1,10458,37039
27077,13535-14530,1S-MH-MU-ZCT-CL02-4500,1S-MH-MU-ZCT-CL02-4513,1.2,13535,14530
27077,14529-12691,1S-MH-MU-ZCT-CL02-4513,1S-MH-MU-ZCT-CL03-4413,1.3,14529,12691
27077,12689-37551,1S-MH-MU-ZCT-CL03-4413,1S-MH-MU-ZCT-CL03-5356,1.4,12689,37551
27077,37553-18209,1S-MH-MU-ZCT-CL03-5356,1S-MH-MU-ZCT-CL03-4640,1.5,37553,18209
27077,18207-39301,1S-MH-MU-ZCT-CL03-4640,1S-MH-MU-ZCT-CL03-5655,1.6,18207,39301
27077,14531-43754,1S-MH-MU-ZCT-CL02-4513,1S-MH-MU-ZCT-CL03-5807,1.2.1,14531,43754
27077,13765-9103,1S-MH-MU-ZCT-CL02-4500,1S-MH-MU-ZCT-CL03-4781,1.1.1,13765,9103
27077,10459-15081,1S-MH-MU-ZCT-CL03-4327,1S-MH-MU-ZCT-CL03-4457,1.2,10459,15081
27077,27077-26926,1S-MH-MU-ZCT-RSTN-PALM,1S-MH-MU-ZCT-CL03-4993,2,27077,26926
27077,26923-19795,1S-MH-MU-ZCT-CL03-4993,1S-MH-MU-ZCT-CL03-4899,3,26923,19795
27077,26919-38958,1S-MH-MU-ZCT-CL03-4993,1S-MH-MU-ZCT-CL02-4971,2.2,26919,38958
27078,27078-37211,1S-MH-MU-ZCT-RSTN-PALM,1S-MH-MU-ZCT-CL06-5205,1,27078,37211
27078,37210-36132,1S-MH-MU-ZCT-CL06-5205,1S-MH-MU-ZCT-CL06-4462,2,37210,36132
27081,27081-13072,1S-MH-MU-ZCT-RSTN-PALM,1S-MH-MU-ZCT-CL06-4459,1,27081,13072
27081,14606-18331,1S-MH-MU-ZCT-CL06-4459,1S-MH-MU-ZCT-CL06-4471,2,14606,18331
27081,30870-39177,1S-MH-MU-ZCT-CL06-4471,1S-MH-MU-ZCT-CL06-5403,3,30870,39177
27081,39176-41836,1S-MH-MU-ZCT-CL06-5403,1S-MH-MU-ZCT-CL06-5402,4,39176,41836
27081,41837-28806,1S-MH-MU-ZCT-CL06-5402,1S-MH-MU-ZCT-CL06-5032,5,41837,28806
27081,28808-28012,1S-MH-MU-ZCT-CL06-5032,1S-MH-MU-ZCT-CL06-5003,6,28808,28012
27081,28011-43156,1S-MH-MU-ZCT-CL06-5003,1S-MH-MU-ZCT-CL06-5206,7,28011,43156
27081,43158-26851,1S-MH-MU-ZCT-CL06-5206,1S-MH-MU-ZCT-CL06-4527,8,43158,26851
27081,26852-39765,1S-MH-MU-ZCT-CL06-4527,1S-MH-MU-ZCT-CL06-5405,9,26852,39765
27081,39766-28518,1S-MH-MU-ZCT-CL06-5405,1S-MH-MU-ZCT-CL06-5022,10,39766,28518
27081,28517-16707,1S-MH-MU-ZCT-CL06-5022,1S-MH-MU-ZCT-CL06-4470,11,28517,16707
27081,41835-42291,1S-MH-MU-ZCT-CL06-5402,1S-MH-MU-ZCT-CL06-5404,4.1,41835,42291
27081,42290-31190,1S-MH-MU-ZCT-CL06-5404,1S-MH-MU-ZCT-CL06-5021,4.2,42290,31190
27081,18330-31772,1S-MH-MU-ZCT-CL06-4471,1S-MH-MU-ZCT-CL06-4469,2.1,18330,31772
27081,18332-HTCONSUMER,1S-MH-MU-ZCT-CL06-4471,NAN,2.2,18332,HTCONSUMER
27081,36367-36133,1S-MH-MU-ZCT-CL06-4459,1S-MH-MU-ZCT-CL06-4462,1.1,36367,36133
27081,36366-10370,1S-MH-MU-ZCT-CL06-4459,1S-MH-MU-ZCT-CL06-4466,1.2,36366,10370
27082,27082-14983,1S-MH-MU-ZCT-RSTN-PALM,1S-MH-MU-ZCT-CL03-4220,1,27082,14983
27082,14981-39921,1S-MH-MU-ZCT-CL03-4220,1S-MH-MU-ZCT-CL03-5633,2,14981,39921
27082,39922-13132,1S-MH-MU-ZCT-CL03-5633,1S-MH-MU-ZCT-CL02-4585,3,39922,13132
27082,13131-17226,1S-MH-MU-ZCT-CL02-4585,1S-MH-MU-ZCT-CL03-4711,4,13131,17226
27082,17227-17223,1S-MH-MU-ZCT-CL03-4711,1S-MH-MU-ZCT-CL03-4712,5,17227,17223
27082,17225-14493,1S-MH-MU-ZCT-CL03-4712,1S-MH-MU-ZCT-CL03-4456,6,17225,14493
27082,14491-15679,1S-MH-MU-ZCT-CL03-4456,1S-MH-MU-ZCT-CL03-4446,7,14491,15679
27082,15677-36258,1S-MH-MU-ZCT-CL03-4446,1S-MH-MU-ZCT-CL03-4781,8,15677,36258
27083,27083-38141,1S-MH-MU-ZCT-RSTN-PALM,1S-MH-MU-ZCT-CL03-5584,1,27083,38141
27083,38142-26733,1S-MH-MU-ZCT-CL03-5584,1S-MH-MU-ZCT-CL02-4971,2,38142,26733
27083,43026-19926,1S-MH-MU-ZCT-CL02-4971,1S-MH-MU-ZCT-CL02-4901,3,43026,19926
27083,43028-HTCONSUMER,1S-MH-MU-ZCT-CL02-4971,NAN,2.1,43028,HTCONSUMER
27084,27084-CAP BANK,1S-MH-MU-ZCT-RSTN-PALM,1S-MH-MU-ZCT-RSTN-PALM,1,27084,CAP BANK
30031,30031-CAP BANK,1S-MH-MU-ZCT-RSTN-PALM,1S-MH-MU-ZCT-RSTN-PALM,1,30031,CAP BANK
30032,30032-32118,1S-MH-MU-ZCT-RSTN-PALM,1S-MH-MU-ZCT-CL02-5155,1,30032,32118
30032,32112-38143,1S-MH-MU-ZCT-CL02-5155,1S-MH-MU-ZCT-CL03-5584,2,32112,38143
30032,30032-35275,1S-MH-MU-ZCT-RSTN-PALM,1S-MH-MU-ZCT-CL03-5269,2,30032,35275
30032,35277-39965,1S-MH-MU-ZCT-CL03-5269,1S-MH-MU-ZCT-CL03-5632,3,35277,39965
30032,39966-31490,1S-MH-MU-ZCT-CL03-5632,1S-MH-MU-ZCT-CL03-4546,4,39966,31490
30032,31491-34970,1S-MH-MU-ZCT-CL03-4546,1S-MH-MU-ZCT-CL03-5249,5,31491,34970
30032,34968-41777,1S-MH-MU-ZCT-CL03-5249,1S-MH-MU-ZCT-CL02-5375,6,34968,41777
30032,41776-38173,1S-MH-MU-ZCT-CL02-5375,1S-MH-MU-ZCT-CL03-5585,7,41776,38173
30032,38172-26516,1S-MH-MU-ZCT-CL03-5585,1S-MH-MU-ZCT-CL03-4975,8,38172,26516
30032,26517-32608,1S-MH-MU-ZCT-CL03-4975,1S-MH-MU-ZCT-CL03-5179,9,26517,32608
30032,32610-10367,1S-MH-MU-ZCT-CL03-5179,1S-MH-MU-ZCT-CL03-4422,10,32610,10367
30032,10369-39773,1S-MH-MU-ZCT-CL03-4422,1S-MH-MU-ZCT-CL03-4542,11,10369,39773
30032,39772-14340,1S-MH-MU-ZCT-CL03-4542,1S-MH-MU-ZCT-CL03-4543,12,39772,14340
30032,14339-18178,1S-MH-MU-ZCT-CL03-4543,1S-MH-MU-ZCT-CL03-4544,13,14339,18178
30032,18180-18258,1S-MH-MU-ZCT-CL03-4544,1S-MH-MU-ZCT-CL04-4710,14,18180,18258
30032,18260-14316,1S-MH-MU-ZCT-CL04-4710,1S-MH-MU-ZCT-CL03-4705,15,18260,14316
30032,31498-12568,1S-MH-MU-ZCT-CL03-4975,1S-MH-MU-ZCT-CL03-4548,8.1,31498,12568
30032,10997-13685,1S-MH-MU-ZCT-CL03-4546,1S-MH-MU-ZCT-CL03-4801,4.1,10997,13685
30032,13683-37067,1S-MH-MU-ZCT-CL03-4801,1S-MH-MU-ZCT-CL03-5487,4.2,13683,37067
30032,10995-15079,1S-MH-MU-ZCT-CL03-4546,1S-MH-MU-ZCT-CL03-4457,4.2,10995,15079
30033,30033-41223,1S-MH-MU-ZCT-RSTN-PALM,1S-MH-MU-ZCT-CL06-5240,1,30033,41223
30033,41222-26639,1S-MH-MU-ZCT-CL06-5240,1S-MH-MU-ZCT-CL06-4389,2,41222,26639
30033,10010-41791,1S-MH-MU-ZCT-CL06-4389,1S-MH-MU-ZCT-CL06-5021,3,10010,41791
30033,31191-39454,1S-MH-MU-ZCT-CL06-5021,1S-MH-MU-ZCT-CL06-5241,4,31191,39454
30033,39453-28516,1S-MH-MU-ZCT-CL06-5241,1S-MH-MU-ZCT-CL06-5022,5,39453,28516
30033,10012-14013,1S-MH-MU-ZCT-CL06-4389,1S-MH-MU-ZCT-CL06-4465,2.1,10012,14013
30033,14014-38813,1S-MH-MU-ZCT-CL06-4465,1S-MH-MU-ZCT-CL06-5435,2.2,14014,38813
30034,30034-25695,1S-MH-MU-ZCT-RSTN-PALM,1S-MH-MU-ZCT-CL03-4941,1,30034,25695
30034,25693-43483,1S-MH-MU-ZCT-CL03-4941,1S-MH-MU-ZCT-CL03-5799,2,25693,43483
30034,43482-35784,1S-MH-MU-ZCT-CL03-5799,1S-MH-MU-ZCT-CL03-5354,3,43482,35784
30034,35782-38620,1S-MH-MU-ZCT-CL03-5354,1S-MH-MU-ZCT-CL03-5622,4,35782,38620
30034,38621-31496,1S-MH-MU-ZCT-CL03-5622,1S-MH-MU-ZCT-CL02-4597,5,38621,31496
30034,11309-25436,1S-MH-MU-ZCT-CL02-4597,1S-MH-MU-ZCT-CL02-4924,6,11309,25436
30034,25434-31528,1S-MH-MU-ZCT-CL02-4924,1S-MH-MU-ZCT-CL03-5144,7,25434,31528
30034,31529-29703,1S-MH-MU-ZCT-CL03-5144,1S-MH-MU-ZCT-CL03-5072,8,31529,29703
30034,29705-17626,1S-MH-MU-ZCT-CL03-5072,1S-MH-MU-ZCT-CL03-4478,9,29705,17626
30034,17624-43753,1S-MH-MU-ZCT-CL03-4478,1S-MH-MU-ZCT-CL03-5807,10,17624,43753
30034,11310-12356,1S-MH-MU-ZCT-CL02-4597,1S-MH-MU-ZCT-CL02-4108,5.1,11310,12356
30034,12358-43913,1S-MH-MU-ZCT-CL02-4108,1S-MH-MU-ZCT-CL02-5702,5.2,12358,43913
30034,43914-10905,1S-MH-MU-ZCT-CL02-5702,1S-MH-MU-ZCT-CL03-4109,5.3,43914,10905
30034,10904-15726,1S-MH-MU-ZCT-CL03-4109,1S-MH-MU-ZCT-CL02-4035,5.4,10904,15726
30036,30036-28178,1S-MH-MU-ZCT-RSTN-PALM,1S-MH-MU-ZCT-CL03-4994,1,30036,28178
30036,28179-28183,1S-MH-MU-ZCT-CL03-4994,1S-MH-MU-ZCT-CL03-4995,2,28179,28183
30036,28181-28185,1S-MH-MU-ZCT-CL03-4995,1S-MH-MU-ZCT-CL03-4996,3,28181,28185
30036,28184-29886,1S-MH-MU-ZCT-CL03-4996,1S-MH-MU-ZCT-CL03-5056,4,28184,29886
30036,29885-5949,1S-MH-MU-ZCT-CL03-5056,1S-MH-MU-ZCT-CL02-4797,5,29885,5949
30036,5395-15734,1S-MH-MU-ZCT-CL02-4797,1S-MH-MU-ZCT-CL03-4782,6,5395,15734
30036,15735-13738,1S-MH-MU-ZCT-CL03-4782,1S-MH-MU-ZCT-CL03-4157,7,15735,13738
30036,13739-11627,1S-MH-MU-ZCT-CL03-4157,1S-MH-MU-ZCT-CL03-4781,8,13739,11627
30036,36259-15774,1S-MH-MU-ZCT-CL03-4781,1S-MH-MU-ZCT-CL03-4728,9,36259,15774
30036,15776-16346,1S-MH-MU-ZCT-CL03-4728,1S-MH-MU-ZCT-CL03-4447,10,15776,16346
30036,16344-14760,1S-MH-MU-ZCT-CL03-4447,1S-MH-MU-ZCT-CL03-4448,11,16344,14760
30036,9100-5967,1S-MH-MU-ZCT-CL03-4781,1S-MH-MU-ZCT-CL03-4647,8.1,9100,5967
30036,5397-17228,1S-MH-MU-ZCT-CL02-4797,1S-MH-MU-ZCT-CL03-4711,5.1,5397,17228
30036,29884-41306,1S-MH-MU-ZCT-CL03-5056,1S-MH-MU-ZCT-CL03-4561,4.1,29884,41306
30036,30036-29043,1S-MH-MU-ZCT-RSTN-PALM,1S-MH-MU-ZCT-CL02-5043,2,30036,29043
30036,29044-19797,1S-MH-MU-ZCT-CL02-5043,1S-MH-MU-ZCT-CL03-4899,3,29044,19797
11910,11910-13610,1S-MH-MU-ZCT-RSTN-POIS,1S-MH-MU-ZCT-CL10-4258,1,11910,13610
11910,13611-9079,1S-MH-MU-ZCT-CL10-4258,1S-MH-MU-ZCT-CL10-4572,2,13611,9079
11910,32699-17172,1S-MH-MU-ZCT-CL10-4572,1S-MH-MU-ZCT-CL10-4434,3,32699,17172
11910,17171-13014,1S-MH-MU-ZCT-CL10-4434,1S-MH-MU-ZCT-CL10-4254,4,17171,13014
11910,13013-16339,1S-MH-MU-ZCT-CL10-4254,1S-MH-MU-ZCT-CL10-4255,5,13013,16339
11910,9077-12425,1S-MH-MU-ZCT-CL10-4572,1S-MH-MU-ZCT-CL10-4591,2.1,9077,12425
11910,12423-7081,1S-MH-MU-ZCT-CL10-4591,1S-MH-MU-ZCT-CL10-4589,2.2,12423,7081
11910,13612-25617,1S-MH-MU-ZCT-CL10-4258,1S-MH-MU-ZCT-CL10-4257,1.1,13612,25617
11910,25619-25643,1S-MH-MU-ZCT-CL10-4257,1S-MH-MU-ZCT-CL09-4938,1.2,25619,25643
11910,25641-26260,1S-MH-MU-ZCT-CL09-4938,1S-MH-MU-ZCT-CL10-4959,1.3,25641,26260
11911,18811-CAP BANK,1S-MH-MU-ZCT-RSTN-POIS,1S-MH-MU-ZCT-RSTN-POIS,1,18811,CAP BANK
11912,11912-18690,1S-MH-MU-ZCT-RSTN-POIS,1S-MH-MU-ZCT-CL10-4785,1,11912,18690
11912,18688-28361,1S-MH-MU-ZCT-CL10-4785,1S-MH-MU-ZCT-CL10-5011,2,18688,28361
11912,18689-19829,1S-MH-MU-ZCT-CL10-4785,1S-MH-MU-ZCT-CL10-4897,1.1,18689,19829
14414,14414-12378,1S-MH-MU-ZCT-RSTN-POIS,1S-MH-MU-ZCT-CL10-4320,1,14414,12378
14415,14415-42580,1S-MH-MU-ZCT-RSTN-POIS,1S-MH-MU-ZCT-CL10-5758,1,14415,42580
14415,42579-16201,1S-MH-MU-ZCT-CL10-5758,1S-MH-MU-ZCT-CL10-4517,2,42579,16201
14415,16203-28813,1S-MH-MU-ZCT-CL10-4517,1S-MH-MU-ZCT-CL10-5031,3,16203,28813
14415,28812-9380,1S-MH-MU-ZCT-CL10-5031,1S-MH-MU-ZCT-CL10-4043,4,28812,9380
14415,9378-42076,1S-MH-MU-ZCT-CL10-4043,1S-MH-MU-ZCT-CL10-4659,5,9378,42076
14415,12308-39722,1S-MH-MU-ZCT-CL10-4659,1S-MH-MU-ZCT-CL10-5674,6,12308,39722
14415,28814-10548,1S-MH-MU-ZCT-CL10-5031,1S-MH-MU-ZCT-CL10-4330,3.1,28814,10548
14415,42581-DT,1S-MH-MU-ZCT-CL10-5758,NAN,1.1,42581,DT
14417,14417-32047,1S-MH-MU-ZCT-RSTN-POIS,1S-MH-MU-ZCT-CL10-4170,1,14417,32047
14417,11068-28360,1S-MH-MU-ZCT-CL10-4170,1S-MH-MU-ZCT-CL10-5011,2,11068,28360
14417,11067-12936,1S-MH-MU-ZCT-CL10-4170,1S-MH-MU-ZCT-CL10-4169,1.1,11067,12936
14418,14418-10316,1S-MH-MU-ZCT-RSTN-POIS,1S-MH-MU-ZCT-CL10-4479,1,14418,10316
14418,10314-16058,1S-MH-MU-ZCT-CL10-4479,1S-MH-MU-ZCT-CL10-4292,2,10314,16058
14418,28775-11403,1S-MH-MU-ZCT-CL10-4292,1S-MH-MU-ZCT-CL10-4044,3,28775,11403
14418,11402-29698,1S-MH-MU-ZCT-CL10-4044,1S-MH-MU-ZCT-CL10-4045,4,11402,29698
14418,10828-5629,1S-MH-MU-ZCT-CL10-4045,1S-MH-MU-ZCT-CL10-4049,5,10828,5629
14418,29151-16308,1S-MH-MU-ZCT-CL10-4049,1S-MH-MU-ZCT-CL10-4048,6,29151,16308
14418,16310-41041,1S-MH-MU-ZCT-CL10-4048,1S-MH-MU-ZCT-CL10-5724,7,16310,41041
14418,16309-HTCONSUMER,1S-MH-MU-ZCT-CL10-4048,NAN,6.1,16309,HTCONSUMER
14419,14419-25343,1S-MH-MU-ZCT-RSTN-POIS,1S-MH-MU-ZCT-CL10-4918,1,14419,25343
14419,25344-28322,1S-MH-MU-ZCT-CL10-4918,1S-MH-MU-ZCT-CL10-5013,2,25344,28322
14419,28323-19976,1S-MH-MU-ZCT-CL10-5013,1S-MH-MU-ZCT-CL10-4913,3,28323,19976
14419,19974-19333,1S-MH-MU-ZCT-CL10-4913,1S-MH-MU-ZCT-CL10-4873,4,19974,19333
14419,18931-43010,1S-MH-MU-ZCT-CL10-4873,1S-MH-MU-ZCT-CL10-5768,5,18931,43010
14419,43011-42483,1S-MH-MU-ZCT-CL10-5768,1S-MH-MU-ZCT-CL10-5742,6,43011,42483
14419,14419-6850,1S-MH-MU-ZCT-RSTN-POIS,1S-MH-MU-ZCT-CL10-4589,2,14419,6850
14419,6851-18291,1S-MH-MU-ZCT-CL10-4589,1S-MH-MU-ZCT-CL10-4253,3,6851,18291
14419,18292-16647,1S-MH-MU-ZCT-CL10-4253,1S-MH-MU-ZCT-CL10-4160,4,18292,16647
14420,14420-44021,1S-MH-MU-ZCT-RSTN-POIS,1S-MH-MU-ZCT-CL10-5815,1,14420,44021
14420,44022-42096,1S-MH-MU-ZCT-CL10-5815,1S-MH-MU-ZCT-CL10-5733,2,44022,42096
14420,41628-15335,1S-MH-MU-ZCT-CL10-5733,1S-MH-MU-ZCT-CL10-4587,3,41628,15335
14420,15333-38318,1S-MH-MU-ZCT-CL10-4587,1S-MH-MU-ZCT-CL10-5603,4,15333,38318
14420,15332-39627,1S-MH-MU-ZCT-CL10-4587,1S-MH-MU-ZCT-CL10-4708,3.1,15332,39627
14420,42095-36863,1S-MH-MU-ZCT-CL10-5733,1S-MH-MU-ZCT-CL10-4588,2.1,42095,36863
14421,14421-CAP BANK,1S-MH-MU-ZCT-RSTN-POIS,1S-MH-MU-ZCT-RSTN-POIS,1,14421,CAP BANK
14424,14424-12239,1S-MH-MU-ZCT-RSTN-POIS,1S-MH-MU-ZCT-CL10-4507,1,14424,12239
14424,12241-11864,1S-MH-MU-ZCT-CL10-4507,1S-MH-MU-ZCT-CL10-4508,2,12241,11864
14424,11866-12930,1S-MH-MU-ZCT-CL10-4508,1S-MH-MU-ZCT-CL10-4435,3,11866,12930
14424,12932-36491,1S-MH-MU-ZCT-CL10-4435,1S-MH-MU-ZCT-CL10-5382,4,12932,36491
14424,36489-14056,1S-MH-MU-ZCT-CL10-5382,1S-MH-MU-ZCT-CL10-4250,5,36489,14056
14424,14054-13066,1S-MH-MU-ZCT-CL10-4250,1S-MH-MU-ZCT-CL10-4251,6,14054,13066
14426,14426-16236,1S-MH-MU-ZCT-RSTN-POIS,1S-MH-MU-ZCT-CL10-4417,1,14426,16236
14426,12280-19981,1S-MH-MU-ZCT-CL10-4417,1S-MH-MU-ZCT-CL10-4906,2,12280,19981
14426,19983-31101,1S-MH-MU-ZCT-CL10-4906,1S-MH-MU-ZCT-CL10-5087,3,19983,31101
14426,31103-12832,1S-MH-MU-ZCT-CL10-5087,1S-MH-MU-ZCT-CL10-4418,4,31103,12832
14426,12281-31146,1S-MH-MU-ZCT-CL10-4417,1S-MH-MU-ZCT-CL10-5119,1.1,12281,31146
14427,14427-4734,1S-MH-MU-ZCT-RSTN-POIS,1S-MH-MU-ZCT-CL10-4320,1,14427,4734
14428,14428-39372,1S-MH-MU-ZCT-RSTN-POIS,1S-MH-MU-ZCT-CL10-5669,1,14428,39372
14428,39373-36864,1S-MH-MU-ZCT-CL10-5669,1S-MH-MU-ZCT-CL10-4588,2,39373,36864
14428,36865-38307,1S-MH-MU-ZCT-CL10-4588,1S-MH-MU-ZCT-CL10-5604,3,36865,38307
14428,38314-38317,1S-MH-MU-ZCT-CL10-5604,1S-MH-MU-ZCT-CL10-5603,4,38314,38317
14429,14429-32898,1S-MH-MU-ZCT-RSTN-POIS,1S-MH-MU-ZCT-CL10-4590,1,14429,32898
14429,32896-42475,1S-MH-MU-ZCT-CL10-4590,1S-MH-MU-ZCT-CL10-4834,2,32896,42475
14429,6978-32691,1S-MH-MU-ZCT-CL10-4834,1S-MH-MU-ZCT-CL10-4838,3,6978,32691
14429,18521-15871,1S-MH-MU-ZCT-CL10-4838,1S-MH-MU-ZCT-CL10-4839,4,18521,15871
14429,15872-15891,1S-MH-MU-ZCT-CL10-4839,1S-MH-MU-ZCT-CL10-4238,5,15872,15891
14429,15889-28689,1S-MH-MU-ZCT-CL10-4238,1S-MH-MU-ZCT-CL10-5024,6,15889,28689
14430,14430-CAP BANK,1S-MH-MU-ZCT-RSTN-POIS,1S-MH-MU-ZCT-RSTN-POIS,1,14430,CAP BANK
18812,18812-14398,1S-MH-MU-ZCT-RSTN-POIS,1S-MH-MU-ZCT-CL10-4230,1,18812,14398
18812,18812-43789,1S-MH-MU-ZCT-RSTN-POIS,1S-MH-MU-ZCT-CL10-4592,2,18812,43789
18812,43788-42147,1S-MH-MU-ZCT-CL10-4592,1S-MH-MU-ZCT-RSTN-KADA,3,43788,42147
31052,31052-CAP BANK,1S-MH-MU-ZCT-RSTN-RAHE,1S-MH-MU-ZCT-RSTN-RAHE,1,31052,CAP BANK
31053,31053-18305,1S-MH-MU-ZCT-RSTN-RAHE,1S-MH-MU-ZCT-CL08-4200,1,31053,18305
31056,31056-30541,1S-MH-MU-ZCT-RSTN-RAHE,1S-MH-MU-ZCT-CL08-5104,1,31056,30541
31056,31056-25214,1S-MH-MU-ZCT-RSTN-RAHE,1S-MH-MU-ZCT-CL08-4509,2,31056,25214
31056,25213-25225,1S-MH-MU-ZCT-CL08-4509,1S-MH-MU-ZCT-CL08-4923,3,25213,25225
31056,25226-26636,1S-MH-MU-ZCT-CL08-4923,1S-MH-MU-ZCT-CL08-4965,4,25226,26636
31056,26634-26558,1S-MH-MU-ZCT-CL08-4965,1S-MH-MU-ZCT-CL08-4962,5,26634,26558
31056,26556-35611,1S-MH-MU-ZCT-CL08-4962,1S-MH-MU-ZCT-CL08-4694,6,26556,35611
31056,35609-18684,1S-MH-MU-ZCT-CL08-4694,1S-MH-MU-ZCT-CL08-4278,7,35609,18684
31056,26557-26211,1S-MH-MU-ZCT-CL08-4962,1S-MH-MU-ZCT-CL08-4957,5.1,26557,26211
31056,25227-18406,1S-MH-MU-ZCT-CL08-4923,1S-MH-MU-ZCT-CL08-4512,3.1,25227,18406
31057,31057-31359,1S-MH-MU-ZCT-RSTN-RAHE,1S-MH-MU-ZCT-CL08-5105,1,31057,31359
31057,31057-34411,1S-MH-MU-ZCT-RSTN-RAHE,1S-MH-MU-ZCT-CL08-5104,2,31057,34411
31057,30550-HTCONSUMER,1S-MH-MU-ZCT-CL08-5104,NAN,3,30550,HTCONSUMER
31057,30551-HTCONSUMER,1S-MH-MU-ZCT-CL08-5104,NAN,2.1,30551,HTCONSUMER
31057,34412-HTCONSUMER,1S-MH-MU-ZCT-CL08-5104,NAN,2.2,34412,HTCONSUMER
31058,31058-31312,1S-MH-MU-ZCT-RSTN-RAHE,1S-MH-MU-ZCT-CL09-5135,1,31058,31312
31058,31314-31951,1S-MH-MU-ZCT-CL09-5135,1S-MH-MU-ZCT-CL08-5156,2,31314,31951
31058,31950-36396,1S-MH-MU-ZCT-CL08-5156,1S-MH-MU-ZCT-CL08-5165,3,31950,36396
31058,36398-43801,1S-MH-MU-ZCT-CL08-5165,1S-MH-MU-ZCT-CL08-5685,4,36398,43801
31058,42751-36738,1S-MH-MU-ZCT-CL08-5685,1S-MH-MU-ZCT-CL08-5166,5,42751,36738
31058,43799-DT,1S-MH-MU-ZCT-CL08-5685,1S-MH-MU-ZCT-CL09-5809,4.1,43799,DT
31058,36398-42752,1S-MH-MU-ZCT-CL08-5165,1S-MH-MU-ZCT-CL08-5685,3.1,36398,42752
31058,42751-36738,1S-MH-MU-ZCT-CL08-5685,1S-MH-MU-ZCT-CL08-5166,3.2,42751,36738
31058,43799-DT,1S-MH-MU-ZCT-CL08-5685,1S-MH-MU-ZCT-CL09-5809,3.1.1,43799,DT
31058,36398-43801,1S-MH-MU-ZCT-CL08-5165,1S-MH-MU-ZCT-CL09-5809,3.2,36398,43801
31060,31060-CAP BANK,1S-MH-MU-ZCT-RSTN-RAHE,1S-MH-MU-ZCT-RSTN-RAHE,1,31060,CAP BANK
31061,31061-25362,1S-MH-MU-ZCT-RSTN-RAHE,1S-MH-MU-ZCT-CL09-4915,1,31061,25362
31061,25363-17506,1S-MH-MU-ZCT-CL09-4915,1S-MH-MU-ZCT-CL08-4510,2,25363,17506
31061,17504-17508,1S-MH-MU-ZCT-CL08-4510,1S-MH-MU-ZCT-CL08-4511,3,17504,17508
31061,17507-15479,1S-MH-MU-ZCT-CL08-4511,1S-MH-MU-ZCT-CL08-4204,4,17507,15479
31063,31063-30535,1S-MH-MU-ZCT-RSTN-RAHE,1S-MH-MU-ZCT-CL08-5104,1,31063,30535
31063,30540-HTCONSUMER,1S-MH-MU-ZCT-CL08-5104,NAN,2,30540,HTCONSUMER
31063,30539-HTCONSUMER,1S-MH-MU-ZCT-CL08-5104,NAN,1.1,30539,HTCONSUMER
31063,30537-HTCONSUMER,1S-MH-MU-ZCT-CL08-5104,NAN,1.2,30537,HTCONSUMER
31064,31064-STN XMER,1S-MH-MU-ZCT-RSTN-RAHE,1S-MH-MU-ZCT-RSTN-RAHE,1,31064,STN XMER
31066,31066-30542,1S-MH-MU-ZCT-RSTN-RAHE,1S-MH-MU-ZCT-CL08-5104,1,31066,30542
31066,30547-HTCONSUMER,1S-MH-MU-ZCT-CL08-5104,NAN,2,30547,HTCONSUMER
31066,30546-HTCONSUMER,1S-MH-MU-ZCT-CL08-5104,NAN,1.1,30546,HTCONSUMER
31066,30544-HTCONSUMER,1S-MH-MU-ZCT-CL08-5104,NAN,1.2,30544,HTCONSUMER
31068,31068-31364,1S-MH-MU-ZCT-RSTN-RAHE,1S-MH-MU-ZCT-CL08-5105,1,31068,31364
31068,31367-HTCONSUMER,1S-MH-MU-ZCT-CL08-5105,NAN,2,31367,HTCONSUMER
31068,31365-HTCONSUMER,1S-MH-MU-ZCT-CL08-5105,NAN,1.1,31365,HTCONSUMER
32155,32155-37205,1S-MH-MU-ZCT-RSTN-RAHE,1S-MH-MU-ZCT-CL08-5499,1,32155,37205
32155,37233-37524,1S-MH-MU-ZCT-CL08-5499,1S-MH-MU-ZCT-CL08-5498,2,37233,37524
32155,37523-38781,1S-MH-MU-ZCT-CL08-5498,1S-MH-MU-ZCT-CL08-5637,3,37523,38781
32155,38782-14122,1S-MH-MU-ZCT-CL08-5637,1S-MH-MU-ZCT-CL08-4791,4,38782,14122
32155,14123-38410,1S-MH-MU-ZCT-CL08-4791,1S-MH-MU-ZCT-CL08-5598,5,14123,38410
32155,38409-16010,1S-MH-MU-ZCT-CL08-5598,1S-MH-MU-ZCT-CL08-4206,6,38409,16010
32155,16011-14103,1S-MH-MU-ZCT-CL08-4206,1S-MH-MU-ZCT-CL08-4205,7,16011,14103
32155,14102-19076,1S-MH-MU-ZCT-CL08-4205,1S-MH-MU-ZCT-CL08-4860,8,14102,19076
32155,19077-15991,1S-MH-MU-ZCT-CL08-4860,1S-MH-MU-ZCT-CL08-4202,9,19077,15991
32155,18269-43970,1S-MH-MU-ZCT-CL08-4791,1S-MH-MU-ZCT-CL08-5814,4.1,18269,43970
32155,43969-18267,1S-MH-MU-ZCT-CL08-5814,1S-MH-MU-ZCT-CL08-4015,4.2,43969,18267
32155,18268-26678,1S-MH-MU-ZCT-CL08-4015,1S-MH-MU-ZCT-CL08-4014,4.3,18268,26678
32155,37207-37202,1S-MH-MU-ZCT-CL08-5499,1S-MH-MU-ZCT-CL08-4870,1.1,37207,37202
32155,37203-18740,1S-MH-MU-ZCT-CL08-4870,1S-MH-MU-ZCT-CL08-4695,1.2,37203,18740
32155,18739-18693,1S-MH-MU-ZCT-CL08-4695,1S-MH-MU-ZCT-CL08-4694,1.3,18739,18693
32155,37232-39420,1S-MH-MU-ZCT-CL08-5499,1S-MH-MU-ZCT-CL07-5001,1.2,37232,39420
32155,37206-HTCONSUMER,1S-MH-MU-ZCT-CL08-5499,NAN,1.3,37206,HTCONSUMER
32157,32157-31363,1S-MH-MU-ZCT-RSTN-RAHE,1S-MH-MU-ZCT-CL08-5105,1,32157,31363
32157,31360-HTCONSUMER,1S-MH-MU-ZCT-CL08-5105,NAN,2,31360,HTCONSUMER
32157,31362-HTCONSUMER,1S-MH-MU-ZCT-CL08-5105,NAN,1.1,31362,HTCONSUMER
32159,32159-36676,1S-MH-MU-ZCT-RSTN-RAHE,1S-MH-MU-ZCT-CL08-5399,1,32159,36676
32164,32164-36706,1S-MH-MU-ZCT-RSTN-RAHE,1S-MH-MU-ZCT-RSTN-GOKU,1,32164,36706
32165,32165-36689,1S-MH-MU-ZCT-RSTN-RAHE,1S-MH-MU-ZCT-CL08-5399,1,32165,36689
38205,38205-17305,1S-MH-MU-ZNT-RSTN-RAVI,1S-MH-MU-ZNT-CL10-6445,1,38205,17305
38205,17303-37348,1S-MH-MU-ZNT-CL10-6445,1S-MH-MU-ZNT-CL10-7744,2,17303,37348
38205,37347-40790,1S-MH-MU-ZNT-CL10-7744,1S-MH-MU-ZNT-CL10-7746,3,37347,40790
38205,40791-16958,1S-MH-MU-ZNT-CL10-7746,1S-MH-MU-ZNT-CL10-6592,4,40791,16958
38205,16959-38951,1S-MH-MU-ZNT-CL10-6592,1S-MH-MU-ZNT-CL10-6852,5,16959,38951
38205,38950-17480,1S-MH-MU-ZNT-CL10-6852,1S-MH-MU-ZNT-CL10-6170,6,38950,17480
38205,16960-16518,1S-MH-MU-ZNT-CL10-6592,1S-MH-MU-ZNT-CL10-6668,4.1,16960,16518
38205,16516-12310,1S-MH-MU-ZNT-CL10-6668,1S-MH-MU-ZNT-CL10-6224,4.2,16516,12310
38205,16959-44010,1S-MH-MU-ZNT-CL10-6592,1S-MH-MU-ZNT-CL10-6852,4.2,16959,44010
38205,38950-17480,1S-MH-MU-ZNT-CL10-6852,1S-MH-MU-ZNT-CL10-6170,4.3,38950,17480
38205,17304-28325,1S-MH-MU-ZNT-CL10-6445,1S-MH-MU-ZNT-CL10-6965,1.1,17304,28325
38205,28327-28370,1S-MH-MU-ZNT-CL10-6965,1S-MH-MU-ZNT-CL10-6996,1.2,28327,28370
38205,28368-31840,1S-MH-MU-ZNT-CL10-6996,1S-MH-MU-ZNT-CL04-7313,1.3,28368,31840
38209,38209-13981,1S-MH-MU-ZNT-RSTN-RAVI,1S-MH-MU-ZNT-CL10-6717,1,38209,13981
38209,13980-11231,1S-MH-MU-ZNT-CL10-6717,1S-MH-MU-ZNT-CL10-6648,2,13980,11231
38209,11232-10489,1S-MH-MU-ZNT-CL10-6648,1S-MH-MU-ZNT-CL10-6644,3,11232,10489
38209,10488-16963,1S-MH-MU-ZNT-CL10-6644,1S-MH-MU-ZNT-CL10-6042,4,10488,16963
38209,16964-36062,1S-MH-MU-ZNT-CL10-6042,1S-MH-MU-ZNT-CL10-6281,5,16964,36062
38209,17484-16973,1S-MH-MU-ZNT-CL10-6281,1S-MH-MU-ZNT-CL10-6684,6,17484,16973
38209,16971-10746,1S-MH-MU-ZNT-CL10-6684,1S-MH-MU-ZNT-CL10-6651,7,16971,10746
38209,14287-38128,1S-MH-MU-ZNT-CL10-6717,1S-MH-MU-ZNT-CL10-7407,1.1,14287,38128
38209,13982-13525,1S-MH-MU-ZNT-CL10-6717,1S-MH-MU-ZNT-CL10-6719,1.2,13982,13525
38211,38211-CAP BANK,1S-MH-MU-ZNT-RSTN-RAVI,1S-MH-MU-ZNT-RSTN-RAVI,1,38211,CAP BANK
38212,38212-13975,1S-MH-MU-ZNT-RSTN-RAVI,1S-MH-MU-ZNT-CL10-6718,1,38212,13975
38212,13973-17717,1S-MH-MU-ZNT-CL10-6718,1S-MH-MU-ZNT-CL10-6652,2,13973,17717
38212,30564-14936,1S-MH-MU-ZNT-CL10-6652,1S-MH-MU-ZNT-CL10-6655,3,30564,14936
38212,14934-36843,1S-MH-MU-ZNT-CL10-6655,1S-MH-MU-ZNT-CL10-6643,4,14934,36843
38212,36844-13488,1S-MH-MU-ZNT-CL10-6643,1S-MH-MU-ZNT-CL10-6646,5,36844,13488
38212,13486-28279,1S-MH-MU-ZNT-CL10-6646,1S-MH-MU-ZNT-CL10-6964,6,13486,28279
38212,28280-26098,1S-MH-MU-ZNT-CL10-6964,1S-MH-MU-ZNT-CL10-6925,7,28280,26098
38212,14935-11325,1S-MH-MU-ZNT-CL10-6655,1S-MH-MU-ZNT-CL10-6675,3.1,14935,11325
38214,38214-CAP BANK,1S-MH-MU-ZNT-RSTN-RAVI,1S-MH-MU-ZNT-RSTN-RAVI,1,38214,CAP BANK
38215,38215-43191,1S-MH-MU-ZNT-RSTN-RAVI,1S-MH-MU-ZNT-CL04-6609,1,38215,43191
38217,38217-40078,1S-MH-MU-ZNT-RSTN-RAVI,1S-MH-MU-ZNT-CL10-7767,1,38217,40078
38217,40077-38555,1S-MH-MU-ZNT-CL10-7767,1S-MH-MU-ZNT-CL10-7858,2,40077,38555
38217,38554-40434,1S-MH-MU-ZNT-CL10-7858,1S-MH-MU-ZNT-CL10-7942,3,38554,40434
38217,40433-17479,1S-MH-MU-ZNT-CL10-7942,1S-MH-MU-ZNT-CL10-6170,4,40433,17479
38217,17481-13523,1S-MH-MU-ZNT-CL10-6170,1S-MH-MU-ZNT-CL10-6719,5,17481,13523
38217,13524-37971,1S-MH-MU-ZNT-CL10-6719,1S-MH-MU-ZNT-CL10-7404,6,13524,37971
38217,37969-34705,1S-MH-MU-ZNT-CL10-7404,1S-MH-MU-ZNT-CL10-7405,7,37969,34705
38217,34703-9581,1S-MH-MU-ZNT-CL10-7405,1S-MH-MU-ZNT-CL10-6720,8,34703,9581
38217,9580-35967,1S-MH-MU-ZNT-CL10-6720,1S-MH-MU-ZNT-CL10-7406,9,9580,35967
38217,35965-38129,1S-MH-MU-ZNT-CL10-7406,1S-MH-MU-ZNT-CL10-7407,10,35965,38129
38217,11453-10070,1S-MH-MU-ZNT-CL10-6720,1S-MH-MU-ZNT-CL10-6716,8.1,11453,10070
38221,38221-36549,1S-MH-MU-ZNT-RSTN-RAVI,1S-MH-MU-ZNT-CL10-7673,1,38221,36549
38221,36548-14615,1S-MH-MU-ZNT-CL10-7673,1S-MH-MU-ZNT-CL10-6446,2,36548,14615
38221,14613-37300,1S-MH-MU-ZNT-CL10-6446,1S-MH-MU-ZNT-CL10-7185,3,14613,37300
38221,37298-37700,1S-MH-MU-ZNT-CL10-7185,1S-MH-MU-ZNT-CL10-7718,4,37298,37700
38221,37698-17070,1S-MH-MU-ZNT-CL10-7718,1S-MH-MU-ZNT-CL10-6198,5,37698,17070
38221,17072-30097,1S-MH-MU-ZNT-CL10-6198,1S-MH-MU-ZNT-CL10-7056,6,17072,30097
38221,30098-17748,1S-MH-MU-ZNT-CL10-7056,1S-MH-MU-ZNT-CL10-6197,7,30098,17748
38221,17746-36787,1S-MH-MU-ZNT-CL10-6197,1S-MH-MU-ZNT-CL10-7672,8,17746,36787
38221,36785-31161,1S-MH-MU-ZNT-CL10-7672,1S-MH-MU-ZNT-CL10-7031,9,36785,31161
38221,31159-12067,1S-MH-MU-ZNT-CL10-7031,1S-MH-MU-ZNT-CL10-6787,10,31159,12067
34723,34723-15011,1S-MH-MU-ZCT-RSTN-RNAR,1S-MH-MU-ZCT-CL05-4615,1,34723,15011
34723,15009-28937,1S-MH-MU-ZCT-CL05-4615,1S-MH-MU-ZCT-CL05-5038,2,15009,28937
34723,28935-27093,1S-MH-MU-ZCT-CL05-5038,1S-MH-MU-ZNT-CL06-6960,3,28935,27093
34723,27096-41037,1S-MH-MU-ZNT-CL06-6960,1S-MH-MU-ZNT-CL06-7160,4,27096,41037
34723,41035-30290,1S-MH-MU-ZNT-CL06-7160,1S-MH-MU-ZNT-CL06-6806,5,41035,30290
34723,30289-34637,1S-MH-MU-ZNT-CL06-6806,1S-MH-MU-ZNT-CL06-7132,6,30289,34637
34723,34635-36729,1S-MH-MU-ZNT-CL06-7132,1S-MH-MU-ZNT-CL06-7103,7,34635,36729
34723,36731-38658,1S-MH-MU-ZNT-CL06-7103,1S-MH-MU-ZNT-CL06-7593,8,36731,38658
34723,27094-30197,1S-MH-MU-ZNT-CL06-6960,1S-MH-MU-ZCT-CL05-5097,3.1,27094,30197
34724,34724-37838,1S-MH-MU-ZCT-RSTN-RNAR,1S-MH-MU-ZCT-CL04-5228,1,34724,37838
34724,37837-28156,1S-MH-MU-ZCT-CL04-5228,1S-MH-MU-ZCT-CL04-4165,2,37837,28156
34724,28157-31020,1S-MH-MU-ZCT-CL04-4165,1S-MH-MU-ZCT-CL04-5088,3,28157,31020
34724,31022-40834,1S-MH-MU-ZCT-CL04-5088,1S-MH-MU-ZCT-CL04-5438,4,31022,40834
34724,40833-41631,1S-MH-MU-ZCT-CL04-5438,1S-MH-MU-ZCT-CL04-5468,5,40833,41631
34724,28159-37040,1S-MH-MU-ZCT-CL04-4165,1S-MH-MU-ZCT-CL04-5389,2.1,28159,37040
34724,28160-11074,1S-MH-MU-ZCT-CL04-4165,1S-MH-MU-ZCT-CL04-4491,2.2,28160,11074
34725,34725-38511,1S-MH-MU-ZCT-RSTN-RNAR,1S-MH-MU-ZCT-RSTN-RNAR,1,34725,38511
34725,38510-32138,1S-MH-MU-ZCT-RSTN-RNAR,1S-MH-MU-ZCT-CL05-5163,2,38510,32138
34725,32140-42620,1S-MH-MU-ZCT-CL05-5163,1S-MH-MU-ZCT-CL05-5573,3,32140,42620
34725,42621-15985,1S-MH-MU-ZCT-CL05-5573,1S-MH-MU-ZCT-CL05-4672,4,42621,15985
34726,34726-16520,1S-MH-MU-ZCT-RSTN-RNAR,1S-MH-MU-ZCT-CL05-4241,1,34726,16520
34726,34100-15163,1S-MH-MU-ZCT-CL05-4241,1S-MH-MU-ZCT-CL05-4242,2,34100,15163
34726,14124-19595,1S-MH-MU-ZCT-CL05-4242,1S-MH-MU-ZCT-CL05-4840,3,14124,19595
34726,19597-18541,1S-MH-MU-ZCT-CL05-4840,1S-MH-MU-ZCT-CL05-4243,4,19597,18541
34726,18539-34874,1S-MH-MU-ZCT-CL05-4243,1S-MH-MU-ZCT-CL04-5234,5,18539,34874
34726,34872-39065,1S-MH-MU-ZCT-CL04-5234,1S-MH-MU-ZCT-CL05-5640,6,34872,39065
34726,16519-14098,1S-MH-MU-ZCT-CL05-4241,1S-MH-MU-ZCT-CL05-4664,1.1,16519,14098
34728,34728-37907,1S-MH-MU-ZCT-RSTN-RNAR,1S-MH-MU-ZCT-CL04-5502,1,34728,37907
34728,37908-26473,1S-MH-MU-ZCT-CL04-5502,1S-MH-MU-ZCT-CL04-4968,2,37908,26473
34728,26471-34030,1S-MH-MU-ZCT-CL04-4968,1S-MH-MU-ZCT-CL04-4375,3,26471,34030
34728,34031-16888,1S-MH-MU-ZCT-CL04-4375,1S-MH-MU-ZCT-CL04-4118,4,34031,16888
34728,16887-32873,1S-MH-MU-ZCT-CL04-4118,1S-MH-MU-ZCT-CL04-5177,5,16887,32873
34728,32875-15948,1S-MH-MU-ZCT-CL04-5177,1S-MH-MU-ZCT-CL04-4374,6,32875,15948
34728,15950-13409,1S-MH-MU-ZCT-CL04-4374,1S-MH-MU-ZCT-CL04-4697,7,15950,13409
34728,13407-30343,1S-MH-MU-ZCT-CL04-4697,1S-MH-MU-ZCT-CL04-5107,8,13407,30343
34728,30345-13304,1S-MH-MU-ZCT-CL04-5107,1S-MH-MU-ZCT-CL04-4020,9,30345,13304
34728,13303-42736,1S-MH-MU-ZCT-CL04-4020,1S-MH-MU-ZCT-CL04-4021,10,13303,42736
34728,42734-16098,1S-MH-MU-ZCT-CL04-4021,1S-MH-MU-ZCT-CL04-4690,11,42734,16098
34728,16096-13623,1S-MH-MU-ZCT-CL04-4690,1S-MH-MU-ZCT-CL04-4324,12,16096,13623
34728,35669-35101,1S-MH-MU-ZCT-CL04-5107,1S-MH-MU-ZCT-CL04-5069,8.1,35669,35101
34728,6703-41069,1S-MH-MU-ZCT-CL04-4375,1S-MH-MU-ZCT-CL04-5536,3.1,6703,41069
34728,41071-39995,1S-MH-MU-ZCT-CL04-5536,1S-MH-MU-ZCT-CL04-5634,3.2,41071,39995
34728,39996-16361,1S-MH-MU-ZCT-CL04-5634,1S-MH-MU-ZCT-CL04-4486,3.3,39996,16361
34729,34729-35298,1S-MH-MU-ZCT-RSTN-RNAR,1S-MH-MU-ZNT-CL06-6882,1,34729,35298
34729,17847-38521,1S-MH-MU-ZNT-CL06-6882,1S-MH-MU-ZNT-CL06-6886,2,17847,38521
34729,38519-15758,1S-MH-MU-ZNT-CL06-6886,1S-MH-MU-ZNT-CL07-6880,3,38519,15758
34729,15756-17302,1S-MH-MU-ZNT-CL07-6880,1S-MH-MU-ZNT-CL06-6883,4,15756,17302
34729,17300-15261,1S-MH-MU-ZNT-CL06-6883,1S-MH-MU-ZCT-CL05-4415,5,17300,15261
34729,38520-17830,1S-MH-MU-ZNT-CL06-6886,1S-MH-MU-ZNT-CL06-6816,2.1,38520,17830
34729,17846-NAN,1S-MH-MU-ZNT-CL06-6882,NAN,1.1,17846,NAN
34730,34730-CAP BANK,1S-MH-MU-ZCT-RSTN-RNAR,1S-MH-MU-ZCT-RSTN-RNAR,1,34730,CAP BANK
34732,34732-9823,1S-MH-MU-ZCT-RSTN-RNAR,1S-MH-MU-ZNT-CL06-6821,1,34732,9823
34732,9821-37098,1S-MH-MU-ZNT-CL06-6821,1S-MH-MU-ZNT-CL06-7725,2,9821,37098
34732,37100-31750,1S-MH-MU-ZNT-CL06-7725,1S-MH-MU-ZNT-CL06-7130,3,37100,31750
34732,31752-37429,1S-MH-MU-ZNT-CL06-7130,1S-MH-MU-ZNT-CL06-7325,4,31752,37429
34732,37431-28206,1S-MH-MU-ZNT-CL06-7325,1S-MH-MU-ZNT-CL06-6961,5,37431,28206
34732,28208-28022,1S-MH-MU-ZNT-CL06-6961,1S-MH-MU-ZNT-CL06-6948,6,28208,28022
34732,28021-28018,1S-MH-MU-ZNT-CL06-6948,1S-MH-MU-ZNT-CL06-6949,7,28021,28018
34732,28017-28422,1S-MH-MU-ZNT-CL06-6949,1S-MH-MU-ZNT-CL06-6946,8,28017,28422
34732,28421-30323,1S-MH-MU-ZNT-CL06-6946,1S-MH-MU-ZNT-CL06-7102,9,28421,30323
34732,30324-38657,1S-MH-MU-ZNT-CL06-7102,1S-MH-MU-ZNT-CL06-7593,10,30324,38657
34733,34733-28374,1S-MH-MU-ZCT-RSTN-RNAR,1S-MH-MU-ZCT-CL05-5014,1,34733,28374
34733,28373-10414,1S-MH-MU-ZCT-CL05-5014,1S-MH-MU-ZCT-CL04-4167,2,28373,10414
34733,28649-42709,1S-MH-MU-ZCT-CL04-4167,1S-MH-MU-ZNT-CL04-7986,3,28649,42709
34733,42708-14898,1S-MH-MU-ZNT-CL04-7986,1S-MH-MU-ZCT-CL04-4523,4,42708,14898
34733,14900-26492,1S-MH-MU-ZCT-CL04-4523,1S-MH-MU-ZCT-CL04-4970,5,14900,26492
34733,26493-42850,1S-MH-MU-ZCT-CL04-4970,1S-MH-MU-ZCT-CL04-4432,6,26493,42850
34733,42848-28613,1S-MH-MU-ZCT-CL04-4432,1S-MH-MU-ZCT-CL04-4786,7,42848,28613
34734,34734-19109,1S-MH-MU-ZCT-RSTN-RNAR,1S-MH-MU-ZCT-CL05-4882,1,34734,19109
34734,19107-34068,1S-MH-MU-ZCT-CL05-4882,1S-MH-MU-ZCT-CL04-5190,2,19107,34068
34734,34066-29944,1S-MH-MU-ZCT-CL04-5190,1S-MH-MU-ZCT-CL04-5082,3,34066,29944
34734,29942-19406,1S-MH-MU-ZCT-CL04-5082,1S-MH-MU-ZCT-CL04-4865,4,29942,19406
34734,19408-29830,1S-MH-MU-ZCT-CL04-4865,1S-MH-MU-ZCT-CL04-5080,5,19408,29830
34734,29832-19497,1S-MH-MU-ZCT-CL04-5080,1S-MH-MU-ZCT-CL04-4848,6,29832,19497
34737,34737-40697,1S-MH-MU-ZCT-RSTN-RNAR,1S-MH-MU-ZCT-CL05-5711,1,34737,40697
34737,40699-40701,1S-MH-MU-ZCT-CL05-5711,1S-MH-MU-ZCT-CL05-5715,2,40699,40701
34737,40700-30815,1S-MH-MU-ZCT-CL05-5715,1S-MH-MU-ZCT-CL05-5110,3,40700,30815
34738,34738-37194,1S-MH-MU-ZCT-RSTN-RNAR,1S-MH-MU-ZCT-CL04-5346,1,34738,37194
34738,35733-41308,1S-MH-MU-ZCT-CL04-5346,1S-MH-MU-ZCT-CL04-5602,2,35733,41308
34738,41309-13695,1S-MH-MU-ZCT-CL04-5602,1S-MH-MU-ZCT-CL04-4091,3,41309,13695
34738,13696-39064,1S-MH-MU-ZCT-CL04-4091,1S-MH-MU-ZCT-CL05-5640,4,13696,39064
34738,37192-19466,1S-MH-MU-ZCT-CL04-5346,1S-MH-MU-ZCT-CL04-4871,1.1,37192,19466
34738,19467-19498,1S-MH-MU-ZCT-CL04-4871,1S-MH-MU-ZCT-CL04-4848,1.2,19467,19498
34739,34739-CAP BANK,1S-MH-MU-ZCT-RSTN-RNAR,1S-MH-MU-ZCT-RSTN-RNAR,1,34739,CAP BANK
40320,40320-STN XMER,1S-MH-MU-ZCT-RSTN-ROYA,1S-MH-MU-ZCT-RSTN-ROYA,1,40320,STN XMER
30667,30667-DT,1S-MH-MU-ZET-RSTN-RUNW,1S-MH-MU-ZET-RSTN-RUNW,1,30667,DT
30667,30667-HTCONSUMER,1S-MH-MU-ZET-RSTN-RUNW,NAN,2,30667,HTCONSUMER
30668,30668-42317,1S-MH-MU-ZET-RSTN-RUNW,1S-MH-MU-ZET-CL04-9811,1,30668,42317
30668,42318-HTCONSUMER,1S-MH-MU-ZET-CL04-9811,NAN,2,42318,HTCONSUMER
30670,30670-31047,1S-MH-MU-ZET-RSTN-RUNW,1S-MH-MU-ZET-CL05-9215,1,30670,31047
30670,31049-29489,1S-MH-MU-ZET-CL05-9215,1S-MH-MU-ZET-CL05-9142,2,31049,29489
30670,29487-29492,1S-MH-MU-ZET-CL05-9142,1S-MH-MU-ZET-CL05-9141,3,29487,29492
30670,29490-37283,1S-MH-MU-ZET-CL05-9141,1S-MH-MU-ZET-CL05-9633,4,29490,37283
30670,37281-15098,1S-MH-MU-ZET-CL05-9633,1S-MH-MU-ZET-CL05-8934,5,37281,15098
30670,15100-16607,1S-MH-MU-ZET-CL05-8934,1S-MH-MU-ZET-CL05-8933,6,15100,16607
30670,16608-16848,1S-MH-MU-ZET-CL05-8933,1S-MH-MU-ZET-CL05-8932,7,16608,16848
30670,16850-16625,1S-MH-MU-ZET-CL05-8932,1S-MH-MU-ZET-CL05-8931,8,16850,16625
30670,16624-12090,1S-MH-MU-ZET-CL05-8931,1S-MH-MU-ZET-CL05-8930,9,16624,12090
30670,12088-5911,1S-MH-MU-ZET-CL05-8930,1S-MH-MU-ZET-CL05-8521,10,12088,5911
30670,4049-17050,1S-MH-MU-ZET-CL05-8521,1S-MH-MU-ZET-CL05-8014,11,4049,17050
30670,17048-29706,1S-MH-MU-ZET-CL05-8014,1S-MH-MU-ZET-CL05-8918,12,17048,29706
30670,15177-39810,1S-MH-MU-ZET-CL05-8934,1S-MH-MU-ZET-CL04-9382,5.1,15177,39810
30670,39812-HTCONSUMER,1S-MH-MU-ZET-CL04-9382,NAN,5.2,39812,HTCONSUMER
30671,30671-39539,1S-MH-MU-ZET-RSTN-RUNW,1S-MH-MU-ZET-CL04-9730,1,30671,39539
30671,39538-38359,1S-MH-MU-ZET-CL04-9730,1S-MH-MU-ZET-CL04-8316,2,39538,38359
30671,38362-HTCONSUMER,1S-MH-MU-ZET-CL04-8316,NAN,3,38362,HTCONSUMER
30672,30672-14980,1S-MH-MU-ZET-RSTN-RUNW,1S-MH-MU-ZET-CL04-8282,1,30672,14980
30672,14978-31805,1S-MH-MU-ZET-CL04-8282,1S-MH-MU-ZET-CL04-9248,2,14978,31805
30672,31807-31801,1S-MH-MU-ZET-CL04-9248,1S-MH-MU-ZET-CL04-9249,3,31807,31801
30672,31802-4684,1S-MH-MU-ZET-CL04-9249,1S-MH-MU-ZET-CL04-8377,4,31802,4684
30672,14979-6568,1S-MH-MU-ZET-CL04-8282,1S-MH-MU-ZET-RSTN-VIKH,1.1,14979,6568
30672,30672-34161,1S-MH-MU-ZET-RSTN-RUNW,1S-MH-MU-ZET-RSTN-KALP,2,30672,34161
30672,34161-31846,1S-MH-MU-ZET-RSTN-KALP,1S-MH-MU-ZET-CL04-9260,3,34161,31846
30672,31848-31856,1S-MH-MU-ZET-CL04-9260,1S-MH-MU-ZET-CL04-9261,4,31848,31856
30673,30673-34475,1S-MH-MU-ZET-RSTN-RUNW,1S-MH-MU-ZET-CL04-9481,1,30673,34475
30673,34473-34471,1S-MH-MU-ZET-CL04-9481,1S-MH-MU-ZET-CL04-9361,2,34473,34471
30673,34469-34686,1S-MH-MU-ZET-CL04-9361,1S-MH-MU-ZET-CL04-9387,3,34469,34686
30673,34684-34687,1S-MH-MU-ZET-CL04-9387,1S-MH-MU-ZET-CL04-9362,4,34684,34687
30673,42329-43202,1S-MH-MU-ZET-CL04-9481,1S-MH-MU-ZET-CL05-9864,1.1,42329,43202
30673,43201-13956,1S-MH-MU-ZET-CL05-9864,1S-MH-MU-ZET-CL05-8926,1.2,43201,13956
30673,13955-12089,1S-MH-MU-ZET-CL05-8926,1S-MH-MU-ZET-CL05-8930,1.3,13955,12089
30674,30674-CAP BANK,1S-MH-MU-ZET-RSTN-RUNW,1S-MH-MU-ZET-RSTN-RUNW,1,30674,CAP BANK
30676,30676-43203,1S-MH-MU-ZET-RSTN-RUNW,1S-MH-MU-ZET-CL05-9864,1,30676,43203
30676,30676-34171,1S-MH-MU-ZET-RSTN-RUNW,1S-MH-MU-ZET-RSTN-KALP,2,30676,34171
30676,34171-31852,1S-MH-MU-ZET-RSTN-KALP,1S-MH-MU-ZET-CL04-9261,3,34171,31852
30677,30677-42943,1S-MH-MU-ZET-RSTN-RUNW,1S-MH-MU-ZET-CL04-9769,1,30677,42943
30677,30677-39811,1S-MH-MU-ZET-RSTN-RUNW,1S-MH-MU-ZET-CL04-9382,2,30677,39811
30679,30679-13876,1S-MH-MU-ZET-RSTN-RUNW,1S-MH-MU-ZET-CL05-8623,1,30679,13876
30679,13878-4902,1S-MH-MU-ZET-CL05-8623,1S-MH-MU-ZET-CL05-8921,2,13878,4902
30679,4900-9456,1S-MH-MU-ZET-CL05-8921,1S-MH-MU-ZET-CL04-8924,3,4900,9456
30679,9455-4756,1S-MH-MU-ZET-CL04-8924,1S-MH-MU-ZET-CL04-8923,4,9455,4756
30679,10859-5348,1S-MH-MU-ZET-CL04-8923,1S-MH-MU-ZET-CL04-8922,5,10859,5348
30679,5405-6507,1S-MH-MU-ZET-CL04-8922,1S-MH-MU-ZET-CL04-8799,6,5405,6507
30679,6508-5627,1S-MH-MU-ZET-CL04-8799,1S-MH-MU-ZET-CL04-8798,7,6508,5627
30679,5625-11224,1S-MH-MU-ZET-CL04-8798,1S-MH-MU-ZET-CL04-8209,8,5625,11224
30679,9454-5352,1S-MH-MU-ZET-CL04-8924,1S-MH-MU-ZET-CL05-8624,3.1,9454,5352
30680,30680-34690,1S-MH-MU-ZET-RSTN-RUNW,1S-MH-MU-ZET-CL04-9362,1,30680,34690
30680,30680-10695,1S-MH-MU-ZET-RSTN-RUNW,1S-MH-MU-ZET-CL05-8627,2,30680,10695
30680,10693-6591,1S-MH-MU-ZET-CL05-8627,1S-MH-MU-ZET-CL05-8625,3,10693,6591
30680,6593-13458,1S-MH-MU-ZET-CL05-8625,1S-MH-MU-ZET-CL05-8026,4,6593,13458
30680,13456-6596,1S-MH-MU-ZET-CL05-8026,1S-MH-MU-ZET-CL05-8626,5,13456,6596
30680,6598-12263,1S-MH-MU-ZET-CL05-8626,1S-MH-MU-ZET-CL05-8622,6,6598,12263
30680,10694-5354,1S-MH-MU-ZET-CL05-8627,1S-MH-MU-ZET-CL05-8624,2.1,10694,5354
30681,30681-42313,1S-MH-MU-ZET-RSTN-RUNW,1S-MH-MU-ZET-CL04-9811,1,30681,42313
30681,42314-7761,1S-MH-MU-ZET-CL04-9811,1S-MH-MU-ZET-CL04-8859,2,42314,7761
30681,7762-9593,1S-MH-MU-ZET-CL04-8859,1S-MH-MU-ZET-CL04-8925,3,7762,9593
30681,9592-4662,1S-MH-MU-ZET-CL04-8925,1S-MH-MU-ZET-CL04-8922,4,9592,4662
30681,7763-HTCONSUMER,1S-MH-MU-ZET-CL04-8859,NAN,2.1,7763,HTCONSUMER
30681,7760-30657,1S-MH-MU-ZET-CL04-8859,1S-MH-MU-ZET-RSTN-VIKH,2.2,7760,30657
30682,30682-DT,1S-MH-MU-ZET-RSTN-RUNW,1S-MH-MU-ZET-RSTN-RUNW,1,30682,DT
30682,30682-HTCONSUMER,1S-MH-MU-ZET-RSTN-RUNW,NAN,2,30682,HTCONSUMER
30683,30683-CAP BANK,1S-MH-MU-ZET-RSTN-RUNW,1S-MH-MU-ZET-RSTN-RUNW,1,30683,CAP BANK
38222,38222-18543,1S-MH-MU-ZNT-RSTN-SADG,1S-MH-MU-ZNT-CL11-6384,1,38222,18543
38222,18542-19287,1S-MH-MU-ZNT-CL11-6384,1S-MH-MU-ZNT-CL11-6853,2,18542,19287
38222,19288-28548,1S-MH-MU-ZNT-CL11-6853,1S-MH-MU-ZNT-CL11-6976,3,19288,28548
38222,28546-36380,1S-MH-MU-ZNT-CL11-6976,1S-MH-MU-ZNT-CL11-7620,4,28546,36380
38222,36381-29596,1S-MH-MU-ZNT-CL11-7620,1S-MH-MU-ZNT-CL11-6910,5,36381,29596
38222,29597-40003,1S-MH-MU-ZNT-CL11-6910,1S-MH-MU-ZNT-CL11-7847,6,29597,40003
38222,40004-36606,1S-MH-MU-ZNT-CL11-7847,1S-MH-MU-ZNT-CL11-7342,7,40004,36606
38222,36608-34176,1S-MH-MU-ZNT-CL11-7342,1S-MH-MU-ZNT-CL11-7392,8,36608,34176
38222,34178-30254,1S-MH-MU-ZNT-CL11-7392,1S-MH-MU-ZNT-CL11-7138,9,34178,30254
38222,18544-38353,1S-MH-MU-ZNT-CL11-6384,1S-MH-MU-ZNT-CL11-7272,1.1,18544,38353
38222,38352-31389,1S-MH-MU-ZNT-CL11-7272,1S-MH-MU-ZNT-CL11-7213,1.2,38352,31389
38222,31391-37492,1S-MH-MU-ZNT-CL11-7213,1S-MH-MU-ZNT-CL11-7542,1.3,31391,37492
38223,38223-37030,1S-MH-MU-ZNT-RSTN-SADG,1S-MH-MU-ZNT-CL11-7158,1,38223,37030
38223,37029-35497,1S-MH-MU-ZNT-CL11-7158,1S-MH-MU-ZNT-CL11-7281,2,37029,35497
38223,35499-39315,1S-MH-MU-ZNT-CL11-7281,1S-MH-MU-ZNT-CL11-7912,3,35499,39315
38223,39314-37435,1S-MH-MU-ZNT-CL11-7912,1S-MH-MU-ZNT-CL12-7464,4,39314,37435
38223,37437-35229,1S-MH-MU-ZNT-CL12-7464,1S-MH-MU-ZNT-CL12-7408,5,37437,35229
38224,38224-29582,1S-MH-MU-ZNT-RSTN-SADG,1S-MH-MU-ZNT-CL11-7007,1,38224,29582
38224,29581-32237,1S-MH-MU-ZNT-CL11-7007,1S-MH-MU-ZNT-CL11-7343,2,29581,32237
38224,32239-26893,1S-MH-MU-ZNT-CL11-7343,1S-MH-MU-ZNT-CL11-6953,3,32239,26893
38224,26892-37800,1S-MH-MU-ZNT-CL11-6953,1S-MH-MU-ZNT-CL11-7500,4,26892,37800
38224,37799-16559,1S-MH-MU-ZNT-CL11-7500,1S-MH-MU-ZNT-CL11-6271,5,37799,16559
38224,16557-25690,1S-MH-MU-ZNT-CL11-6271,1S-MH-MU-ZNT-CL11-6402,6,16557,25690
38224,25691-42157,1S-MH-MU-ZNT-CL11-6402,1S-MH-MU-ZNT-CL10-7505,7,25691,42157
38224,42156-29369,1S-MH-MU-ZNT-CL10-7505,1S-MH-MU-ZNT-CL11-7013,8,42156,29369
38224,29371-39354,1S-MH-MU-ZNT-CL11-7013,1S-MH-MU-ZNT-CL11-7646,9,29371,39354
38224,39356-35502,1S-MH-MU-ZNT-CL11-7646,1S-MH-MU-ZNT-CL10-7484,10,39356,35502
38224,35500-38175,1S-MH-MU-ZNT-CL10-7484,1S-MH-MU-ZNT-CL11-7269,11,35500,38175
38224,38176-43102,1S-MH-MU-ZNT-CL11-7269,1S-MH-MU-ZNT-CL11-7877,12,38176,43102
38224,43101-37941,1S-MH-MU-ZNT-CL11-7877,1S-MH-MU-ZNT-CL11-7073,13,43101,37941
38224,37798-37417,1S-MH-MU-ZNT-CL11-7500,1S-MH-MU-ZNT-CL11-7067,4.1,37798,37417
38224,37418-31760,1S-MH-MU-ZNT-CL11-7067,1S-MH-MU-ZNT-CL11-7084,4.2,37418,31760
38224,31758-41550,1S-MH-MU-ZNT-CL11-7084,1S-MH-MU-ZNT-CL03-7476,4.3,31758,41550
38224,41552-34064,1S-MH-MU-ZNT-CL03-7476,1S-MH-MU-ZNT-CL03-7354,4.4,41552,34064
38224,29580-17396,1S-MH-MU-ZNT-CL11-7007,1S-MH-MU-ZNT-CL11-6005,1.1,29580,17396
38225,38225-36544,1S-MH-MU-ZNT-RSTN-SADG,1S-MH-MU-ZNT-CL11-6929,1,38225,36544
38225,26165-34770,1S-MH-MU-ZNT-CL11-6929,1S-MH-MU-ZNT-CL11-7202,2,26165,34770
38225,34772-17132,1S-MH-MU-ZNT-CL11-7202,1S-MH-MU-ZNT-CL11-6177,3,34772,17132
38225,17133-39578,1S-MH-MU-ZNT-CL11-6177,1S-MH-MU-ZNT-CL11-7299,4,17133,39578
38225,39577-32849,1S-MH-MU-ZNT-CL11-7299,1S-MH-MU-ZNT-CL11-7129,5,39577,32849
38225,32847-37940,1S-MH-MU-ZNT-CL11-7129,1S-MH-MU-ZNT-CL11-7073,6,32847,37940
38225,37939-32419,1S-MH-MU-ZNT-CL11-7073,1S-MH-MU-ZNT-CL11-7236,7,37939,32419
38225,32418-41704,1S-MH-MU-ZNT-CL11-7236,1S-MH-MU-ZNT-CL12-7782,8,32418,41704
38225,41705-36183,1S-MH-MU-ZNT-CL12-7782,1S-MH-MU-ZNT-CL12-7642,9,41705,36183
38225,36185-29603,1S-MH-MU-ZNT-CL12-7642,1S-MH-MU-ZNT-CL12-7038,10,36185,29603
38225,29604-41782,1S-MH-MU-ZNT-CL12-7038,1S-MH-MU-ZNT-CL12-7290,11,29604,41782
38225,41781-41046,1S-MH-MU-ZNT-CL12-7290,1S-MH-MU-ZNT-CL12-7050,12,41781,41046
38225,41044-37196,1S-MH-MU-ZNT-CL12-7050,1S-MH-MU-ZNT-CL12-7212,13,41044,37196
38225,32421-25379,1S-MH-MU-ZNT-CL11-7236,1S-MH-MU-ZNT-CL11-6843,7.1,32421,25379
38225,25380-37890,1S-MH-MU-ZNT-CL11-6843,1S-MH-MU-ZNT-CL11-7478,7.2,25380,37890
38225,37891-40758,1S-MH-MU-ZNT-CL11-7478,1S-MH-MU-ZNT-CL12-7501,7.3,37891,40758
38225,40759-28591,1S-MH-MU-ZNT-CL12-7501,1S-MH-MU-ZNT-CL12-6984,7.4,40759,28591
38226,38226-36106,1S-MH-MU-ZNT-RSTN-SADG,1S-MH-MU-ZNT-CL12-7227,1,38226,36106
38226,36104-6956,1S-MH-MU-ZNT-CL12-7227,1S-MH-MU-ZNT-CL02-6039,2,36104,6956
38226,6954-11811,1S-MH-MU-ZNT-CL02-6039,1S-MH-MU-ZNT-CL02-6708,3,6954,11811
38226,11813-34897,1S-MH-MU-ZNT-CL02-6708,1S-MH-MU-ZNT-CL02-6155,4,11813,34897
38226,34895-10835,1S-MH-MU-ZNT-CL02-6155,1S-MH-MU-ZNT-CL02-6438,5,34895,10835
38229,38229-CAP BANK,1S-MH-MU-ZNT-RSTN-SADG,1S-MH-MU-ZNT-RSTN-SADG,1,38229,CAP BANK
38232,38232-40278,1S-MH-MU-ZNT-RSTN-SADG,1S-MH-MU-ZNT-RSTN-VINA,1,38232,40278
38233,38233-25384,1S-MH-MU-ZNT-RSTN-SADG,1S-MH-MU-ZNT-CL11-6390,1,38233,25384
38233,16827-25368,1S-MH-MU-ZNT-CL11-6390,1S-MH-MU-ZNT-CL11-6589,2,16827,25368
38233,25369-36109,1S-MH-MU-ZNT-CL11-6589,1S-MH-MU-ZNT-CL11-7547,3,25369,36109
38233,36107-29860,1S-MH-MU-ZNT-CL11-7547,1S-MH-MU-ZNT-CL12-7024,4,36107,29860
38233,29859-37195,1S-MH-MU-ZNT-CL12-7024,1S-MH-MU-ZNT-CL12-7212,5,29859,37195
38233,37197-37723,1S-MH-MU-ZNT-CL12-7212,1S-MH-MU-ZNT-CL12-6984,6,37197,37723
38233,28592-38381,1S-MH-MU-ZNT-CL12-6984,1S-MH-MU-ZNT-CL12-7206,7,28592,38381
38233,38380-28435,1S-MH-MU-ZNT-CL12-7206,1S-MH-MU-ZNT-CL12-6983,8,38380,28435
38233,28433-28432,1S-MH-MU-ZNT-CL12-6983,1S-MH-MU-ZNT-CL12-6924,9,28433,28432
38233,28431-38568,1S-MH-MU-ZNT-CL12-6924,1S-MH-MU-ZNT-CL12-7199,10,28431,38568
38234,38234-15810,1S-MH-MU-ZNT-RSTN-SADG,1S-MH-MU-ZNT-CL12-6588,1,38234,15810
38234,15852-31107,1S-MH-MU-ZNT-CL12-6588,1S-MH-MU-ZNT-CL12-7079,2,15852,31107
38234,31105-15167,1S-MH-MU-ZNT-CL12-7079,1S-MH-MU-ZNT-CL12-6709,3,31105,15167
38234,15090-17777,1S-MH-MU-ZNT-CL12-6709,1S-MH-MU-ZNT-CL12-6317,4,15090,17777
38234,17779-29675,1S-MH-MU-ZNT-CL12-6317,1S-MH-MU-ZNT-CL02-6040,5,17779,29675
38234,29673-19502,1S-MH-MU-ZNT-CL02-6040,1S-MH-MU-ZNT-CL12-6874,6,29673,19502
38234,19503-11123,1S-MH-MU-ZNT-CL12-6874,1S-MH-MU-ZNT-CL02-6162,7,19503,11123
38234,11125-26936,1S-MH-MU-ZNT-CL02-6162,1S-MH-MU-ZNT-CL02-6703,8,11125,26936
38234,15091-11853,1S-MH-MU-ZNT-CL12-6709,1S-MH-MU-ZNT-CL02-6438,3.1,15091,11853
38234,25012-25013,1S-MH-MU-ZNT-CL12-6588,1S-MH-MU-ZNT-CL12-6898,1.1,25012,25013
38234,28414-32258,1S-MH-MU-ZNT-CL12-6898,1S-MH-MU-ZNT-CL12-7114,1.2,28414,32258
38234,32259-37724,1S-MH-MU-ZNT-CL12-7114,1S-MH-MU-ZNT-CL12-6984,1.3,32259,37724
38234,15811-16486,1S-MH-MU-ZNT-CL12-6588,1S-MH-MU-ZNT-CL12-6624,1.2,15811,16486
38234,16488-27064,1S-MH-MU-ZNT-CL12-6624,1S-MH-MU-ZNT-CL12-6694,1.3,16488,27064
38234,13887-9920,1S-MH-MU-ZNT-CL12-6694,1S-MH-MU-ZNT-CL12-6403,1.4,13887,9920
38234,16488-27064,1S-MH-MU-ZNT-CL12-6624,1S-MH-MU-ZNT-CL02-6220,1.2.1,16488,27064
38236,38236-43447,1S-MH-MU-ZNT-RSTN-SADG,1S-MH-MU-ZNT-CL11-7558,1,38236,43447
38236,43448-30523,1S-MH-MU-ZNT-CL11-7558,1S-MH-MU-ZNT-CL11-7140,2,43448,30523
38236,31089-34644,1S-MH-MU-ZNT-CL11-7140,1S-MH-MU-ZNT-CL12-7106,3,31089,34644
38236,34646-13470,1S-MH-MU-ZNT-CL12-7106,1S-MH-MU-ZNT-CL12-6304,4,34646,13470
38236,13471-11565,1S-MH-MU-ZNT-CL12-6304,1S-MH-MU-ZNT-CL12-6485,5,13471,11565
38236,11566-18611,1S-MH-MU-ZNT-CL12-6485,1S-MH-MU-ZNT-CL12-6590,6,11566,18611
38236,18609-17576,1S-MH-MU-ZNT-CL12-6590,1S-MH-MU-ZNT-CL12-6734,7,18609,17576
38236,17574-37943,1S-MH-MU-ZNT-CL12-6734,1S-MH-MU-ZNT-CL12-6478,8,17574,37943
38236,37944-31882,1S-MH-MU-ZNT-CL12-6478,1S-MH-MU-ZNT-CL12-7101,9,37944,31882
38236,31884-11116,1S-MH-MU-ZNT-CL12-7101,1S-MH-MU-ZNT-CL12-6473,10,31884,11116
38236,11115-31532,1S-MH-MU-ZNT-CL12-6473,1S-MH-MU-ZNT-CL12-7148,11,11115,31532
38236,31534-11810,1S-MH-MU-ZNT-CL12-7148,1S-MH-MU-ZNT-CL02-6039,12,31534,11810
38236,11114-9610,1S-MH-MU-ZNT-CL12-6473,1S-MH-MU-ZNT-CL12-6659,10.1,11114,9610
38236,31088-39551,1S-MH-MU-ZNT-CL11-7140,1S-MH-MU-ZNT-CL11-7927,2.1,31088,39551
38236,39552-40212,1S-MH-MU-ZNT-CL11-7927,1S-MH-MU-ZNT-CL11-7936,2.2,39552,40212
38236,39553-HTCONSUMER,1S-MH-MU-ZNT-CL11-7927,NAN,2.1.1,39553,HTCONSUMER
38237,38237-38347,1S-MH-MU-ZNT-RSTN-SADG,1S-MH-MU-ZNT-CL11-7628,1,38237,38347
38237,38346-30112,1S-MH-MU-ZNT-CL11-7628,1S-MH-MU-ZNT-CL11-7025,2,38346,30112
38237,30114-40334,1S-MH-MU-ZNT-CL11-7025,1S-MH-MU-ZNT-CL11-7936,3,30114,40334
38237,40213-36146,1S-MH-MU-ZNT-CL11-7936,1S-MH-MU-ZNT-CL11-7546,4,40213,36146
38237,36144-42687,1S-MH-MU-ZNT-CL11-7546,1S-MH-MU-ZNT-CL11-7709,5,36144,42687
38237,42688-36547,1S-MH-MU-ZNT-CL11-7709,1S-MH-MU-ZNT-CL11-7513,6,42688,36547
38237,36545-40202,1S-MH-MU-ZNT-CL11-7513,1S-MH-MU-ZNT-CL11-7895,7,36545,40202
38237,40203-37307,1S-MH-MU-ZNT-CL11-7895,1S-MH-MU-ZNT-CL12-7764,8,40203,37307
38237,37305-34216,1S-MH-MU-ZNT-CL12-7764,1S-MH-MU-ZNT-CL12-7237,9,37305,34216
38237,34215-31460,1S-MH-MU-ZNT-CL12-7237,1S-MH-MU-ZNT-CL12-7108,10,34215,31460
38237,31462-31017,1S-MH-MU-ZNT-CL12-7108,1S-MH-MU-ZNT-CL12-7107,11,31462,31017
38237,31019-30069,1S-MH-MU-ZNT-CL12-7107,1S-MH-MU-ZNT-CL12-6479,12,31019,30069
38237,30070-14728,1S-MH-MU-ZNT-CL12-6479,1S-MH-MU-ZNT-CL12-6483,13,30070,14728
38237,14730-40125,1S-MH-MU-ZNT-CL12-6483,1S-MH-MU-ZNT-CL12-7766,14,14730,40125
38237,40124-34155,1S-MH-MU-ZNT-CL12-7766,1S-MH-MU-ZNT-CL12-6484,15,40124,34155
38237,34153-26550,1S-MH-MU-ZNT-CL12-6484,1S-MH-MU-ZNT-CL12-6944,16,34153,26550
38237,26552-32768,1S-MH-MU-ZNT-CL12-6944,1S-MH-MU-ZNT-CL12-7171,17,26552,32768
38237,32770-9922,1S-MH-MU-ZNT-CL12-7171,1S-MH-MU-ZNT-CL12-6403,18,32770,9922
38237,9921-17911,1S-MH-MU-ZNT-CL12-6403,1S-MH-MU-ZNT-CL12-6636,19,9921,17911
38237,17910-9447,1S-MH-MU-ZNT-CL12-6636,1S-MH-MU-ZNT-CL12-6482,20,17910,9447
38237,34214-35230,1S-MH-MU-ZNT-CL12-7237,1S-MH-MU-ZNT-CL12-7408,9.1,34214,35230
38237,37306-HTCONSUMER,1S-MH-MU-ZNT-CL12-7764,NAN,8.1,37306,HTCONSUMER
38238,38238-CAP BANK,1S-MH-MU-ZNT-RSTN-SADG,1S-MH-MU-ZNT-RSTN-SADG,1,38238,CAP BANK
36235,36235-43935,NAN,NAN,1,36235,43935
36236,36236-14210,1S-MH-MU-ZSC-RSTN-SAHA,1S-MH-MU-ZSC-CL04-2569,1,36236,14210
36236,14209-37687,1S-MH-MU-ZSC-CL04-2569,1S-MH-MU-ZSC-CL04-3393,2,14209,37687
36236,37686-31837,1S-MH-MU-ZSC-CL04-3393,1S-MH-MU-ZSC-CL04-3197,3,37686,31837
36236,31839-36032,1S-MH-MU-ZSC-CL04-3197,1S-MH-MU-ZSC-CL04-3315,4,31839,36032
36236,36034-32697,1S-MH-MU-ZSC-CL04-3315,1S-MH-MU-ZSC-CL04-3246,5,36034,32697
36236,32696-17955,1S-MH-MU-ZSC-CL04-3246,1S-MH-MU-ZSC-CL04-2295,6,32696,17955
36236,17954-40619,1S-MH-MU-ZSC-CL04-2295,1S-MH-MU-ZSC-CL04-3381,7,17954,40619
36236,40620-19647,1S-MH-MU-ZSC-CL04-3381,1S-MH-MU-ZSC-CL04-2915,8,40620,19647
36236,19649-10706,1S-MH-MU-ZSC-CL04-2915,1S-MH-MU-ZSC-CL04-2026,9,19649,10706
36236,10704-44079,1S-MH-MU-ZSC-CL04-2026,1S-MH-MU-ZSC-CL04-3153,10,10704,44079
36236,30825-39011,1S-MH-MU-ZSC-CL04-3153,1S-MH-MU-ZSC-RSTN-JBNA,11,30825,39011
36236,44079-30823,1S-MH-MU-ZSC-CL04-2026,1S-MH-MU-ZSC-CL04-3153,9.1,44079,30823
36236,30825-39011,1S-MH-MU-ZSC-CL04-3153,1S-MH-MU-ZSC-RSTN-JBNA,9.2,30825,39011
36236,13423-12564,1S-MH-MU-ZSC-CL04-2569,1S-MH-MU-ZSC-CL04-2250,1.1,13423,12564
36236,12566-38476,1S-MH-MU-ZSC-CL04-2250,1S-MH-MU-ZSC-CL04-3451,1.2,12566,38476
36236,38477-35256,1S-MH-MU-ZSC-CL04-3451,1S-MH-MU-ZSC-CL04-3292,1.3,38477,35256
36236,35254-42032,1S-MH-MU-ZSC-CL04-3292,1S-MH-MU-ZSC-CL04-3518,1.4,35254,42032
36236,42031-12570,1S-MH-MU-ZSC-CL04-3518,1S-MH-MU-ZSC-CL04-2098,1.5,42031,12570
36236,13422-31728,1S-MH-MU-ZSC-CL04-2569,1S-MH-MU-ZSC-CL04-3176,1.2,13422,31728
36236,31730-6379,1S-MH-MU-ZSC-CL04-3176,1S-MH-MU-ZSC-CL04-2294,1.3,31730,6379
36236,6377-34507,1S-MH-MU-ZSC-CL04-2294,1S-MH-MU-ZSC-CL04-3264,1.4,6377,34507
36236,34509-36275,1S-MH-MU-ZSC-CL04-3264,1S-MH-MU-ZSC-CL04-2368,1.5,34509,36275
36237,36237-43439,1S-MH-MU-ZSC-RSTN-SAHA,1S-MH-MU-ZSC-CL01-5801,1,36237,43439
36237,36237-29245,1S-MH-MU-ZSC-RSTN-SAHA,1S-MH-MU-ZSC-CL01-3084,2,36237,29245
36237,29247-15084,1S-MH-MU-ZSC-CL01-3084,1S-MH-MU-ZSC-CL01-2271,3,29247,15084
36238,36238-17825,1S-MH-MU-ZSC-RSTN-SAHA,1S-MH-MU-ZSC-RSTN-MIDC,1,36238,17825
36238,28744-39266,1S-MH-MU-ZSC-RSTN-MIDC,1S-MH-MU-ZSC-CL01-3554,2,28744,39266
36238,39267-13641,1S-MH-MU-ZSC-CL01-3554,1S-MH-MU-ZSC-CL01-2512,3,39267,13641
36238,13638-29657,1S-MH-MU-ZSC-CL01-2512,1S-MH-MU-ZSC-RSTN-CHAK,4,13638,29657
36238,39268-HTCONSUMER,1S-MH-MU-ZSC-CL01-3554,NAN,2.1,39268,HTCONSUMER
36240,36240-38603,1S-MH-MU-ZSC-RSTN-SAHA,1S-MH-MU-ZSC-CL01-3514,1,36240,38603
36240,38604-38761,1S-MH-MU-ZSC-CL01-3514,1S-MH-MU-ZSC-CL01-3513,2,38604,38761
36240,38760-38763,1S-MH-MU-ZSC-CL01-3513,1S-MH-MU-ZSC-CL01-3508,3,38760,38763
36240,38764-6831,1S-MH-MU-ZSC-CL01-3508,1S-MH-MU-ZSC-CL01-2356,4,38764,6831
36240,6833-5172,1S-MH-MU-ZSC-CL01-2356,1S-MH-MU-ZSC-CL01-2204,5,6833,5172
36240,5174-43197,1S-MH-MU-ZSC-CL01-2204,1S-MH-MU-ZSC-CL01-2270,6,5174,43197
36240,43198-15657,1S-MH-MU-ZSC-CL01-2270,1S-MH-MU-ZSC-CL01-2223,7,43198,15657
36240,43199-HTCONSUMER,1S-MH-MU-ZSC-CL01-2270,NAN,6.1,43199,HTCONSUMER
36240,5792-29254,1S-MH-MU-ZSC-CL01-2204,1S-MH-MU-ZSC-CL04-3077,5.1,5792,29254
36240,29256-15067,1S-MH-MU-ZSC-CL04-3077,1S-MH-MU-ZSC-CL04-2159,5.2,29256,15067
36241,36241-43450,1S-MH-MU-ZSC-RSTN-SAHA,NAN,1,36241,43450
36241,36241-STN XMER,1S-MH-MU-ZSC-RSTN-SAHA,1S-MH-MU-ZSC-RSTN-SAHA,2,36241,STN XMER
36241,36241-43450,1S-MH-MU-ZSC-RSTN-SAHA,NAN,3,36241,43450
36242,36242-CAP BANK,1S-MH-MU-ZSC-RSTN-SAHA,1S-MH-MU-ZSC-RSTN-SAHA,1,36242,CAP BANK
36244,36244-CAP BANK,1S-MH-MU-ZSC-RSTN-SAHA,1S-MH-MU-ZSC-RSTN-SAHA,1,36244,CAP BANK
36245,36245-STN XMER,1S-MH-MU-ZSC-RSTN-SAHA,1S-MH-MU-ZSC-RSTN-SAHA,1,36245,STN XMER
36247,36247-15085,1S-MH-MU-ZSC-RSTN-SAHA,1S-MH-MU-ZSC-CL01-2271,1,36247,15085
36247,15086-26696,1S-MH-MU-ZSC-CL01-2271,1S-MH-MU-ZSC-CL01-3002,2,15086,26696
36247,26699-36270,1S-MH-MU-ZSC-CL01-3002,1S-MH-MU-ZSC-CL04-3352,3,26699,36270
36247,36271-4193,1S-MH-MU-ZSC-CL04-3352,1S-MH-MU-ZSC-CL01-3184,4,36271,4193
36247,36273-5343,1S-MH-MU-ZSC-CL01-3184,1S-MH-MU-ZSC-CL01-2480,5,36273,5343
36247,31714-HTCONSUMER,1S-MH-MU-ZSC-CL01-3184,NAN,4.1,31714,HTCONSUMER
36248,36248-5412,1S-MH-MU-ZSC-RSTN-SAHA,NAN,1,36248,5412
36248,36248-5329,1S-MH-MU-ZSC-RSTN-SAHA,1S-MH-MU-ZSC-CL01-2555,2,36248,5329
36248,5327-2936,1S-MH-MU-ZSC-CL01-2555,1S-MH-MU-ZSC-CL01-2089,3,5327,2936
36248,4473-4280,1S-MH-MU-ZSC-CL01-2089,1S-MH-MU-ZSC-CL01-2206,4,4473,4280
36248,38004-9869,1S-MH-MU-ZSC-CL01-2206,1S-MH-MU-ZSC-CL01-2571,5,38004,9869
36248,9867-2323,1S-MH-MU-ZSC-CL01-2571,1S-MH-MU-ZSC-CL01-2369,6,9867,2323
36248,2322-6627,1S-MH-MU-ZSC-CL01-2369,1S-MH-MU-ZSC-CL01-2362,7,2322,6627
36248,2938-15170,1S-MH-MU-ZSC-CL01-2089,1S-MH-MU-ZSC-CL01-2530,3.1,2938,15170
36248,15172-28522,1S-MH-MU-ZSC-CL01-2530,1S-MH-MU-ZSC-CL01-3049,3.2,15172,28522
36248,28520-25673,1S-MH-MU-ZSC-CL01-3049,1S-MH-MU-ZSC-CL01-2887,3.3,28520,25673
36248,14513-17826,1S-MH-MU-ZSC-CL01-2089,1S-MH-MU-ZSC-RSTN-MIDC,3.2,14513,17826
36248,2937-HTCONSUMER,1S-MH-MU-ZSC-CL01-2089,NAN,3.3,2937,HTCONSUMER
36249,36249-38599,1S-MH-MU-ZSC-RSTN-SAHA,1S-MH-MU-ZSC-CL01-3514,1,36249,38599
36249,38600-2412,1S-MH-MU-ZSC-CL01-3514,1S-MH-MU-ZSC-CL01-2070,2,38600,2412
36249,2411-2435,1S-MH-MU-ZSC-CL01-2070,1S-MH-MU-ZSC-CL01-2546,3,2411,2435
36249,31388-2465,1S-MH-MU-ZSC-CL01-2546,1S-MH-MU-ZSC-CL01-2810,4,31388,2465
36249,2410-32033,1S-MH-MU-ZSC-CL01-2070,1S-MH-MU-ZSC-CL01-3204,2.1,2410,32033
36249,32031-4191,1S-MH-MU-ZSC-CL01-3204,1S-MH-MU-ZSC-CL01-3184,2.2,32031,4191
36249,32032-HTCONSUMER,1S-MH-MU-ZSC-CL01-3204,NAN,2.1.1,32032,HTCONSUMER
36249,38602-HTCONSUMER,1S-MH-MU-ZSC-CL01-3514,NAN,1.1,38602,HTCONSUMER
36250,36250-4886,1S-MH-MU-ZSC-RSTN-SAHA,1S-MH-MU-ZSC-CL01-2567,1,36250,4886
36250,4884-19617,1S-MH-MU-ZSC-CL01-2567,1S-MH-MU-ZSC-CL01-2367,2,4884,19617
36251,36251-15814,1S-MH-MU-ZSC-RSTN-SAHA,1S-MH-MU-ZSC-CL01-2791,1,36251,15814
36251,15815-26460,1S-MH-MU-ZSC-CL01-2791,1S-MH-MU-ZSC-CL01-2990,2,15815,26460
36251,26462-25461,1S-MH-MU-ZSC-CL01-2990,1S-MH-MU-ZSC-CL01-2954,3,26462,25461
36251,25459-29383,1S-MH-MU-ZSC-CL01-2954,1S-MH-MU-ZSC-CL01-3081,4,25459,29383
36251,29385-17807,1S-MH-MU-ZSC-CL01-3081,1S-MH-MU-ZSC-RSTN-MIDC,5,29385,17807
3101,3101-CAP BANK,1S-MH-MU-ZET-RSTN-SAKI,1S-MH-MU-ZET-RSTN-SAKI,1,3101,CAP BANK
3102,3102-26401,1S-MH-MU-ZET-RSTN-SAKI,1S-MH-MU-ZET-CL13-9036,1,3102,26401
3102,3102-28741,1S-MH-MU-ZET-RSTN-SAKI,1S-MH-MU-ZET-CL13-9086,2,3102,28741
3102,28740-2749,1S-MH-MU-ZET-CL13-9086,1S-MH-MU-ZET-CL13-8767,3,28740,2749
3102,2751-19238,1S-MH-MU-ZET-CL13-8767,1S-MH-MU-ZET-CL14-8640,4,2751,19238
3102,12065-36169,1S-MH-MU-ZET-CL14-8640,1S-MH-MU-ZET-CL13-8725,5,12065,36169
3103,3103-2588,1S-MH-MU-ZET-RSTN-SAKI,1S-MH-MU-ZET-CL13-8535,1,3103,2588
3103,35168-9099,1S-MH-MU-ZET-CL13-8535,1S-MH-MU-ZET-CL13-8405,2,35168,9099
3103,9453-34498,1S-MH-MU-ZET-CL13-8405,1S-MH-MU-ZET-CL13-8406,3,9453,34498
3103,9175-36178,1S-MH-MU-ZET-CL13-8405,1S-MH-MU-ZET-CL13-8407,2.1,9175,36178
3103,2897-349,1S-MH-MU-ZET-CL13-8535,1S-MH-MU-ZET-CL13-8916,1.1,2897,349
3104,3104-6857,1S-MH-MU-ZET-RSTN-SAKI,1S-MH-MU-ZET-CL13-8732,1,3104,6857
3104,6855-19992,1S-MH-MU-ZET-CL13-8732,1S-MH-MU-ZET-CL13-8991,2,6855,19992
3104,19994-18427,1S-MH-MU-ZET-CL13-8991,1S-MH-MU-ZET-CL13-8733,3,19994,18427
3104,18426-19060,1S-MH-MU-ZET-CL13-8733,1S-MH-MU-ZET-CL13-8968,4,18426,19060
3104,19059-11176,1S-MH-MU-ZET-CL13-8968,1S-MH-MU-ZET-CL13-8458,5,19059,11176
3104,11176-27039,1S-MH-MU-ZET-CL13-8458,1S-MH-MU-ZET-CL13-8434,6,11176,27039
3104,27037-28133,1S-MH-MU-ZET-CL13-8434,1S-MH-MU-ZET-CL13-8050,7,27037,28133
3106,3106-28941,1S-MH-MU-ZET-RSTN-SAKI,1S-MH-MU-ZET-CL13-8044,1,3106,28941
3106,9518-18003,1S-MH-MU-ZET-CL13-8044,1S-MH-MU-ZET-CL04-8045,2,9518,18003
3106,18002-16159,1S-MH-MU-ZET-CL04-8045,1S-MH-MU-ZET-CL04-8051,3,18002,16159
3106,16157-9469,1S-MH-MU-ZET-CL04-8051,1S-MH-MU-ZET-CL04-8041,4,16157,9469
3106,9471-32546,1S-MH-MU-ZET-CL04-8041,1S-MH-MU-ZET-CL04-9296,5,9471,32546
3106,32548-12127,1S-MH-MU-ZET-CL04-9296,1S-MH-MU-ZET-CL04-8071,6,32548,12127
3106,42014-16743,1S-MH-MU-ZET-CL13-8044,1S-MH-MU-ZET-CL13-8803,1.1,42014,16743
3106,9516-29423,1S-MH-MU-ZET-CL13-8044,1S-MH-MU-ZET-CL13-9135,1.2,9516,29423
3108,3108-28097,1S-MH-MU-ZET-RSTN-SAKI,1S-MH-MU-ZET-CL13-8770,1,3108,28097
3108,28098-32933,1S-MH-MU-ZET-CL13-8770,1S-MH-MU-ZSC-CL04-3244,2,28098,32933
3108,32931-30711,1S-MH-MU-ZSC-CL04-3244,1S-MH-MU-ZSC-CL04-3147,3,32931,30711
3108,42898-32758,1S-MH-MU-ZSC-CL04-3147,1S-MH-MU-ZSC-CL04-3189,4,42898,32758
3108,32760-9935,1S-MH-MU-ZSC-CL04-3189,1S-MH-MU-ZSC-CL04-2460,5,32760,9935
3108,9937-16023,1S-MH-MU-ZSC-CL04-2460,1S-MH-MU-ZSC-CL10-2289,6,9937,16023
3108,16021-39450,1S-MH-MU-ZSC-CL10-2289,1S-MH-MU-ZSC-CL04-2985,7,16021,39450
3109,3109-38006,1S-MH-MU-ZET-RSTN-SAKI,1S-MH-MU-ZSC-CL10-2526,1,3109,38006
3109,38007-6977,1S-MH-MU-ZSC-CL10-2526,1S-MH-MU-ZSC-CL04-2384,2,38007,6977
3109,5519-15234,1S-MH-MU-ZSC-CL04-2384,1S-MH-MU-ZSC-CL04-2388,3,5519,15234
3109,15233-14541,1S-MH-MU-ZSC-CL04-2388,1S-MH-MU-ZSC-CL04-2387,4,15233,14541
3109,14782-14686,1S-MH-MU-ZSC-CL04-2387,1S-MH-MU-ZSC-CL04-2691,5,14782,14686
3109,5517-6951,1S-MH-MU-ZSC-CL04-2384,1S-MH-MU-ZSC-CL04-2385,2.1,5517,6951
3109,6952-HTCONSUMER,1S-MH-MU-ZSC-CL04-2385,NAN,2.2,6952,HTCONSUMER
3110,3110-10335,1S-MH-MU-ZET-RSTN-SAKI,1S-MH-MU-ZSC-CL10-2897,1,3110,10335
3110,10337-39660,1S-MH-MU-ZSC-CL10-2897,1S-MH-MU-ZSC-CL10-3585,2,10337,39660
3110,39659-42404,1S-MH-MU-ZSC-CL10-3585,1S-MH-MU-ZSC-CL10-3586,3,39659,42404
3110,42405-36451,1S-MH-MU-ZSC-CL10-3586,1S-MH-MU-ZSC-CL10-3210,4,42405,36451
3110,36450-2147,1S-MH-MU-ZSC-CL10-3210,1S-MH-MU-ZSC-CL10-2218,5,36450,2147
3110,2150-14687,1S-MH-MU-ZSC-CL10-2218,1S-MH-MU-ZSC-CL04-2227,6,2150,14687
3110,14688-9818,1S-MH-MU-ZSC-CL04-2227,1S-MH-MU-ZSC-CL10-2477,7,14688,9818
3110,9817-25258,1S-MH-MU-ZSC-CL10-2477,1S-MH-MU-ZSC-CL10-2699,8,9817,25258
3110,25260-25728,1S-MH-MU-ZSC-CL10-2699,1S-MH-MU-ZSC-CL10-2965,9,25260,25728
3110,2148-28125,1S-MH-MU-ZSC-CL10-2218,1S-MH-MU-ZSC-CL10-3024,5.1,2148,28125
3110,28127-6407,1S-MH-MU-ZSC-CL10-3024,1S-MH-MU-ZSC-CL10-2459,5.2,28127,6407
3110,10336-HTCONSUMER,1S-MH-MU-ZSC-CL10-2897,NAN,1.1,10336,HTCONSUMER
3112,3112-26402,1S-MH-MU-ZET-RSTN-SAKI,1S-MH-MU-ZET-CL13-9036,1,3112,26402
3113,3113-STN XMER,1S-MH-MU-ZET-RSTN-SAKI,1S-MH-MU-ZET-RSTN-SAKI,1,3113,STN XMER
3114,3114-OH_05,1S-MH-MU-ZET-RSTN-SAKI,NAN,1,3114,OH_05
3114,3114-39581,1S-MH-MU-ZET-RSTN-SAKI,1S-MH-MU-ZSC-CL04-3237,2,3114,39581
3116,3116-9853,1S-MH-MU-ZET-RSTN-SAKI,1S-MH-MU-ZET-CL13-8554,1,3116,9853
3116,41936-13171,1S-MH-MU-ZET-CL13-8554,1S-MH-MU-ZET-CL13-8769,2,41936,13171
3116,13173-43008,1S-MH-MU-ZET-CL13-8769,1S-MH-MU-ZET-CL03-8046,3,13173,43008
3116,10276-34482,1S-MH-MU-ZET-CL03-8046,1S-MH-MU-ZET-CL03-9321,4,10276,34482
3116,34484-5251,1S-MH-MU-ZET-CL03-9321,1S-MH-MU-ZET-CL03-8042,5,34484,5251
3116,28453-9618,1S-MH-MU-ZET-CL03-8042,1S-MH-MU-ZET-CL03-8435,6,28453,9618
3116,12-12,1S-MH-MU-ZET-CL13-8554,1S-MH-MU-ZET-CL13-8050,1.1,12,12
3116,28135-14705,1S-MH-MU-ZET-CL13-8050,1S-MH-MU-ZET-CL13-8514,1.2,28135,14705
3116,9852-28135,1S-MH-MU-ZET-CL13-8554,1S-MH-MU-ZET-CL13-8050,1.2,9852,28135
3116,28135-14705,1S-MH-MU-ZET-CL13-8050,1S-MH-MU-ZET-CL13-8514,1.3,28135,14705
3116,41938-DT,1S-MH-MU-ZET-CL13-8554,NAN,1.3,41938,DT
3117,3117-14659,1S-MH-MU-ZET-RSTN-SAKI,1S-MH-MU-ZET-CL13-8102,1,3117,14659
3117,14657-28130,1S-MH-MU-ZET-CL13-8102,1S-MH-MU-ZET-CL13-8050,2,14657,28130
3117,28132-16749,1S-MH-MU-ZET-CL13-8050,1S-MH-MU-ZET-CL13-8211,3,28132,16749
3117,16748-32479,1S-MH-MU-ZET-CL13-8211,1S-MH-MU-ZET-CL04-8041,4,16748,32479
3119,3119-30714,1S-MH-MU-ZET-RSTN-SAKI,1S-MH-MU-ZSC-CL04-3147,1,3119,30714
3119,32107-11700,1S-MH-MU-ZSC-CL04-3147,1S-MH-MU-ZSC-CL04-2160,2,32107,11700
3119,16924-41024,1S-MH-MU-ZSC-CL04-2160,1S-MH-MU-ZSC-CL04-2493,3,16924,41024
3119,30712-HTCONSUMER,1S-MH-MU-ZSC-CL04-3147,NAN,1.1,30712,HTCONSUMER
3119,32109-HTCONSUMER,1S-MH-MU-ZSC-CL04-3147,NAN,1.2,32109,HTCONSUMER
3121,3121-10279,1S-MH-MU-ZET-RSTN-SAKI,1S-MH-MU-ZET-CL13-8501,1,3121,10279
3121,10277-12661,1S-MH-MU-ZET-CL13-8501,1S-MH-MU-ZET-CL13-8853,2,10277,12661
3121,12660-28079,1S-MH-MU-ZET-CL13-8853,1S-MH-MU-ZET-CL13-8854,3,12660,28079
3121,28078-30574,1S-MH-MU-ZET-CL13-8854,1S-MH-MU-ZET-CL13-9184,4,28078,30574
3121,30576-25881,1S-MH-MU-ZET-CL13-9184,1S-MH-MU-ZET-CL13-9027,5,30576,25881
3121,25879-5008,1S-MH-MU-ZET-CL13-9027,1S-MH-MU-ZET-CL13-8525,6,25879,5008
3121,5190-16176,1S-MH-MU-ZET-CL13-8525,1S-MH-MU-ZET-CL13-8099,7,5190,16176
3121,16178-5917,1S-MH-MU-ZET-CL13-8099,1S-MH-MU-ZET-CL13-8100,8,16178,5917
3121,5919-30248,1S-MH-MU-ZET-CL13-8100,1S-MH-MU-ZET-CL13-9170,9,5919,30248
3121,30246-31947,1S-MH-MU-ZET-CL13-9170,1S-MH-MU-ZET-CL13-9263,10,30246,31947
3121,31949-10026,1S-MH-MU-ZET-CL13-9263,1S-MH-MU-ZET-CL13-8205,11,31949,10026
3121,10025-11516,1S-MH-MU-ZET-CL13-8205,1S-MH-MU-ZET-CL13-8418,12,10025,11516
3121,11517-13175,1S-MH-MU-ZET-CL13-8418,1S-MH-MU-ZET-CL13-8820,13,11517,13175
3121,13177-5892,1S-MH-MU-ZET-CL13-8820,1S-MH-MU-ZET-CL13-8571,14,13177,5892
3121,42130-28005,1S-MH-MU-ZET-CL13-8100,1S-MH-MU-ZET-CL13-8242,8.1,42130,28005
3121,28004-42098,1S-MH-MU-ZET-CL13-8242,1S-MH-MU-ZET-CL13-9783,8.2,28004,42098
3121,28076-26085,1S-MH-MU-ZET-CL13-8854,1S-MH-MU-ZET-CL13-8005,3.1,28076,26085
3121,26086-31904,1S-MH-MU-ZET-CL13-8005,1S-MH-MU-ZET-CL13-9266,3.2,26086,31904
3121,32075-HTCONSUMER,1S-MH-MU-ZET-CL13-8501,NAN,1.1,32075,HTCONSUMER
3122,3122-CAP BANK,1S-MH-MU-ZET-RSTN-SAKI,1S-MH-MU-ZET-RSTN-SAKI,1,3122,CAP BANK
3123,3123-34579,1S-MH-MU-ZET-RSTN-SAKI,1S-MH-MU-ZSC-CL10-3269,1,3123,34579
3123,34578-43017,1S-MH-MU-ZSC-CL10-3269,1S-MH-MU-ZSC-CL10-5783,2,34578,43017
3123,43016-40206,1S-MH-MU-ZSC-CL10-5783,1S-MH-MU-ZSC-CL04-2461,3,43016,40206
3123,40205-11262,1S-MH-MU-ZSC-CL04-2461,1S-MH-MU-ZSC-CL10-2528,4,40205,11262
3123,6306-14338,1S-MH-MU-ZSC-CL10-2528,1S-MH-MU-ZSC-CL10-2527,5,6306,14338
3124,3124-29035,1S-MH-MU-ZET-RSTN-SAKI,1S-MH-MU-ZET-CL13-9111,1,3124,29035
3124,29034-26549,1S-MH-MU-ZET-CL13-9111,1S-MH-MU-ZET-CL13-9046,2,29034,26549
3124,26547-5897,1S-MH-MU-ZET-CL13-9046,1S-MH-MU-ZET-CL13-8917,3,26547,5897
3124,5898-27047,1S-MH-MU-ZET-CL13-8917,1S-MH-MU-ZET-CL13-8229,4,5898,27047
3124,27048-30916,1S-MH-MU-ZET-CL13-8229,1S-MH-MU-ZET-CL13-9207,5,27048,30916
3124,30917-34856,1S-MH-MU-ZET-CL13-9207,1S-MH-MU-ZET-CL13-9365,6,30917,34856
3124,34857-30947,1S-MH-MU-ZET-CL13-9365,1S-MH-MU-ZET-CL13-9208,7,34857,30947
3124,27049-2698,1S-MH-MU-ZET-CL13-8229,1S-MH-MU-ZET-CL13-8487,4.1,27049,2698
3126,3126-9820,1S-MH-MU-ZET-RSTN-SAKI,1S-MH-MU-ZET-CL03-8435,1,3126,9820
3126,9616-37661,1S-MH-MU-ZET-CL03-8435,1S-MH-MU-ZET-CL03-9556,2,9616,37661
3126,37659-18948,1S-MH-MU-ZET-CL03-9556,1S-MH-MU-ZET-CL03-8742,3,37659,18948
3126,18949-42984,1S-MH-MU-ZET-CL03-8742,1S-MH-MU-ZET-CL13-8043,4,18949,42984
3126,42985-16747,1S-MH-MU-ZET-CL13-8043,1S-MH-MU-ZET-CL13-8211,5,42985,16747
3126,9617-38865,1S-MH-MU-ZET-CL03-8435,1S-MH-MU-ZET-CL03-8739,1.1,9617,38865
3127,3127-CAP BANK,1S-MH-MU-ZET-RSTN-SAKI,1S-MH-MU-ZET-RSTN-SAKI,1,3127,CAP BANK
3128,3128-7134,1S-MH-MU-ZET-RSTN-SAKI,1S-MH-MU-ZET-CL13-8567,1,3128,7134
3130,3130-31902,1S-MH-MU-ZET-RSTN-SAKI,1S-MH-MU-ZET-CL13-9266,1,3130,31902
3130,31906-34330,1S-MH-MU-ZET-CL13-9266,1S-MH-MU-ZET-CL13-8591,2,31906,34330
3130,17160-12935,1S-MH-MU-ZET-CL13-8591,1S-MH-MU-ZET-CL13-8738,3,17160,12935
3130,12933-38871,1S-MH-MU-ZET-CL13-8738,1S-MH-MU-ZET-CL13-8397,4,12933,38871
3130,38872-17239,1S-MH-MU-ZET-CL13-8397,1S-MH-MU-ZET-CL13-8570,5,38872,17239
3130,17240-5893,1S-MH-MU-ZET-CL13-8570,1S-MH-MU-ZET-CL13-8571,6,17240,5893
3130,5894-4459,1S-MH-MU-ZET-CL13-8571,1S-MH-MU-ZET-CL13-8569,7,5894,4459
3130,17158-15003,1S-MH-MU-ZET-CL13-8591,1S-MH-MU-ZET-CL13-8337,2.1,17158,15003
3130,15001-42099,1S-MH-MU-ZET-CL13-8337,1S-MH-MU-ZET-CL13-9783,2.2,15001,42099
3130,3130-10128,1S-MH-MU-ZET-RSTN-SAKI,1S-MH-MU-ZET-CL13-8736,2,3130,10128
3130,10126-32903,1S-MH-MU-ZET-CL13-8736,1S-MH-MU-ZET-CL14-8910,3,10126,32903
3130,32904-42181,1S-MH-MU-ZET-CL14-8910,1S-MH-MU-ZET-CL14-8735,4,32904,42181
3130,15470-43810,1S-MH-MU-ZET-CL14-8735,1S-MH-MU-ZET-CL14-9918,5,15470,43810
3130,43809-12864,1S-MH-MU-ZET-CL14-9918,1S-MH-MU-ZET-CL14-8038,6,43809,12864
3130,12866-12980,1S-MH-MU-ZET-CL14-8038,1S-MH-MU-ZET-CL14-8730,7,12866,12980
3130,15470-12864,1S-MH-MU-ZET-CL14-8735,1S-MH-MU-ZET-CL14-8038,4.1,15470,12864
3130,12866-12980,1S-MH-MU-ZET-CL14-8038,1S-MH-MU-ZET-CL14-8730,4.2,12866,12980
3130,15470-43810,1S-MH-MU-ZET-CL14-8735,1S-MH-MU-ZET-CL14-8038,4.2,15470,43810
3130,12866-12980,1S-MH-MU-ZET-CL14-8038,1S-MH-MU-ZET-CL14-8730,4.3,12866,12980
3130,768-9599,1S-MH-MU-ZET-CL14-8910,1S-MH-MU-ZET-CL14-8035,3.1,768,9599
3130,9601-6451,1S-MH-MU-ZET-CL14-8035,1S-MH-MU-ZET-CL14-8034,3.2,9601,6451
3130,6453-5657,1S-MH-MU-ZET-CL14-8034,1S-MH-MU-ZET-CL14-8032,3.3,6453,5657
3130,2056-31649,1S-MH-MU-ZET-CL14-8910,1S-MH-MU-ZET-CL13-9262,3.2,2056,31649
3130,2131-39384,1S-MH-MU-ZET-CL14-8910,1S-MH-MU-ZET-CL14-8445,3.3,2131,39384
3131,3131-36277,1S-MH-MU-ZET-RSTN-SAKI,1S-MH-MU-ZSC-CL10-3370,1,3131,36277
3131,36279-6428,1S-MH-MU-ZSC-CL10-3370,1S-MH-MU-ZSC-CL10-2745,2,36279,6428
3131,6429-39564,1S-MH-MU-ZSC-CL10-2745,1S-MH-MU-ZSC-CL10-3580,3,6429,39564
3131,39563-5872,1S-MH-MU-ZSC-CL10-3580,1S-MH-MU-ZSC-CL10-2807,4,39563,5872
3131,5873-6405,1S-MH-MU-ZSC-CL10-2807,1S-MH-MU-ZSC-CL10-2459,5,5873,6405
3131,7435-29897,1S-MH-MU-ZSC-CL10-2459,1S-MH-MU-ZSC-CL10-3106,6,7435,29897
3131,29895-14309,1S-MH-MU-ZSC-CL10-3106,1S-MH-MU-ZSC-CL10-2475,7,29895,14309
3131,14308-2113,1S-MH-MU-ZSC-CL10-2475,1S-MH-MU-ZSC-CL10-2971,8,14308,2113
3131,2115-35066,1S-MH-MU-ZSC-CL10-2971,1S-MH-MU-ZSC-CL10-2491,9,2115,35066
3131,35064-4479,1S-MH-MU-ZSC-CL10-2491,1S-MH-MU-ZSC-CL10-2083,10,35064,4479
3131,39565-HTCONSUMER,1S-MH-MU-ZSC-CL10-3580,NAN,3.1,39565,HTCONSUMER
3132,3132-29243,1S-MH-MU-ZET-RSTN-SAKI,1S-MH-MU-ZET-CL13-9125,1,3132,29243
3132,29241-38392,1S-MH-MU-ZET-CL13-9125,1S-MH-MU-ZET-CL13-9575,2,29241,38392
3132,38390-10346,1S-MH-MU-ZET-CL13-9575,1S-MH-MU-ZET-CL13-8754,3,38390,10346
3132,10344-14037,1S-MH-MU-ZET-CL13-8754,1S-MH-MU-ZET-CL13-8710,4,10344,14037
3132,18425-37272,1S-MH-MU-ZET-CL13-8710,1S-MH-MU-ZET-CL13-9452,5,18425,37272
3132,37271-7363,1S-MH-MU-ZET-CL13-9452,1S-MH-MU-ZET-CL13-8629,6,37271,7363
3132,7362-38977,1S-MH-MU-ZET-CL13-8629,1S-MH-MU-ZET-CL13-9688,7,7362,38977
3132,38976-1360126,1S-MH-MU-ZET-CL13-9688,1S-MH-MU-ZET-CL13-8235,8,38976,1360126
3132,13321-41446,1S-MH-MU-ZET-CL13-8235,1S-MH-MU-ZET-CL13-9445,9,13321,41446
3132,41445-18418,1S-MH-MU-ZET-CL13-9445,1S-MH-MU-ZET-CL13-8234,10,41445,18418
3132,38975-11175,1S-MH-MU-ZET-CL13-9688,1S-MH-MU-ZET-CL13-8458,7.1,38975,11175
3132,7364-9097,1S-MH-MU-ZET-CL13-8629,1S-MH-MU-ZET-CL13-8488,6.1,7364,9097
3132,9098-9086,1S-MH-MU-ZET-CL13-8488,1S-MH-MU-ZET-CL13-8752,6.2,9098,9086
3132,38389-38594,1S-MH-MU-ZET-CL13-9575,1S-MH-MU-ZET-CL13-9658,2.1,38389,38594
3134,3134-2553,1S-MH-MU-ZET-RSTN-SAKI,1S-MH-MU-ZET-CL13-8550,1,3134,2553
3134,2552-9996,1S-MH-MU-ZET-CL13-8550,1S-MH-MU-ZET-CL13-8429,2,2552,9996
3134,9998-28096,1S-MH-MU-ZET-CL13-8429,1S-MH-MU-ZSC-RSTN-SAGB,3,9998,28096
3134,28094-25132,1S-MH-MU-ZSC-RSTN-SAGB,1S-MH-MU-ZSC-CL10-2940,4,28094,25132
3134,25130-17573,1S-MH-MU-ZSC-CL10-2940,1S-MH-MU-ZSC-CL10-2850,5,25130,17573
3134,17571-38383,1S-MH-MU-ZSC-CL10-2850,1S-MH-MU-ZSC-CL10-3482,6,17571,38383
3134,38385-29939,1S-MH-MU-ZSC-CL10-3482,1S-MH-MU-ZSC-CL10-3111,7,38385,29939
3134,29940-25060,1S-MH-MU-ZSC-CL10-3111,1S-MH-MU-ZSC-CL10-2848,8,29940,25060
3134,25062-6872,1S-MH-MU-ZSC-CL10-2848,1S-MH-MU-ZSC-CL10-2471,9,25062,6872
3134,30191-HTCONSUMER,1S-MH-MU-ZET-CL13-8550,NAN,1.1,30191,HTCONSUMER
3135,3135-26074,1S-MH-MU-ZET-RSTN-SAKI,1S-MH-MU-ZSC-CL10-2979,1,3135,26074
3135,26072-5843,1S-MH-MU-ZSC-CL10-2979,1S-MH-MU-ZSC-CL10-2526,2,26072,5843
3135,5933-9539,1S-MH-MU-ZSC-CL10-2526,1S-MH-MU-ZSC-CL10-2529,3,5933,9539
3135,7030-7031,1S-MH-MU-ZSC-CL10-2529,1S-MH-MU-ZSC-CL10-2527,4,7030,7031
3136,3136-STN XMER,1S-MH-MU-ZET-RSTN-SAKI,1S-MH-MU-ZET-RSTN-SAKI,1,3136,STN XMER
3138,3138-7755,1S-MH-MU-ZET-RSTN-SAKI,1S-MH-MU-ZSC-CL10-2272,1,3138,7755
3138,7757-42190,1S-MH-MU-ZSC-CL10-2272,1S-MH-MU-ZSC-CL10-3629,2,7757,42190
3138,42189-12901,1S-MH-MU-ZSC-CL10-3629,1S-MH-MU-ZSC-CL10-2467,3,42189,12901
3138,13101-18415,1S-MH-MU-ZSC-CL10-2467,1S-MH-MU-ZSC-CL10-2853,4,13101,18415
3138,18417-13092,1S-MH-MU-ZSC-CL10-2853,1S-MH-MU-ZSC-CL10-2465,5,18417,13092
3138,13091-31300,1S-MH-MU-ZSC-CL10-2465,1S-MH-MU-ZSC-CL10-3185,6,13091,31300
3138,31302-11138,1S-MH-MU-ZSC-CL10-3185,1S-MH-MU-ZSC-CL10-2466,7,31302,11138
3138,11137-39798,1S-MH-MU-ZSC-CL10-2466,1S-MH-MU-ZSC-CL10-3454,8,11137,39798
3138,39799-10643,1S-MH-MU-ZSC-CL10-3454,1S-MH-MU-ZSC-CL10-2463,9,39799,10643
3138,10642-25133,1S-MH-MU-ZSC-CL10-2463,1S-MH-MU-ZSC-CL10-2941,10,10642,25133
3138,25135-15488,1S-MH-MU-ZSC-CL10-2941,1S-MH-MU-ZSC-CL10-2464,11,25135,15488
3138,7756-HTCONSUMER,1S-MH-MU-ZSC-CL10-2272,NAN,1.1,7756,HTCONSUMER
3139,3139-31648,1S-MH-MU-ZET-RSTN-SAKI,1S-MH-MU-ZET-CL13-9262,1,3139,31648
3139,36813-14554,1S-MH-MU-ZET-CL13-9262,1S-MH-MU-ZET-CL13-8911,2,36813,14554
3139,14552-15767,1S-MH-MU-ZET-CL13-8911,1S-MH-MU-ZET-CL13-8845,3,14552,15767
3139,15765-38504,1S-MH-MU-ZET-CL13-8845,1S-MH-MU-ZET-CL13-9690,4,15765,38504
3139,38506-2359,1S-MH-MU-ZET-CL13-9690,1S-MH-MU-ZET-CL13-8366,5,38506,2359
3139,14554-2865,1S-MH-MU-ZET-CL13-8911,1S-MH-MU-ZET-CL14-8640,2.1,14554,2865
34135,34135-2972,1S-MH-MU-ZST-RSTN-SAMB,1S-MH-MU-ZSC-CL04-2841,1,34135,2972
34135,2969-7592,1S-MH-MU-ZSC-CL04-2841,1S-MH-MU-ZSC-CL04-2784,2,2969,7592
34135,15988-36586,1S-MH-MU-ZSC-CL04-2784,1S-MH-MU-ZSC-CL04-3420,3,15988,36586
34135,36588-16214,1S-MH-MU-ZSC-CL04-3420,1S-MH-MU-ZSC-CL04-2802,4,36588,16214
34135,16212-16210,1S-MH-MU-ZSC-CL04-2802,1S-MH-MU-ZSC-CL03-2494,5,16212,16210
34135,12045-5319,1S-MH-MU-ZSC-CL03-2494,1S-MH-MU-ZSC-CL03-2255,6,12045,5319
34135,5320-26526,1S-MH-MU-ZSC-CL03-2255,1S-MH-MU-ZSC-CL03-2993,7,5320,26526
34135,26528-10297,1S-MH-MU-ZSC-CL03-2993,1S-MH-MU-ZSC-CL03-2254,8,26528,10297
34135,10295-30704,1S-MH-MU-ZSC-CL03-2254,1S-MH-MU-ZSC-CL03-3150,9,10295,30704
34135,30702-19164,1S-MH-MU-ZSC-CL03-3150,1S-MH-MU-ZSC-CL03-2872,10,30702,19164
34135,19162-35601,1S-MH-MU-ZSC-CL03-2872,1S-MH-MU-ZSC-CL03-3349,11,19162,35601
34135,35599-7163,1S-MH-MU-ZSC-CL03-3349,1S-MH-MU-ZSC-CL03-2760,12,35599,7163
34135,7593-38646,1S-MH-MU-ZSC-CL04-2784,1S-MH-MU-ZSC-CL04-2060,2.1,7593,38646
34136,34136-5138,1S-MH-MU-ZST-RSTN-SAMB,1S-MH-MU-ZSC-CL04-2783,1,34136,5138
34136,5137-34326,1S-MH-MU-ZSC-CL04-2783,1S-MH-MU-ZSC-CL04-3257,2,5137,34326
34136,34328-40115,1S-MH-MU-ZSC-CL04-3257,1S-MH-MU-ZSC-CL04-3530,3,34328,40115
34136,40114-17202,1S-MH-MU-ZSC-CL04-3530,1S-MH-MU-ZSC-CL04-2692,4,40114,17202
34136,17201-19519,1S-MH-MU-ZSC-CL04-2692,1S-MH-MU-ZSC-CL04-2889,5,17201,19519
34136,19376-40351,1S-MH-MU-ZSC-CL04-2889,1S-MH-MU-ZSC-CL04-3591,6,19376,40351
34136,40350-7025,1S-MH-MU-ZSC-CL04-3591,1S-MH-MU-ZSC-CL04-2797,7,40350,7025
34136,7023-2243,1S-MH-MU-ZSC-CL04-2797,1S-MH-MU-ZST-CL08-0151,8,7023,2243
34136,30513-6259,1S-MH-MU-ZSC-CL04-2797,1S-MH-MU-ZST-CL08-0326,7.1,30513,6259
34136,17188-18440,1S-MH-MU-ZSC-CL04-2783,1S-MH-MU-ZSC-CL04-2602,1.1,17188,18440
34136,18442-40237,1S-MH-MU-ZSC-CL04-2602,1S-MH-MU-ZSC-CL04-3611,1.2,18442,40237
34136,40238-4733,1S-MH-MU-ZSC-CL04-3611,1S-MH-MU-ZSC-CL03-2253,1.3,40238,4733
34139,34139-STN XMER,1S-MH-MU-ZST-RSTN-SAMB,1S-MH-MU-ZST-RSTN-SAMB,1,34139,STN XMER
34140,34140-CAP BANK,1S-MH-MU-ZST-RSTN-SAMB,1S-MH-MU-ZST-RSTN-SAMB,1,34140,CAP BANK
34142,34142-37619,1S-MH-MU-ZST-RSTN-SAMB,1S-MH-MU-ZSC-CL04-3449,1,34142,37619
34142,37618-35269,1S-MH-MU-ZSC-CL04-3449,1S-MH-MU-ZST-CL08-1011,2,37618,35269
34142,35271-17364,1S-MH-MU-ZST-CL08-1011,1S-MH-MU-ZST-CL08-0225,3,35271,17364
34142,17365-39208,1S-MH-MU-ZST-CL08-0225,1S-MH-MU-ZST-CL08-1280,4,17365,39208
34142,39209-36805,1S-MH-MU-ZST-CL08-1280,1S-MH-MU-ZST-CL08-1154,5,39209,36805
34142,36803-7585,1S-MH-MU-ZST-CL08-1154,1S-MH-MU-ZST-CL08-0408,6,36803,7585
34142,7588-41183,1S-MH-MU-ZST-CL08-0408,1S-MH-MU-ZST-CL08-1293,7,7588,41183
34142,41182-35398,1S-MH-MU-ZST-CL08-1293,1S-MH-MU-ZST-CL08-1019,8,41182,35398
34142,35399-858,1S-MH-MU-ZST-CL08-1019,1S-MH-MU-ZST-CL08-0327,9,35399,858
34143,34143-25628,1S-MH-MU-ZST-RSTN-SAMB,1S-MH-MU-ZSC-CL04-2962,1,34143,25628
34143,25626-37243,1S-MH-MU-ZSC-CL04-2962,1S-MH-MU-ZSC-CL04-3419,2,25626,37243
34143,37244-5139,1S-MH-MU-ZSC-CL04-3419,1S-MH-MU-ZSC-CL04-2347,3,37244,5139
34143,9333-15429,1S-MH-MU-ZSC-CL04-2347,1S-MH-MU-ZSC-CL04-2371,4,9333,15429
34143,15431-2241,1S-MH-MU-ZSC-CL04-2371,1S-MH-MU-ZST-CL08-0151,5,15431,2241
34143,13047-13048,1S-MH-MU-ZST-CL08-0151,1S-MH-MU-ZST-CL08-0159,6,13047,13048
34143,17514-17512,1S-MH-MU-ZST-CL08-0159,1S-MH-MU-ZST-CL08-0186,7,17514,17512
34143,17510-39181,1S-MH-MU-ZST-CL08-0186,1S-MH-MU-ZST-CL08-1258,8,17510,39181
34143,39180-31041,1S-MH-MU-ZST-CL08-1258,1S-MH-MU-ZST-CL08-0800,9,39180,31041
34143,31043-15568,1S-MH-MU-ZST-CL08-0800,1S-MH-MU-ZST-CL08-0533,10,31043,15568
34143,2242-HTCONSUMER,1S-MH-MU-ZST-CL08-0151,NAN,5.1,2242,HTCONSUMER
34145,34145-16576,1S-MH-MU-ZST-RSTN-SAMB,1S-MH-MU-ZSC-CL04-2157,1,34145,16576
34145,16574-36931,1S-MH-MU-ZSC-CL04-2157,1S-MH-MU-ZSC-CL04-3424,2,16574,36931
34145,36932-5150,1S-MH-MU-ZSC-CL04-3424,1S-MH-MU-ZSC-CL04-2841,3,36932,5150
34145,37822-34603,1S-MH-MU-ZSC-CL04-2841,1S-MH-MU-ZST-CL08-0912,4,37822,34603
34145,34605-26775,1S-MH-MU-ZST-CL08-0912,1S-MH-MU-ZST-CL08-0693,5,34605,26775
34145,26777-6257,1S-MH-MU-ZST-CL08-0693,1S-MH-MU-ZST-CL08-0326,6,26777,6257
34147,34147-29127,1S-MH-MU-ZST-RSTN-SAMB,1S-MH-MU-ZSC-CL04-3070,1,34147,29127
34147,29126-43038,1S-MH-MU-ZSC-CL04-3070,1S-MH-MU-ZSC-CL03-2550,2,29126,43038
34147,12396-34023,1S-MH-MU-ZSC-CL03-2550,1S-MH-MU-ZSC-CL04-3249,3,12396,34023
34147,34021-19172,1S-MH-MU-ZSC-CL04-3249,1S-MH-MU-ZSC-CL04-2871,4,34021,19172
34147,19170-12952,1S-MH-MU-ZSC-CL04-2871,1S-MH-MU-ZSC-CL04-2061,5,19170,12952
34148,34148-STN XMER,1S-MH-MU-ZST-RSTN-SAMB,1S-MH-MU-ZST-RSTN-SAMB,1,34148,STN XMER
34149,34149-CAP BANK,1S-MH-MU-ZST-RSTN-SAMB,1S-MH-MU-ZST-RSTN-SAMB,1,34149,CAP BANK
40735,40735-12755,1S-MH-MU-ZSC-RSTN-SARV,1S-MH-MU-ZSC-CL02-2305,1,40735,12755
40735,12754-12876,1S-MH-MU-ZSC-CL02-2305,1S-MH-MU-ZSC-CL02-2365,2,12754,12876
40735,27021-43907,1S-MH-MU-ZSC-CL02-2305,1S-MH-MU-ZSC-CL02-3012,1.1,27021,43907
40736,40736-42068,1S-MH-MU-ZSC-RSTN-SARV,1S-MH-MU-ZSC-CL02-3583,1,40736,42068
40736,42063-38572,1S-MH-MU-ZSC-CL02-3583,1S-MH-MU-ZSC-CL02-2986,2,42063,38572
40736,26249-31688,1S-MH-MU-ZSC-CL02-2986,1S-MH-MU-ZSC-CL02-2621,3,26249,31688
40736,31686-14115,1S-MH-MU-ZSC-CL02-2621,1S-MH-MU-ZSC-CL02-2620,4,31686,14115
40736,14113-25301,1S-MH-MU-ZSC-CL02-2620,1S-MH-MU-ZSC-CL02-2947,5,14113,25301
40736,25303-25304,1S-MH-MU-ZSC-CL02-2947,1S-MH-MU-ZSC-CL02-2948,6,25303,25304
40736,25306-16305,1S-MH-MU-ZSC-CL02-2948,1S-MH-MU-ZSC-CL02-2335,7,25306,16305
40736,16307-11169,1S-MH-MU-ZSC-CL02-2335,1S-MH-MU-ZSC-CL02-2354,8,16307,11169
40736,11168-HTCONSUMER,1S-MH-MU-ZSC-CL02-2354,NAN,9,11168,HTCONSUMER
40736,14366-12288,1S-MH-MU-ZSC-CL02-2620,1S-MH-MU-ZSC-CL02-2249,4.1,14366,12288
40736,37973-29720,1S-MH-MU-ZSC-CL02-2621,1S-MH-MU-ZSC-CL02-3096,3.1,37973,29720
40736,29719-26860,1S-MH-MU-ZSC-CL02-3096,1S-MH-MU-ZSC-CL02-3008,3.2,29719,26860
40736,26857-30652,1S-MH-MU-ZSC-CL02-3008,1S-MH-MU-ZSC-CL02-3146,3.3,26857,30652
40736,30649-29927,1S-MH-MU-ZSC-CL02-3146,1S-MH-MU-ZSC-CL02-2976,3.4,30649,29927
40736,26859-32289,1S-MH-MU-ZSC-CL02-3008,1S-MH-MU-ZSC-CL02-3223,3.2.1,26859,32289
40737,40737-16847,1S-MH-MU-ZSC-RSTN-SARV,1S-MH-MU-ZSC-CL02-2284,1,40737,16847
40737,10360-34798,1S-MH-MU-ZSC-CL02-2284,1S-MH-MU-ZSC-CL02-3290,2,10360,34798
40737,34796-18475,1S-MH-MU-ZSC-CL02-3290,1S-MH-MU-ZSC-CL02-2743,3,34796,18475
40738,40738-32509,1S-MH-MU-ZSC-RSTN-SARV,1S-MH-MU-ZSC-CL02-3230,1,40738,32509
40741,40738-32509,1S-MH-MU-ZSC-RSTN-SARV,1S-MH-MU-ZSC-CL02-3230,1,40738,32509
40741,32510-18970,1S-MH-MU-ZSC-CL02-3230,1S-MH-MU-ZSC-CL02-2873,2,32510,18970
40744,10506-12289,1S-MH-MU-ZSC-CL02-2130,1S-MH-MU-ZSC-CL02-2249,1,10506,12289
40744,12287-9574,1S-MH-MU-ZSC-CL02-2249,1S-MH-MU-ZSC-CL02-2417,2,12287,9574
40744,9572-16670,1S-MH-MU-ZSC-CL02-2417,1S-MH-MU-ZSC-CL02-2418,3,9572,16670
40744,16672-7924,1S-MH-MU-ZSC-CL02-2418,1S-MH-MU-ZSC-CL02-2416,4,16672,7924
40744,7922-29925,1S-MH-MU-ZSC-CL02-2416,1S-MH-MU-ZSC-CL02-2976,5,7922,29925
40744,29925-25230,1S-MH-MU-ZSC-CL02-2976,1S-MH-MU-ZSC-CL02-2942,6,29925,25230
40744,25232-12314,1S-MH-MU-ZSC-CL02-2942,1S-MH-MU-ZSC-CL02-2442,7,25232,12314
40744,12313-10056,1S-MH-MU-ZSC-CL02-2442,1S-MH-MU-ZSC-CL02-2198,8,12313,10056
40744,12315-40742,1S-MH-MU-ZSC-CL02-2442,1S-MH-MU-ZSC-RSTN-SARV,7.1,12315,40742
40745,40749-41461,1S-MH-MU-ZSC-RSTN-SARV,1S-MH-MU-ZSC-CL02-3012,1,40749,41461
40750,40750-9919,1S-MH-MU-ZSC-RSTN-SARV,1S-MH-MU-ZSC-CL02-2619,1,40750,9919
40750,10764-13334,1S-MH-MU-ZSC-CL02-2619,1S-MH-MU-ZSC-CL02-2443,2,10764,13334
40750,13336-12053,1S-MH-MU-ZSC-CL02-2443,1S-MH-MU-ZSC-CL02-2444,3,13336,12053
40750,12054-15656,1S-MH-MU-ZSC-CL02-2444,1S-MH-MU-ZSC-CL02-2445,4,12054,15656
40750,16993-16923,1S-MH-MU-ZSC-CL02-2445,1S-MH-MU-ZSC-CL02-2570,5,16993,16923
40750,16922-13617,1S-MH-MU-ZSC-CL02-2570,1S-MH-MU-ZSC-CL02-2662,6,16922,13617
40750,12158-17982,1S-MH-MU-ZSC-CL02-2662,1S-MH-MU-ZSC-CL01-2125,7,12158,17982
40750,12157-32642,1S-MH-MU-ZSC-CL02-2662,1S-MH-MU-ZSC-CL02-3208,6.1,12157,32642
40750,13453-26248,1S-MH-MU-ZSC-CL02-2443,1S-MH-MU-ZSC-CL02-2986,2.1,13453,26248
40750,10765-16705,1S-MH-MU-ZSC-CL02-2619,1S-MH-MU-ZSC-CL02-2188,1.1,10765,16705
40750,16703-14227,1S-MH-MU-ZSC-CL02-2188,1S-MH-MU-ZSC-CL02-2424,1.2,16703,14227
40750,14225-7236,1S-MH-MU-ZSC-CL02-2424,1S-MH-MU-ZSC-CL02-2423,1.3,14225,7236
40751,14322-38470,1S-MH-MU-ZSC-CL02-2224,1S-MH-MU-ZSC-CL02-3474,1,14322,38470
40751,38472-19372,1S-MH-MU-ZSC-CL02-3474,1S-MH-MU-ZSC-CL02-2886,2,38472,19372
40751,19374-9519,1S-MH-MU-ZSC-CL02-2886,1S-MH-MU-ZSC-CL02-2252,3,19374,9519
40751,9521-30774,1S-MH-MU-ZSC-CL02-2252,1S-MH-MU-ZSC-CL02-3151,4,9521,30774
30461,30461-CAP BANK,1S-MH-MU-ZST-RSTN-SANT,1S-MH-MU-ZST-RSTN-SANT,1,30461,CAP BANK
30462,30462-10499,1S-MH-MU-ZST-RSTN-SANT,1S-MH-MU-ZST-CL07-0038,1,30462,10499
30462,10501-7990,1S-MH-MU-ZST-CL07-0038,1S-MH-MU-ZST-CL07-0428,2,10501,7990
30462,7992-28556,1S-MH-MU-ZST-CL07-0428,1S-MH-MU-ZST-CL07-0712,3,7992,28556
30462,28558-37572,1S-MH-MU-ZST-CL07-0712,1S-MH-MU-ZST-CL07-1027,4,28558,37572
30462,37574-12850,1S-MH-MU-ZST-CL07-1027,1S-MH-MU-ZST-CL07-0105,5,37574,12850
30462,12852-37610,1S-MH-MU-ZST-CL07-0105,1S-MH-MU-ZST-CL07-1208,6,12852,37610
30462,37608-19011,1S-MH-MU-ZST-CL07-1208,1S-MH-MU-ZST-CL07-0584,7,37608,19011
30462,10501-NAN,1S-MH-MU-ZST-CL07-0038,NAN,1.1,10501,NAN
30462,30462-40965,1S-MH-MU-ZST-RSTN-SANT,1S-MH-MU-ZST-CL06-0185,2,30462,40965
30463,30463-34986,1S-MH-MU-ZST-RSTN-SANT,1S-MH-MU-ZST-CL06-0950,1,30463,34986
30463,34984-10944,1S-MH-MU-ZST-CL06-0950,1S-MH-MU-ZST-CL06-0170,2,34984,10944
30463,10942-2638,1S-MH-MU-ZST-CL06-0170,1S-MH-MU-ZST-CL06-0511,3,10942,2638
30463,30871-31325,1S-MH-MU-ZST-CL06-0511,1S-MH-MU-ZST-CL06-0808,4,30871,31325
30463,31327-29734,1S-MH-MU-ZST-CL06-0808,1S-MH-MU-ZST-CL06-0754,5,31327,29734
30463,29736-37338,1S-MH-MU-ZST-CL06-0754,1S-MH-MU-ZST-CL06-1160,6,29736,37338
30463,2640-36419,1S-MH-MU-ZST-CL06-0511,1S-MH-MU-ZST-CL06-0993,3.1,2640,36419
30463,36418-19473,1S-MH-MU-ZST-CL06-0993,1S-MH-MU-ZST-CL06-0516,3.2,36418,19473
30464,30464-16988,1S-MH-MU-ZST-RSTN-SANT,1S-MH-MU-ZST-CL08-0521,1,30464,16988
30464,16986-25551,1S-MH-MU-ZST-CL08-0521,1S-MH-MU-ZST-CL08-0653,2,16986,25551
30464,25553-9443,1S-MH-MU-ZST-CL08-0653,1S-MH-MU-ZST-CL08-0377,3,25553,9443
30464,9441-34130,1S-MH-MU-ZST-CL08-0377,1S-MH-MU-ZST-CL04-0877,4,9441,34130
30464,34129-28510,1S-MH-MU-ZST-CL04-0877,1S-MH-MU-ZST-CL04-0710,5,34129,28510
30464,28512-5096,1S-MH-MU-ZST-CL04-0710,1S-MH-MU-ZST-CL04-0410,6,28512,5096
30464,34131-34488,1S-MH-MU-ZST-CL04-0877,1S-MH-MU-ZST-CL04-0110,4.1,34131,34488
30464,11698-36827,1S-MH-MU-ZST-CL08-0377,1S-MH-MU-ZST-CL08-1032,3.1,11698,36827
30464,36825-5943,1S-MH-MU-ZST-CL08-1032,1S-MH-MU-ZST-CL08-0566,3.2,36825,5943
30464,5945-HTCONSUMER,1S-MH-MU-ZST-CL08-0566,NAN,3.3,5945,HTCONSUMER
30465,30465-37846,1S-MH-MU-ZST-RSTN-SANT,1S-MH-MU-ZST-CL07-1211,1,30465,37846
30465,37847-41595,1S-MH-MU-ZST-CL07-1211,1S-MH-MU-ZST-CL07-1145,2,37847,41595
30465,41594-36341,1S-MH-MU-ZST-CL07-1145,1S-MH-MU-ZST-CL07-1012,3,41594,36341
30465,36342-38498,1S-MH-MU-ZST-CL07-1012,1S-MH-MU-ZST-CL07-1250,4,36342,38498
30465,38497-4027,1S-MH-MU-ZST-CL07-1250,1S-MH-MU-ZST-CL07-0548,5,38497,4027
30465,4029-39758,1S-MH-MU-ZST-CL07-0548,1S-MH-MU-ZST-CL07-0019,6,4029,39758
30465,14178-19515,1S-MH-MU-ZST-CL07-0019,1S-MH-MU-ZST-CL07-0615,7,14178,19515
30465,19513-14057,1S-MH-MU-ZST-CL07-0615,1S-MH-MU-ZST-CL07-0020,8,19513,14057
30465,14059-506,1S-MH-MU-ZST-CL07-0020,1S-MH-MU-ZST-CL07-0024,9,14059,506
30465,19514-HTCONSUMER,1S-MH-MU-ZST-CL07-0615,NAN,7.1,19514,HTCONSUMER
30465,43235-26001,1S-MH-MU-ZST-CL07-0019,1S-MH-MU-ZST-CL07-0635,6.1,43235,26001
30465,43234-25479,1S-MH-MU-ZST-CL07-0019,1S-MH-MU-ZST-CL07-0648,6.2,43234,25479
30465,43234-25481,1S-MH-MU-ZST-CL07-0019,1S-MH-MU-ZST-CL07-0648,6.3,43234,25481
30465,4029-43233,1S-MH-MU-ZST-CL07-0548,1S-MH-MU-ZST-CL07-0019,5.1,4029,43233
30465,14178-19515,1S-MH-MU-ZST-CL07-0019,1S-MH-MU-ZST-CL07-0615,5.2,14178,19515
30465,19513-14057,1S-MH-MU-ZST-CL07-0615,1S-MH-MU-ZST-CL07-0020,5.3,19513,14057
30465,14059-506,1S-MH-MU-ZST-CL07-0020,1S-MH-MU-ZST-CL07-0024,5.4,14059,506
30465,19514-HTCONSUMER,1S-MH-MU-ZST-CL07-0615,NAN,5.2.1,19514,HTCONSUMER
30465,43235-26001,1S-MH-MU-ZST-CL07-0019,1S-MH-MU-ZST-CL07-0635,5.1.1,43235,26001
30465,43234-25479,1S-MH-MU-ZST-CL07-0019,1S-MH-MU-ZST-CL07-0648,5.1.2,43234,25479
30465,43234-25481,1S-MH-MU-ZST-CL07-0019,1S-MH-MU-ZST-CL07-0648,5.1.3,43234,25481
30465,41614-18887,1S-MH-MU-ZST-CL07-0548,1S-MH-MU-ZST-CL07-0583,5.2,41614,18887
30465,41596-41589,1S-MH-MU-ZST-CL07-1145,1S-MH-MU-ZST-CL07-0424,2.1,41596,41589
30467,30467-36770,1S-MH-MU-ZST-RSTN-SANT,1S-MH-MU-ZST-CL06-1139,1,30467,36770
30467,36771-HTCONSUMER,1S-MH-MU-ZST-CL06-1139,NAN,2,36771,HTCONSUMER
30467,30467-11422,1S-MH-MU-ZST-RSTN-SANT,1S-MH-MU-ZST-RSTN-VILE,2,30467,11422
30468,30468-35575,1S-MH-MU-ZST-RSTN-SANT,1S-MH-MU-ZST-CL06-1025,1,30468,35575
30468,35576-6281,1S-MH-MU-ZST-CL06-1025,1S-MH-MU-ZST-CL06-0391,2,35576,6281
30468,30468-DT,1S-MH-MU-ZST-RSTN-SANT,1S-MH-MU-ZST-RSTN-SANT,2,30468,DT
30468,30468-35575,1S-MH-MU-ZST-RSTN-SANT,1S-MH-MU-ZST-CL06-1025,3,30468,35575
30468,35576-6281,1S-MH-MU-ZST-CL06-1025,1S-MH-MU-ZST-CL06-0391,4,35576,6281
30470,30470-CAP BANK,1S-MH-MU-ZST-RSTN-SANT,1S-MH-MU-ZST-RSTN-SANT,1,30470,CAP BANK
30471,30471-34937,1S-MH-MU-ZST-RSTN-SANT,1S-MH-MU-ZST-CL07-0962,1,30471,34937
30471,34939-41736,1S-MH-MU-ZST-CL07-0962,1S-MH-MU-ZST-CL07-0131,2,34939,41736
30471,41735-5676,1S-MH-MU-ZST-CL07-0131,1S-MH-MU-ZST-CL07-0129,3,41735,5676
30471,5674-15073,1S-MH-MU-ZST-CL07-0129,1S-MH-MU-ZST-CL07-0132,4,5674,15073
30471,15075-42925,1S-MH-MU-ZST-CL07-0132,1S-MH-MU-ZST-CL07-0133,5,15075,42925
30471,42926-14897,1S-MH-MU-ZST-CL07-0133,1S-MH-MU-ZST-CL07-0495,6,42926,14897
30473,30473-13669,1S-MH-MU-ZST-RSTN-SANT,1S-MH-MU-ZST-CL07-0378,1,30473,13669
30473,42587-4794,1S-MH-MU-ZST-CL07-0378,1S-MH-MU-ZST-CL07-0549,2,42587,4794
30473,4792-19601,1S-MH-MU-ZST-CL07-0549,1S-MH-MU-ZST-CL07-0430,3,4792,19601
30473,19604-26873,1S-MH-MU-ZST-CL07-0430,1S-MH-MU-ZST-CL07-0696,4,19604,26873
30473,26875-19459,1S-MH-MU-ZST-CL07-0696,1S-MH-MU-ZST-CL07-0601,5,26875,19459
30473,19458-25815,1S-MH-MU-ZST-CL07-0601,1S-MH-MU-ZST-CL07-0520,6,19458,25815
30473,25814-14533,1S-MH-MU-ZST-CL07-0520,1S-MH-MU-ZST-CL07-0580,7,25814,14533
30473,14532-25523,1S-MH-MU-ZST-CL07-0580,1S-MH-MU-ZST-CL07-0651,8,14532,25523
30473,19919-18070,1S-MH-MU-ZST-CL07-0430,1S-MH-MU-ZST-CL07-0041,3.1,19919,18070
30473,19602-41295,1S-MH-MU-ZST-CL07-0430,1S-MH-MU-ZST-CL07-1065,3.2,19602,41295
30473,13671-11932,1S-MH-MU-ZST-CL07-0378,1S-MH-MU-ZST-CL08-0515,1.1,13671,11932
30474,30474-36774,1S-MH-MU-ZST-RSTN-SANT,1S-MH-MU-ZST-CL06-1139,1,30474,36774
30474,36775-HTCONSUMER,1S-MH-MU-ZST-CL06-1139,NAN,2,36775,HTCONSUMER
30476,30476-43486,1S-MH-MU-ZST-RSTN-SANT,1S-MH-MU-ZST-CL06-0221,1,30476,43486
30476,43485-27013,1S-MH-MU-ZST-CL06-0221,1S-MH-MU-ZST-CL03-0701,2,43485,27013
30476,27010-40777,1S-MH-MU-ZST-CL03-0701,1S-MH-MU-ZST-CL03-1338,3,27010,40777
30476,40779-2951,1S-MH-MU-ZST-CL03-1338,1S-MH-MU-ZST-CL03-0417,4,40779,2951
30476,4224-41203,1S-MH-MU-ZST-CL03-0417,1S-MH-MU-ZST-CL02-1222,5,4224,41203
30476,41202-35463,1S-MH-MU-ZST-CL02-1222,1S-MH-MU-ZST-CL03-1021,6,41202,35463
30476,35462-15609,1S-MH-MU-ZST-CL03-1021,1S-MH-MU-ZST-CL03-0418,7,35462,15609
30476,15611-9082,1S-MH-MU-ZST-CL03-0418,1S-MH-MU-ZST-CL03-0323,8,15611,9082
30476,2949-10185,1S-MH-MU-ZST-CL03-0417,1S-MH-MU-ZST-CL03-0081,4.1,2949,10185
30476,10187-30929,1S-MH-MU-ZST-CL03-0081,1S-MH-MU-ZST-CL03-0798,4.2,10187,30929
30477,30477-10108,1S-MH-MU-ZST-RSTN-SANT,1S-MH-MU-ZST-CL07-0160,1,30477,10108
30477,10106-29399,1S-MH-MU-ZST-CL07-0160,1S-MH-MU-ZST-CL07-0740,2,10106,29399
30477,29397-14454,1S-MH-MU-ZST-CL07-0740,1S-MH-MU-ZST-CL07-0579,3,29397,14454
30477,14455-32881,1S-MH-MU-ZST-CL07-0579,1S-MH-MU-ZST-CL05-0864,4,14455,32881
30477,32879-25524,1S-MH-MU-ZST-CL05-0864,1S-MH-MU-ZST-CL07-0651,5,32879,25524
30477,30087-40810,1S-MH-MU-ZST-CL07-0740,1S-MH-MU-ZST-CL07-1064,2.1,30087,40810
30477,40811-4506,1S-MH-MU-ZST-CL07-1064,1S-MH-MU-ZST-CL07-0040,2.2,40811,4506
30479,30479-CAP BANK,1S-MH-MU-ZST-RSTN-SANT,1S-MH-MU-ZST-RSTN-SANT,1,30479,CAP BANK
30480,30480-30705,1S-MH-MU-ZST-RSTN-SANT,1S-MH-MU-ZST-CL08-0789,1,30480,30705
30481,30481-26535,1S-MH-MU-ZST-RSTN-SANT,1S-MH-MU-ZST-CL06-0682,1,30481,26535
30481,26537-43864,1S-MH-MU-ZST-CL06-0682,1S-MH-MU-ZST-CL06-1044,2,26537,43864
30481,43865-6169,1S-MH-MU-ZST-CL06-1044,1S-MH-MU-ZST-CL06-0464,3,43865,6169
30481,6167-NAN,1S-MH-MU-ZST-CL06-0464,NAN,4,6167,NAN
30481,HTCONSUMER-12174,NAN,1S-MH-MU-ZST-CL02-0577,5,HTCONSUMER,12174
30481,12173-307,1S-MH-MU-ZST-CL02-0577,1S-MH-MU-ZST-CL02-0295,6,12173,307
30482,30482-11642,1S-MH-MU-ZST-RSTN-SANT,1S-MH-MU-ZST-CL06-0169,1,30482,11642
30483,30483-36047,1S-MH-MU-ZST-RSTN-SANT,1S-MH-MU-ZST-CL06-1108,1,30483,36047
30483,36049-36050,1S-MH-MU-ZST-CL06-1108,1S-MH-MU-ZST-CL06-0582,2,36049,36050
30483,18922-18843,1S-MH-MU-ZST-CL06-0582,1S-MH-MU-ZST-CL03-0471,3,18922,18843
30483,18841-4927,1S-MH-MU-ZST-CL03-0471,1S-MH-MU-ZST-CL03-0537,4,18841,4927
30483,4925-37555,1S-MH-MU-ZST-CL03-0537,1S-MH-MU-ZST-CL03-1173,5,4925,37555
30483,37554-39303,1S-MH-MU-ZST-CL03-1173,1S-MH-MU-ZST-CL03-1311,6,37554,39303
30483,39302-38526,1S-MH-MU-ZST-CL03-1311,1S-MH-MU-ZST-CL03-1267,7,39302,38526
30483,38525-14138,1S-MH-MU-ZST-CL03-1267,1S-MH-MU-ZST-CL03-0538,8,38525,14138
30483,14140-16810,1S-MH-MU-ZST-CL03-0538,1S-MH-MU-ZST-CL03-0161,9,14140,16810
30483,18841-NAN,1S-MH-MU-ZST-CL03-0471,NAN,3.1,18841,NAN
30483,18924-18790,1S-MH-MU-ZST-CL06-0582,1S-MH-MU-ZST-CL06-0422,2.1,18924,18790
30485,30485-4132,1S-MH-MU-ZST-RSTN-SANT,1S-MH-MU-ZST-CL06-0392,1,30485,4132
30485,37903-25876,1S-MH-MU-ZST-CL06-0392,1S-MH-MU-ZST-CL07-0665,2,37903,25876
30485,32476-34607,1S-MH-MU-ZST-CL07-0665,1S-MH-MU-ZST-CL07-0353,3,32476,34607
30485,11571-10929,1S-MH-MU-ZST-CL07-0353,1S-MH-MU-ZST-CL07-0552,4,11571,10929
30485,5649-14895,1S-MH-MU-ZST-CL07-0552,1S-MH-MU-ZST-CL07-0495,5,5649,14895
30485,11573-14539,1S-MH-MU-ZST-CL07-0353,1S-MH-MU-ZST-CL07-0553,3.1,11573,14539
30485,4131-34964,1S-MH-MU-ZST-CL06-0392,1S-MH-MU-ZST-CL06-0939,1.1,4131,34964
30486,30486-40429,1S-MH-MU-ZST-RSTN-SANT,1S-MH-MU-ZST-CL06-1191,1,30486,40429
30486,40430-34490,1S-MH-MU-ZST-CL06-1191,1S-MH-MU-ZST-CL06-0421,2,40430,34490
30486,4817-43179,1S-MH-MU-ZST-CL06-0421,1S-MH-MU-ZST-CL08-0048,3,4817,43179
30486,43178-9109,1S-MH-MU-ZST-CL08-0048,1S-MH-MU-ZST-CL08-0049,4,43178,9109
30486,9107-37871,1S-MH-MU-ZST-CL08-0049,1S-MH-MU-ZST-CL08-1184,5,9107,37871
30486,37870-37768,1S-MH-MU-ZST-CL08-1184,1S-MH-MU-ZST-CL08-1135,6,37870,37768
30486,37766-4743,1S-MH-MU-ZST-CL08-1135,1S-MH-MU-ZST-CL08-0488,7,37766,4743
30486,4819-18792,1S-MH-MU-ZST-CL06-0421,1S-MH-MU-ZST-CL06-0422,2.1,4819,18792
31869,31869-40436,1S-MH-MU-ZST-RSTN-SANT,1S-MH-MU-ZST-CL03-1300,1,31869,40436
31869,40437-28274,1S-MH-MU-ZST-CL03-1300,1S-MH-MU-ZST-RSTN-SARA,2,40437,28274
31869,28274-9104,1S-MH-MU-ZST-RSTN-SARA,1S-MH-MU-ZST-CL03-0113,3,28274,9104
31869,9106-41689,1S-MH-MU-ZST-CL03-0113,1S-MH-MU-ZST-CL03-1337,4,9106,41689
31869,41690-36435,1S-MH-MU-ZST-CL03-1337,1S-MH-MU-ZST-CL03-1017,5,41690,36435
31869,36434-2305,1S-MH-MU-ZST-CL03-1017,1S-MH-MU-ZST-CL03-0461,6,36434,2305
31869,2303-38565,1S-MH-MU-ZST-CL03-0461,1S-MH-MU-ZST-CL03-1251,7,2303,38565
31869,38564-41366,1S-MH-MU-ZST-CL03-1251,1S-MH-MU-ZST-CL01-1272,8,38564,41366
31869,41365-41955,1S-MH-MU-ZST-CL01-1272,1S-MH-MU-ZST-CL02-0460,9,41365,41955
31869,41954-37059,1S-MH-MU-ZST-CL02-0460,1S-MH-MU-ZST-CL03-1177,10,41954,37059
31869,37061-38028,1S-MH-MU-ZST-CL03-1177,1S-MH-MU-ZST-CL03-1236,11,37061,38028
31869,38029-10419,1S-MH-MU-ZST-CL03-1236,1S-MH-MU-ZST-CL03-0344,12,38029,10419
31870,31870-36772,1S-MH-MU-ZST-RSTN-SANT,1S-MH-MU-ZST-CL06-1139,1,31870,36772
7148,7148-32059,1S-MH-MU-ZSC-RSTN-SEEP,1S-MH-MU-ZSC-CL01-2675,1,7148,32059
7148,16380-18310,1S-MH-MU-ZSC-CL01-2675,1S-MH-MU-ZSC-CL01-2234,2,16380,18310
7148,18308-11284,1S-MH-MU-ZSC-CL01-2234,1S-MH-MU-ZSC-CL01-2193,3,18308,11284
7148,18309-HTCONSUMER,1S-MH-MU-ZSC-CL01-2234,NAN,2.1,18309,HTCONSUMER
7148,16378-32062,1S-MH-MU-ZSC-CL01-2675,1S-MH-MU-ZSC-CL01-3192,1.1,16378,32062
7149,7149-30313,1S-MH-MU-ZSC-RSTN-SEEP,1S-MH-MU-ZSC-CL01-3130,1,7149,30313
7149,7149-18681,1S-MH-MU-ZSC-RSTN-SEEP,1S-MH-MU-ZSC-CL01-2657,2,7149,18681
7149,18680-14867,1S-MH-MU-ZSC-CL01-2657,1S-MH-MU-ZSC-CL01-2280,3,18680,14867
7149,18682-HTCONSUMER,1S-MH-MU-ZSC-CL01-2657,NAN,2.1,18682,HTCONSUMER
7151,7151-6288,1S-MH-MU-ZSC-RSTN-SEEP,1S-MH-MU-ZSC-CL01-2673,1,7151,6288
7151,6290-7232,1S-MH-MU-ZSC-CL01-2673,1S-MH-MU-ZSC-CL01-2671,2,6290,7232
7151,19371-HTCONSUMER,1S-MH-MU-ZSC-CL01-2671,NAN,3,19371,HTCONSUMER
7151,7151-9486,1S-MH-MU-ZSC-RSTN-SEEP,1S-MH-MU-ZSC-CL10-2484,2,7151,9486
7152,7152-7233,1S-MH-MU-ZSC-RSTN-SEEP,1S-MH-MU-ZSC-CL01-2670,1,7152,7233
7152,5199-5197,1S-MH-MU-ZSC-CL01-2670,1S-MH-MU-ZSC-CL01-2718,2,5199,5197
7152,4896-43033,1S-MH-MU-ZSC-CL01-2718,1S-MH-MU-ZSC-CL01-3654,3,4896,43033
7152,43032-6146,1S-MH-MU-ZSC-CL01-3654,1S-MH-MU-ZSC-CL01-2672,4,43032,6146
7152,4823-35155,1S-MH-MU-ZSC-CL01-2718,1S-MH-MU-ZSC-CL01-2674,2.1,4823,35155
7152,5200-HTCONSUMER,1S-MH-MU-ZSC-CL01-2670,NAN,1.1,5200,HTCONSUMER
7152,5202-HTCONSUMER,1S-MH-MU-ZSC-CL01-2670,NAN,1.2,5202,HTCONSUMER
7153,7153-CAP BANK,1S-MH-MU-ZSC-RSTN-SEEP,1S-MH-MU-ZSC-RSTN-SEEP,1,7153,CAP BANK
9089,9089-5459,1S-MH-MU-ZSC-RSTN-SEEP,1S-MH-MU-ZSC-CL01-2163,1,9089,5459
9089,5457-43747,1S-MH-MU-ZSC-CL01-2163,1S-MH-MU-ZSC-CL01-5804,2,5457,43747
9089,43746-11851,1S-MH-MU-ZSC-CL01-5804,1S-MH-MU-ZSC-CL01-2133,3,43746,11851
9089,11850-25140,1S-MH-MU-ZSC-CL01-2133,1S-MH-MU-ZSC-CL01-2928,4,11850,25140
9089,25141-5128,1S-MH-MU-ZSC-CL01-2928,1S-MH-MU-ZSC-CL01-2713,5,25141,5128
9089,5335-11057,1S-MH-MU-ZSC-CL01-2713,1S-MH-MU-ZSC-CL01-2095,6,5335,11057
9089,11058-9557,1S-MH-MU-ZSC-CL01-2095,1S-MH-MU-ZSC-CL01-2787,7,11058,9557
9089,11852-HTCONSUMER,1S-MH-MU-ZSC-CL01-2133,NAN,3.1,11852,HTCONSUMER
9089,5457-11851,1S-MH-MU-ZSC-CL01-2163,1S-MH-MU-ZSC-CL01-2133,1.1,5457,11851
9089,11850-25140,1S-MH-MU-ZSC-CL01-2133,1S-MH-MU-ZSC-CL01-2928,1.2,11850,25140
9089,25141-5128,1S-MH-MU-ZSC-CL01-2928,1S-MH-MU-ZSC-CL01-2713,1.3,25141,5128
9089,5335-11057,1S-MH-MU-ZSC-CL01-2713,1S-MH-MU-ZSC-CL01-2095,1.4,5335,11057
9089,11058-9557,1S-MH-MU-ZSC-CL01-2095,1S-MH-MU-ZSC-CL01-2787,1.5,11058,9557
9089,11852-HTCONSUMER,1S-MH-MU-ZSC-CL01-2133,NAN,1.1.1,11852,HTCONSUMER
9090,9090-CAP BANK,1S-MH-MU-ZSC-RSTN-SEEP,1S-MH-MU-ZSC-RSTN-SEEP,1,9090,CAP BANK
9092,9092-34205,1S-MH-MU-ZSC-RSTN-SEEP,1S-MH-MU-ZSC-CL01-2231,1,9092,34205
9092,34204-16794,1S-MH-MU-ZSC-CL01-2231,1S-MH-MU-ZSC-CL01-2233,2,34204,16794
9092,16792-5126,1S-MH-MU-ZSC-CL01-2233,1S-MH-MU-ZSC-CL01-2713,3,16792,5126
9092,7797-19499,1S-MH-MU-ZSC-CL01-2231,1S-MH-MU-ZSC-CL01-2909,1.1,7797,19499
9092,7798-HTCONSUMER,1S-MH-MU-ZSC-CL01-2231,NAN,1.2,7798,HTCONSUMER
9094,9094-14070,1S-MH-MU-ZSC-RSTN-SEEP,1S-MH-MU-ZSC-CL01-2775,1,9094,14070
9094,14069-11211,1S-MH-MU-ZSC-CL01-2775,1S-MH-MU-ZSC-CL01-2779,2,14069,11211
11215,11215-30306,1S-MH-MU-ZSC-RSTN-SEEP,1S-MH-MU-ZSC-CL01-3132,1,11215,30306
11215,30308-30305,1S-MH-MU-ZSC-CL01-3132,1S-MH-MU-ZSC-CL01-3131,2,30308,30305
11473,11473-14866,1S-MH-MU-ZSC-RSTN-SEEP,1S-MH-MU-ZSC-CL01-2280,1,11473,14866
11473,11473-11456,1S-MH-MU-ZSC-RSTN-SEEP,1S-MH-MU-ZSC-CL01-2291,2,11473,11456
11473,11458-9913,1S-MH-MU-ZSC-CL01-2291,1S-MH-MU-ZSC-CL01-2714,3,11458,9913
11473,16603-25139,1S-MH-MU-ZSC-CL01-2714,1S-MH-MU-ZSC-CL01-2928,4,16603,25139
11473,11457-HTCONSUMER,1S-MH-MU-ZSC-CL01-2291,NAN,2.1,11457,HTCONSUMER
12526,12526-16217,1S-MH-MU-ZSC-RSTN-SEEP,1S-MH-MU-ZSC-CL01-2232,1,12526,16217
12526,16219-14594,1S-MH-MU-ZSC-CL01-2232,1S-MH-MU-ZSC-CL01-2203,2,16219,14594
12526,14596-18685,1S-MH-MU-ZSC-CL01-2203,1S-MH-MU-ZSC-CL01-2312,3,14596,18685
12526,18687-18549,1S-MH-MU-ZSC-CL01-2312,1S-MH-MU-ZSC-CL01-2311,4,18687,18549
12526,18551-11282,1S-MH-MU-ZSC-CL01-2311,1S-MH-MU-ZSC-CL01-2193,5,18551,11282
12526,18154-HTCONSUMER,1S-MH-MU-ZSC-CL01-2232,NAN,1.1,18154,HTCONSUMER
13093,13093-9282,1S-MH-MU-ZSC-RSTN-SEEP,1S-MH-MU-ZSC-CL01-2313,1,13093,9282
13093,9281-19501,1S-MH-MU-ZSC-CL01-2313,1S-MH-MU-ZSC-CL01-2909,2,9281,19501
13093,9283-HTCONSUMER,1S-MH-MU-ZSC-CL01-2313,NAN,1.1,9283,HTCONSUMER
13137,13137-13085,1S-MH-MU-ZSC-RSTN-SEEP,1S-MH-MU-ZSC-CL01-2232,1,13137,13085
13137,9638-10546,1S-MH-MU-ZSC-CL01-2232,1S-MH-MU-ZSC-CL01-2629,2,9638,10546
13137,10544-9559,1S-MH-MU-ZSC-CL01-2629,1S-MH-MU-ZSC-CL01-2787,3,10544,9559
13137,9558-HTCONSUMER,1S-MH-MU-ZSC-CL01-2787,NAN,4,9558,HTCONSUMER
16080,16080-16167,1S-MH-MU-ZSC-RSTN-SEEP,1S-MH-MU-ZSC-CL01-2674,1,16080,16167
16080,6362-30987,1S-MH-MU-ZSC-CL01-2674,1S-MH-MU-ZSC-CL01-2794,2,6362,30987
16080,35154-HTCONSUMER,1S-MH-MU-ZSC-CL01-2674,NAN,1.1,35154,HTCONSUMER
25154,25154-25455,1S-MH-MU-ZSC-RSTN-SEEP,1S-MH-MU-ZSC-CL01-2956,1,25154,25455
25154,25456-26147,1S-MH-MU-ZSC-CL01-2956,1S-MH-MU-ZSC-CL01-2983,2,25456,26147
25154,26149-29430,1S-MH-MU-ZSC-CL01-2983,1S-MH-MU-ZSC-CL01-3088,3,26149,29430
25154,26149-31168,1S-MH-MU-ZSC-CL01-2983,NAN,2.1,26149,31168
25155,25155-43064,1S-MH-MU-ZSC-RSTN-SEEP,1S-MH-MU-ZSC-CL01-3078,1,25155,43064
25155,29260-28293,1S-MH-MU-ZSC-CL01-3078,1S-MH-MU-ZSC-CL01-3031,2,29260,28293
25155,28291-34255,1S-MH-MU-ZSC-CL01-3031,1S-MH-MU-ZSC-CL01-3258,3,28291,34255
25155,34254-34258,1S-MH-MU-ZSC-CL01-3258,1S-MH-MU-ZSC-CL01-3259,4,34254,34258
25155,34257-30278,1S-MH-MU-ZSC-CL01-3259,1S-MH-MU-ZSC-CL01-3221,5,34257,30278
25155,30280-29165,1S-MH-MU-ZSC-CL01-3221,1S-MH-MU-ZSC-CL01-3072,6,30280,29165
25155,29164-28290,1S-MH-MU-ZSC-CL01-3072,1S-MH-MU-ZSC-CL01-3033,7,29164,28290
25155,43071-42771,1S-MH-MU-ZSC-CL01-3033,1S-MH-MU-ZSC-CL01-3643,8,43071,42771
25155,42772-42769,1S-MH-MU-ZSC-CL01-3643,1S-MH-MU-ZSC-CL01-3578,9,42772,42769
25155,42768-41473,1S-MH-MU-ZSC-CL01-3578,1S-MH-MU-ZSC-CL01-3574,10,42768,41473
25155,28288-28919,1S-MH-MU-ZSC-CL01-3033,1S-MH-MU-ZSC-CL01-3065,7.1,28288,28919
25155,28917-28286,1S-MH-MU-ZSC-CL01-3065,1S-MH-MU-ZSC-CL01-3032,7.2,28917,28286
25155,29259-HTCONSUMER,1S-MH-MU-ZSC-CL01-3078,NAN,1.1,29259,HTCONSUMER
25156,25156-10576,1S-MH-MU-ZSC-RSTN-SEEP,1S-MH-MU-ZSC-CL01-2715,1,25156,10576
25156,10574-14865,1S-MH-MU-ZSC-CL01-2715,1S-MH-MU-ZSC-CL01-2280,2,10574,14865
25156,36179-25556,1S-MH-MU-ZSC-CL01-2715,1S-MH-MU-ZSC-CL01-2675,1.1,36179,25556
25156,10575-HTCONSUMER,1S-MH-MU-ZSC-CL01-2715,NAN,1.2,10575,HTCONSUMER
25157,25157-30309,1S-MH-MU-ZSC-RSTN-SEEP,1S-MH-MU-ZSC-CL01-3130,1,25157,30309
25157,30311-HTCONSUMER,1S-MH-MU-ZSC-CL01-3130,NAN,2,30311,HTCONSUMER
25158,25158-41871,1S-MH-MU-ZSC-RSTN-SEEP,1S-MH-MU-ZSC-CL01-2671,1,25158,41871
25158,41869-25176,1S-MH-MU-ZSC-CL01-2671,1S-MH-MU-ZSC-CL01-2721,2,41869,25176
25158,25174-5120,1S-MH-MU-ZSC-CL01-2721,1S-MH-MU-ZSC-CL01-2719,3,25174,5120
25158,25171-41472,1S-MH-MU-ZSC-CL01-2721,1S-MH-MU-ZSC-CL01-3574,2.1,25171,41472
25158,41870-30299,1S-MH-MU-ZSC-CL01-2671,1S-MH-MU-ZSC-CL01-3131,1.1,41870,30299
25158,41872-HTCONSUMER,1S-MH-MU-ZSC-CL01-2671,NAN,1.2,41872,HTCONSUMER
25159,25159-CAP BANK,1S-MH-MU-ZSC-RSTN-SEEP,1S-MH-MU-ZSC-RSTN-SEEP,1,25159,CAP BANK
35027,35027-29663,1S-MH-MU-ZNT-RSTN-SHAN,1S-MH-MU-ZNT-CL10-6671,1,35027,29663
35027,29662-12278,1S-MH-MU-ZNT-CL10-6671,1S-MH-MU-ZNT-CL10-6645,2,29662,12278
35027,12909-11367,1S-MH-MU-ZNT-CL10-6645,1S-MH-MU-ZNT-CL10-6486,3,12909,11367
35027,11365-12939,1S-MH-MU-ZNT-CL10-6486,1S-MH-MU-ZNT-CL10-6032,4,11365,12939
35027,12938-18125,1S-MH-MU-ZNT-CL10-6032,1S-MH-MU-ZNT-CL10-6033,5,12938,18125
35027,14472-19271,1S-MH-MU-ZNT-CL10-6033,1S-MH-MU-ZNT-CL10-6850,6,14472,19271
35027,19269-39696,1S-MH-MU-ZNT-CL10-6850,1S-MH-MU-ZNT-CL10-7891,7,19269,39696
35027,15823-25799,1S-MH-MU-ZNT-CL10-6486,1S-MH-MU-ZNT-CL10-6913,3.1,15823,25799
35027,12277-10747,1S-MH-MU-ZNT-CL10-6645,1S-MH-MU-ZNT-CL10-6651,2.1,12277,10747
35028,35028-10982,1S-MH-MU-ZNT-RSTN-SHAN,1S-MH-MU-ZNT-CL10-6650,1,35028,10982
35028,10980-11371,1S-MH-MU-ZNT-CL10-6650,1S-MH-MU-ZNT-CL10-6649,2,10980,11371
35028,11373-38528,1S-MH-MU-ZNT-CL10-6649,1S-MH-MU-ZNT-CL10-6923,3,11373,38528
35028,38529-26100,1S-MH-MU-ZNT-CL10-6923,1S-MH-MU-ZNT-CL10-6925,4,38529,26100
35028,26099-18285,1S-MH-MU-ZNT-CL10-6925,1S-MH-MU-ZNT-CL10-6538,5,26099,18285
35028,18286-19915,1S-MH-MU-ZNT-CL10-6538,1S-MH-MU-ZNT-CL10-6894,6,18286,19915
35028,19913-17749,1S-MH-MU-ZNT-CL10-6894,1S-MH-MU-ZNT-CL10-6647,7,19913,17749
35028,17751-11230,1S-MH-MU-ZNT-CL10-6647,1S-MH-MU-ZNT-CL10-6648,8,17751,11230
35028,11372-37970,1S-MH-MU-ZNT-CL10-6649,1S-MH-MU-ZNT-CL10-7404,2.1,11372,37970
35029,35029-38111,1S-MH-MU-ZNT-RSTN-SHAN,1S-MH-MU-ZNT-CL10-6673,1,35029,38111
35029,38110-17724,1S-MH-MU-ZNT-CL10-6673,1S-MH-MU-ZNT-CL10-6577,2,38110,17724
35029,17723-39554,1S-MH-MU-ZNT-CL10-6577,1S-MH-MU-ZNT-CL10-6901,3,17723,39554
35029,39555-25089,1S-MH-MU-ZNT-CL10-6901,1S-MH-MU-ZNT-CL10-6678,4,39555,25089
35029,17791-26504,1S-MH-MU-ZNT-CL10-6678,1S-MH-MU-ZNT-CL10-6937,5,17791,26504
35029,26505-36846,1S-MH-MU-ZNT-CL10-6937,1S-MH-MU-ZNT-CL10-6643,6,26505,36846
35030,35030-38820,1S-MH-MU-ZNT-RSTN-SHAN,1S-MH-MU-ZNT-CL10-7659,1,35030,38820
35030,38819-19185,1S-MH-MU-ZNT-CL10-7659,1S-MH-MU-ZNT-CL10-6847,2,38819,19185
35030,19184-15216,1S-MH-MU-ZNT-CL10-6847,1S-MH-MU-ZNT-CL10-6487,3,19184,15216
35030,15217-12590,1S-MH-MU-ZNT-CL10-6487,1S-MH-MU-ZNT-CL10-6472,4,15217,12590
35030,12591-39241,1S-MH-MU-ZNT-CL10-6472,1S-MH-MU-ZNT-CL10-6298,5,12591,39241
35030,39240-17370,1S-MH-MU-ZNT-CL10-6298,1S-MH-MU-ZNT-CL10-6388,6,39240,17370
35030,17372-19841,1S-MH-MU-ZNT-CL10-6388,1S-MH-MU-ZNT-CL10-6893,7,17372,19841
35030,19840-25118,1S-MH-MU-ZNT-CL10-6893,1S-MH-MU-ZNT-CL10-6902,8,19840,25118
35030,25120-41887,1S-MH-MU-ZNT-CL10-6902,1S-MH-MU-ZNT-CL10-7030,9,25120,41887
35030,15218-12940,1S-MH-MU-ZNT-CL10-6487,1S-MH-MU-ZNT-CL10-6032,3.1,15218,12940
35030,19186-10690,1S-MH-MU-ZNT-CL10-6847,1S-MH-MU-ZNT-CL10-6030,2.1,19186,10690
35032,35032-38114,1S-MH-MU-ZNT-RSTN-SHAN,1S-MH-MU-ZNT-CL10-7825,1,35032,38114
35032,38113-11326,1S-MH-MU-ZNT-CL10-7825,1S-MH-MU-ZNT-CL10-6675,2,38113,11326
35033,35033-STN XMER,1S-MH-MU-ZNT-RSTN-SHAN,1S-MH-MU-ZNT-RSTN-SHAN,1,35033,STN XMER
35034,35034-CAP BANK,1S-MH-MU-ZNT-RSTN-SHAN,1S-MH-MU-ZNT-RSTN-SHAN,1,35034,CAP BANK
35036,35036-29500,1S-MH-MU-ZNT-RSTN-SHAN,1S-MH-MU-ZNT-CL10-7029,1,35036,29500
35036,29502-38841,1S-MH-MU-ZNT-CL10-7029,1S-MH-MU-ZNT-CL10-7778,2,29502,38841
35036,38840-36946,1S-MH-MU-ZNT-CL10-7778,1S-MH-MU-ZNT-CL10-6203,3,38840,36946
35036,12381-30944,1S-MH-MU-ZNT-CL10-6203,1S-MH-MU-ZNT-CL10-7120,4,12381,30944
35036,30946-17059,1S-MH-MU-ZNT-CL10-7120,1S-MH-MU-ZNT-CL10-6112,5,30946,17059
35036,17060-35238,1S-MH-MU-ZNT-CL10-6112,1S-MH-MU-ZNT-CL03-7349,6,17060,35238
35036,35240-32397,1S-MH-MU-ZNT-CL03-7349,1S-MH-MU-ZNT-CL10-7270,7,35240,32397
35036,32399-17063,1S-MH-MU-ZNT-CL10-7270,1S-MH-MU-ZNT-CL11-6333,8,32399,17063
35036,12379-12182,1S-MH-MU-ZNT-CL10-6203,1S-MH-MU-ZNT-CL10-6552,3.1,12379,12182
35036,12183-41888,1S-MH-MU-ZNT-CL10-6552,1S-MH-MU-ZNT-CL10-7030,3.2,12183,41888
35036,29501-11324,1S-MH-MU-ZNT-CL10-7029,1S-MH-MU-ZNT-CL10-6675,1.1,29501,11324
35037,35037-10003,1S-MH-MU-ZNT-RSTN-SHAN,1S-MH-MU-ZNT-CL10-6672,1,35037,10003
35037,10004-11543,1S-MH-MU-ZNT-CL10-6672,1S-MH-MU-ZNT-CL11-6147,2,10004,11543
35037,11542-19100,1S-MH-MU-ZNT-CL11-6147,1S-MH-MU-ZNT-CL11-6867,3,11542,19100
35037,19102-36092,1S-MH-MU-ZNT-CL11-6867,1S-MH-MU-ZNT-CL11-7595,4,19102,36092
35037,36093-13565,1S-MH-MU-ZNT-CL11-7595,1S-MH-MU-ZNT-CL11-6226,5,36093,13565
35037,19101-16122,1S-MH-MU-ZNT-CL11-6867,1S-MH-MU-ZNT-CL11-6092,3.1,19101,16122
35038,35038-17420,1S-MH-MU-ZNT-RSTN-SHAN,1S-MH-MU-ZNT-CL10-6654,1,35038,17420
35038,17419-17424,1S-MH-MU-ZNT-CL10-6654,1S-MH-MU-ZNT-CL10-6653,2,17419,17424
35038,17426-17494,1S-MH-MU-ZNT-CL10-6653,1S-MH-MU-ZNT-CL10-6657,3,17426,17494
35038,17492-12875,1S-MH-MU-ZNT-CL10-6657,1S-MH-MU-ZNT-CL10-6765,4,17492,12875
35038,12873-28894,1S-MH-MU-ZNT-CL10-6765,1S-MH-MU-ZNT-CL10-6985,5,12873,28894
35038,28895-37956,1S-MH-MU-ZNT-CL10-6985,1S-MH-MU-ZNT-CL10-6042,6,28895,37956
35038,17418-10092,1S-MH-MU-ZNT-CL10-6654,1S-MH-MU-ZNT-CL10-6656,1.1,17418,10092
35038,10090-15592,1S-MH-MU-ZNT-CL10-6656,1S-MH-MU-ZNT-CL10-6676,1.2,10090,15592
35038,15591-10748,1S-MH-MU-ZNT-CL10-6676,1S-MH-MU-ZNT-CL10-6651,1.3,15591,10748
35039,35039-42463,1S-MH-MU-ZNT-RSTN-SHAN,1S-MH-MU-ZNT-CL10-6683,1,35039,42463
35039,42464-11845,1S-MH-MU-ZNT-CL10-6683,1S-MH-MU-ZNT-CL10-6685,2,42464,11845
35039,32952-11847,1S-MH-MU-ZNT-CL10-6685,1S-MH-MU-ZNT-CL10-6667,3,32952,11847
35039,11849-12523,1S-MH-MU-ZNT-CL10-6667,1S-MH-MU-ZNT-CL10-6314,4,11849,12523
35039,12522-19175,1S-MH-MU-ZNT-CL10-6314,1S-MH-MU-ZNT-CL11-6846,5,12522,19175
35039,19173-15347,1S-MH-MU-ZNT-CL11-6846,1S-MH-MU-ZNT-CL11-6099,6,19173,15347
35039,15345-32842,1S-MH-MU-ZNT-CL11-6099,1S-MH-MU-ZNT-CL11-6728,7,15345,32842
35039,32841-11500,1S-MH-MU-ZNT-CL11-6728,1S-MH-MU-ZNT-CL11-6404,8,32841,11500
35039,11501-2712,1S-MH-MU-ZNT-CL11-6404,1S-MH-MU-ZNT-CL11-6341,9,11501,2712
35039,43200-14094,1S-MH-MU-ZNT-CL11-6846,1S-MH-MU-ZNT-CL11-6626,5.1,43200,14094
35039,14092-11541,1S-MH-MU-ZNT-CL11-6626,1S-MH-MU-ZNT-CL11-6147,5.2,14092,11541
35039,12524-11472,1S-MH-MU-ZNT-CL10-6314,1S-MH-MU-ZNT-CL10-6311,4.1,12524,11472
35039,12237-12312,1S-MH-MU-ZNT-CL10-6667,1S-MH-MU-ZNT-CL10-6224,3.1,12237,12312
35039,11844-16970,1S-MH-MU-ZNT-CL10-6685,1S-MH-MU-ZNT-CL10-6684,2.1,11844,16970
35039,18118-10005,1S-MH-MU-ZNT-CL10-6683,1S-MH-MU-ZNT-CL10-6672,1.1,18118,10005
35042,35042-STN XMER,1S-MH-MU-ZNT-RSTN-SHAN,1S-MH-MU-ZNT-RSTN-SHAN,1,35042,STN XMER
35043,35043-CAP BANK,1S-MH-MU-ZNT-RSTN-SHAN,1S-MH-MU-ZNT-RSTN-SHAN,1,35043,CAP BANK
34663,34663-26888,1S-MH-MU-ZNT-RSTN-SHIM,1S-MH-MU-ZNT-CL07-6941,1,34663,26888
34663,26890-37987,1S-MH-MU-ZNT-CL07-6941,1S-MH-MU-ZNT-CL07-7622,2,26890,37987
34663,43751-37987,1S-MH-MU-ZNT-CL07-7622,1S-MH-MU-ZNT-CL07-7010,3,43751,37987
34663,37986-13497,1S-MH-MU-ZNT-CL07-7010,1S-MH-MU-ZNT-CL07-6567,4,37986,13497
34663,31340-10533,1S-MH-MU-ZNT-CL07-6567,1S-MH-MU-ZNT-CL07-6461,5,31340,10533
34663,13498-15368,1S-MH-MU-ZNT-CL07-6567,1S-MH-MU-ZNT-CL07-6632,4.1,13498,15368
34663,26890-37987,1S-MH-MU-ZNT-CL07-6941,1S-MH-MU-ZNT-CL07-7010,1.1,26890,37987
34663,37986-13497,1S-MH-MU-ZNT-CL07-7010,1S-MH-MU-ZNT-CL07-6567,1.2,37986,13497
34663,31340-10533,1S-MH-MU-ZNT-CL07-6567,1S-MH-MU-ZNT-CL07-6461,1.3,31340,10533
34663,13498-15368,1S-MH-MU-ZNT-CL07-6567,1S-MH-MU-ZNT-CL07-6632,1.2.1,13498,15368
34664,34664-STN XMER,1S-MH-MU-ZNT-RSTN-SHIM,1S-MH-MU-ZNT-RSTN-SHIM,1,34664,STN XMER
34665,34665-35457,1S-MH-MU-ZNT-RSTN-SHIM,1S-MH-MU-ZNT-CL07-7306,1,34665,35457
34665,35455-12400,1S-MH-MU-ZNT-CL07-7306,1S-MH-MU-ZNT-CL07-6001,2,35455,12400
34665,12402-39083,1S-MH-MU-ZNT-CL07-6001,1S-MH-MU-ZNT-CL07-7856,3,12402,39083
34665,34665-2918,1S-MH-MU-ZNT-RSTN-SHIM,1S-MH-MU-ZNT-CL07-6258,2,34665,2918
34665,2917-32922,1S-MH-MU-ZNT-CL07-6258,1S-MH-MU-ZNT-CL08-7372,3,2917,32922
34665,32920-5091,1S-MH-MU-ZNT-CL08-7372,1S-MH-MU-ZNT-CL08-6012,4,32920,5091
34665,2919-848,1S-MH-MU-ZNT-CL07-6258,1S-MH-MU-ZNT-CL08-6076,2.1,2919,848
34666,34666-29788,1S-MH-MU-ZNT-RSTN-SHIM,1S-MH-MU-ZNT-CL07-7041,1,34666,29788
34666,29787-2658,1S-MH-MU-ZNT-CL07-7041,1S-MH-MU-ZNT-CL07-6075,2,29787,2658
34668,34668-9270,1S-MH-MU-ZNT-RSTN-SHIM,1S-MH-MU-ZNT-CL07-6106,1,34668,9270
34668,9268-35266,1S-MH-MU-ZNT-CL07-6106,1S-MH-MU-ZNT-CL07-7443,2,9268,35266
34668,35264-36961,1S-MH-MU-ZNT-CL07-7443,1S-MH-MU-ZNT-CL07-7608,3,35264,36961
34668,36959-28213,1S-MH-MU-ZNT-CL07-7608,1S-MH-MU-ZNT-CL07-6962,4,36959,28213
34668,35265-HTCONSUMER,1S-MH-MU-ZNT-CL07-7443,NAN,2.1,35265,HTCONSUMER
34670,34670-CAP BANK,1S-MH-MU-ZNT-RSTN-SHIM,1S-MH-MU-ZNT-RSTN-SHIM,1,34670,CAP BANK
34671,34671-37179,1S-MH-MU-ZNT-RSTN-SHIM,1S-MH-MU-ZNT-CL07-7609,1,34671,37179
34671,37178-10530,1S-MH-MU-ZNT-CL07-7609,1S-MH-MU-ZNT-CL07-6280,2,37178,10530
34672,34672-39972,1S-MH-MU-ZNT-RSTN-SHIM,1S-MH-MU-ZNT-CL07-7851,1,34672,39972
34672,39971-12511,1S-MH-MU-ZNT-CL07-7851,1S-MH-MU-ZNT-CL07-6691,2,39971,12511
34672,12512-6867,1S-MH-MU-ZNT-CL07-6691,1S-MH-MU-ZNT-CL07-6348,3,12512,6867
34672,6869-32795,1S-MH-MU-ZNT-CL07-6348,1S-MH-MU-ZNT-CL07-7252,4,6869,32795
34672,32793-12900,1S-MH-MU-ZNT-CL07-7252,1S-MH-MU-ZNT-CL07-6693,5,32793,12900
34673,34673-7350,1S-MH-MU-ZNT-RSTN-SHIM,1S-MH-MU-ZNT-CL07-6081,1,34673,7350
34673,7352-37828,1S-MH-MU-ZNT-CL07-6081,1S-MH-MU-ZNT-CL07-7769,2,7352,37828
34673,7353-10512,1S-MH-MU-ZNT-CL07-6081,1S-MH-MU-ZNT-CL07-6749,1.1,7353,10512
34674,34674-34745,1S-MH-MU-ZNT-RSTN-SHIM,1S-MH-MU-ZNT-CL07-7437,1,34674,34745
34674,34747-9062,1S-MH-MU-ZNT-CL07-7437,1S-MH-MU-ZNT-CL07-6371,2,34747,9062
34674,9064-40473,1S-MH-MU-ZNT-CL07-6371,1S-MH-MU-ZNT-CL07-6881,3,9064,40473
34674,40471-29000,1S-MH-MU-ZNT-CL07-6881,1S-MH-MU-ZNT-CL07-7000,4,40471,29000
34674,29001-14074,1S-MH-MU-ZNT-CL07-7000,1S-MH-MU-ZNT-CL07-6748,5,29001,14074
34674,14073-5156,1S-MH-MU-ZNT-CL07-6748,1S-MH-MU-ZNT-CL07-6460,6,14073,5156
34674,5157-16396,1S-MH-MU-ZNT-CL07-6460,1S-MH-MU-ZNT-CL07-6583,7,5157,16396
34674,16398-17848,1S-MH-MU-ZNT-CL07-6583,1S-MH-MU-ZNT-CL07-6750,8,16398,17848
34674,29063-42081,1S-MH-MU-ZNT-CL07-6750,1S-MH-MU-ZNT-CL07-6282,9,29063,42081
34674,42083-44242,1S-MH-MU-ZNT-CL07-6282,1S-MH-MU-ZNT-CL07-7969,10,42083,44242
34674,44244-17036,1S-MH-MU-ZNT-CL07-7969,1S-MH-MU-ZNT-CL07-6373,11,44244,17036
34674,17038-37827,1S-MH-MU-ZNT-CL07-6373,1S-MH-MU-ZNT-CL07-7769,12,17038,37827
34674,42082-5578,1S-MH-MU-ZNT-CL07-6282,1S-MH-MU-ZNT-CL07-6534,9.1,42082,5578
34674,5158-41399,1S-MH-MU-ZNT-CL07-6460,1S-MH-MU-ZNT-CL07-7664,6.1,5158,41399
34674,41400-36748,1S-MH-MU-ZNT-CL07-7664,1S-MH-MU-ZNT-CL07-7575,6.2,41400,36748
34675,34675-954,1S-MH-MU-ZNT-RSTN-SHIM,1S-MH-MU-ZNT-CL01-6137,1,34675,954
34675,955-42628,1S-MH-MU-ZNT-CL01-6137,1S-MH-MU-ZNT-CL01-7994,2,955,42628
34675,42627-41065,1S-MH-MU-ZNT-CL01-7994,1S-MH-MU-ZNT-CL01-7845,3,42627,41065
34675,41066-18129,1S-MH-MU-ZNT-CL01-7845,1S-MH-MU-ZNT-CL01-6192,4,41066,18129
34675,18128-35334,1S-MH-MU-ZNT-CL01-6192,1S-MH-MU-ZNT-CL01-6089,5,18128,35334
34675,2944-18397,1S-MH-MU-ZNT-CL01-6089,1S-MH-MU-ZNT-CL01-6579,6,2944,18397
34675,18395-37128,1S-MH-MU-ZNT-CL01-6579,1S-MH-MU-ZNT-CL01-7699,7,18395,37128
34675,35333-HTCONSUMER,1S-MH-MU-ZNT-CL01-6089,NAN,5.1,35333,HTCONSUMER
34675,2943-HTCONSUMER,1S-MH-MU-ZNT-CL01-6089,NAN,5.2,2943,HTCONSUMER
34675,956-41226,1S-MH-MU-ZNT-CL01-6137,1S-MH-MU-ZNT-CL01-7901,1.1,956,41226
34676,34676-STN XMER,1S-MH-MU-ZNT-RSTN-SHIM,1S-MH-MU-ZNT-RSTN-SHIM,1,34676,STN XMER
34678,34678-26495,1S-MH-MU-ZNT-RSTN-SHIM,1S-MH-MU-ZNT-CL07-6938,1,34678,26495
34678,26497-31040,1S-MH-MU-ZNT-CL07-6938,1S-MH-MU-ZNT-CL07-7124,2,26497,31040
34678,31038-18779,1S-MH-MU-ZNT-CL07-7124,1S-MH-MU-ZNT-CL08-6008,3,31038,18779
34678,34678-16112,1S-MH-MU-ZNT-RSTN-SHIM,1S-MH-MU-ZNT-CL07-6264,2,34678,16112
34678,16113-26294,1S-MH-MU-ZNT-CL07-6264,1S-MH-MU-ZNT-CL07-6931,3,16113,26294
34679,34679-CAP BANK,1S-MH-MU-ZNT-RSTN-SHIM,1S-MH-MU-ZNT-RSTN-SHIM,1,34679,CAP BANK
41507,41507-43638,1S-MH-MU-ZST-RSTN-SHRA,1S-MH-MU-ZST-CL03-1410,1,41507,43638
41507,43645-14870,1S-MH-MU-ZST-CL03-1410,1S-MH-MU-ZST-CL03-0459,2,43645,14870
41507,14868-4503,1S-MH-MU-ZST-CL03-0459,1S-MH-MU-ZST-CL03-0512,3,14868,4503
41507,4501-31761,1S-MH-MU-ZST-CL03-0512,1S-MH-MU-ZST-CL03-0824,4,4501,31761
41509,41509-43642,1S-MH-MU-ZST-RSTN-SHRA,1S-MH-MU-ZST-CL03-1410,1,41509,43642
41509,43655-28150,1S-MH-MU-ZST-CL03-1410,1S-MH-MU-ZST-CL03-0462,2,43655,28150
41509,28149-7358,1S-MH-MU-ZST-CL03-0462,1S-MH-MU-ZST-CL03-0559,3,28149,7358
41510,41510-30560,1S-MH-MU-ZST-RSTN-SHRA,1S-MH-MU-ZST-CL03-0786,1,41510,30560
41510,36058-9524,1S-MH-MU-ZST-CL03-0786,1S-MH-MU-ZST-CL03-0224,2,36058,9524
41510,9524-18821,1S-MH-MU-ZST-CL03-0224,1S-MH-MU-ZST-CL03-0335,3,9524,18821
41510,18819-19367,1S-MH-MU-ZST-CL03-0335,1S-MH-MU-ZST-CL03-0588,4,18819,19367
41510,30561-HTCONSUMER,1S-MH-MU-ZST-CL03-0786,NAN,1.1,30561,HTCONSUMER
41512,41512-28607,1S-MH-MU-ZST-RSTN-SHRA,1S-MH-MU-ZST-CL03-0715,1,41512,28607
41512,28606-474,1S-MH-MU-ZST-CL03-0715,1S-MH-MU-ZST-CL03-0216,2,28606,474
41512,472-17173,1S-MH-MU-ZST-CL03-0216,1S-MH-MU-ZST-CL03-0223,3,472,17173
41512,28607-30560,1S-MH-MU-ZST-CL03-0715,1S-MH-MU-ZST-CL03-0786,1.1,28607,30560
41514,41514-7246,1S-MH-MU-ZST-RSTN-SHRA,1S-MH-MU-ZST-CL03-0448,1,41514,7246
41516,41516-19643,1S-MH-MU-ZST-RSTN-SHRA,1S-MH-MU-ZST-CL03-0623,1,41516,19643
41516,19646-10033,1S-MH-MU-ZST-CL03-0623,1S-MH-MU-ZST-CL03-0444,2,19646,10033
41516,10035-36140,1S-MH-MU-ZST-CL03-0444,1S-MH-MU-ZST-CL03-0452,3,10035,36140
41516,36141-30931,1S-MH-MU-ZST-CL03-0452,1S-MH-MU-ZST-CL03-0798,4,36141,30931
41516,36137-26703,1S-MH-MU-ZST-CL03-0452,1S-MH-MU-ZST-CL03-0689,3.1,36137,26703
41519,26840-7160,1S-MH-MU-ZST-CL08-0694,1S-MH-MU-ZST-CL08-0134,1,26840,7160
41519,7162-38613,1S-MH-MU-ZST-CL08-0134,1S-MH-MU-ZST-CL08-1247,2,7162,38613
41519,38614-38837,1S-MH-MU-ZST-CL08-1247,1S-MH-MU-ZST-CL08-1257,3,38614,38837
41519,38836-25502,1S-MH-MU-ZST-CL08-1257,1S-MH-MU-ZST-CL08-0650,4,38836,25502
25886,25886-12149,1S-MH-MU-ZET-CL12-9874,1S-MH-MU-ZET-CL12-8775,1,25886,12149
25886,12147-6795,1S-MH-MU-ZET-CL12-8775,1S-MH-MU-ZET-CL12-8779,2,12147,6795
25886,9742-1443,1S-MH-MU-ZET-CL12-8779,1S-MH-MU-ZET-CL12-8785,3,9742,1443
25886,1443-9745,1S-MH-MU-ZET-CL12-8785,1S-MH-MU-ZET-CL12-8776,4,1443,9745
25886,12148-12213,1S-MH-MU-ZET-CL12-8775,1S-MH-MU-ZET-CL12-8065,1.1,12148,12213
25887,25887-41494,1S-MH-MU-ZET-CL12-9874,1S-MH-MU-ZET-CL12-9777,1,25887,41494
25887,41495-12186,1S-MH-MU-ZET-CL12-9777,1S-MH-MU-ZET-CL12-8776,2,41495,12186
25887,9744-30820,1S-MH-MU-ZET-CL12-8776,1S-MH-MU-ZET-CL08-9203,3,9744,30820
25887,30822-40707,1S-MH-MU-ZET-CL08-9203,NAN,4,30822,40707
25887,40708-26567,NAN,1S-MH-MU-ZET-CL08-9047,5,40708,26567
25887,26565-25825,1S-MH-MU-ZET-CL08-9047,1S-MH-MU-ZET-CL12-9023,6,26565,25825
25887,30821-HTCONSUMER,1S-MH-MU-ZET-CL08-9203,NAN,3.1,30821,HTCONSUMER
25887,40708-26567,NAN,1S-MH-MU-ZET-CL08-9047,3.2,40708,26567
25887,26565-25825,1S-MH-MU-ZET-CL08-9047,1S-MH-MU-ZET-CL12-9023,3.3,26565,25825
25887,25887-37022,1S-MH-MU-ZET-CL12-9874,1S-MH-MU-ZET-RSTN-NATW,2,25887,37022
25889,25889-18256,1S-MH-MU-ZET-CL12-9874,1S-MH-MU-ZET-CL12-8030,1,25889,18256
25889,18257-31941,1S-MH-MU-ZET-CL12-8030,1S-MH-MU-ZET-CL12-9265,2,18257,31941
25889,31943-25766,1S-MH-MU-ZET-CL12-9265,1S-MH-MU-ZET-CL08-9019,3,31943,25766
25889,18255-19456,1S-MH-MU-ZET-CL12-8030,1S-MH-MU-ZET-CL12-8170,1.1,18255,19456
25890,25890-25450,1S-MH-MU-ZET-CL12-9874,1S-MH-MU-ZET-CL12-8783,1,25890,25450
25890,32417-43355,1S-MH-MU-ZET-CL12-8783,1S-MH-MU-ZET-CL12-8773,2,32417,43355
25890,43357-12283,1S-MH-MU-ZET-CL12-8773,1S-MH-MU-ZET-CL12-8781,3,43357,12283
25890,12285-7722,1S-MH-MU-ZET-CL12-8781,1S-MH-MU-ZET-CL12-8772,4,12285,7722
25891,25891-36997,1S-MH-MU-ZET-CL12-9874,1S-MH-MU-ZET-CL08-9618,1,25891,36997
25891,36996-42924,1S-MH-MU-ZET-CL08-9618,1S-MH-MU-ZET-CL08-8982,2,36996,42924
25891,19701-42197,1S-MH-MU-ZET-CL08-8982,1S-MH-MU-ZET-CL08-8231,3,19701,42197
25891,42196-9335,1S-MH-MU-ZET-CL08-8231,1S-MH-MU-ZET-CL08-8219,4,42196,9335
25891,9336-35020,1S-MH-MU-ZET-CL08-8219,1S-MH-MU-ZET-CL08-9369,5,9336,35020
25891,35021-16293,1S-MH-MU-ZET-CL08-9369,1S-MH-MU-ZET-CL08-8037,6,35021,16293
25891,19699-16401,1S-MH-MU-ZET-CL08-8982,1S-MH-MU-ZET-CL08-8098,2.1,19699,16401
25891,16400-7122,1S-MH-MU-ZET-CL08-8098,1S-MH-MU-ZET-CL08-8097,2.2,16400,7122
25891,19700-HTCONSUMER,1S-MH-MU-ZET-CL08-8982,NAN,2.2,19700,HTCONSUMER
25892,25892-43085,1S-MH-MU-ZET-CL12-9874,1S-MH-MU-ZET-CL12-9874,1,25892,43085
25892,43083-42884,1S-MH-MU-ZET-CL12-9874,1S-MH-MU-ZET-CL12-9860,2,43083,42884
25892,43086-DT,1S-MH-MU-ZET-CL12-9874,NAN,1.1,43086,DT
25893,25893-CAP BANK,1S-MH-MU-ZET-CL12-9874,1S-MH-MU-ZET-RSTN-SHIV,1,25893,CAP BANK
26760,26760-37011,1S-MH-MU-ZET-CL12-9874,1S-MH-MU-ZET-RSTN-NATW,1,26760,37011
26760,26760-16555,1S-MH-MU-ZET-CL12-9874,1S-MH-MU-ZET-CL12-8168,2,26760,16555
26760,16554-40454,1S-MH-MU-ZET-CL12-8168,1S-MH-MU-ZET-CL12-9587,3,16554,40454
26760,40455-40457,1S-MH-MU-ZET-CL12-9587,1S-MH-MU-ZET-CL12-9752,4,40455,40457
26760,40458-29800,1S-MH-MU-ZET-CL12-9752,1S-MH-MU-ZET-CL12-8386,5,40458,29800
26760,29801-15583,1S-MH-MU-ZET-CL12-8386,1S-MH-MU-ZET-CL12-8173,6,29801,15583
26760,16556-17602,1S-MH-MU-ZET-CL12-8168,1S-MH-MU-ZET-CL12-8169,2.1,16556,17602
26760,17603-17606,1S-MH-MU-ZET-CL12-8169,1S-MH-MU-ZET-CL12-8172,2.2,17603,17606
26760,17605-17608,1S-MH-MU-ZET-CL12-8172,1S-MH-MU-ZET-CL12-8171,2.3,17605,17608
26760,17609-19457,1S-MH-MU-ZET-CL12-8171,1S-MH-MU-ZET-CL12-8170,2.4,17609,19457
26761,26761-17907,1S-MH-MU-ZET-CL12-9874,1S-MH-MU-ZET-CL12-8603,1,26761,17907
26761,17905-44124,1S-MH-MU-ZET-CL12-8603,1S-MH-MU-ZET-CL12-8066,2,17905,44124
26761,44123-15351,1S-MH-MU-ZET-CL12-8066,1S-MH-MU-ZET-CL12-8777,3,44123,15351
26761,13504-12212,1S-MH-MU-ZET-CL12-8066,1S-MH-MU-ZET-CL12-8065,2.1,13504,12212
26762,26762-14890,1S-MH-MU-ZET-CL12-9874,1S-MH-MU-ZET-CL12-8410,1,26762,14890
26762,31249-7602,1S-MH-MU-ZET-CL12-8410,1S-MH-MU-ZET-CL08-8220,2,31249,7602
26762,7604-34943,1S-MH-MU-ZET-CL08-8220,1S-MH-MU-ZET-CL08-9370,3,7604,34943
26762,34944-19737,1S-MH-MU-ZET-CL08-9370,1S-MH-MU-ZET-CL08-8983,4,34944,19737
26762,19738-12294,1S-MH-MU-ZET-CL08-8983,1S-MH-MU-ZET-CL08-8224,5,19738,12294
26762,12292-26813,1S-MH-MU-ZET-CL08-8224,1S-MH-MU-ZET-CL08-9055,6,12292,26813
26762,31627-7631,1S-MH-MU-ZET-CL08-8220,1S-MH-MU-ZET-CL08-8222,2.1,31627,7631
26763,26763-CAP BANK,1S-MH-MU-ZET-CL12-9874,1S-MH-MU-ZET-RSTN-SHIV,1,26763,CAP BANK
26766,26766-31387,1S-MH-MU-ZET-CL12-9874,1S-MH-MU-ZET-CL12-9232,1,26766,31387
26766,31385-42093,1S-MH-MU-ZET-CL12-9232,1S-MH-MU-ZET-CL08-9044,2,31385,42093
26766,26531-26541,1S-MH-MU-ZET-CL08-9044,1S-MH-MU-ZET-CL08-9045,3,26531,26541
26766,26543-25662,1S-MH-MU-ZET-CL08-9045,1S-MH-MU-ZET-CL08-9011,4,26543,25662
26766,42091-42150,1S-MH-MU-ZET-CL08-9044,1S-MH-MU-ZET-CL12-9795,2.1,42091,42150
26766,31386-HTCONSUMER,1S-MH-MU-ZET-CL12-9232,NAN,1.1,31386,HTCONSUMER
26767,26767-42245,1S-MH-MU-ZET-CL12-9874,1S-MH-MU-ZET-CL12-9784,1,26767,42245
26767,42244-5847,1S-MH-MU-ZET-CL12-9784,1S-MH-MU-ZET-CL12-8772,2,42244,5847
26767,31757-9827,1S-MH-MU-ZET-CL12-8772,1S-MH-MU-ZET-CL12-8774,3,31757,9827
26767,9829-6365,1S-MH-MU-ZET-CL12-8774,1S-MH-MU-ZET-CL12-8778,4,9829,6365
26767,9541-9543,1S-MH-MU-ZET-CL12-8772,1S-MH-MU-ZET-CL12-8784,2.1,9541,9543
26769,26769-10083,1S-MH-MU-ZET-CL12-9874,1S-MH-MU-ZET-CL12-8202,1,26769,10083
26769,10081-12208,1S-MH-MU-ZET-CL12-8202,1S-MH-MU-ZET-CL12-8409,2,10081,12208
26769,12210-9743,1S-MH-MU-ZET-CL12-8409,1S-MH-MU-ZET-CL12-8776,3,12210,9743
26770,26770-37009,1S-MH-MU-ZET-CL12-9874,1S-MH-MU-ZET-RSTN-NATW,1,26770,37009
26770,26770-18765,1S-MH-MU-ZET-CL12-9874,1S-MH-MU-ZET-CL12-8812,2,26770,18765
26770,18764-29079,1S-MH-MU-ZET-CL12-8812,1S-MH-MU-ZET-CL12-8813,3,18764,29079
26770,29077-15909,1S-MH-MU-ZET-CL12-8813,1S-MH-MU-ZET-CL12-8176,4,29077,15909
26770,15910-38535,1S-MH-MU-ZET-CL12-8176,1S-MH-MU-ZET-CL12-9675,5,15910,38535
26771,26771-35301,1S-MH-MU-ZET-CL12-9874,1S-MH-MU-ZET-CL12-9412,1,26771,35301
26771,35300-35955,1S-MH-MU-ZET-CL12-9412,1S-MH-MU-ZET-CL12-8167,2,35300,35955
26771,35951-15245,1S-MH-MU-ZET-CL12-8167,1S-MH-MU-ZET-CL12-8174,3,35951,15245
26771,15246-15585,1S-MH-MU-ZET-CL12-8174,1S-MH-MU-ZET-CL12-8173,4,15246,15585
26771,15584-16856,1S-MH-MU-ZET-CL12-8173,1S-MH-MU-ZET-CL12-8175,5,15584,16856
26771,35952-37425,1S-MH-MU-ZET-CL12-8167,1S-MH-MU-ZET-CL12-9637,2.1,35952,37425
26772,26772-40332,1S-MH-MU-ZET-CL12-9874,1S-MH-MU-ZET-CL12-9081,1,26772,40332
26772,28506-10768,1S-MH-MU-ZET-CL12-9081,1S-MH-MU-ZET-CL12-8783,2,28506,10768
26772,13860-1437,1S-MH-MU-ZET-CL12-8783,1S-MH-MU-ZET-CL12-8780,3,13860,1437
26772,28507-15352,1S-MH-MU-ZET-CL12-9081,1S-MH-MU-ZET-CL12-8777,1.1,28507,15352
26773,26773-CAP BANK,1S-MH-MU-ZET-CL12-9874,1S-MH-MU-ZET-RSTN-SHIV,1,26773,CAP BANK
25018,25018-34197,1S-MH-MU-ZET-RSTN-SIDH,1S-MH-MU-ZET-CL08-9338,1,25018,34197
25018,34195-11730,1S-MH-MU-ZET-CL08-9338,1S-MH-MU-ZET-CL08-8788,2,34195,11730
25018,37316-39438,1S-MH-MU-ZET-CL08-8788,1S-MH-MU-ZET-CL08-8797,3,37316,39438
25018,39440-1453,1S-MH-MU-ZET-CL08-8797,1S-MH-MU-ZET-CL08-8795,4,39440,1453
25018,1453-16075,1S-MH-MU-ZET-CL08-8795,1S-MH-MU-ZET-CL08-8004,5,1453,16075
25018,39439-42206,1S-MH-MU-ZET-CL08-8797,1S-MH-MU-ZET-CL08-9803,3.1,39439,42206
25019,25019-16551,1S-MH-MU-ZET-RSTN-SIDH,1S-MH-MU-ZET-CL08-8155,1,25019,16551
25019,16550-11072,1S-MH-MU-ZET-CL08-8155,1S-MH-MU-ZET-CL08-8837,2,16550,11072
25019,11070-6788,1S-MH-MU-ZET-CL08-8837,1S-MH-MU-ZET-CL08-8135,3,11070,6788
25019,6786-7201,1S-MH-MU-ZET-CL08-8135,1S-MH-MU-ZET-CL01-8709,4,6786,7201
25019,7199-34050,1S-MH-MU-ZET-CL01-8709,1S-MH-MU-ZET-CL01-9341,5,7199,34050
25019,34052-2382,1S-MH-MU-ZET-CL01-9341,1S-MH-MU-ZET-CL01-8466,6,34052,2382
25019,7200-29321,1S-MH-MU-ZET-CL01-8709,1S-MH-MU-ZET-RSTN-CHUN,4.1,7200,29321
25020,25020-CAP BANK,1S-MH-MU-ZET-RSTN-SIDH,1S-MH-MU-ZET-RSTN-SIDH,1,25020,CAP BANK
25023,25023-42749,1S-MH-MU-ZET-RSTN-SIDH,1S-MH-MU-ZET-CL08-9848,1,25023,42749
25023,42748-42577,1S-MH-MU-ZET-CL08-9848,1S-MH-MU-ZET-CL10-9836,2,42748,42577
25023,42576-31303,1S-MH-MU-ZET-CL10-9836,1S-MH-MU-ZET-CL10-9229,3,42576,31303
25023,31304-12750,1S-MH-MU-ZET-CL10-9229,1S-MH-MU-ZET-CL10-8834,4,31304,12750
25023,9575-4370,1S-MH-MU-ZET-CL10-8834,1S-MH-MU-ZET-CL10-8835,5,9575,4370
25023,4372-37097,1S-MH-MU-ZET-CL10-8835,1S-MH-MU-ZET-CL10-9523,6,4372,37097
25023,37095-14739,1S-MH-MU-ZET-CL10-9523,1S-MH-MU-ZET-CL10-8913,7,37095,14739
25023,14737-41419,1S-MH-MU-ZET-CL10-8913,1S-MH-MU-ZET-CL10-9773,8,14737,41419
25023,41420-DT,1S-MH-MU-ZET-CL10-9773,NAN,9,41420,DT
25023,41418-6835,1S-MH-MU-ZET-CL10-9773,1S-MH-MU-ZET-CL10-8707,8.1,41418,6835
25023,31305-12924,1S-MH-MU-ZET-CL10-9229,1S-MH-MU-ZET-CL10-8203,3.1,31305,12924
25023,12925-30205,1S-MH-MU-ZET-CL10-8203,1S-MH-MU-ZET-CL10-9176,3.2,12925,30205
25024,25024-STN XMER,1S-MH-MU-ZET-RSTN-SIDH,1S-MH-MU-ZET-RSTN-SIDH,1,25024,STN XMER
25025,25025-16063,1S-MH-MU-ZET-RSTN-SIDH,1S-MH-MU-ZET-CL08-8836,1,25025,16063
25025,16062-40953,1S-MH-MU-ZET-CL08-8836,1S-MH-MU-ZET-CL08-9763,2,16062,40953
28266,28266-CAP BANK,1S-MH-MU-ZST-RSTN-SARA,1S-MH-MU-ZST-RSTN-SARA,1,28266,CAP BANK
28267,28267-34648,1S-MH-MU-ZST-RSTN-SARA,1S-MH-MU-ZST-CL03-0945,1,28267,34648
28267,34647-34573,1S-MH-MU-ZST-CL03-0945,1S-MH-MU-ZST-CL03-0174,2,34647,34573
28267,12306-42840,1S-MH-MU-ZST-CL03-0174,1S-MH-MU-ZST-CL03-1376,3,12306,42840
28267,42839-32984,1S-MH-MU-ZST-CL03-1376,1S-MH-MU-ZST-CL03-0152,4,42839,32984
28267,10965-10968,1S-MH-MU-ZST-CL03-0152,1S-MH-MU-ZST-CL03-0153,5,10965,10968
28267,7555-6636,1S-MH-MU-ZST-CL03-0152,1S-MH-MU-ZST-CL03-0440,4.1,7555,6636
28267,12304-25981,1S-MH-MU-ZST-CL03-0174,1S-MH-MU-ZST-CL03-0527,2.1,12304,25981
28267,25979-42261,1S-MH-MU-ZST-CL03-0527,1S-MH-MU-ZST-CL03-1363,2.2,25979,42261
28267,42260-32584,1S-MH-MU-ZST-CL03-1363,1S-MH-MU-ZST-CL03-0126,2.3,42260,32584
28267,42262-HTCONSUMER,1S-MH-MU-ZST-CL03-1363,NAN,2.2.1,42262,HTCONSUMER
28268,28268-34320,1S-MH-MU-ZST-RSTN-SARA,1S-MH-MU-ZST-CL03-0927,1,28268,34320
28268,34318-41675,1S-MH-MU-ZST-CL03-0927,1S-MH-MU-ZST-CL03-1299,2,34318,41675
28268,41676-40958,1S-MH-MU-ZST-CL03-1299,1S-MH-MU-ZST-CL03-1343,3,41676,40958
28270,28270-7786,1S-MH-MU-ZST-RSTN-SARA,1S-MH-MU-ZST-CL03-0017,1,28270,7786
28270,7788-2495,1S-MH-MU-ZST-CL03-0017,1S-MH-MU-ZST-CL03-0187,2,7788,2495
28270,2497-18274,1S-MH-MU-ZST-CL03-0187,1S-MH-MU-ZST-CL03-0175,3,2497,18274
28270,18274-35274,1S-MH-MU-ZST-CL03-0175,1S-MH-MU-ZST-CL03-0991,4,18274,35274
28270,35272-42938,1S-MH-MU-ZST-CL03-0991,1S-MH-MU-ZST-CL03-1103,5,35272,42938
28270,42939-35267,1S-MH-MU-ZST-CL03-1103,1S-MH-MU-ZST-CL03-0578,6,42939,35267
28270,18276-30444,1S-MH-MU-ZST-CL03-0175,1S-MH-MU-ZST-CL03-0468,3.1,18276,30444
28276,28276-34763,1S-MH-MU-ZST-RSTN-SARA,1S-MH-MU-ZST-CL03-0888,1,28276,34763
28276,34761-28617,1S-MH-MU-ZST-CL03-0888,1S-MH-MU-ZST-CL03-0102,2,34761,28617
28276,32315-41229,1S-MH-MU-ZST-CL03-0102,1S-MH-MU-ZST-CL03-1285,3,32315,41229
28276,41230-38434,1S-MH-MU-ZST-CL03-1285,1S-MH-MU-ZST-CL03-1094,4,41230,38434
28276,38436-13170,1S-MH-MU-ZST-CL03-1094,1S-MH-MU-ZST-CL03-0004,5,38436,13170
28276,13168-28640,1S-MH-MU-ZST-CL03-0004,1S-MH-MU-ZST-CL03-0716,6,13168,28640
28276,28642-34722,1S-MH-MU-ZST-CL03-0716,1S-MH-MU-ZST-CL03-0957,7,28642,34722
28276,34720-6152,1S-MH-MU-ZST-CL03-0957,1S-MH-MU-ZST-CL03-0486,8,34720,6152
28276,6151-38009,1S-MH-MU-ZST-CL03-0486,1S-MH-MU-ZST-CL02-1237,9,6151,38009
28276,28642-NAN,1S-MH-MU-ZST-CL03-0716,NAN,6.1,28642,NAN
28277,28277-CAP BANK,1S-MH-MU-ZST-RSTN-SARA,1S-MH-MU-ZST-RSTN-SARA,1,28277,CAP BANK
28278,28278-12428,1S-MH-MU-ZST-RSTN-SARA,1S-MH-MU-ZST-CL03-0539,1,28278,12428
28278,12426-7361,1S-MH-MU-ZST-CL03-0539,1S-MH-MU-ZST-CL03-0522,2,12426,7361
28278,7359-15286,1S-MH-MU-ZST-CL03-0522,1S-MH-MU-ZST-CL03-0426,3,7359,15286
35796,35796-30137,1S-MH-MU-ZST-RSTN-SARA,1S-MH-MU-ZST-CL03-0767,1,35796,30137
35796,30139-26352,1S-MH-MU-ZST-CL03-0767,1S-MH-MU-ZST-CL03-0671,2,30139,26352
35796,26354-12270,1S-MH-MU-ZST-CL03-0671,1S-MH-MU-ZST-CL03-0467,3,26354,12270
35796,12268-19517,1S-MH-MU-ZST-CL03-0467,1S-MH-MU-ZST-CL03-0610,4,12268,19517
35797,35797-12891,1S-MH-MU-ZST-RSTN-SARA,1S-MH-MU-ZST-CL03-0474,1,35797,12891
35797,7505-31579,1S-MH-MU-ZST-CL03-0474,1S-MH-MU-ZST-CL03-0817,2,7505,31579
35797,31581-29635,1S-MH-MU-ZST-CL03-0817,1S-MH-MU-ZST-CL03-0752,3,31581,29635
35797,29636-13309,1S-MH-MU-ZST-CL03-0752,1S-MH-MU-ZST-CL03-0141,4,29636,13309
35797,13311-40447,1S-MH-MU-ZST-CL03-0141,1S-MH-MU-ZST-CL03-1290,5,13311,40447
35797,40446-19811,1S-MH-MU-ZST-CL03-1290,1S-MH-MU-ZST-CL03-0627,6,40446,19811
35797,19813-38365,1S-MH-MU-ZST-CL03-0627,1S-MH-MU-ZST-CL03-1246,7,19813,38365
35797,38364-34865,1S-MH-MU-ZST-CL03-1246,1S-MH-MU-ZST-CL03-0887,8,38364,34865
35797,34867-34332,1S-MH-MU-ZST-CL03-0887,1S-MH-MU-ZST-CL03-0918,9,34867,34332
35797,34334-31736,1S-MH-MU-ZST-CL03-0918,1S-MH-MU-ZST-CL03-0821,10,34334,31736
35797,31734-34958,1S-MH-MU-ZST-CL03-0821,1S-MH-MU-ZST-CL03-0960,11,31734,34958
35797,7507-39951,1S-MH-MU-ZST-CL03-0474,1S-MH-MU-ZST-CL03-1279,1.1,7507,39951
35797,39952-7558,1S-MH-MU-ZST-CL03-1279,1S-MH-MU-ZST-CL03-0371,1.2,39952,7558
35797,7556-39406,1S-MH-MU-ZST-CL03-0371,1S-MH-MU-ZST-CL02-1317,1.3,7556,39406
35800,35800-43014,1S-MH-MU-ZST-RSTN-SARA,1S-MH-MU-ZST-CL03-1380,1,35800,43014
35800,43013-38464,1S-MH-MU-ZST-CL03-1380,1S-MH-MU-ZST-CL03-1263,2,43013,38464
35800,38465-36926,1S-MH-MU-ZST-CL03-1263,1S-MH-MU-ZST-CL03-0256,3,38465,36926
35800,5971-5410,1S-MH-MU-ZST-CL03-0256,1S-MH-MU-ZST-CL03-0255,4,5971,5410
35800,5409-12956,1S-MH-MU-ZST-CL03-0255,1S-MH-MU-ZST-CL03-0257,5,5409,12956
35800,12958-42993,1S-MH-MU-ZST-CL03-0257,1S-MH-MU-ZST-CL03-1244,6,12958,42993
35800,42992-19938,1S-MH-MU-ZST-CL03-1244,1S-MH-MU-ZST-CL03-0629,7,42992,19938
35800,19936-6310,1S-MH-MU-ZST-CL03-0629,1S-MH-MU-ZST-CL03-0244,8,19936,6310
35800,5973-25638,1S-MH-MU-ZST-CL03-0256,1S-MH-MU-ZST-CL03-0656,3.1,5973,25638
35800,25640-30136,1S-MH-MU-ZST-CL03-0656,1S-MH-MU-ZST-CL03-0261,3.2,25640,30136
35800,17666-14671,1S-MH-MU-ZST-CL03-0261,1S-MH-MU-ZST-CL03-0259,3.3,17666,14671
35800,14669-14545,1S-MH-MU-ZST-CL03-0259,1S-MH-MU-ZST-CL03-0260,3.4,14669,14545
35800,17665-HTCONSUMER,1S-MH-MU-ZST-CL03-0261,NAN,3.2.1,17665,HTCONSUMER
35802,35802-39305,1S-MH-MU-ZST-RSTN-SARA,1S-MH-MU-ZST-CL03-1310,1,35802,39305
35802,39306-37727,1S-MH-MU-ZST-CL03-1310,1S-MH-MU-ZST-CL03-1059,2,39306,37727
35802,37728-14164,1S-MH-MU-ZST-CL03-1059,1S-MH-MU-ZST-CL03-0223,3,37728,14164
35802,14166-35140,1S-MH-MU-ZST-CL03-0223,1S-MH-MU-ZST-CL03-0968,4,14166,35140
35802,35137-6646,1S-MH-MU-ZST-CL03-0968,1S-MH-MU-ZST-CL03-0513,5,35137,6646
35802,6649-37542,1S-MH-MU-ZST-CL03-0513,1S-MH-MU-ZST-CL03-1204,6,6649,37542
35802,37544-37540,1S-MH-MU-ZST-CL03-1204,1S-MH-MU-ZST-CL03-1148,7,37544,37540
35802,37539-31763,1S-MH-MU-ZST-CL03-1148,1S-MH-MU-ZST-CL03-0824,8,37539,31763
35802,37543-HTCONSUMER,1S-MH-MU-ZST-CL03-1204,NAN,6.1,37543,HTCONSUMER
35802,6647-34808,1S-MH-MU-ZST-CL03-0513,1S-MH-MU-ZST-CL03-0953,5.1,6647,34808
35802,34811-16808,1S-MH-MU-ZST-CL03-0953,1S-MH-MU-ZST-CL03-0161,5.2,34811,16808
34546,34546-39352,1S-MH-MU-ZET-RSTN-SWAN,1S-MH-MU-ZST-CL05-0951,1,34546,39352
34546,39351-15668,1S-MH-MU-ZST-CL05-0951,1S-MH-MU-ZST-CL07-0525,2,39351,15668
34546,4213-34200,1S-MH-MU-ZST-CL07-0525,1S-MH-MU-ZST-CL07-0890,3,4213,34200
34546,34198-1029,1S-MH-MU-ZST-CL07-0890,1S-MH-MU-ZST-CL07-0282,4,34198,1029
34546,1031-31793,1S-MH-MU-ZST-CL07-0282,1S-MH-MU-ZST-CL07-0823,5,1031,31793
34546,31792-HTCONSUMER,1S-MH-MU-ZST-CL07-0823,NAN,6,31792,HTCONSUMER
34546,4211-39702,1S-MH-MU-ZST-CL07-0525,1S-MH-MU-ZST-CL07-1324,2.1,4211,39702
34546,39701-39571,1S-MH-MU-ZST-CL07-1324,1S-MH-MU-ZST-CL07-1325,2.2,39701,39571
34546,39573-38548,1S-MH-MU-ZST-CL07-1325,1S-MH-MU-ZST-CL07-1252,2.3,39573,38548
34546,34786-14732,1S-MH-MU-ZST-CL05-0951,1S-MH-MU-ZST-CL07-0097,1.1,34786,14732
34546,39351-43839,1S-MH-MU-ZST-CL05-0951,1S-MH-MU-ZST-CL07-1417,1.2,39351,43839
34549,34549-29688,1S-MH-MU-ZET-RSTN-SWAN,1S-MH-MU-ZET-CL02-9148,1,34549,29688
34549,29686-29935,1S-MH-MU-ZET-CL02-9148,1S-MH-MU-ZET-CL02-9185,2,29686,29935
34549,29689-HTCONSUMER,1S-MH-MU-ZET-CL02-9148,NAN,1.1,29689,HTCONSUMER
34551,36726-37989,1S-MH-MU-ZET-CL02-9562,1S-MH-MU-ZET-CL02-8546,1,36726,37989
34551,11948-435,1S-MH-MU-ZET-CL02-8546,1S-MH-MU-ZET-CL02-8080,2,11948,435
34551,435-26441,1S-MH-MU-ZET-CL02-8080,1S-MH-MU-ZET-CL02-9040,3,435,26441
34551,26439-12196,1S-MH-MU-ZET-CL02-9040,1S-MH-MU-ZET-CL02-8851,4,26439,12196
34551,437-26488,1S-MH-MU-ZET-CL02-8080,1S-MH-MU-ZET-CL02-9042,2.1,437,26488
34551,11947-31998,1S-MH-MU-ZET-CL02-8546,1S-MH-MU-ZET-CL02-8477,1.1,11947,31998
34551,31996-37476,1S-MH-MU-ZET-CL02-8477,1S-MH-MU-ZET-CL02-9610,1.2,31996,37476
34553,34553-CAP BANK,1S-MH-MU-ZET-RSTN-SWAN,1S-MH-MU-ZET-RSTN-SWAN,1,34553,CAP BANK
34555,34555-37411,1S-MH-MU-ZET-RSTN-SWAN,1S-MH-MU-ZET-CL02-9636,1,34555,37411
34555,37410-HTCONSUMER,1S-MH-MU-ZET-CL02-9636,NAN,2,37410,HTCONSUMER
34556,34556-35200,1S-MH-MU-ZET-RSTN-SWAN,1S-MH-MU-ZET-CL02-8010,1,34556,35200
34556,42854-HTCONSUMER,1S-MH-MU-ZET-CL02-8010,NAN,2,42854,HTCONSUMER
34557,34557-35196,1S-MH-MU-ZET-RSTN-SWAN,1S-MH-MU-ZET-CL02-8479,1,34557,35196
34557,2108-35493,1S-MH-MU-ZET-CL02-8479,1S-MH-MU-ZET-CL02-9391,2,2108,35493
34557,42896-2847,1S-MH-MU-ZET-CL02-9391,1S-MH-MU-ZET-CL02-8480,3,42896,2847
34557,2849-30615,1S-MH-MU-ZET-CL02-8480,1S-MH-MU-ZET-CL02-9188,4,2849,30615
34557,30617-7885,1S-MH-MU-ZET-CL02-9188,1S-MH-MU-ZET-CL02-8484,5,30617,7885
34557,7887-16975,1S-MH-MU-ZET-CL02-8484,1S-MH-MU-ZET-CL02-8641,6,7887,16975
34557,16974-39219,1S-MH-MU-ZET-CL02-8641,1S-MH-MU-ZET-CL02-9576,7,16974,39219
34557,39220-35838,1S-MH-MU-ZET-CL02-9576,1S-MH-MU-ZET-CL02-9384,8,39220,35838
34557,35839-116,1S-MH-MU-ZET-CL02-9384,1S-MH-MU-ZET-CL02-8105,9,35839,116
34557,35491-18552,1S-MH-MU-ZET-CL02-9391,1S-MH-MU-ZET-CL02-8481,2.1,35491,18552
34557,18554-16330,1S-MH-MU-ZET-CL02-8481,1S-MH-MU-ZET-CL02-8265,2.2,18554,16330
34558,34558-35143,1S-MH-MU-ZET-RSTN-SWAN,1S-MH-MU-ZST-CL05-0971,1,34558,35143
34558,35141-30596,1S-MH-MU-ZST-CL05-0971,1S-MH-MU-ZST-CL07-0788,2,35141,30596
34558,35142-HTCONSUMER,1S-MH-MU-ZST-CL05-0971,NAN,1.1,35142,HTCONSUMER
34561,34561-STN XMER,1S-MH-MU-ZET-RSTN-SWAN,1S-MH-MU-ZET-RSTN-SWAN,1,34561,STN XMER
34561,34560-36609,1S-MH-MU-ZET-RSTN-SWAN,1S-MH-MU-ZET-CL02-9600,2,34560,36609
34561,36617-35679,1S-MH-MU-ZET-CL02-9600,1S-MH-MU-ZET-CL02-8542,3,36617,35679
34561,35677-35694,1S-MH-MU-ZET-CL02-8542,1S-MH-MU-ZET-CL02-9499,4,35677,35694
34562,34562-CAP BANK,1S-MH-MU-ZET-RSTN-SWAN,1S-MH-MU-ZET-RSTN-SWAN,1,34562,CAP BANK
38738,38738-19474,1S-MH-MU-ZSC-RSTN-SWAM,1S-MH-MU-ZSC-CL05-2903,1,38738,19474
38738,19475-18589,1S-MH-MU-ZSC-CL05-2903,1S-MH-MU-ZSC-CL05-2640,2,19475,18589
38738,18588-15578,1S-MH-MU-ZSC-CL05-2640,1S-MH-MU-ZSC-CL05-2639,3,18588,15578
38738,15576-10154,1S-MH-MU-ZSC-CL05-2639,1S-MH-MU-ZSC-CL09-2037,4,15576,10154
38738,10155-37958,1S-MH-MU-ZSC-CL09-2037,1S-MH-MU-ZSC-CL09-3464,5,10155,37958
38738,10156-16560,1S-MH-MU-ZSC-CL09-2037,1S-MH-MU-ZSC-CL09-2541,4.1,10156,16560
38738,15577-16166,1S-MH-MU-ZSC-CL05-2639,1S-MH-MU-ZSC-CL09-2806,3.1,15577,16166
38738,15419-HTCONSUMER,1S-MH-MU-ZSC-CL05-2640,NAN,2.1,15419,HTCONSUMER
38739,38739-6674,1S-MH-MU-ZSC-RSTN-SWAM,1S-MH-MU-ZSC-CL05-2400,1,38739,6674
38739,6672-7494,1S-MH-MU-ZSC-CL05-2400,1S-MH-MU-ZSC-CL05-2035,2,6672,7494
38739,7491-18394,1S-MH-MU-ZSC-CL05-2035,1S-MH-MU-ZSC-CL05-2248,3,7491,18394
38739,18392-10159,1S-MH-MU-ZSC-CL05-2248,1S-MH-MU-ZSC-CL05-2447,4,18392,10159
38739,10157-7863,1S-MH-MU-ZSC-CL05-2447,1S-MH-MU-ZSC-CL05-2855,5,10157,7863
38740,38740-43006,1S-MH-MU-ZSC-RSTN-SWAM,1S-MH-MU-ZSC-CL09-3651,1,38740,43006
38740,43005-9948,1S-MH-MU-ZSC-CL09-3651,1S-MH-MU-ZSC-CL09-2122,2,43005,9948
38740,9946-35841,1S-MH-MU-ZSC-CL09-2122,1S-MH-MU-ZSC-CL09-2540,3,9946,35841
38740,15720-35857,1S-MH-MU-ZSC-CL09-2540,1S-MH-MU-ZSC-CL09-3361,4,15720,35857
38740,35850-5366,1S-MH-MU-ZSC-CL09-3361,1S-MH-MU-ZSC-CL09-2032,5,35850,5366
38740,4485-11241,1S-MH-MU-ZSC-CL09-2032,1S-MH-MU-ZSC-CL09-2044,6,4485,11241
38740,35848-10587,1S-MH-MU-ZSC-CL09-3361,1S-MH-MU-ZSC-CL08-2109,4.1,35848,10587
38740,15719-39489,1S-MH-MU-ZSC-CL09-2540,1S-MH-MU-ZSC-CL09-3570,3.1,15719,39489
38740,39490-12057,1S-MH-MU-ZSC-CL09-3570,1S-MH-MU-ZSC-CL09-2537,3.2,39490,12057
38740,12059-Z,1S-MH-MU-ZSC-CL09-2537,1S-MH-MU-ZSC-CL09-2613,3.3,12059,Z
38740,12059-18717,1S-MH-MU-ZSC-CL09-2537,1S-MH-MU-ZSC-CL09-2613,3.2.1,12059,18717
38740,43007-HTCONSUMER,1S-MH-MU-ZSC-CL09-3651,NAN,1.1,43007,HTCONSUMER
38744,38744-38159,1S-MH-MU-ZSC-RSTN-SWAM,1S-MH-MU-ZSC-CL05-3505,1,38744,38159
38744,38158-14723,1S-MH-MU-ZSC-CL05-3505,1S-MH-MU-ZSC-CL05-2732,2,38158,14723
38744,14989-15154,1S-MH-MU-ZSC-CL05-2732,1S-MH-MU-ZSC-CL05-2738,3,14989,15154
38744,15152-19561,1S-MH-MU-ZSC-CL05-2738,1S-MH-MU-ZSC-CL05-2912,4,15152,19561
38744,19563-30275,1S-MH-MU-ZSC-CL05-2912,1S-MH-MU-ZSC-CL05-3128,5,19563,30275
38744,30273-12032,1S-MH-MU-ZSC-CL05-3128,1S-MH-MU-ZSC-CL05-2656,6,30273,12032
38744,14962-34349,1S-MH-MU-ZSC-CL05-2656,1S-MH-MU-ZSC-CL05-3261,7,14962,34349
38744,34351-14973,1S-MH-MU-ZSC-CL05-3261,1S-MH-MU-ZSC-CL05-2164,8,34351,14973
38744,14974-15573,1S-MH-MU-ZSC-CL05-2164,1S-MH-MU-ZSC-CL05-2727,9,14974,15573
38744,15575-11023,1S-MH-MU-ZSC-CL05-2727,1S-MH-MU-ZSC-CL05-2404,10,15575,11023
38744,11021-30602,1S-MH-MU-ZSC-CL05-2404,1S-MH-MU-ZSC-CL05-3144,11,11021,30602
38744,34350-HTCONSUMER,1S-MH-MU-ZSC-CL05-3261,NAN,7.1,34350,HTCONSUMER
38747,38747-39239,1S-MH-MU-ZSC-RSTN-SWAM,1S-MH-MU-ZSC-CL09-3005,1,38747,39239
38747,26752-40388,1S-MH-MU-ZSC-CL09-3005,1S-MH-MU-ZSC-CL08-3487,2,26752,40388
38747,40387-7047,1S-MH-MU-ZSC-CL08-3487,1S-MH-MU-ZSC-CL08-2110,3,40387,7047
38747,7049-13473,1S-MH-MU-ZSC-CL08-2110,1S-MH-MU-ZSC-CL08-2860,4,7049,13473
38747,26571-15534,1S-MH-MU-ZSC-CL08-2860,1S-MH-MU-ZSC-CL09-2034,5,26571,15534
38747,16961-35763,1S-MH-MU-ZSC-CL09-2034,1S-MH-MU-ZSC-CL08-3242,6,16961,35763
38747,26750-19462,1S-MH-MU-ZSC-CL09-3005,1S-MH-MU-ZSC-CL09-2902,1.1,26750,19462
38747,19464-28970,1S-MH-MU-ZSC-CL09-2902,1S-MH-MU-ZSC-CL09-3066,1.2,19464,28970
38747,28969-18774,1S-MH-MU-ZSC-CL09-3066,1S-MH-MU-ZSC-CL09-2189,1.3,28969,18774
38747,18773-9947,1S-MH-MU-ZSC-CL09-2189,1S-MH-MU-ZSC-CL09-2122,1.4,18773,9947
38748,38748-15846,1S-MH-MU-ZSC-RSTN-SWAM,1S-MH-MU-ZSC-CL09-2170,1,38748,15846
38748,15844-43409,1S-MH-MU-ZSC-CL09-2170,1S-MH-MU-ZSC-CL08-3647,2,15844,43409
38748,43408-13961,1S-MH-MU-ZSC-CL08-3647,1S-MH-MU-ZSC-CL09-2771,3,43408,13961
38748,13960-18355,1S-MH-MU-ZSC-CL09-2771,1S-MH-MU-ZSC-CL09-2363,4,13960,18355
38748,18356-19861,1S-MH-MU-ZSC-CL09-2363,1S-MH-MU-ZSC-CL08-2925,5,18356,19861
38748,19859-2065,1S-MH-MU-ZSC-CL08-2925,1S-MH-MU-ZSC-CL09-2813,6,19859,2065
38748,2066-5785,1S-MH-MU-ZSC-CL09-2813,1S-MH-MU-ZSC-CL09-2043,7,2066,5785
38748,5787-14265,1S-MH-MU-ZSC-CL09-2043,1S-MH-MU-ZSC-CL09-2815,8,5787,14265
38748,2067-37773,1S-MH-MU-ZSC-CL09-2813,1S-MH-MU-ZSC-CL09-3089,6.1,2067,37773
38750,38750-11548,1S-MH-MU-ZSC-RSTN-SWAM,1S-MH-MU-ZSC-CL05-2393,1,38750,11548
38750,11546-6226,1S-MH-MU-ZSC-CL05-2393,1S-MH-MU-ZSC-CL05-2399,2,11546,6226
38750,34008-10676,1S-MH-MU-ZSC-CL05-2399,1S-MH-MU-ZSC-CL05-2734,3,34008,10676
38750,10674-9306,1S-MH-MU-ZSC-CL05-2734,1S-MH-MU-ZSC-CL05-2733,4,10674,9306
38750,6225-9311,1S-MH-MU-ZSC-CL05-2399,1S-MH-MU-ZSC-CL05-2080,2.1,6225,9311
38750,6227-35944,1S-MH-MU-ZSC-CL05-2399,1S-MH-MU-ZSC-CL05-2081,2.2,6227,35944
38753,38753-40497,1S-MH-MU-ZSC-RSTN-SWAM,1S-MH-MU-ZSC-CL05-3218,1,38753,40497
38753,40495-41340,1S-MH-MU-ZSC-CL05-3218,1S-MH-MU-ZSC-CL05-3486,2,40495,41340
38753,41339-40501,1S-MH-MU-ZSC-CL05-3486,1S-MH-MU-ZSC-CL05-3500,3,41339,40501
38753,40502-40498,1S-MH-MU-ZSC-CL05-3500,1S-MH-MU-ZSC-CL05-3595,4,40502,40498
38753,40499-9371,1S-MH-MU-ZSC-CL05-3595,1S-MH-MU-ZSC-CL06-2659,5,40499,9371
38753,9369-10300,1S-MH-MU-ZSC-CL06-2659,1S-MH-MU-ZSC-CL06-2353,6,9369,10300
38753,10302-18079,1S-MH-MU-ZSC-CL06-2353,1S-MH-MU-ZSC-CL06-2545,7,10302,18079
38753,18081-16710,1S-MH-MU-ZSC-CL06-2545,1S-MH-MU-ZSC-CL06-2096,8,18081,16710
38753,32148-30413,1S-MH-MU-ZSC-CL05-3218,1S-MH-MU-ZSC-CL05-2832,1.1,32148,30413
38754,38754-37949,1S-MH-MU-ZSC-RSTN-SWAM,1S-MH-MU-ZSC-CL08-3450,1,38754,37949
38754,37950-5231,1S-MH-MU-ZSC-CL08-3450,1S-MH-MU-ZSC-CL08-2499,2,37950,5231
38754,42272-34891,1S-MH-MU-ZSC-CL08-2499,1S-MH-MU-ZSC-CL08-3266,3,42272,34891
38754,34889-18398,1S-MH-MU-ZSC-CL08-3266,1S-MH-MU-ZSC-CL08-2642,4,34889,18398
38754,18399-18424,1S-MH-MU-ZSC-CL08-2642,1S-MH-MU-ZSC-CL08-2334,5,18399,18424
38754,13998-25339,1S-MH-MU-ZSC-CL08-2334,1S-MH-MU-ZSC-CL08-2950,6,13998,25339
38754,25341-42251,1S-MH-MU-ZSC-CL08-2950,1S-MH-MU-ZSC-CL08-3631,7,25341,42251
38754,42252-42248,1S-MH-MU-ZSC-CL08-3631,1S-MH-MU-ZSC-CL08-3630,8,42252,42248
38754,42247-42254,1S-MH-MU-ZSC-CL08-3630,1S-MH-MU-ZSC-CL08-3532,9,42247,42254
38754,42253-HTCONSUMER,1S-MH-MU-ZSC-CL08-3631,NAN,7.1,42253,HTCONSUMER
38754,25338-18428,1S-MH-MU-ZSC-CL08-2950,1S-MH-MU-ZSC-CL08-2336,6.1,25338,18428
38754,18430-15157,1S-MH-MU-ZSC-CL08-2336,1S-MH-MU-ZSC-CL08-2300,6.2,18430,15157
10558,10558-11438,1S-MH-MU-ZET-RSTN-TAGO,1S-MH-MU-ZET-CL07-8343,1,10558,11438
10558,11440-10624,1S-MH-MU-ZET-CL07-8343,1S-MH-MU-ZET-CL07-8342,2,11440,10624
10558,10622-31718,1S-MH-MU-ZET-CL07-8342,1S-MH-MU-ZET-CL07-9257,3,10622,31718
10559,10559-STN XMER,1S-MH-MU-ZET-RSTN-TAGO,1S-MH-MU-ZET-RSTN-TAGO,1,10559,STN XMER
10560,10560-42798,1S-MH-MU-ZET-RSTN-TAGO,1S-MH-MU-ZET-CL07-9853,1,10560,42798
10560,42799-42547,1S-MH-MU-ZET-CL07-9853,1S-MH-MU-ZET-CL07-9820,2,42799,42547
10560,42546-13079,1S-MH-MU-ZET-CL07-9820,1S-MH-MU-ZET-CL07-8840,3,42546,13079
10560,41600-2690,1S-MH-MU-ZET-CL07-8840,1S-MH-MU-ZET-CL07-8311,4,41600,2690
10560,2689-42336,1S-MH-MU-ZET-CL07-8311,1S-MH-MU-ZET-CL07-9801,5,2689,42336
10560,42335-12465,1S-MH-MU-ZET-CL07-9801,1S-MH-MU-ZET-CL07-8349,6,42335,12465
10560,12464-25206,1S-MH-MU-ZET-CL07-8349,1S-MH-MU-ZET-CL07-8997,7,12464,25206
10560,25204-40224,1S-MH-MU-ZET-CL07-8997,1S-MH-MU-ZET-CL07-9727,8,25204,40224
10560,40225-40829,1S-MH-MU-ZET-CL07-9727,1S-MH-MU-ZET-CL07-9726,9,40225,40829
10560,34126-5672,1S-MH-MU-ZET-CL07-8349,1S-MH-MU-ZET-CL06-8927,6.1,34126,5672
10560,42346-HTCONSUMER,1S-MH-MU-ZET-CL07-9801,NAN,5.1,42346,HTCONSUMER
10560,42349-HTCONSUMER,1S-MH-MU-ZET-CL07-9801,NAN,5.2,42349,HTCONSUMER
10560,2691-38960,1S-MH-MU-ZET-CL07-8311,1S-MH-MU-ZET-CL07-9678,4.1,2691,38960
10560,38961-26489,1S-MH-MU-ZET-CL07-9678,1S-MH-MU-ZET-CL07-9043,4.2,38961,26489
10564,10564-CAP BANK,1S-MH-MU-ZET-RSTN-TAGO,1S-MH-MU-ZET-RSTN-TAGO,1,10564,CAP BANK
10571,10571-9126,1S-MH-MU-ZET-RSTN-TAGO,1S-MH-MU-ZET-CL07-8340,1,10571,9126
10571,823-40185,1S-MH-MU-ZET-CL07-8340,1S-MH-MU-ZET-CL07-9243,2,823,40185
10572,10572-CAP BANK,1S-MH-MU-ZET-RSTN-TAGO,1S-MH-MU-ZET-RSTN-TAGO,1,10572,CAP BANK
26420,26420-CAP BANK,1S-MH-MU-ZET-RSTN-TAGO,1S-MH-MU-ZET-RSTN-TAGO,1,26420,CAP BANK
10563,10563-41257,1S-MH-MU-ZET-RSTN-TAGO,1S-MH-MU-ZET-CL07-8841,1,10563,41257
10563,10556-36225,1S-MH-MU-ZET-CL07-8841,1S-MH-MU-ZET-CL07-9560,2,10556,36225
10563,36224-41360,1S-MH-MU-ZET-CL07-9560,1S-MH-MU-ZET-CL07-9759,3,36224,41360
10563,41359-41363,1S-MH-MU-ZET-CL07-9759,1S-MH-MU-ZET-CL07-9725,4,41359,41363
10563,41362-41475,1S-MH-MU-ZET-CL07-9725,1S-MH-MU-ZET-CL07-9746,5,41362,41475
10563,41476-38046,1S-MH-MU-ZET-CL07-9746,1S-MH-MU-ZET-CL07-9593,6,41476,38046
10563,42585-32300,1S-MH-MU-ZET-CL07-9593,1S-MH-MU-ZET-CL07-9279,7,42585,32300
10563,7841-12443,1S-MH-MU-ZET-CL07-9279,1S-MH-MU-ZET-CL07-8420,8,7841,12443
10563,12441-12082,1S-MH-MU-ZET-CL07-8420,1S-MH-MU-ZET-CL07-8425,9,12441,12082
10563,38047-42584,1S-MH-MU-ZET-CL07-9593,1S-MH-MU-ZET-CL07-9279,6.1,38047,42584
10563,7841-12443,1S-MH-MU-ZET-CL07-9279,1S-MH-MU-ZET-CL07-8420,6.2,7841,12443
10563,12441-12082,1S-MH-MU-ZET-CL07-8420,1S-MH-MU-ZET-CL07-8425,6.3,12441,12082
10563,41477-DT,1S-MH-MU-ZET-CL07-9746,NAN,5.1,41477,DT
10563,41364-DT,1S-MH-MU-ZET-CL07-9725,NAN,4.1,41364,DT
10563,10555-11369,1S-MH-MU-ZET-CL07-8841,1S-MH-MU-ZET-CL07-8843,1.1,10555,11369
10566,10566-15422,1S-MH-MU-ZET-RSTN-TAGO,1S-MH-MU-ZET-CL07-8345,1,10566,15422
10566,15420-32377,1S-MH-MU-ZET-CL07-8345,1S-MH-MU-ZET-CL07-8344,2,15420,32377
10566,4883-39653,1S-MH-MU-ZET-CL07-8344,1S-MH-MU-ZET-CL07-9516,3,4883,39653
10566,39652-42544,1S-MH-MU-ZET-CL07-9516,1S-MH-MU-ZET-CL07-9800,4,39652,42544
10566,42543-13081,1S-MH-MU-ZET-CL07-9800,1S-MH-MU-ZET-CL07-8840,5,42543,13081
10566,4882-40177,1S-MH-MU-ZET-CL07-8344,1S-MH-MU-ZET-CL07-8339,2.1,4882,40177
10570,10570-29028,1S-MH-MU-ZET-RSTN-TAGO,1S-MH-MU-ZET-CL07-9114,1,10570,29028
10570,29029-42860,1S-MH-MU-ZET-CL07-9114,1S-MH-MU-ZET-CL07-9854,2,29029,42860
10570,42859-31594,1S-MH-MU-ZET-CL07-9854,1S-MH-MU-ZET-CL07-8419,3,42859,31594
10570,5021-8552,1S-MH-MU-ZET-CL07-8419,1S-MH-MU-ZET-CL07-8423,4,5021,8552
10570,8552-40042,1S-MH-MU-ZET-CL07-8423,1S-MH-MU-ZET-CL07-9742,5,8552,40042
10570,40043-40558,1S-MH-MU-ZET-CL07-9742,1S-MH-MU-ZET-CL07-9647,6,40043,40558
10570,40556-10395,1S-MH-MU-ZET-CL07-9647,1S-MH-MU-ZET-CL07-8422,7,40556,10395
10570,5020-37464,1S-MH-MU-ZET-CL07-8419,1S-MH-MU-ZET-CL07-9564,3.1,5020,37464
10570,37463-6805,1S-MH-MU-ZET-CL07-9564,1S-MH-MU-ZET-CL07-8421,3.2,37463,6805
10570,6807-12083,1S-MH-MU-ZET-CL07-8421,1S-MH-MU-ZET-CL07-8425,3.3,6807,12083
26414,26414-41809,1S-MH-MU-ZET-RSTN-TAGO,1S-MH-MU-ZET-CL07-8428,1,26414,41809
26414,41810-41918,1S-MH-MU-ZET-CL07-8428,1S-MH-MU-ZET-CL07-8426,2,41810,41918
26414,5041-26202,1S-MH-MU-ZET-CL07-8426,1S-MH-MU-ZET-CL07-8313,3,5041,26202
26414,26203-10601,1S-MH-MU-ZET-CL07-8313,1S-MH-MU-ZET-CL07-8427,4,26203,10601
26414,5042-5991,1S-MH-MU-ZET-CL07-8426,1S-MH-MU-ZET-CL07-9279,2.1,5042,5991
26414,41811-12442,1S-MH-MU-ZET-CL07-8428,1S-MH-MU-ZET-CL07-8420,1.1,41811,12442
26416,26416-2525,1S-MH-MU-ZET-RSTN-TAGO,1S-MH-MU-ZET-CL05-8073,1,26416,2525
26416,2522-42216,1S-MH-MU-ZET-CL05-8073,1S-MH-MU-ZET-CL05-8642,2,2522,42216
26416,10015-10439,1S-MH-MU-ZET-CL05-8642,1S-MH-MU-ZET-CL05-8830,3,10015,10439
26416,12432-12433,1S-MH-MU-ZET-CL05-8830,1S-MH-MU-ZET-CL05-8832,4,12432,12433
26416,12432-DT,1S-MH-MU-ZET-CL05-8830,DT,3.1,12432,DT
26416,10016-19962,1S-MH-MU-ZET-CL05-8642,1S-MH-MU-ZET-CL05-8831,2.1,10016,19962
26416,5185-HTCONSUMER,1S-MH-MU-ZET-CL05-8073,NAN,1.1,5185,HTCONSUMER
26418,26418-10562,1S-MH-MU-ZET-RSTN-TAGO,1S-MH-MU-ZET-RSTN-TAGO,1,26418,10562
26418,10562-10871,1S-MH-MU-ZET-RSTN-TAGO,1S-MH-MU-ZET-CL07-8346,2,10562,10871
26418,10873-31622,1S-MH-MU-ZET-CL07-8346,1S-MH-MU-ZET-CL07-9243,3,10873,31622
26418,31623-42610,1S-MH-MU-ZET-CL07-9243,1S-MH-MU-ZET-CL07-8347,4,31623,42610
26418,42609-10430,1S-MH-MU-ZET-CL07-8347,1S-MH-MU-ZET-CL07-8842,5,42609,10430
26419,26419-11368,1S-MH-MU-ZET-RSTN-TAGO,1S-MH-MU-ZET-CL07-8843,1,26419,11368
26419,41265-10394,1S-MH-MU-ZET-CL07-8843,1S-MH-MU-ZET-CL07-8422,2,41265,10394
30876,30876-34821,1S-MH-MU-ZCT-RSTN-TIME,1S-MH-MU-ZCT-CL10-4752,1,30876,34821
30876,34819-14471,1S-MH-MU-ZCT-CL10-4752,1S-MH-MU-ZCT-CL10-4753,2,34819,14471
30876,14467-11911,1S-MH-MU-ZCT-CL10-4753,1S-MH-MU-ZCT-RSTN-POIS,3,14467,11911
30876,14468-HTCONSUMER,1S-MH-MU-ZCT-CL10-4753,NAN,2.1,14468,HTCONSUMER
30876,14470-HTCONSUMER,1S-MH-MU-ZCT-CL10-4753,NAN,2.2,14470,HTCONSUMER
30876,34820-HTCONSUMER,1S-MH-MU-ZCT-CL10-4752,NAN,1.1,34820,HTCONSUMER
30877,30877-42745,1S-MH-MU-ZCT-RSTN-TIME,1S-MH-MU-ZCT-CL10-5756,1,30877,42745
30877,42746-41644,1S-MH-MU-ZCT-CL10-5756,1S-MH-MU-ZCT-CL09-4405,2,42746,41644
30877,41647-9349,1S-MH-MU-ZCT-CL09-4405,1S-MH-MU-ZCT-CL10-4420,3,41647,9349
30877,9347-12036,1S-MH-MU-ZCT-CL10-4420,1S-MH-MU-ZCT-CL10-4421,4,9347,12036
30877,12038-37824,1S-MH-MU-ZCT-CL10-4421,1S-MH-MU-ZCT-CL10-5484,5,12038,37824
30877,41643-38252,1S-MH-MU-ZCT-CL09-4405,1S-MH-MU-ZCT-CL10-5586,2.1,41643,38252
30877,42747-HTCONSUMER,1S-MH-MU-ZCT-CL10-5756,NAN,1.1,42747,HTCONSUMER
30879,30879-13704,1S-MH-MU-ZCT-RSTN-TIME,1S-MH-MU-ZCT-CL10-4100,1,30879,13704
30879,34113-40039,1S-MH-MU-ZCT-CL10-4100,1S-MH-MU-ZCT-CL09-5706,2,34113,40039
30879,40041-29532,1S-MH-MU-ZCT-CL09-5706,1S-MH-MU-ZCT-CL09-5068,3,40041,29532
30879,29530-4333,1S-MH-MU-ZCT-CL09-5068,1S-MH-MU-ZCT-CL10-4097,4,29530,4333
30879,4332-26153,1S-MH-MU-ZCT-CL10-4097,1S-MH-MU-ZCT-CL07-4955,5,4332,26153
30879,26151-13880,1S-MH-MU-ZCT-CL07-4955,1S-MH-MU-ZCT-CL10-4099,6,26151,13880
30879,4334-12300,1S-MH-MU-ZCT-CL10-4097,1S-MH-MU-ZCT-CL10-4171,4.1,4334,12300
30879,12301-6839,1S-MH-MU-ZCT-CL10-4171,1S-MH-MU-ZCT-CL10-4602,4.2,12301,6839
30879,18933-HTCONSUMER,1S-MH-MU-ZCT-CL10-4097,NAN,4.2,18933,HTCONSUMER
30879,13705-36122,1S-MH-MU-ZCT-CL10-4100,1S-MH-MU-ZCT-CL10-4124,1.1,13705,36122
30881,30881-37928,1S-MH-MU-ZCT-RSTN-TIME,1S-MH-MU-ZCT-CL10-5526,1,30881,37928
30881,37929-12676,1S-MH-MU-ZCT-CL10-5526,1S-MH-MU-ZCT-CL10-4047,2,37929,12676
30881,9021-16789,1S-MH-MU-ZCT-CL10-4047,1S-MH-MU-ZCT-CL10-4645,3,9021,16789
30881,16791-37332,1S-MH-MU-ZCT-CL10-4645,1S-MH-MU-ZCT-CL10-5452,4,16791,37332
30881,37331-15800,1S-MH-MU-ZCT-CL10-5452,1S-MH-MU-ZCT-CL10-4353,5,37331,15800
30881,6918-28129,1S-MH-MU-ZCT-CL10-4353,1S-MH-MU-ZCT-CL10-4538,6,6918,28129
30881,28128-13716,1S-MH-MU-ZCT-CL10-4538,1S-MH-MU-ZCT-CL10-4354,7,28128,13716
30881,13714-13856,1S-MH-MU-ZCT-CL10-4354,1S-MH-MU-ZCT-CL10-4680,8,13714,13856
30881,13857-43149,1S-MH-MU-ZCT-CL10-4680,1S-MH-MU-ZCT-CL10-5784,9,13857,43149
30881,43148-19728,1S-MH-MU-ZCT-CL10-5784,1S-MH-MU-ZCT-CL10-4894,10,43148,19728
30881,19730-13713,1S-MH-MU-ZCT-CL10-4894,1S-MH-MU-ZCT-CL10-4812,11,19730,13713
30881,13711-35551,1S-MH-MU-ZCT-CL10-4812,1S-MH-MU-ZCT-CL10-5282,12,13711,35551
30881,35553-1023,1S-MH-MU-ZCT-CL10-5282,1S-MH-MU-ZCT-CL10-4049,13,35553,1023
30881,2924-HTCONSUMER,1S-MH-MU-ZCT-CL10-4538,NAN,6.1,2924,HTCONSUMER
30882,30882-32890,1S-MH-MU-ZCT-RSTN-TIME,1S-MH-MU-ZCT-CL10-4330,1,30882,32890
30882,10547-14546,1S-MH-MU-ZCT-CL10-4330,1S-MH-MU-ZCT-CL10-4212,2,10547,14546
30882,14548-2635,1S-MH-MU-ZCT-CL10-4212,1S-MH-MU-ZCT-CL10-4519,3,14548,2635
30882,2637-36603,1S-MH-MU-ZCT-CL10-4519,1S-MH-MU-ZCT-CL10-4049,4,2637,36603
30882,36604-39822,1S-MH-MU-ZCT-CL10-4049,1S-MH-MU-ZCT-CL10-5415,5,36604,39822
30882,39823-35791,1S-MH-MU-ZCT-CL10-5415,1S-MH-MU-ZCT-CL10-5210,6,39823,35791
30882,35793-35505,1S-MH-MU-ZCT-CL10-5210,1S-MH-MU-ZCT-CL10-5315,7,35793,35505
30882,40652-35667,1S-MH-MU-ZCT-CL10-5315,1S-MH-MU-ZCT-CL10-5341,8,40652,35667
30882,35665-478,1S-MH-MU-ZCT-CL10-5341,1S-MH-MU-ZCT-CL10-4075,9,35665,478
30882,479-12411,1S-MH-MU-ZCT-CL10-4075,1S-MH-MU-ZCT-CL10-4813,10,479,12411
30882,12412-44212,1S-MH-MU-ZCT-CL10-4813,1S-MH-MU-ZCT-CL10-4530,11,12412,44212
30882,44213-43282,1S-MH-MU-ZCT-CL10-4530,1S-MH-MU-ZCT-CL10-5326,12,44213,43282
30882,43281-16325,1S-MH-MU-ZCT-CL10-5326,1S-MH-MU-ZCT-CL10-4662,13,43281,16325
30882,16323-12548,1S-MH-MU-ZCT-CL10-4662,1S-MH-MU-ZCT-CL10-4076,14,16323,12548
30882,12546-12146,1S-MH-MU-ZCT-CL10-4076,1S-MH-MU-ZCT-CL10-4125,15,12546,12146
30882,17885-19712,1S-MH-MU-ZCT-CL10-4530,1S-MH-MU-ZCT-CL10-4890,11.1,17885,19712
30882,19711-31315,1S-MH-MU-ZCT-CL10-4890,1S-MH-MU-ZCT-CL10-4778,11.2,19711,31315
30882,701-17707,1S-MH-MU-ZCT-CL10-4778,1S-MH-MU-ZCT-CL10-4218,11.3,701,17707
30882,17887-6341,1S-MH-MU-ZCT-CL10-4530,1S-MH-MU-ZCT-CL10-4124,11.2,17887,6341
30882,40650-13858,1S-MH-MU-ZCT-CL10-5315,1S-MH-MU-ZCT-CL10-4680,7.1,40650,13858
30882,36602-6074,1S-MH-MU-ZCT-CL10-4049,1S-MH-MU-ZCT-CL10-4214,4.1,36602,6074
30882,14547-HTCONSUMER,1S-MH-MU-ZCT-CL10-4212,NAN,2.1,14547,HTCONSUMER
30882,10549-14423,1S-MH-MU-ZCT-CL10-4330,1S-MH-MU-ZCT-RSTN-POIS,1.1,10549,14423
30883,30883-CAP BANK,1S-MH-MU-ZCT-RSTN-TIME,1S-MH-MU-ZCT-RSTN-TIME,1,30883,CAP BANK
30885,30885-34825,1S-MH-MU-ZCT-RSTN-TIME,1S-MH-MU-ZCT-CL10-4752,1,30885,34825
30885,34824-HTCONSUMER,1S-MH-MU-ZCT-CL10-4752,NAN,2,34824,HTCONSUMER
30886,30886-26395,1S-MH-MU-ZCT-RSTN-TIME,1S-MH-MU-ZCT-CL08-4967,1,30886,26395
30886,26394-HTCONSUMER,1S-MH-MU-ZCT-CL08-4967,NAN,2,26394,HTCONSUMER
30886,26397-HTCONSUMER,1S-MH-MU-ZCT-CL08-4967,NAN,1.1,26397,HTCONSUMER
30886,26396-14469,1S-MH-MU-ZCT-CL08-4967,1S-MH-MU-ZCT-CL10-4753,1.2,26396,14469
30888,30888-42373,1S-MH-MU-ZCT-RSTN-TIME,1S-MH-MU-ZCT-CL09-5628,1,30888,42373
30888,42374-4837,1S-MH-MU-ZCT-CL09-5628,1S-MH-MU-ZCT-CL09-4403,2,42374,4837
30888,4838-42412,1S-MH-MU-ZCT-CL09-4403,1S-MH-MU-ZCT-CL09-5739,3,4838,42412
30888,42414-10518,1S-MH-MU-ZCT-CL09-5739,1S-MH-MU-ZCT-CL09-4114,4,42414,10518
30888,10519-10522,1S-MH-MU-ZCT-CL09-4114,1S-MH-MU-ZCT-CL09-4067,5,10519,10522
30888,42411-DT,1S-MH-MU-ZCT-CL09-5739,NAN,3.1,42411,DT
30888,43941-10257,1S-MH-MU-ZCT-CL09-4403,1S-MH-MU-ZCT-CL09-4780,2.1,43941,10257
30888,5912-10257,1S-MH-MU-ZCT-CL09-4403,1S-MH-MU-ZCT-CL09-4780,2.2,5912,10257
30888,5912-43942,1S-MH-MU-ZCT-CL09-4403,1S-MH-MU-ZCT-CL09-5321,2.3,5912,43942
30889,30889-40822,1S-MH-MU-ZCT-RSTN-TIME,1S-MH-MU-ZCT-CL10-5722,1,30889,40822
30889,40821-37805,1S-MH-MU-ZCT-CL10-5722,1S-MH-MU-ZCT-CL10-5508,2,40821,37805
30889,37803-42360,1S-MH-MU-ZCT-CL10-5508,1S-MH-MU-ZCT-CL10-5744,3,37803,42360
30889,42361-38514,1S-MH-MU-ZCT-CL10-5744,1S-MH-MU-ZCT-CL10-5611,4,42361,38514
30889,38513-40178,1S-MH-MU-ZCT-CL10-5611,1S-MH-MU-ZCT-CL08-5231,5,38513,40178
30890,30890-6342,1S-MH-MU-ZCT-RSTN-TIME,1S-MH-MU-ZCT-CL10-4124,1,30890,6342
30890,25959-12145,1S-MH-MU-ZCT-CL10-4124,1S-MH-MU-ZCT-CL10-4125,2,25959,12145
30891,30891-9002,1S-MH-MU-ZCT-RSTN-TIME,1S-MH-MU-ZCT-CL10-4098,1,30891,9002
30891,9000-11060,1S-MH-MU-ZCT-CL10-4098,1S-MH-MU-ZCT-CL09-4741,2,9000,11060
30891,11653-38253,1S-MH-MU-ZCT-CL09-4741,1S-MH-MU-ZCT-CL10-5586,3,11653,38253
30892,30892-CAP BANK,1S-MH-MU-ZCT-RSTN-TIME,1S-MH-MU-ZCT-RSTN-TIME,1,30892,CAP BANK
19820,19820-31982,1S-MH-MU-ZET-RSTN-TILA,1S-MH-MU-ZET-RSTN-TILA,1,19820,31982
19820,31982-30981,1S-MH-MU-ZET-RSTN-TILA,1S-MH-MU-ZET-CL09-9212,2,31982,30981
19820,30983-35819,1S-MH-MU-ZET-CL09-9212,1S-MH-MU-ZET-CL08-9400,3,30983,35819
19820,35820-28563,1S-MH-MU-ZET-CL08-9400,1S-MH-MU-ZET-CL09-9091,4,35820,28563
19820,28561-15017,1S-MH-MU-ZET-CL09-9091,1S-MH-MU-ZET-CL09-8865,5,28561,15017
19821,19821-32276,1S-MH-MU-ZET-RSTN-TILA,1S-MH-MU-ZET-CL08-9280,1,19821,32276
19821,32278-37037,1S-MH-MU-ZET-CL08-9280,1S-MH-MU-ZET-CL08-9494,2,32278,37037
19821,37036-11085,1S-MH-MU-ZET-CL08-9494,1S-MH-MU-ZET-CL08-8494,3,37036,11085
19821,42971-11686,1S-MH-MU-ZET-CL08-8494,1S-MH-MU-ZET-CL08-8693,4,42971,11686
19821,11685-36924,1S-MH-MU-ZET-CL08-8693,1S-MH-MU-ZET-CL08-9582,5,11685,36924
19821,36923-4776,1S-MH-MU-ZET-CL08-9582,1S-MH-MU-ZET-CL08-8793,6,36923,4776
19821,7808-29839,1S-MH-MU-ZET-CL08-8793,1S-MH-MU-ZET-CL08-9155,7,7808,29839
19821,29841-42932,1S-MH-MU-ZET-CL08-9155,1S-MH-MU-ZET-CL09-9666,8,29841,42932
19821,4776-4914,1S-MH-MU-ZET-CL08-8793,1S-MH-MU-ZET-CL09-8165,6.1,4776,4914
19822,19822-16193,1S-MH-MU-ZET-RSTN-TILA,1S-MH-MU-ZET-CL09-8295,1,19822,16193
19822,16195-7063,1S-MH-MU-ZET-CL09-8295,1S-MH-MU-ZET-CL06-8183,2,16195,7063
19822,7064-37139,1S-MH-MU-ZET-CL06-8183,1S-MH-MU-ZET-CL06-9616,3,7064,37139
19822,37140-28835,1S-MH-MU-ZET-CL06-9616,1S-MH-MU-ZET-CL06-9104,4,37140,28835
19822,28836-31402,1S-MH-MU-ZET-CL06-9104,1S-MH-MU-ZET-CL06-8184,5,28836,31402
19822,31403-38265,1S-MH-MU-ZET-CL06-8184,1S-MH-MU-ZET-CL09-9331,6,31403,38265
19822,38264-35279,1S-MH-MU-ZET-CL09-9331,1S-MH-MU-ZET-CL06-9386,7,38264,35279
19822,35278-19659,1S-MH-MU-ZET-CL06-9386,1S-MH-MU-ZET-CL09-8981,8,35278,19659
19822,19657-15403,1S-MH-MU-ZET-CL09-8981,1S-MH-MU-ZET-CL09-8584,9,19657,15403
19822,15401-12331,1S-MH-MU-ZET-CL09-8584,1S-MH-MU-ZET-CL09-8486,10,15401,12331
19822,12333-37123,1S-MH-MU-ZET-CL09-8486,1S-MH-MU-ZET-CL09-9624,11,12333,37123
19822,7065-11290,1S-MH-MU-ZET-CL06-8183,1S-MH-MU-ZET-CL06-8690,2.1,7065,11290
19822,11291-10889,1S-MH-MU-ZET-CL06-8690,1S-MH-MU-ZET-CL06-8185,2.2,11291,10889
19822,10887-5164,1S-MH-MU-ZET-CL06-8185,1S-MH-MU-ZET-CL06-8689,2.3,10887,5164
19822,5167-28914,1S-MH-MU-ZET-CL06-8689,1S-MH-MU-ZET-CL06-9107,2.4,5167,28914
19822,28915-34201,1S-MH-MU-ZET-CL06-9107,1S-MH-MU-ZET-CL06-9342,2.5,28915,34201
19822,34203-892,1S-MH-MU-ZET-CL06-9342,1S-MH-MU-ZET-CL06-8688,2.6,34203,892
19822,16194-HTCONSUMER,1S-MH-MU-ZET-CL09-8295,NAN,1.1,16194,HTCONSUMER
19823,19823-34443,1S-MH-MU-ZET-RSTN-TILA,1S-MH-MU-ZET-CL09-9359,1,19823,34443
19823,34445-7641,1S-MH-MU-ZET-CL09-9359,1S-MH-MU-ZET-CL09-8017,2,34445,7641
19823,7639-40786,1S-MH-MU-ZET-CL09-8017,1S-MH-MU-ZET-CL06-9761,3,7639,40786
19823,40787-31294,1S-MH-MU-ZET-CL06-9761,1S-MH-MU-ZET-CL06-8297,4,40787,31294
19823,40789-HTCONSUMER,1S-MH-MU-ZET-CL06-9761,NAN,3.1,40789,HTCONSUMER
19825,19825-36873,1S-MH-MU-ZET-RSTN-TILA,1S-MH-MU-ZET-CL09-9595,1,19825,36873
19825,36871-11886,1S-MH-MU-ZET-CL09-9595,1S-MH-MU-ZET-CL09-8365,2,36871,11886
19825,11884-34837,1S-MH-MU-ZET-CL09-8365,1S-MH-MU-ZET-CL09-9389,3,11884,34837
19825,34838-40633,1S-MH-MU-ZET-CL09-9389,1S-MH-MU-ZET-CL09-9728,4,34838,40633
19825,40632-40635,1S-MH-MU-ZET-CL09-9728,1S-MH-MU-ZET-CL09-9747,5,40632,40635
19825,40636-31321,1S-MH-MU-ZET-CL09-9747,1S-MH-MU-ZET-CL09-9230,6,40636,31321
19825,29549-29577,1S-MH-MU-ZET-CL09-8365,1S-MH-MU-ZET-CL09-9140,2.1,29549,29577
19825,29579-39205,1S-MH-MU-ZET-CL09-9140,1S-MH-MU-ZET-CL09-9079,2.2,29579,39205
19825,39206-39214,1S-MH-MU-ZET-CL09-9079,1S-MH-MU-ZET-CL09-9467,2.3,39206,39214
19826,19826-CAP BANK,1S-MH-MU-ZET-RSTN-TILA,1S-MH-MU-ZET-RSTN-TILA,1,19826,CAP BANK
31981,31981-CAP BANK,1S-MH-MU-ZET-RSTN-TILA,1S-MH-MU-ZET-RSTN-TILA,1,31981,CAP BANK
31984,31984-36521,1S-MH-MU-ZET-RSTN-TILA,1S-MH-MU-ZET-CL09-9601,1,31984,36521
31984,36519-28599,1S-MH-MU-ZET-CL09-9601,1S-MH-MU-ZET-CL09-9085,2,36519,28599
31984,28597-37063,1S-MH-MU-ZET-CL09-9085,1S-MH-MU-ZET-CL09-9531,3,28597,37063
31984,37062-43025,1S-MH-MU-ZET-CL09-9531,1S-MH-MU-ZET-CL09-9644,4,37062,43025
31984,42238-38940,1S-MH-MU-ZET-CL09-9644,1S-MH-MU-ZET-CL09-9674,5,42238,38940
31984,38941-41274,1S-MH-MU-ZET-CL09-9674,1S-MH-MU-ZET-CL09-9468,6,38941,41274
31984,41275-35606,1S-MH-MU-ZET-CL09-9468,1S-MH-MU-ZET-CL09-9467,7,41275,35606
31984,35605-30287,1S-MH-MU-ZET-CL09-9467,1S-MH-MU-ZET-CL09-8364,8,35605,30287
31984,30288-37122,1S-MH-MU-ZET-CL09-8364,1S-MH-MU-ZET-CL09-9624,9,30288,37122
31984,42237-27042,1S-MH-MU-ZET-CL09-9644,1S-MH-MU-ZET-CL09-9063,4.1,42237,27042
31984,27040-37897,1S-MH-MU-ZET-CL09-9063,1S-MH-MU-ZET-CL09-9628,4.2,27040,37897
31984,37898-9560,1S-MH-MU-ZET-CL09-9628,1S-MH-MU-ZET-CL09-8363,4.3,37898,9560
31984,9561-37443,1S-MH-MU-ZET-CL09-8363,1S-MH-MU-ZET-CL09-9577,4.4,9561,37443
31987,31987-30329,1S-MH-MU-ZET-RSTN-TILA,1S-MH-MU-ZET-CL09-9178,1,31987,30329
31987,30331-43415,1S-MH-MU-ZET-CL09-9178,1S-MH-MU-ZET-CL09-9577,2,30331,43415
31987,43417-43069,1S-MH-MU-ZET-CL09-9577,1S-MH-MU-ZET-CL09-9016,3,43417,43069
31987,25725-40410,1S-MH-MU-ZET-CL09-9016,1S-MH-MU-ZET-CL09-9567,4,25725,40410
31987,40411-37377,1S-MH-MU-ZET-CL09-9567,1S-MH-MU-ZET-CL09-9527,5,40411,37377
31987,37378-42415,1S-MH-MU-ZET-CL09-9527,1S-MH-MU-ZET-CL09-9659,6,37378,42415
31987,42416-36359,1S-MH-MU-ZET-CL09-9659,1S-MH-MU-ZET-CL09-9578,7,42416,36359
31987,36361-17219,1S-MH-MU-ZET-CL09-9578,1S-MH-MU-ZET-CL09-8089,8,36361,17219
31988,31988-36424,1S-MH-MU-ZET-RSTN-TILA,1S-MH-MU-ZET-CL09-9580,1,31988,36424
31988,36425-38240,1S-MH-MU-ZET-CL09-9580,1S-MH-MU-ZET-CL09-9652,2,36425,38240
31988,38239-40491,1S-MH-MU-ZET-CL09-9652,1S-MH-MU-ZET-CL09-9545,3,38239,40491
31988,40493-40989,1S-MH-MU-ZET-CL09-9545,1S-MH-MU-ZET-CL09-9553,4,40493,40989
31988,40990-13017,1S-MH-MU-ZET-CL09-9553,1S-MH-MU-ZET-CL09-8018,5,40990,13017
31988,43867-36361,1S-MH-MU-ZET-CL09-9545,1S-MH-MU-ZET-CL09-9578,3.1,43867,36361
34369,34369-40997,1S-MH-MU-ZET-RSTN-TILA,1S-MH-MU-ZET-CL08-9764,1,34369,40997
34369,40998-31733,1S-MH-MU-ZET-CL08-9764,1S-MH-MU-ZET-CL08-9254,2,40998,31733
34369,31731-34001,1S-MH-MU-ZET-CL08-9254,1S-MH-MU-ZET-CL08-8156,3,31731,34001
34369,34002-30127,1S-MH-MU-ZET-CL08-8156,1S-MH-MU-ZET-CL08-9165,4,34002,30127
34369,30126-35080,1S-MH-MU-ZET-CL08-9165,1S-MH-MU-ZET-CL08-9818,5,30126,35080
34369,35081-39516,1S-MH-MU-ZET-CL08-9818,1S-MH-MU-ZET-CL08-8750,6,35081,39516
34369,39514-35047,1S-MH-MU-ZET-CL08-8750,1S-MH-MU-ZET-CL08-9405,7,39514,35047
34369,35045-7963,1S-MH-MU-ZET-CL08-9405,1S-MH-MU-ZET-CL08-8082,8,35045,7963
34369,7962-14844,1S-MH-MU-ZET-CL08-8082,1S-MH-MU-ZET-CL11-8437,9,7962,14844
34369,14846-32774,1S-MH-MU-ZET-CL11-8437,1S-MH-MU-ZET-CL08-9305,10,14846,32774
34369,14457-42476,1S-MH-MU-ZET-CL08-8082,1S-MH-MU-ZET-CL08-9792,8.1,14457,42476
34371,34371-35997,1S-MH-MU-ZET-RSTN-TILA,1S-MH-MU-ZET-CL09-9522,1,34371,35997
34371,35995-37893,1S-MH-MU-ZET-CL09-9522,1S-MH-MU-ZET-CL09-9639,2,35995,37893
34371,37894-37447,1S-MH-MU-ZET-CL09-9639,1S-MH-MU-ZET-CL09-9638,3,37894,37447
34371,37445-11079,1S-MH-MU-ZET-CL09-9638,1S-MH-MU-ZET-CL09-8362,4,37445,11079
34371,11077-36421,1S-MH-MU-ZET-CL09-8362,1S-MH-MU-ZET-CL09-9590,5,11077,36421
34371,36422-11161,1S-MH-MU-ZET-CL09-9590,1S-MH-MU-ZET-CL09-8457,6,36422,11161
34371,35996-HTCONSUMER,1S-MH-MU-ZET-CL09-9522,NAN,1.1,35996,HTCONSUMER
34372,34372-STN XMER,1S-MH-MU-ZET-RSTN-TILA,1S-MH-MU-ZET-RSTN-TILA,1,34372,STN XMER
34373,34373-CAP BANK,1S-MH-MU-ZET-RSTN-TILA,1S-MH-MU-ZET-RSTN-TILA,1,34373,CAP BANK
34375,34375-5469,1S-MH-MU-ZET-RSTN-TILA,1S-MH-MU-ZET-CL09-8712,1,34375,5469
34375,5467-16731,1S-MH-MU-ZET-CL09-8712,1S-MH-MU-ZET-CL09-8089,2,5467,16731
34375,16729-38270,1S-MH-MU-ZET-CL09-8089,1S-MH-MU-ZET-CL06-9640,3,16729,38270
34375,38271-2958,1S-MH-MU-ZET-CL06-9640,1S-MH-MU-ZET-CL06-8296,4,38271,2958
34375,2959-31866,1S-MH-MU-ZET-CL06-8296,1S-MH-MU-ZET-CL06-9251,5,2959,31866
34375,31868-38827,1S-MH-MU-ZET-CL06-9251,1S-MH-MU-ZET-CL06-9693,6,31868,38827
34375,38826-19370,1S-MH-MU-ZET-CL06-9693,1S-MH-MU-ZET-CL06-8971,7,38826,19370
34375,19368-40001,1S-MH-MU-ZET-CL06-8971,1S-MH-MU-ZET-CL06-9738,8,19368,40001
34375,40000-41092,1S-MH-MU-ZET-CL06-9738,1S-MH-MU-ZET-CL06-9766,9,40000,41092
34375,41091-39746,1S-MH-MU-ZET-CL06-9766,1S-MH-MU-ZET-CL06-9710,10,41091,39746
34375,19369-25832,1S-MH-MU-ZET-CL06-8971,1S-MH-MU-ZET-CL06-9024,7.1,19369,25832
34375,25833-39286,1S-MH-MU-ZET-CL06-9024,1S-MH-MU-ZET-CL06-9721,7.2,25833,39286
34375,17218-11037,1S-MH-MU-ZET-CL09-8089,1S-MH-MU-ZET-CL06-8809,2.1,17218,11037
34375,11036-30016,1S-MH-MU-ZET-CL06-8809,1S-MH-MU-ZET-CL06-9259,2.2,11036,30016
34375,30015-30012,1S-MH-MU-ZET-CL06-9259,1S-MH-MU-ZET-CL06-9258,2.3,30015,30012
34375,30013-30010,1S-MH-MU-ZET-CL06-9258,1S-MH-MU-ZET-CL06-8013,2.4,30013,30010
34375,30008-10442,1S-MH-MU-ZET-CL06-8013,1S-MH-MU-ZET-CL06-8375,2.5,30008,10442
34375,10441-15416,1S-MH-MU-ZET-CL06-8375,1S-MH-MU-ZET-CL06-8716,2.6,10441,15416
34375,15414-10495,1S-MH-MU-ZET-CL06-8716,1S-MH-MU-ZET-CL06-8695,2.7,15414,10495
34375,30009-11480,1S-MH-MU-ZET-CL06-8013,1S-MH-MU-ZET-CL06-8297,2.4.1,30009,11480
34375,30017-HTCONSUMER,1S-MH-MU-ZET-CL06-9259,NAN,2.2.1,30017,HTCONSUMER
34376,34376-7610,1S-MH-MU-ZET-RSTN-TILA,1S-MH-MU-ZET-CL08-8577,1,34376,7610
34376,7611-10812,1S-MH-MU-ZET-CL08-8577,1S-MH-MU-ZET-CL08-8152,2,7611,10812
34376,10811-6660,1S-MH-MU-ZET-CL08-8152,1S-MH-MU-ZET-CL08-8153,3,10811,6660
34376,6659-29335,1S-MH-MU-ZET-CL08-8153,1S-MH-MU-ZET-CL08-9128,4,6659,29335
34376,29336-43993,1S-MH-MU-ZET-CL08-9128,1S-MH-MU-ZET-CL08-9440,5,29336,43993
34376,43992-16027,1S-MH-MU-ZET-CL08-9440,1S-MH-MU-ZET-CL08-8154,6,43992,16027
34376,16028-2721,1S-MH-MU-ZET-CL08-8154,1S-MH-MU-ZET-CL08-8388,7,16028,2721
34376,34376-19824,1S-MH-MU-ZET-RSTN-TILA,1S-MH-MU-ZET-RSTN-TILA,2,34376,19824
34376,34376-7610,1S-MH-MU-ZET-RSTN-TILA,1S-MH-MU-ZET-CL08-8577,3,34376,7610
34376,7611-10812,1S-MH-MU-ZET-CL08-8577,1S-MH-MU-ZET-CL08-8152,4,7611,10812
34376,10811-6660,1S-MH-MU-ZET-CL08-8152,1S-MH-MU-ZET-CL08-8153,5,10811,6660
34376,6659-29335,1S-MH-MU-ZET-CL08-8153,1S-MH-MU-ZET-CL08-9128,6,6659,29335
34376,29336-43993,1S-MH-MU-ZET-CL08-9128,1S-MH-MU-ZET-CL08-9440,7,29336,43993
34376,43992-16027,1S-MH-MU-ZET-CL08-9440,1S-MH-MU-ZET-CL08-8154,8,43992,16027
34376,16028-2721,1S-MH-MU-ZET-CL08-8154,1S-MH-MU-ZET-CL08-8388,9,16028,2721
34377,34377-26682,1S-MH-MU-ZET-RSTN-TILA,1S-MH-MU-ZET-CL09-9051,1,34377,26682
34377,26680-5737,1S-MH-MU-ZET-CL09-9051,1S-MH-MU-ZET-CL09-8361,2,26680,5737
34377,6917-43135,1S-MH-MU-ZET-CL09-8361,1S-MH-MU-ZET-CL09-9822,3,6917,43135
34377,43137-12000,1S-MH-MU-ZET-CL09-9822,1S-MH-MU-ZET-CL09-8485,4,43137,12000
34377,12001-38488,1S-MH-MU-ZET-CL09-8485,1S-MH-MU-ZET-CL09-9684,5,12001,38488
34377,38490-10851,1S-MH-MU-ZET-CL09-9684,1S-MH-MU-ZET-CL09-8846,6,38490,10851
34377,10850-10823,1S-MH-MU-ZET-CL09-8846,1S-MH-MU-ZET-CL09-8455,7,10850,10823
34377,10824-11160,1S-MH-MU-ZET-CL09-8455,1S-MH-MU-ZET-CL09-8457,8,10824,11160
34377,12002-HTCONSUMER,1S-MH-MU-ZET-CL09-8485,NAN,4.1,12002,HTCONSUMER
34377,43136-31319,1S-MH-MU-ZET-CL09-9822,1S-MH-MU-ZET-CL09-9230,3.1,43136,31319
34378,34378-39775,1S-MH-MU-ZET-RSTN-TILA,1S-MH-MU-ZET-CL09-8295,1,34378,39775
34378,39776-40523,1S-MH-MU-ZET-CL09-8295,1S-MH-MU-ZET-CL06-9745,2,39776,40523
34378,40524-32381,1S-MH-MU-ZET-CL06-9745,1S-MH-MU-ZET-CL06-9281,3,40524,32381
34378,32383-2855,1S-MH-MU-ZET-CL06-9281,1S-MH-MU-ZET-CL06-8300,4,32383,2855
34378,2853-26579,1S-MH-MU-ZET-CL06-8300,1S-MH-MU-ZET-CL06-9049,5,2853,26579
34378,26580-7495,1S-MH-MU-ZET-CL06-9049,1S-MH-MU-ZET-CL06-8267,6,26580,7495
34378,7497-10272,1S-MH-MU-ZET-CL06-8267,1S-MH-MU-ZET-CL06-8268,7,7497,10272
34378,26578-18571,1S-MH-MU-ZET-CL06-9049,1S-MH-MU-ZET-CL06-8269,5.1,26578,18571
34378,40525-40788,1S-MH-MU-ZET-CL06-9745,1S-MH-MU-ZET-CL06-9761,2.1,40525,40788
34378,39777-41280,1S-MH-MU-ZET-CL09-8295,1S-MH-MU-ZET-CL09-9620,1.1,39777,41280
34378,41281-37935,1S-MH-MU-ZET-CL09-9620,1S-MH-MU-ZET-CL09-9464,1.2,41281,37935
34378,37934-7053,1S-MH-MU-ZET-CL09-9464,1S-MH-MU-ZET-CL09-8637,1.3,37934,7053
34378,7051-37615,1S-MH-MU-ZET-CL09-8637,1S-MH-MU-ZET-CL09-9619,1.4,7051,37615
34378,37614-38483,1S-MH-MU-ZET-CL09-9619,1S-MH-MU-ZET-CL09-9664,1.5,37614,38483
34378,39778-HTCONSUMER,1S-MH-MU-ZET-CL09-8295,NAN,1.2,39778,HTCONSUMER
34382,34382-CAP BANK,1S-MH-MU-ZET-RSTN-TILA,1S-MH-MU-ZET-RSTN-TILA,1,34382,CAP BANK
41741,41741-14088,1S-MH-MU-ZNT-RSTN-VAZI,1S-MH-MU-ZNT-CL07-6544,1,41741,14088
41741,41697-41695,1S-MH-MU-ZNT-CL07-6544,1S-MH-MU-ZNT-CL06-6921,2,41697,41695
41741,35674-40664,1S-MH-MU-ZNT-CL06-6921,1S-MH-MU-ZNT-CL07-7458,3,35674,40664
41741,40662-42159,1S-MH-MU-ZNT-CL07-7458,1S-MH-MU-ZNT-CL06-7977,4,40662,42159
41741,42160-34586,1S-MH-MU-ZNT-CL06-7977,1S-MH-MU-ZNT-CL07-7401,5,42160,34586
41741,35675-40489,1S-MH-MU-ZNT-CL06-6921,1S-MH-MU-ZNT-CL07-7571,2.1,35675,40489
41741,40488-36021,1S-MH-MU-ZNT-CL07-7571,1S-MH-MU-ZNT-CL07-7400,2.2,40488,36021
41741,14090-14650,1S-MH-MU-ZNT-CL07-6544,1S-MH-MU-ZNT-CL07-6543,1.1,14090,14650
41741,14651-17737,1S-MH-MU-ZNT-CL07-6543,1S-MH-MU-ZNT-CL07-6802,1.2,14651,17737
41741,17739-27028,1S-MH-MU-ZNT-CL07-6802,1S-MH-MU-ZNT-CL07-6958,1.3,17739,27028
41741,27030-12898,1S-MH-MU-ZNT-CL07-6958,1S-MH-MU-ZNT-CL07-6693,1.4,27030,12898
41742,41742-16286,1S-MH-MU-ZNT-RSTN-VAZI,1S-MH-MU-ZNT-CL06-6259,1,41742,16286
41742,16284-39655,1S-MH-MU-ZNT-CL06-6259,1S-MH-MU-ZNT-CL06-7658,2,16284,39655
41742,39657-42403,1S-MH-MU-ZNT-CL06-7658,1S-MH-MU-ZNT-CL07-7705,3,39657,42403
41742,40348-31030,1S-MH-MU-ZNT-CL07-7705,1S-MH-MU-ZNT-CL07-7253,4,40348,31030
41742,31031-25509,1S-MH-MU-ZNT-CL07-7253,1S-MH-MU-ZNT-CL07-6920,5,31031,25509
41742,25511-39500,1S-MH-MU-ZNT-CL07-6920,1S-MH-MU-ZNT-CL07-7380,6,25511,39500
41742,39498-19448,1S-MH-MU-ZNT-CL07-7380,1S-MH-MU-ZNT-CL07-6869,7,39498,19448
41742,19450-16223,1S-MH-MU-ZNT-CL07-6869,1S-MH-MU-ZNT-CL07-6692,8,19450,16223
41742,42754-12514,1S-MH-MU-ZNT-CL07-6869,1S-MH-MU-ZNT-CL07-6688,7.1,42754,12514
41742,40347-34585,1S-MH-MU-ZNT-CL07-7705,1S-MH-MU-ZNT-CL07-7401,3.1,40347,34585
41743,41743-42038,1S-MH-MU-ZNT-RSTN-VAZI,1S-MH-MU-ZNT-CL08-6044,1,41743,42038
41743,2839-31589,1S-MH-MU-ZNT-CL08-6044,1S-MH-MU-ZNT-CL08-7072,2,2839,31589
41743,37734-28985,1S-MH-MU-ZNT-CL08-7072,1S-MH-MU-ZNT-CL08-6995,3,37734,28985
41743,28987-13889,1S-MH-MU-ZNT-CL08-6995,1S-MH-MU-ZNT-CL08-6578,4,28987,13889
41743,13891-35692,1S-MH-MU-ZNT-CL08-6578,1S-MH-MU-ZNT-CL08-6980,5,13891,35692
41743,31588-35663,1S-MH-MU-ZNT-CL08-7072,1S-MH-MU-ZNT-CL07-7422,2.1,31588,35663
41743,2838-35156,1S-MH-MU-ZNT-CL08-6044,1S-MH-MU-ZNT-RSTN-GORA,1.1,2838,35156
41743,41743-42185,1S-MH-MU-ZNT-RSTN-VAZI,1S-MH-MU-ZNT-CL07-6692,2,41743,42185
41743,42186-7846,1S-MH-MU-ZNT-CL07-6692,1S-MH-MU-ZNT-CL07-6639,3,42186,7846
41743,7846-32661,1S-MH-MU-ZNT-CL07-6639,1S-MH-MU-ZNT-CL07-7250,4,7846,32661
41743,32659-16876,1S-MH-MU-ZNT-CL07-7250,1S-MH-MU-ZNT-CL07-6462,5,32659,16876
41743,16874-38132,1S-MH-MU-ZNT-CL07-6462,1S-MH-MU-ZNT-CL07-7540,6,16874,38132
41743,38133-36893,1S-MH-MU-ZNT-CL07-7540,1S-MH-MU-ZNT-CL07-7683,7,38133,36893
41743,7848-6549,1S-MH-MU-ZNT-CL07-6639,1S-MH-MU-ZNT-CL07-6461,3.1,7848,6549
41743,16225-HTCONSUMER,1S-MH-MU-ZNT-CL07-6692,NAN,2.2,16225,HTCONSUMER
41744,41744-41861,1S-MH-MU-ZNT-RSTN-VAZI,1S-MH-MU-ZNT-CL06-6068,1,41744,41861
41744,16281-13810,1S-MH-MU-ZNT-CL06-6068,1S-MH-MU-ZNT-CL06-6437,2,16281,13810
41744,17909-32358,1S-MH-MU-ZNT-CL06-6437,1S-MH-MU-ZNT-CL06-7057,3,17909,32358
41744,32360-32463,1S-MH-MU-ZNT-CL06-7057,1S-MH-MU-ZNT-CL08-6779,4,32360,32463
41744,16283-37640,1S-MH-MU-ZNT-CL06-6068,1S-MH-MU-ZNT-CL08-7463,1.1,16283,37640
41744,37638-16278,1S-MH-MU-ZNT-CL08-7463,1S-MH-MU-ZNT-CL08-6547,1.2,37638,16278
41744,16280-16285,1S-MH-MU-ZNT-CL08-6547,1S-MH-MU-ZNT-CL06-6259,1.3,16280,16285
41744,42382-35741,1S-MH-MU-ZNT-CL06-6068,1S-MH-MU-ZNT-CL07-6999,1.2,42382,35741
41744,28996-28991,1S-MH-MU-ZNT-CL07-6999,1S-MH-MU-ZNT-CL07-6998,1.3,28996,28991
41744,28993-40683,1S-MH-MU-ZNT-CL07-6998,1S-MH-MU-ZNT-CL07-7899,1.4,28993,40683
41744,28995-12894,1S-MH-MU-ZNT-CL07-6999,1S-MH-MU-ZNT-CL07-6545,1.2.1,28995,12894
41745,41745-42045,1S-MH-MU-ZNT-RSTN-VAZI,1S-MH-MU-ZNT-CL08-6848,1,41745,42045
41745,19226-19008,1S-MH-MU-ZNT-CL08-6848,1S-MH-MU-ZNT-CL08-6861,2,19226,19008
41747,41747-STN XMER,1S-MH-MU-ZNT-RSTN-VAZI,1S-MH-MU-ZNT-RSTN-VAZI,1,41747,STN XMER
41748,41748-CAP BANK,1S-MH-MU-ZNT-RSTN-VAZI,1S-MH-MU-ZNT-RSTN-VAZI,1,41748,CAP BANK
41750,41750-43252,1S-MH-MU-ZNT-RSTN-VAZI,1S-MH-MU-ZNT-CL06-8936,1,41750,43252
41751,41751-9286,1S-MH-MU-ZNT-RSTN-VAZI,1S-MH-MU-ZNT-CL06-6180,1,41751,9286
41751,9284-13225,1S-MH-MU-ZNT-CL06-6180,1S-MH-MU-ZNT-CL07-6332,2,9284,13225
41751,13223-19262,1S-MH-MU-ZNT-CL07-6332,1S-MH-MU-ZNT-CL07-6849,3,13223,19262
41751,19260-10352,1S-MH-MU-ZNT-CL07-6849,1S-MH-MU-ZNT-CL06-6240,4,19260,10352
41751,10350-16882,1S-MH-MU-ZNT-CL06-6240,1S-MH-MU-ZNT-CL06-6257,5,10350,16882
41751,9287-36767,1S-MH-MU-ZNT-CL06-6180,1S-MH-MU-ZNT-CL06-7251,1.1,9287,36767
41751,36766-37882,1S-MH-MU-ZNT-CL06-7251,1S-MH-MU-ZNT-CL06-7809,1.2,36766,37882
41751,37881-31422,1S-MH-MU-ZNT-CL06-7809,1S-MH-MU-ZNT-CL06-7239,1.3,37881,31422
41751,9285-17922,1S-MH-MU-ZNT-CL06-6180,1S-MH-MU-ZNT-CL08-6546,1.2,9285,17922
41751,42402-19007,1S-MH-MU-ZNT-CL08-6546,1S-MH-MU-ZNT-CL08-6861,1.3,42402,19007
41752,41752-6998,1S-MH-MU-ZNT-RSTN-VAZI,1S-MH-MU-ZNT-CL08-6795,1,41752,6998
41752,6996-39321,1S-MH-MU-ZNT-CL08-6795,1S-MH-MU-ZNT-CL08-6319,2,6996,39321
41752,39320-36088,1S-MH-MU-ZNT-CL08-6319,1S-MH-MU-ZNT-CL08-7418,3,39320,36088
41752,36086-10047,1S-MH-MU-ZNT-CL08-7418,1S-MH-MU-ZNT-CL08-6781,4,36086,10047
41752,10046-11862,1S-MH-MU-ZNT-CL08-6781,1S-MH-MU-ZNT-CL08-6752,5,10046,11862
41752,11860-31876,1S-MH-MU-ZNT-CL08-6752,1S-MH-MU-ZNT-CL07-7278,6,11860,31876
41752,31874-42467,1S-MH-MU-ZNT-CL07-7278,1S-MH-MU-ZNT-CL07-6370,7,31874,42467
41752,42465-40682,1S-MH-MU-ZNT-CL07-6370,1S-MH-MU-ZNT-CL07-7899,8,42465,40682
41752,11702-6667,1S-MH-MU-ZNT-CL08-6795,1S-MH-MU-ZNT-CL06-6235,1.1,11702,6667
41753,41753-42019,1S-MH-MU-ZNT-RSTN-VAZI,1S-MH-MU-ZNT-CL08-7446,1,41753,42019
41753,36300-31776,1S-MH-MU-ZNT-CL08-7446,1S-MH-MU-ZNT-CL07-7088,2,36300,31776
41753,31778-37264,1S-MH-MU-ZNT-CL07-7088,1S-MH-MU-ZNT-CL07-7688,3,31778,37264
41753,37265-7583,1S-MH-MU-ZNT-CL07-7688,1S-MH-MU-ZNT-CL07-6347,4,37265,7583
41753,6145-10041,1S-MH-MU-ZNT-CL07-6347,1S-MH-MU-ZNT-CL07-6727,5,6145,10041
41753,10043-42241,1S-MH-MU-ZNT-CL07-6727,1S-MH-MU-ZNT-CL07-7582,6,10043,42241
41753,42242-18377,1S-MH-MU-ZNT-CL07-7582,1S-MH-MU-ZNT-CL07-6358,7,42242,18377
41753,35950-32818,1S-MH-MU-ZNT-CL07-6347,1S-MH-MU-ZNT-CL07-7161,4.1,35950,32818
41753,32820-18344,1S-MH-MU-ZNT-CL07-7161,1S-MH-MU-ZNT-CL07-6828,4.2,32820,18344
41753,36299-42434,1S-MH-MU-ZNT-CL08-7446,1S-MH-MU-ZNT-CL07-7422,1.1,36299,42434
41753,35662-17230,1S-MH-MU-ZNT-CL07-7422,1S-MH-MU-ZNT-CL08-6475,1.2,35662,17230
41754,41754-32465,1S-MH-MU-ZNT-RSTN-VAZI,1S-MH-MU-ZNT-CL08-6779,1,41754,32465
41754,32464-7974,1S-MH-MU-ZNT-CL08-6779,1S-MH-MU-ZNT-CL08-6382,2,32464,7974
41754,7972-34845,1S-MH-MU-ZNT-CL08-6382,1S-MH-MU-ZNT-CL07-7433,3,7972,34845
41754,34843-30508,1S-MH-MU-ZNT-CL07-7433,1S-MH-MU-ZNT-CL08-7089,4,34843,30508
41754,30506-42380,1S-MH-MU-ZNT-CL08-7089,1S-MH-MU-ZNT-CL08-6287,5,30506,42380
41754,42379-19322,1S-MH-MU-ZNT-CL08-6287,1S-MH-MU-ZNT-CL08-6189,6,42379,19322
41754,11889-41848,1S-MH-MU-ZNT-CL08-6189,1S-MH-MU-ZNT-CL08-6082,7,11889,41848
41754,10384-6683,1S-MH-MU-ZNT-CL08-6082,1S-MH-MU-ZNT-CL08-6706,8,10384,6683
41754,6685-42911,1S-MH-MU-ZNT-CL08-6706,1S-MH-MU-ZNT-CL08-7246,9,6685,42911
41754,42908-18872,1S-MH-MU-ZNT-CL08-7246,1S-MH-MU-ZNT-CL07-6841,10,42908,18872
41754,18871-2837,1S-MH-MU-ZNT-CL07-6841,1S-MH-MU-ZNT-CL08-6044,11,18871,2837
41754,18873-31875,1S-MH-MU-ZNT-CL07-6841,1S-MH-MU-ZNT-CL07-7278,10.1,18873,31875
41756,41756-35992,1S-MH-MU-ZNT-RSTN-VAZI,1S-MH-MU-ZNT-CL06-7614,1,41756,35992
41756,35994-31243,1S-MH-MU-ZNT-CL06-7614,1S-MH-MU-ZNT-CL07-7069,2,35994,31243
41756,31245-14799,1S-MH-MU-ZNT-CL07-7069,1S-MH-MU-ZNT-CL07-6350,3,31245,14799
41756,14797-36583,1S-MH-MU-ZNT-CL07-6350,1S-MH-MU-ZNT-CL07-7602,4,14797,36583
41756,36585-42624,1S-MH-MU-ZNT-CL07-7602,1S-MH-MU-ZNT-CL07-7997,5,36585,42624
41756,42623-38044,1S-MH-MU-ZNT-CL07-7997,1S-MH-MU-ZNT-CL07-7412,6,42623,38044
41756,38043-17030,1S-MH-MU-ZNT-CL07-7412,1S-MH-MU-ZNT-CL07-6349,7,38043,17030
41756,17028-19154,1S-MH-MU-ZNT-CL07-6349,1S-MH-MU-ZNT-CL08-6840,8,17028,19154
41756,19152-28215,1S-MH-MU-ZNT-CL08-6840,1S-MH-MU-ZNT-CL07-6962,9,19152,28215
41756,14798-19228,1S-MH-MU-ZNT-CL07-6350,1S-MH-MU-ZNT-CL08-6848,3.1,14798,19228
41756,35993-12515,1S-MH-MU-ZNT-CL06-7614,1S-MH-MU-ZNT-CL07-6688,1.1,35993,12515
41756,12516-14649,1S-MH-MU-ZNT-CL07-6688,1S-MH-MU-ZNT-CL07-6543,1.2,12516,14649
41757,41757-CAP BANK,1S-MH-MU-ZNT-RSTN-VAZI,1S-MH-MU-ZNT-RSTN-VAZI,1,41757,CAP BANK
29277,29277-39840,1S-MH-MU-ZET-RSTN-VIHA,1S-MH-MU-ZET-CL14-9740,1,29277,39840
29277,39843-HTCONSUMER,1S-MH-MU-ZET-CL14-9740,NAN,2,39843,HTCONSUMER
29272,29272-41135,1S-MH-MU-ZET-RSTN-VIHA,1S-MH-MU-ZET-CL14-9741,1,29272,41135
29272,41138-39841,1S-MH-MU-ZET-CL14-9741,1S-MH-MU-ZET-CL14-9740,2,41138,39841
29272,41137-39846,1S-MH-MU-ZET-CL14-9741,1S-MH-MU-ZET-CL14-9740,1.1,41137,39846
29272,41149-39849,1S-MH-MU-ZET-CL14-9741,1S-MH-MU-ZET-CL14-9740,1.2,41149,39849
29272,41150-39862,1S-MH-MU-ZET-CL14-9741,1S-MH-MU-ZET-CL14-9740,1.3,41150,39862
29272,41152-39854,1S-MH-MU-ZET-CL14-9741,1S-MH-MU-ZET-CL14-9740,1.4,41152,39854
29273,29273-43590,1S-MH-MU-ZET-RSTN-VIHA,1S-MH-MU-ZET-CL14-9479,1,29273,43590
29273,29273-41547,1S-MH-MU-ZET-RSTN-VIHA,1S-MH-MU-ZET-CL14-9741,2,29273,41547
29273,41548-HTCONSUMER,1S-MH-MU-ZET-CL14-9741,NAN,3,41548,HTCONSUMER
29273,43591-43579,NAN,1S-MH-MU-ZET-CL14-9479,4,43591,43579
29279,29279-39845,1S-MH-MU-ZET-RSTN-VIHA,1S-MH-MU-ZET-CL14-9740,1,29279,39845
29279,39847-HTCONSUMER,1S-MH-MU-ZET-CL14-9740,NAN,2,39847,HTCONSUMER
29281,29281-39868,1S-MH-MU-ZET-RSTN-VIHA,1S-MH-MU-ZET-CL14-9741,1,29281,39868
29281,39871-HTCONSUMER,1S-MH-MU-ZET-CL14-9741,NAN,2,39871,HTCONSUMER
29284,29284-39848,1S-MH-MU-ZET-RSTN-VIHA,1S-MH-MU-ZET-CL14-9740,1,29284,39848
29284,39851-HTCONSUMER,1S-MH-MU-ZET-CL14-9740,NAN,2,39851,HTCONSUMER
29287,29287-41543,1S-MH-MU-ZET-RSTN-VIHA,1S-MH-MU-ZET-CL14-9741,1,29287,41543
29288,29288-39877,1S-MH-MU-ZET-RSTN-VIHA,1S-MH-MU-ZET-CL14-9741,1,29288,39877
29288,39879-HTCONSUMER,1S-MH-MU-ZET-CL14-9741,NAN,2,39879,HTCONSUMER
29289,29289-40853,1S-MH-MU-ZET-RSTN-VIHA,1S-MH-MU-ZET-CL14-9741,1,29289,40853
29289,40856-HTCONSUMER,1S-MH-MU-ZET-CL14-9741,NAN,2,40856,HTCONSUMER
29289,29289-43595,1S-MH-MU-ZET-RSTN-VIHA,1S-MH-MU-ZET-CL14-9741,2,29289,43595
29289,40856-HTCONSUMER,1S-MH-MU-ZET-CL14-9741,NAN,3,40856,HTCONSUMER
6570,6570-38361,1S-MH-MU-ZET-RSTN-VIKH,1S-MH-MU-ZET-CL04-8316,1,6570,38361
6570,6570-18711,1S-MH-MU-ZET-RSTN-VIKH,1S-MH-MU-ZET-CL06-8245,2,6570,18711
6570,18709-42085,1S-MH-MU-ZET-CL06-8245,1S-MH-MU-ZET-CL06-9718,3,18709,42085
6570,42086-28855,1S-MH-MU-ZET-CL06-9718,1S-MH-MU-ZET-CL06-9087,4,42086,28855
6570,28857-5661,1S-MH-MU-ZET-CL06-9087,1S-MH-MU-ZET-CL06-8927,5,28857,5661
6570,5662-1341,1S-MH-MU-ZET-CL06-8927,1S-MH-MU-ZET-CL06-9551,6,5662,1341
6570,1342-HTCONSUMER,1S-MH-MU-ZET-CL06-9551,NAN,7,1342,HTCONSUMER
6571,6571-38001,1S-MH-MU-ZET-RSTN-VIKH,1S-MH-MU-ZET-CL04-9584,1,6571,38001
6571,38000-7264,1S-MH-MU-ZET-CL04-9584,1S-MH-MU-ZET-CL04-8721,2,38000,7264
6571,7261-16041,1S-MH-MU-ZET-CL04-8721,1S-MH-MU-ZET-CL04-8722,3,7261,16041
6571,16039-14508,1S-MH-MU-ZET-CL04-8722,1S-MH-MU-ZET-CL04-8723,4,16039,14508
6571,26157-10703,1S-MH-MU-ZET-CL04-8723,1S-MH-MU-ZET-CL04-8380,5,26157,10703
6571,10702-10454,1S-MH-MU-ZET-CL04-8380,1S-MH-MU-ZET-CL04-8704,6,10702,10454
6571,10452-11171,1S-MH-MU-ZET-CL04-8704,1S-MH-MU-ZET-CL04-8701,7,10452,11171
6573,6573-13108,1S-MH-MU-ZET-RSTN-VIKH,1S-MH-MU-ZET-CL04-8096,1,6573,13108
6573,13106-38845,1S-MH-MU-ZET-CL04-8096,1S-MH-MU-ZET-CL04-9704,2,13106,38845
6573,38846-39588,1S-MH-MU-ZET-CL04-9704,1S-MH-MU-ZET-CL04-9703,3,38846,39588
6573,39587-2341,1S-MH-MU-ZET-CL04-9703,1S-MH-MU-ZET-CL04-8399,4,39587,2341
6573,2343-38793,1S-MH-MU-ZET-CL04-8399,1S-MH-MU-ZET-CL04-9106,5,2343,38793
7817,7817-CAP BANK,1S-MH-MU-ZET-RSTN-VIKH,1S-MH-MU-ZET-RSTN-VIKH,1,7817,CAP BANK
7832,7832-2688,1S-MH-MU-ZET-RSTN-VIKH,1S-MH-MU-ZET-CL04-8001,1,7832,2688
7832,2688-42822,1S-MH-MU-ZET-CL04-8001,1S-MH-MU-ZET-CL04-9794,2,2688,42822
7832,42821-7519,1S-MH-MU-ZET-CL04-9794,1S-MH-MU-ZET-CL04-8509,3,42821,7519
7832,7518-18673,1S-MH-MU-ZET-CL04-8509,1S-MH-MU-ZET-CL04-8351,4,7518,18673
7832,18675-29372,1S-MH-MU-ZET-CL04-8351,1S-MH-MU-ZET-CL04-9132,5,18675,29372
7832,29374-9331,1S-MH-MU-ZET-CL04-9132,1S-MH-MU-ZET-CL04-8517,6,29374,9331
7832,2686-31797,1S-MH-MU-ZET-CL04-8001,1S-MH-MU-ZET-CL04-9250,1.1,2686,31797
7832,31799-13837,1S-MH-MU-ZET-CL04-9250,1S-MH-MU-ZET-CL04-8114,1.2,31799,13837
7834,7834-16501,1S-MH-MU-ZET-RSTN-VIKH,1S-MH-MU-ZET-CL06-8274,1,7834,16501
7834,16502-37150,1S-MH-MU-ZET-CL06-8274,1S-MH-MU-ZET-CL06-9002,2,16502,37150
7834,25470-25911,1S-MH-MU-ZET-CL06-9002,1S-MH-MU-ZET-CL06-8277,3,25470,25911
7834,25912-10940,1S-MH-MU-ZET-CL06-8277,1S-MH-MU-ZET-CL06-8279,4,25912,10940
7834,41678-13652,1S-MH-MU-ZET-CL06-8274,1S-MH-MU-ZET-CL06-8278,1.1,41678,13652
7835,7835-30423,1S-MH-MU-ZET-RSTN-VIKH,1S-MH-MU-ZET-CL04-8025,1,7835,30423
7835,30423-12913,1S-MH-MU-ZET-CL04-8025,1S-MH-MU-ZET-CL04-8711,2,30423,12913
7835,30416-10988,1S-MH-MU-ZET-CL04-8711,1S-MH-MU-ZET-CL04-8023,3,30416,10988
7835,10986-35087,1S-MH-MU-ZET-CL04-8023,1S-MH-MU-ZET-CL04-9410,4,10986,35087
7835,35088-11329,1S-MH-MU-ZET-CL04-9410,1S-MH-MU-ZET-CL04-8703,5,35088,11329
7835,12914-6357,1S-MH-MU-ZET-CL04-8711,1S-MH-MU-ZET-CL04-8798,2.1,12914,6357
7835,18748-11605,1S-MH-MU-ZET-CL04-8025,1S-MH-MU-ZET-CL04-8022,1.1,18748,11605
7835,11606-9963,1S-MH-MU-ZET-CL04-8022,1S-MH-MU-ZET-CL04-8024,1.2,11606,9963
7835,9965-10923,1S-MH-MU-ZET-CL04-8024,1S-MH-MU-ZET-CL05-8624,1.3,9965,10923
7835,11607-13112,1S-MH-MU-ZET-CL04-8022,1S-MH-MU-ZET-CL05-8686,1.1.1,11607,13112
7835,13110-12693,1S-MH-MU-ZET-CL05-8686,1S-MH-MU-ZET-CL05-8745,1.1.2,13110,12693
7835,18750-14509,1S-MH-MU-ZET-CL04-8025,1S-MH-MU-ZET-CL04-8723,1.2,18750,14509
9320,9320-4142,1S-MH-MU-ZET-RSTN-VIKH,1S-MH-MU-ZET-CL04-8400,1,9320,4142
9320,4141-28810,1S-MH-MU-ZET-CL04-8400,1S-MH-MU-ZET-CL04-9106,2,4141,28810
9320,28809-35772,1S-MH-MU-ZET-CL04-9106,1S-MH-MU-ZET-CL07-9478,3,28809,35772
9320,39898-10915,1S-MH-MU-ZET-CL07-9478,1S-MH-MU-ZET-CL06-8503,4,39898,10915
9320,10914-39311,1S-MH-MU-ZET-CL06-8503,1S-MH-MU-ZET-CL07-9726,5,10914,39311
9320,39308-32425,1S-MH-MU-ZET-CL07-9726,1S-MH-MU-ZET-CL07-9286,6,39308,32425
9320,32426-42051,1S-MH-MU-ZET-CL07-9286,1S-MH-MU-ZET-CL06-9744,7,32426,42051
9320,42052-36037,1S-MH-MU-ZET-CL06-9744,1S-MH-MU-ZET-CL06-9534,8,42052,36037
9320,36035-37400,1S-MH-MU-ZET-CL06-9534,1S-MH-MU-ZET-CL06-9574,9,36035,37400
9320,39309-304,1S-MH-MU-ZET-CL07-9726,1S-MH-MU-ZET-CL07-8309,5.1,39309,304
9320,28811-HTCONSUMER,1S-MH-MU-ZET-CL04-9106,NAN,2.1,28811,HTCONSUMER
9320,12545-18239,1S-MH-MU-ZET-CL04-8400,1S-MH-MU-ZET-CL04-8632,1.1,12545,18239
11492,11492-43514,1S-MH-MU-ZET-RSTN-VIKH,1S-MH-MU-ZET-CL06-9862,1,11492,43514
15359,15359-CAP BANK,1S-MH-MU-ZET-RSTN-VIKH,1S-MH-MU-ZET-RSTN-VIKH,1,15359,CAP BANK
15361,15361-32209,1S-MH-MU-ZET-RSTN-VIKH,1S-MH-MU-ZET-CL04-8704,1,15361,32209
15361,14458-14440,1S-MH-MU-ZET-CL04-8704,1S-MH-MU-ZET-CL04-8403,2,14458,14440
15361,14439-15936,1S-MH-MU-ZET-CL04-8403,1S-MH-MU-ZET-CL04-8606,3,14439,15936
15361,15938-13588,1S-MH-MU-ZET-CL04-8606,1S-MH-MU-ZET-CL04-8072,4,15938,13588
15361,13589-10908,1S-MH-MU-ZET-CL04-8072,1S-MH-MU-ZET-CL04-8068,5,13589,10908
15361,9598-13240,1S-MH-MU-ZET-CL04-8068,1S-MH-MU-ZET-CL04-8070,6,9598,13240
15361,16896-17002,1S-MH-MU-ZET-CL04-8070,1S-MH-MU-ZET-CL04-8069,7,16896,17002
15361,17000-40793,1S-MH-MU-ZET-CL04-8069,1S-MH-MU-ZET-CL04-9762,8,17000,40793
15361,40794-14188,1S-MH-MU-ZET-CL04-9762,1S-MH-MU-ZET-CL04-8071,9,40794,14188
15361,10451-HTCONSUMER,1S-MH-MU-ZET-CL04-8704,NAN,1.1,10451,HTCONSUMER
15362,15362-30848,1S-MH-MU-ZET-RSTN-VIKH,1S-MH-MU-ZET-CL04-9213,1,15362,30848
15362,30846-9847,1S-MH-MU-ZET-CL04-9213,1S-MH-MU-ZET-CL04-8260,2,30846,9847
15362,9845-14924,1S-MH-MU-ZET-CL04-8260,1S-MH-MU-ZET-CL04-8305,3,9845,14924
15362,14922-487,1S-MH-MU-ZET-CL04-8305,1S-MH-MU-ZET-CL04-8299,4,14922,487
30653,30653-34158,1S-MH-MU-ZET-RSTN-VIKH,1S-MH-MU-ZET-RSTN-KALP,1,30653,34158
30654,30654-5712,1S-MH-MU-ZET-RSTN-VIKH,1S-MH-MU-ZET-CL04-8280,1,30654,5712
30654,5713-496,1S-MH-MU-ZET-CL04-8280,1S-MH-MU-ZET-CL04-8630,2,5713,496
30654,18236-18238,1S-MH-MU-ZET-CL04-8630,1S-MH-MU-ZET-CL04-8631,3,18236,18238
30654,18237-18240,1S-MH-MU-ZET-CL04-8631,1S-MH-MU-ZET-CL04-8632,4,18237,18240
30656,30656-STN XMER,1S-MH-MU-ZET-RSTN-VIKH,1S-MH-MU-ZET-RSTN-VIKH,1,30656,STN XMER
30659,30659-9634,1S-MH-MU-ZET-RSTN-VIKH,1S-MH-MU-ZET-CL04-8597,1,30659,9634
30659,9632-491,1S-MH-MU-ZET-CL04-8597,1S-MH-MU-ZET-CL04-8299,2,9632,491
30659,489-40548,1S-MH-MU-ZET-CL04-8299,1S-MH-MU-ZET-CL04-9755,3,489,40548
30659,40549-43933,1S-MH-MU-ZET-CL04-9755,1S-MH-MU-ZET-CL04-8432,4,40549,43933
30659,7780-9532,1S-MH-MU-ZET-CL04-8432,1S-MH-MU-ZET-CL04-8286,5,7780,9532
30659,9533-5434,1S-MH-MU-ZET-CL04-8286,1S-MH-MU-ZET-CL04-8292,6,9533,5434
30659,9534-13238,1S-MH-MU-ZET-CL04-8286,1S-MH-MU-ZET-CL03-8739,5.1,9534,13238
30659,40549-36446,1S-MH-MU-ZET-CL04-9755,1S-MH-MU-ZET-CL04-8432,3.1,40549,36446
30659,7780-9532,1S-MH-MU-ZET-CL04-8432,1S-MH-MU-ZET-CL04-8286,3.2,7780,9532
30659,9533-5434,1S-MH-MU-ZET-CL04-8286,1S-MH-MU-ZET-CL04-8292,3.3,9533,5434
30659,9534-13238,1S-MH-MU-ZET-CL04-8286,1S-MH-MU-ZET-CL03-8739,3.2.1,9534,13238
30659,36446-43932,1S-MH-MU-ZET-CL04-9755,1S-MH-MU-ZET-CL04-9524,3.2,36446,43932
30659,40550-HTCONSUMER,1S-MH-MU-ZET-CL04-9755,NAN,3.3,40550,HTCONSUMER
30659,492-13839,1S-MH-MU-ZET-CL04-8299,1S-MH-MU-ZET-CL04-8114,2.1,492,13839
30660,30660-CAP BANK,1S-MH-MU-ZET-RSTN-VIKH,1S-MH-MU-ZET-RSTN-VIKH,1,30660,CAP BANK
30951,30951-483,1S-MH-MU-ZET-RSTN-VIKH,1S-MH-MU-ZET-CL04-8299,1,30951,483
30951,485-5169,1S-MH-MU-ZET-CL04-8299,1S-MH-MU-ZET-CL04-8389,2,485,5169
30951,5170-5539,1S-MH-MU-ZET-CL04-8389,1S-MH-MU-ZET-CL04-8301,3,5170,5539
30951,16950-41106,1S-MH-MU-ZET-CL04-8301,1S-MH-MU-ZET-CL04-9692,4,16950,41106
30951,41105-32971,1S-MH-MU-ZET-CL04-9692,1S-MH-MU-ZET-CL04-9319,5,41105,32971
30951,32969-17073,1S-MH-MU-ZET-CL04-9319,1S-MH-MU-ZET-CL04-8762,6,32969,17073
30951,17075-16939,1S-MH-MU-ZET-CL04-8762,1S-MH-MU-ZET-CL04-8292,7,17075,16939
30951,5435-11721,1S-MH-MU-ZET-CL04-8292,1S-MH-MU-ZET-CL04-8533,8,5435,11721
30951,11720-41881,1S-MH-MU-ZET-CL04-8533,1S-MH-MU-ZET-CL04-9789,9,11720,41881
30951,41882-41884,1S-MH-MU-ZET-CL04-9789,1S-MH-MU-ZET-CL04-9645,10,41882,41884
30951,41885-32388,1S-MH-MU-ZET-CL04-9645,1S-MH-MU-ZET-CL04-8360,11,41885,32388
30951,5537-34282,1S-MH-MU-ZET-CL04-8301,1S-MH-MU-ZET-CL03-9346,3.1,5537,34282
30951,5538-HTCONSUMER,1S-MH-MU-ZET-CL04-8301,NAN,3.2,5538,HTCONSUMER
30951,486-5455,1S-MH-MU-ZET-CL04-8299,1S-MH-MU-ZET-CL04-8516,1.1,486,5455
30952,30952-42460,1S-MH-MU-ZET-RSTN-VIKH,1S-MH-MU-ZET-CL04-9819,1,30952,42460
30952,42459-29269,1S-MH-MU-ZET-CL04-9819,1S-MH-MU-ZET-CL04-8210,2,42459,29269
30952,29270-6092,1S-MH-MU-ZET-CL04-8210,1S-MH-MU-ZET-CL04-8209,3,29270,6092
30956,30956-6740,1S-MH-MU-ZET-RSTN-VIKH,1S-MH-MU-ZET-CL04-8491,1,30956,6740
30956,41008-15548,1S-MH-MU-ZET-CL04-8491,1S-MH-MU-ZET-CL04-8552,2,41008,15548
30956,15546-13089,1S-MH-MU-ZET-CL04-8552,1S-MH-MU-ZET-CL04-8264,3,15546,13089
30956,13087-12273,1S-MH-MU-ZET-CL04-8264,1S-MH-MU-ZET-CL03-8186,4,13087,12273
30956,25053-34212,1S-MH-MU-ZET-CL04-8552,1S-MH-MU-ZET-CL03-8561,2.1,25053,34212
30956,34213-34281,1S-MH-MU-ZET-CL03-8561,1S-MH-MU-ZET-CL03-9346,2.2,34213,34281
30957,30957-39487,1S-MH-MU-ZET-RSTN-VIKH,1S-MH-MU-ZET-CL04-8792,1,30957,39487
30957,39486-10866,1S-MH-MU-ZET-CL04-8792,1S-MH-MU-ZET-CL04-8743,2,39486,10866
30957,10865-44107,1S-MH-MU-ZET-CL04-8743,1S-MH-MU-ZET-CL04-8263,3,10865,44107
30957,14693-6094,1S-MH-MU-ZET-CL04-8263,1S-MH-MU-ZET-CL04-8209,4,14693,6094
30958,30958-CAP BANK,1S-MH-MU-ZET-RSTN-VIKH,1S-MH-MU-ZET-RSTN-VIKH,1,30958,CAP BANK
40264,40264-CAP BANK,1S-MH-MU-ZNT-RSTN-VINA,1S-MH-MU-ZNT-RSTN-VINA,1,40264,CAP BANK
40265,40265-17007,1S-MH-MU-ZNT-RSTN-VINA,1S-MH-MU-ZNT-CL11-6729,1,40265,17007
40265,17009-2711,1S-MH-MU-ZNT-CL11-6729,1S-MH-MU-ZNT-CL11-6341,2,17009,2711
40265,4979-35251,1S-MH-MU-ZNT-CL11-6341,1S-MH-MU-ZNT-CL11-7492,3,4979,35251
40265,37860-13005,1S-MH-MU-ZNT-CL11-7492,1S-MH-MU-ZNT-CL11-6283,4,37860,13005
40265,13003-30557,1S-MH-MU-ZNT-CL11-6283,1S-MH-MU-ZNT-CL11-7123,5,13003,30557
40265,30558-18881,1S-MH-MU-ZNT-CL11-7123,1S-MH-MU-ZNT-CL11-6830,6,30558,18881
40265,18883-10699,1S-MH-MU-ZNT-CL11-6830,1S-MH-MU-ZNT-CL11-6520,7,18883,10699
40265,10698-7740,1S-MH-MU-ZNT-CL11-6520,1S-MH-MU-ZNT-CL11-6342,8,10698,7740
40265,30556-38246,1S-MH-MU-ZNT-CL11-7123,1S-MH-MU-ZNT-CL11-7139,5.1,30556,38246
40265,38245-19106,1S-MH-MU-ZNT-CL11-7139,1S-MH-MU-ZNT-CL11-6838,5.2,38245,19106
40265,35250-37330,1S-MH-MU-ZNT-CL11-7492,1S-MH-MU-ZNT-CL04-7730,3.1,35250,37330
40265,37328-28939,1S-MH-MU-ZNT-CL04-7730,1S-MH-MU-ZNT-CL04-6994,3.2,37328,28939
40265,28938-39906,1S-MH-MU-ZNT-CL04-6994,1S-MH-MU-ZNT-CL11-7857,3.3,28938,39906
40265,39905-42507,1S-MH-MU-ZNT-CL11-7857,1S-MH-MU-ZNT-CL04-7988,3.4,39905,42507
40265,42506-43955,1S-MH-MU-ZNT-CL04-7988,1S-MH-MU-ZNT-CL04-6730,3.5,42506,43955
40265,37858-28450,1S-MH-MU-ZNT-CL11-7492,1S-MH-MU-ZNT-CL11-6978,3.2,37858,28450
40265,28452-11944,1S-MH-MU-ZNT-CL11-6978,1S-MH-MU-ZNT-CL11-6288,3.3,28452,11944
40265,35252-HTCONSUMER,1S-MH-MU-ZNT-CL11-7492,NAN,3.3,35252,HTCONSUMER
40266,40266-29169,1S-MH-MU-ZNT-RSTN-VINA,1S-MH-MU-ZNT-CL10-7008,1,40266,29169
40266,29168-19304,1S-MH-MU-ZNT-CL10-7008,1S-MH-MU-ZNT-CL11-6870,2,29168,19304
40266,28654-17745,1S-MH-MU-ZNT-CL11-6870,1S-MH-MU-ZNT-CL11-6266,3,28654,17745
40266,17743-17404,1S-MH-MU-ZNT-CL11-6266,1S-MH-MU-ZNT-CL11-6658,4,17743,17404
40266,17402-29609,1S-MH-MU-ZNT-CL11-6658,1S-MH-MU-ZNT-CL10-6202,5,17402,29609
40266,17759-16125,1S-MH-MU-ZNT-CL10-6202,1S-MH-MU-ZNT-CL11-6092,6,17759,16125
40266,19302-13073,1S-MH-MU-ZNT-CL11-6870,1S-MH-MU-ZNT-CL10-6204,2.1,19302,13073
40266,13074-35911,1S-MH-MU-ZNT-CL10-6204,1S-MH-MU-ZNT-CL11-7058,2.2,13074,35911
40266,35913-17062,1S-MH-MU-ZNT-CL11-7058,1S-MH-MU-ZNT-CL11-6333,2.3,35913,17062
40266,29170-17333,1S-MH-MU-ZNT-CL10-7008,1S-MH-MU-ZNT-CL11-6048,1.1,29170,17333
40268,40268-37218,1S-MH-MU-ZNT-RSTN-VINA,1S-MH-MU-ZNT-CL10-7544,1,40268,37218
40268,37217-36944,1S-MH-MU-ZNT-CL10-7544,1S-MH-MU-ZNT-CL10-7447,2,37217,36944
40268,36942-32030,1S-MH-MU-ZNT-CL10-7447,1S-MH-MU-ZNT-CL11-7218,3,36942,32030
40268,32028-25150,1S-MH-MU-ZNT-CL11-7218,1S-MH-MU-ZNT-CL11-6887,4,32028,25150
40268,32822-14110,1S-MH-MU-ZNT-CL11-6887,1S-MH-MU-ZNT-CL11-6519,5,32822,14110
40268,14111-18600,1S-MH-MU-ZNT-CL11-6519,1S-MH-MU-ZNT-CL11-6637,6,14111,18600
40268,18598-18454,1S-MH-MU-ZNT-CL11-6637,1S-MH-MU-ZNT-CL02-6109,7,18598,18454
40269,40269-STN XMER,1S-MH-MU-ZNT-RSTN-VINA,1S-MH-MU-ZNT-RSTN-VINA,1,40269,STN XMER
40270,40270-39730,1S-MH-MU-ZNT-RSTN-VINA,1S-MH-MU-ZNT-CL10-7605,1,40270,39730
40270,39731-18203,1S-MH-MU-ZNT-CL10-7605,1S-MH-MU-ZNT-CL10-6113,2,39731,18203
40270,18201-17598,1S-MH-MU-ZNT-CL10-6113,1S-MH-MU-ZNT-CL10-6604,3,18201,17598
40270,17600-17397,1S-MH-MU-ZNT-CL10-6604,1S-MH-MU-ZNT-CL11-6005,4,17600,17397
40270,17398-37353,1S-MH-MU-ZNT-CL11-6005,1S-MH-MU-ZNT-CL11-7466,5,17398,37353
40270,37355-19289,1S-MH-MU-ZNT-CL11-7466,1S-MH-MU-ZNT-CL11-6853,6,37355,19289
40273,40273-28314,1S-MH-MU-ZNT-RSTN-VINA,1S-MH-MU-ZNT-CL11-6951,1,40273,28314
40273,28313-16906,1S-MH-MU-ZNT-CL11-6951,1S-MH-MU-ZNT-CL11-6386,2,28313,16906
40273,16907-17335,1S-MH-MU-ZNT-CL11-6386,1S-MH-MU-ZNT-CL11-6048,3,16907,17335
40273,17334-28294,1S-MH-MU-ZNT-CL11-6048,1S-MH-MU-ZNT-CL10-6966,4,17334,28294
40273,28296-16093,1S-MH-MU-ZNT-CL10-6966,1S-MH-MU-ZNT-CL10-6269,5,28296,16093
40273,16094-16995,1S-MH-MU-ZNT-CL10-6269,1S-MH-MU-ZNT-CL10-6474,6,16094,16995
40273,16994-15356,1S-MH-MU-ZNT-CL10-6474,1S-MH-MU-ZNT-CL10-6183,7,16994,15356
40273,42660-25801,1S-MH-MU-ZNT-CL10-6183,1S-MH-MU-ZNT-CL10-6914,8,42660,25801
40273,25803-30530,1S-MH-MU-ZNT-CL10-6914,1S-MH-MU-ZNT-CL10-6913,9,25803,30530
40273,15354-39695,1S-MH-MU-ZNT-CL10-6183,1S-MH-MU-ZNT-CL10-7891,7.1,15354,39695
40273,28312-28713,1S-MH-MU-ZNT-CL11-6951,1S-MH-MU-ZNT-CL11-6095,1.1,28312,28713
40273,28712-29514,1S-MH-MU-ZNT-CL11-6095,1S-MH-MU-ZNT-CL11-7026,1.2,28712,29514
40273,29516-39918,1S-MH-MU-ZNT-CL11-7026,1S-MH-MU-ZNT-CL11-7841,1.3,29516,39918
40273,39919-25861,1S-MH-MU-ZNT-CL11-7841,1S-MH-MU-ZNT-CL10-6911,1.4,39919,25861
40274,40274-32175,1S-MH-MU-ZNT-RSTN-VINA,1S-MH-MU-ZNT-CL11-6621,1,40274,32175
40274,32176-18668,1S-MH-MU-ZNT-CL11-6621,1S-MH-MU-ZNT-CL11-6726,2,32176,18668
40274,18667-13222,1S-MH-MU-ZNT-CL11-6726,1S-MH-MU-ZNT-CL11-6110,3,18667,13222
40274,13220-37493,1S-MH-MU-ZNT-CL11-6110,1S-MH-MU-ZNT-CL11-7542,4,13220,37493
40274,37491-16619,1S-MH-MU-ZNT-CL11-7542,1S-MH-MU-ZNT-CL11-6554,5,37491,16619
40274,17903-16499,1S-MH-MU-ZNT-CL11-6554,1S-MH-MU-ZNT-CL11-6742,6,17903,16499
40274,16497-16494,1S-MH-MU-ZNT-CL11-6742,1S-MH-MU-ZNT-CL11-6735,7,16497,16494
40274,16495-31768,1S-MH-MU-ZNT-CL11-6735,1S-MH-MU-ZNT-CL11-7109,8,16495,31768
40274,31766-36634,1S-MH-MU-ZNT-CL11-7109,1S-MH-MU-ZNT-CL11-7474,9,31766,36634
40274,18666-42200,1S-MH-MU-ZNT-CL11-6726,1S-MH-MU-ZNT-CL11-6415,2.1,18666,42200
40274,42199-25425,1S-MH-MU-ZNT-CL11-6415,1S-MH-MU-ZNT-CL11-6906,2.2,42199,25425
40274,25427-42228,1S-MH-MU-ZNT-CL11-6906,1S-MH-MU-ZNT-CL11-7887,2.3,25427,42228
40274,42227-34065,1S-MH-MU-ZNT-CL11-7887,1S-MH-MU-ZNT-CL03-7354,2.4,42227,34065
40276,40276-32507,1S-MH-MU-ZNT-RSTN-VINA,1S-MH-MU-ZNT-CL10-7370,1,40276,32507
40276,32505-34094,1S-MH-MU-ZNT-CL10-7370,1S-MH-MU-ZNT-CL10-7077,2,32505,34094
40276,34092-36963,1S-MH-MU-ZNT-CL10-7077,1S-MH-MU-ZNT-CL10-7715,3,34092,36963
40276,36965-32082,1S-MH-MU-ZNT-CL10-7715,1S-MH-MU-ZNT-CL10-7076,4,36965,32082
40276,32080-31537,1S-MH-MU-ZNT-CL10-7076,1S-MH-MU-ZNT-CL10-7075,5,32080,31537
40276,31535-30493,1S-MH-MU-ZNT-CL10-7075,1S-MH-MU-ZNT-CL10-7078,6,31535,30493
40276,30492-29131,1S-MH-MU-ZNT-CL10-7078,1S-MH-MU-ZNT-CL10-6400,7,30492,29131
40276,30495-37219,1S-MH-MU-ZNT-CL10-7078,1S-MH-MU-ZNT-CL10-7544,6.1,30495,37219
40277,40277-36173,1S-MH-MU-ZNT-RSTN-VINA,1S-MH-MU-ZNT-CL11-7656,1,40277,36173
40277,36174-42188,1S-MH-MU-ZNT-CL11-7656,1S-MH-MU-ZNT-CL11-6800,2,36174,42188
40277,12484-17126,1S-MH-MU-ZNT-CL11-6800,1S-MH-MU-ZNT-CL10-6498,3,12484,17126
40277,17125-17321,1S-MH-MU-ZNT-CL10-6498,1S-MH-MU-ZNT-CL10-6760,4,17125,17321
40277,17323-26222,1S-MH-MU-ZNT-CL10-6760,1S-MH-MU-ZNT-CL11-6049,5,17323,26222
40277,26221-38178,1S-MH-MU-ZNT-CL11-6049,1S-MH-MU-ZNT-CL11-7322,6,26221,38178
40277,38180-18728,1S-MH-MU-ZNT-CL11-7322,1S-MH-MU-ZNT-CL11-6429,7,38180,18728
40277,18730-32821,1S-MH-MU-ZNT-CL11-6429,1S-MH-MU-ZNT-CL11-6887,8,18730,32821
40277,17128-18119,1S-MH-MU-ZNT-CL10-6498,1S-MH-MU-ZNT-CL10-6683,3.1,17128,18119
40277,12483-17433,1S-MH-MU-ZNT-CL11-6800,1S-MH-MU-ZNT-CL10-6723,2.1,12483,17433
40277,17434-42869,1S-MH-MU-ZNT-CL10-6723,1S-MH-MU-ZNT-CL10-8164,2.2,17434,42869
40277,42871-HTCONSUMER,1S-MH-MU-ZNT-CL10-8164,NAN,2.3,42871,HTCONSUMER
40277,42870-25798,1S-MH-MU-ZNT-CL10-8164,1S-MH-MU-ZNT-CL10-6913,2.2.1,42870,25798
40277,30634-35041,1S-MH-MU-ZNT-CL10-6723,1S-MH-MU-ZNT-RSTN-SHAN,2.1.1,30634,35041
40280,40280-CAP BANK,1S-MH-MU-ZNT-RSTN-VINA,1S-MH-MU-ZNT-RSTN-VINA,1,40280,CAP BANK
11419,11419-HTCONSUMER,1S-MH-MU-ZST-RSTN-VILE,NAN,1,11419,HTCONSUMER
11420,11420-HTCONSUMER,1S-MH-MU-ZST-RSTN-VILE,NAN,1,11420,HTCONSUMER
11423,11423-2730,1S-MH-MU-ZST-RSTN-VILE,1S-MH-MU-ZST-CL08-0122,1,11423,2730
11423,12133-30430,1S-MH-MU-ZST-CL08-0122,1S-MH-MU-ZST-CL08-0781,2,12133,30430
11423,30428-4348,1S-MH-MU-ZST-CL08-0781,1S-MH-MU-ZST-CL08-0190,3,30428,4348
11423,4348-36051,1S-MH-MU-ZST-CL08-0190,1S-MH-MU-ZST-CL08-1018,4,4348,36051
11423,36053-16370,1S-MH-MU-ZST-CL08-1018,1S-MH-MU-ZST-CL08-0404,5,36053,16370
11423,19486-34877,1S-MH-MU-ZST-CL08-0404,1S-MH-MU-ZST-CL08-0922,6,19486,34877
11423,16368-16386,1S-MH-MU-ZST-CL08-0404,1S-MH-MU-ZST-CL08-0499,5.1,16368,16386
11423,2732-39809,1S-MH-MU-ZST-CL08-0122,1S-MH-MU-ZST-CL08-0570,1.1,2732,39809
11423,15226-38492,1S-MH-MU-ZST-CL08-0570,1S-MH-MU-ZST-CL08-1192,1.2,15226,38492
11423,38491-44007,1S-MH-MU-ZST-CL08-1192,1S-MH-MU-ZST-CL08-1055,1.3,38491,44007
11423,44008-14987,1S-MH-MU-ZST-CL08-1055,1S-MH-MU-ZST-CL08-0325,1.4,44008,14987
11423,14988-5944,1S-MH-MU-ZST-CL08-0325,1S-MH-MU-ZST-CL08-0566,1.5,14988,5944
11425,11425-40210,1S-MH-MU-ZST-RSTN-VILE,1S-MH-MU-ZST-CL08-1303,1,11425,40210
11425,40209-35750,1S-MH-MU-ZST-CL08-1303,1S-MH-MU-ZST-CL08-0654,2,40209,35750
11425,25579-4038,1S-MH-MU-ZST-CL08-0654,1S-MH-MU-ZST-CL08-0182,3,25579,4038
11425,4036-26755,1S-MH-MU-ZST-CL08-0182,1S-MH-MU-ZST-CL08-0692,4,4036,26755
11425,26753-40985,1S-MH-MU-ZST-CL08-0692,1S-MH-MU-ZST-CL08-0573,5,26753,40985
11425,40986-40358,1S-MH-MU-ZST-CL08-0573,1S-MH-MU-ZST-CL08-1069,6,40986,40358
11425,40359-43030,1S-MH-MU-ZST-CL08-1069,1S-MH-MU-ZST-CL08-0407,7,40359,43030
11425,2501-43669,1S-MH-MU-ZST-CL08-0407,1S-MH-MU-ZST-CL08-1415,8,2501,43669
11425,43668-37421,1S-MH-MU-ZST-CL08-1415,1S-MH-MU-ZST-CL04-1107,9,43668,37421
11425,37420-11134,1S-MH-MU-ZST-CL04-1107,1S-MH-MU-ZST-CL04-0043,10,37420,11134
11425,2501-37421,1S-MH-MU-ZST-CL08-0407,1S-MH-MU-ZST-CL04-1107,7.1,2501,37421
11425,37420-11134,1S-MH-MU-ZST-CL04-1107,1S-MH-MU-ZST-CL04-0043,7.2,37420,11134
11425,883-HTCONSUMER,1S-MH-MU-ZST-CL08-0407,NAN,7.2,883,HTCONSUMER
11425,25581-5496,1S-MH-MU-ZST-CL08-0654,1S-MH-MU-ZST-CL08-0406,2.1,25581,5496
11425,6838-7989,1S-MH-MU-ZST-CL08-0406,1S-MH-MU-ZST-CL08-0405,2.2,6838,7989
11426,11426-CAP BANK,1S-MH-MU-ZST-RSTN-VILE,1S-MH-MU-ZST-RSTN-VILE,1,11426,CAP BANK
11428,11428-HTCONSUMER,1S-MH-MU-ZST-RSTN-VILE,NAN,1,11428,HTCONSUMER
11429,11429-HTCONSUMER,1S-MH-MU-ZST-RSTN-VILE,NAN,1,11429,HTCONSUMER
11431,11431-HTCONSUMER,1S-MH-MU-ZST-RSTN-VILE,NAN,1,11431,HTCONSUMER
11432,11432-42070,1S-MH-MU-ZST-RSTN-VILE,1S-MH-MU-ZST-CL08-1360,1,11432,42070
11432,41785-30708,1S-MH-MU-ZST-CL08-1360,1S-MH-MU-ZST-CL08-0789,2,41785,30708
11433,11433-14719,1S-MH-MU-ZST-RSTN-VILE,1S-MH-MU-ZST-CL08-0420,1,11433,14719
11433,14717-10807,1S-MH-MU-ZST-CL08-0420,1S-MH-MU-ZST-CL08-0123,2,14717,10807
11433,10808-39087,1S-MH-MU-ZST-CL08-0123,1S-MH-MU-ZST-CL08-0561,3,10808,39087
11433,39085-35886,1S-MH-MU-ZST-CL08-0561,1S-MH-MU-ZST-CL08-1046,4,39085,35886
11433,35888-35889,1S-MH-MU-ZST-CL08-1046,1S-MH-MU-ZST-CL08-1045,5,35888,35889
11433,35891-7523,1S-MH-MU-ZST-CL08-1045,1S-MH-MU-ZST-CL08-0197,6,35891,7523
11433,7521-34027,1S-MH-MU-ZST-CL08-0197,1S-MH-MU-ZST-CL08-0875,7,7521,34027
11433,34029-6434,1S-MH-MU-ZST-CL08-0875,1S-MH-MU-ZST-CL08-0568,8,34029,6434
11433,6431-43087,1S-MH-MU-ZST-CL08-0568,1S-MH-MU-ZST-CL08-0135,9,6431,43087
11433,43088-38937,1S-MH-MU-ZST-CL08-0135,1S-MH-MU-ZST-CL08-1006,10,43088,38937
11433,38938-6770,1S-MH-MU-ZST-CL08-1006,1S-MH-MU-ZST-CL08-0562,11,38938,6770
11433,6768-25490,1S-MH-MU-ZST-CL08-0562,1S-MH-MU-ZST-CL08-0649,12,6768,25490
11433,25488-15224,1S-MH-MU-ZST-CL08-0649,1S-MH-MU-ZST-CL08-0570,13,25488,15224
11433,39895-39805,1S-MH-MU-ZST-CL08-0875,1S-MH-MU-ZST-CL08-0532,7.1,39895,39805
11433,14716-HTCONSUMER,1S-MH-MU-ZST-CL08-0420,NAN,1.1,14716,HTCONSUMER
11433,19375-26538,1S-MH-MU-ZST-CL08-0420,1S-MH-MU-ZST-CL08-0571,1.2,19375,26538
11434,11434-43327,1S-MH-MU-ZST-RSTN-VILE,1S-MH-MU-ZST-CL08-0029,1,11434,43327
11434,43328-35710,1S-MH-MU-ZST-CL08-0029,1S-MH-MU-ZST-CL08-0946,2,43328,35710
11434,35708-35906,1S-MH-MU-ZST-CL08-0946,1S-MH-MU-ZST-CL08-0929,3,35708,35906
11434,35707-35699,1S-MH-MU-ZST-CL08-0929,1S-MH-MU-ZST-CL08-0367,4,35707,35699
11434,11026-34892,1S-MH-MU-ZST-CL08-0367,1S-MH-MU-ZST-CL08-0896,5,11026,34892
11434,34894-9739,1S-MH-MU-ZST-CL08-0896,1S-MH-MU-ZST-CL08-0092,6,34894,9739
11434,9736-16482,1S-MH-MU-ZST-CL08-0092,1S-MH-MU-ZST-CL08-0411,7,9736,16482
11434,16484-11707,1S-MH-MU-ZST-CL08-0411,1S-MH-MU-ZST-CL08-0477,8,16484,11707
11434,11709-5574,1S-MH-MU-ZST-CL08-0477,1S-MH-MU-ZST-CL08-0431,9,11709,5574
11434,5575-36993,1S-MH-MU-ZST-CL08-0431,1S-MH-MU-ZST-CL08-1033,10,5575,36993
11434,36995-36992,1S-MH-MU-ZST-CL08-1033,1S-MH-MU-ZST-CL08-0982,11,36995,36992
11434,36990-25373,1S-MH-MU-ZST-CL08-0982,1S-MH-MU-ZST-CL08-0646,12,36990,25373
11434,39226-27001,1S-MH-MU-ZST-CL08-0092,1S-MH-MU-ZST-CL08-0700,6.1,39226,27001
11434,27003-38637,1S-MH-MU-ZST-CL08-0700,1S-MH-MU-ZST-CL08-0981,6.2,27003,38637
11434,38635-41593,1S-MH-MU-ZST-CL08-0981,1S-MH-MU-ZST-CL08-1281,6.3,38635,41593
11434,41591-15567,1S-MH-MU-ZST-CL08-1281,1S-MH-MU-ZST-CL08-0533,6.4,41591,15567
11434,39225-16890,1S-MH-MU-ZST-CL08-0092,1S-MH-MU-ZST-CL08-0082,6.2,39225,16890
11434,9738-35507,1S-MH-MU-ZST-CL08-0092,1S-MH-MU-ZST-CL08-0980,6.3,9738,35507
11434,11028-35400,1S-MH-MU-ZST-CL08-0367,1S-MH-MU-ZST-CL08-1013,4.1,11028,35400
11434,35401-9071,1S-MH-MU-ZST-CL08-1013,1S-MH-MU-ZST-CL08-0354,4.2,35401,9071
11434,9073-2079,1S-MH-MU-ZST-CL08-0354,1S-MH-MU-ZST-CL08-0376,4.3,9073,2079
11434,2077-34079,1S-MH-MU-ZST-CL08-0376,1S-MH-MU-ZST-CL08-0878,4.4,2077,34079
11435,11435-CAP BANK,1S-MH-MU-ZST-RSTN-VILE,1S-MH-MU-ZST-RSTN-VILE,1,11435,CAP BANK
31091,31091-29639,1S-MH-MU-ZST-RSTN-VILE,1S-MH-MU-ZST-CL08-0884,1,31091,29639
31091,29640-34940,1S-MH-MU-ZST-CL08-0884,1S-MH-MU-ZST-CL08-0892,2,29640,34940
31091,34942-26855,1S-MH-MU-ZST-CL08-0892,1S-MH-MU-ZST-CL08-0695,3,34942,26855
31091,26853-36810,1S-MH-MU-ZST-CL08-0695,1S-MH-MU-ZST-CL08-1003,4,26853,36810
31091,36812-1048,1S-MH-MU-ZST-CL08-1003,1S-MH-MU-ZST-CL08-0183,5,36812,1048
31091,1049-31227,1S-MH-MU-ZST-CL08-0183,1S-MH-MU-ZST-CL08-0807,6,1049,31227
31091,31225-9862,1S-MH-MU-ZST-CL08-0807,1S-MH-MU-ZST-CL08-0453,7,31225,9862
31091,9860-31203,1S-MH-MU-ZST-CL08-0453,1S-MH-MU-ZST-CL08-0805,8,9860,31203
31091,31205-42120,1S-MH-MU-ZST-CL08-0805,1S-MH-MU-ZST-CL08-0500,9,31205,42120
31091,31378-4803,1S-MH-MU-ZST-CL08-0500,1S-MH-MU-ZST-CL08-0419,10,31378,4803
31091,4802-35508,1S-MH-MU-ZST-CL08-0419,1S-MH-MU-ZST-CL08-0980,11,4802,35508
31091,31377-30356,1S-MH-MU-ZST-CL08-0500,1S-MH-MU-ZST-CL08-0776,9.1,31377,30356
31091,30355-13050,1S-MH-MU-ZST-CL08-0776,1S-MH-MU-ZST-CL08-0159,9.2,30355,13050
31092,31092-HTCONSUMER,1S-MH-MU-ZST-RSTN-VILE,NAN,1,31092,HTCONSUMER
31094,31094-6097,1S-MH-MU-ZST-RSTN-VILE,1S-MH-MU-ZST-CL08-0345,1,31094,6097
31094,6099-44091,1S-MH-MU-ZST-CL08-0345,1S-MH-MU-ZST-CL08-1302,2,6099,44091
31094,44092-39987,1S-MH-MU-ZST-CL08-1302,1S-MH-MU-ZST-CL08-1041,3,44092,39987
31094,39985-14301,1S-MH-MU-ZST-CL08-1041,1S-MH-MU-ZST-CL08-0406,4,39985,14301
31094,5498-9669,1S-MH-MU-ZST-CL08-0406,1S-MH-MU-ZST-CL08-0517,5,5498,9669
31094,42591-36389,1S-MH-MU-ZST-CL08-0517,1S-MH-MU-ZST-CL08-1075,6,42591,36389
31094,36391-27072,1S-MH-MU-ZST-CL08-1075,1S-MH-MU-ZST-CL08-0560,7,36391,27072
31094,27075-25500,1S-MH-MU-ZST-CL08-0560,1S-MH-MU-ZST-CL08-0650,8,27075,25500
31094,27070-4745,1S-MH-MU-ZST-CL08-0560,1S-MH-MU-ZST-CL08-0488,7.1,27070,4745
31094,27075-7054,1S-MH-MU-ZST-CL08-0560,1S-MH-MU-ZST-CL08-0532,7.2,27075,7054
31094,9667-9045,1S-MH-MU-ZST-CL08-0517,1S-MH-MU-ZST-CL08-0287,5.1,9667,9045
31094,9047-19935,1S-MH-MU-ZST-CL08-0287,1S-MH-MU-ZST-CL08-0628,5.2,9047,19935
31094,17646-HTCONSUMER,1S-MH-MU-ZST-CL08-0406,NAN,4.1,17646,HTCONSUMER
31094,31094-13979,1S-MH-MU-ZST-RSTN-VILE,1S-MH-MU-ZST-CL08-0565,2,31094,13979
31094,13977-11933,1S-MH-MU-ZST-CL08-0565,1S-MH-MU-ZST-CL08-0515,3,13977,11933
31095,31095-34425,1S-MH-MU-ZST-RSTN-VILE,1S-MH-MU-ZST-CL08-0935,1,31095,34425
31095,34424-5504,1S-MH-MU-ZST-CL08-0935,1S-MH-MU-ZST-CL08-0528,2,34424,5504
31095,5502-17979,1S-MH-MU-ZST-CL08-0528,1S-MH-MU-ZST-CL08-0036,3,5502,17979
31095,17981-7993,1S-MH-MU-ZST-CL08-0036,1S-MH-MU-ZST-CL08-0035,4,17981,7993
31095,7995-25969,1S-MH-MU-ZST-CL08-0035,1S-MH-MU-ZST-CL08-0455,5,7995,25969
31095,25970-4350,1S-MH-MU-ZST-CL08-0455,1S-MH-MU-ZST-CL08-0190,6,25970,4350
31095,4551-12023,1S-MH-MU-ZST-CL08-0190,1S-MH-MU-ZST-CL08-0349,7,4551,12023
31095,12021-31356,1S-MH-MU-ZST-CL08-0349,1S-MH-MU-ZST-CL08-0811,8,12021,31356
31095,31358-41115,1S-MH-MU-ZST-CL08-0811,1S-MH-MU-ZST-CL08-1266,9,31358,41115
31095,41116-25771,1S-MH-MU-ZST-CL08-1266,1S-MH-MU-ZST-CL08-0659,10,41116,25771
31095,25769-10541,1S-MH-MU-ZST-CL08-0659,1S-MH-MU-ZST-CL08-0044,11,25769,10541
31095,10543-7745,1S-MH-MU-ZST-CL08-0044,1S-MH-MU-ZST-CL08-0536,12,10543,7745
31095,7743-7056,1S-MH-MU-ZST-CL08-0536,1S-MH-MU-ZST-CL08-0532,13,7743,7056
31095,34423-710,1S-MH-MU-ZST-CL08-0935,1S-MH-MU-ZST-CL08-0561,1.1,34423,710
31095,34426-HTCONSUMER,1S-MH-MU-ZST-CL08-0935,NAN,1.2,34426,HTCONSUMER
31096,31096-CAP BANK,1S-MH-MU-ZST-RSTN-VILE,1S-MH-MU-ZST-RSTN-VILE,1,31096,CAP BANK
19087,19087-10147,1S-MH-MU-ZSC-RSTN-VERS,1S-MH-MU-ZSC-CL06-2752,1,19087,10147
19087,10147-14940,1S-MH-MU-ZSC-CL06-2752,1S-MH-MU-ZSC-CL06-2241,2,10147,14940
19087,14942-34748,1S-MH-MU-ZSC-CL06-2241,1S-MH-MU-ZSC-CL06-3287,3,14942,34748
19087,34750-42036,1S-MH-MU-ZSC-CL06-3287,1S-MH-MU-ZSC-CL06-3503,4,34750,42036
19087,42035-5368,1S-MH-MU-ZSC-CL06-3503,1S-MH-MU-ZSC-CL06-2837,5,42035,5368
19087,5370-2019,1S-MH-MU-ZSC-CL06-2837,1S-MH-MU-ZSC-CL06-2836,6,5370,2019
19087,2018-15326,1S-MH-MU-ZSC-CL06-2836,1S-MH-MU-ZSC-CL06-2821,7,2018,15326
19087,15328-HTCONSUMER,1S-MH-MU-ZSC-CL06-2821,NAN,8,15328,HTCONSUMER
19087,15327-9387,1S-MH-MU-ZSC-CL06-2821,1S-MH-MU-ZSC-CL06-2582,7.1,15327,9387
19088,19088-13351,1S-MH-MU-ZSC-RSTN-VERS,1S-MH-MU-ZSC-CL05-2406,1,19088,13351
19088,13353-26741,1S-MH-MU-ZSC-CL05-2406,1S-MH-MU-ZSC-CL05-2581,2,13353,26741
19088,18761-13243,1S-MH-MU-ZSC-CL05-2581,1S-MH-MU-ZSC-CL05-2182,3,18761,13243
19088,9582-7469,1S-MH-MU-ZSC-CL05-2182,1S-MH-MU-ZSC-CL05-2773,4,9582,7469
19088,7468-7079,1S-MH-MU-ZSC-CL05-2773,1S-MH-MU-ZSC-CL05-2361,5,7468,7079
19090,19090-35354,1S-MH-MU-ZSC-RSTN-VERS,1S-MH-MU-ZSC-CL06-2930,1,19090,35354
19090,35351-15255,1S-MH-MU-ZSC-CL06-2930,1S-MH-MU-ZSC-CL06-2754,2,35351,15255
19090,15254-16709,1S-MH-MU-ZSC-CL06-2754,1S-MH-MU-ZSC-CL06-2096,3,15254,16709
19090,16711-11806,1S-MH-MU-ZSC-CL06-2096,1S-MH-MU-ZSC-CL06-2450,4,16711,11806
19090,11805-31455,1S-MH-MU-ZSC-CL06-2450,1S-MH-MU-ZSC-CL06-3180,5,11805,31455
19090,31457-9830,1S-MH-MU-ZSC-CL06-3180,1S-MH-MU-ZSC-CL06-2851,6,31457,9830
19090,11807-9662,1S-MH-MU-ZSC-CL06-2450,1S-MH-MU-ZSC-CL06-2582,4.1,11807,9662
19090,9389-7387,1S-MH-MU-ZSC-CL06-2582,1S-MH-MU-ZSC-CL06-2578,4.2,9389,7387
19090,41739-14833,1S-MH-MU-ZSC-CL06-2582,1S-MH-MU-ZSC-CL06-2822,4.1.1,41739,14833
19091,19091-CAP BANK,1S-MH-MU-ZSC-RSTN-VERS,1S-MH-MU-ZSC-RSTN-VERS,1,19091,CAP BANK
26204,26204-19664,1S-MH-MU-ZSC-RSTN-VERS,1S-MH-MU-ZSC-CL08-2913,1,26204,19664
26204,19662-19655,1S-MH-MU-ZSC-CL08-2913,1S-MH-MU-ZSC-CL08-2914,2,19662,19655
26204,19654-36405,1S-MH-MU-ZSC-CL08-2914,1S-MH-MU-ZSC-CL09-3398,3,19654,36405
26204,36407-14152,1S-MH-MU-ZSC-CL09-3398,1S-MH-MU-ZSC-CL09-2390,4,36407,14152
26204,19653-39503,1S-MH-MU-ZSC-CL08-2914,1S-MH-MU-ZSC-CL05-3441,2.1,19653,39503
26204,39501-13226,1S-MH-MU-ZSC-CL05-3441,1S-MH-MU-ZCT-CL01-4173,2.2,39501,13226
26205,26205-19816,1S-MH-MU-ZSC-RSTN-VERS,1S-MH-MU-ZSC-CL08-2922,1,26205,19816
26205,19814-17376,1S-MH-MU-ZSC-CL08-2922,1S-MH-MU-ZSC-CL08-2332,2,19814,17376
26205,17377-29768,1S-MH-MU-ZSC-CL08-2332,1S-MH-MU-ZSC-CL08-3102,3,17377,29768
26205,29769-14197,1S-MH-MU-ZSC-CL08-3102,1S-MH-MU-ZSC-CL08-2330,4,29769,14197
26205,14195-13584,1S-MH-MU-ZSC-CL08-2330,1S-MH-MU-ZSC-CL08-2331,5,14195,13584
26205,13586-14549,1S-MH-MU-ZSC-CL08-2331,1S-MH-MU-ZSC-CL08-2329,6,13586,14549
26205,14196-1063,1S-MH-MU-ZSC-CL08-2330,1S-MH-MU-ZSC-CL08-2588,4.1,14196,1063
26205,19815-28210,1S-MH-MU-ZSC-CL08-2922,1S-MH-MU-ZSC-CL08-3027,1.1,19815,28210
26205,28212-19195,1S-MH-MU-ZSC-CL08-3027,1S-MH-MU-ZSC-CL05-2883,1.2,28212,19195
26205,19197-29967,1S-MH-MU-ZSC-CL05-2883,1S-MH-MU-ZSC-CL05-3114,1.3,19197,29967
26205,29969-39726,1S-MH-MU-ZSC-CL05-3114,1S-MH-MU-ZSC-CL05-3376,1.4,29969,39726
26206,26206-28057,1S-MH-MU-ZSC-RSTN-VERS,1S-MH-MU-ZSC-CL05-3022,1,26206,28057
26206,28059-28060,1S-MH-MU-ZSC-CL05-3022,1S-MH-MU-ZSC-CL05-3017,2,28059,28060
26206,28063-28066,1S-MH-MU-ZSC-CL05-3017,1S-MH-MU-ZSC-CL05-3018,3,28063,28066
26206,28064-40948,1S-MH-MU-ZSC-CL05-3018,1S-MH-MU-ZSC-CL05-2503,4,28064,40948
26206,40949-19201,1S-MH-MU-ZSC-CL05-2503,1S-MH-MU-ZSC-CL05-2865,5,40949,19201
26206,26856-11304,1S-MH-MU-ZSC-CL05-2865,1S-MH-MU-ZSC-CL05-2084,6,26856,11304
32556,32556-35358,1S-MH-MU-ZSC-RSTN-VERS,1S-MH-MU-ZSC-CL06-2930,1,32556,35358
32556,35357-9364,1S-MH-MU-ZSC-CL06-2930,1S-MH-MU-ZSC-CL06-2599,2,35357,9364
32556,9365-17594,1S-MH-MU-ZSC-CL06-2599,1S-MH-MU-ZSC-CL06-2113,3,9365,17594
32556,17592-15467,1S-MH-MU-ZSC-CL06-2113,1S-MH-MU-ZSC-CL06-2136,4,17592,15467
32556,15465-10194,1S-MH-MU-ZSC-CL06-2136,1S-MH-MU-ZSC-CL06-2693,5,15465,10194
32556,35355-36197,1S-MH-MU-ZSC-CL06-2930,1S-MH-MU-ZSC-CL06-3288,1.1,35355,36197
32556,35522-16932,1S-MH-MU-ZSC-CL06-3288,1S-MH-MU-ZSC-CL06-2688,1.2,35522,16932
32556,16931-26801,1S-MH-MU-ZSC-CL06-2688,1S-MH-MU-ZSC-CL06-3007,1.3,16931,26801
32556,26803-7388,1S-MH-MU-ZSC-CL06-3007,1S-MH-MU-ZSC-CL06-2578,1.4,26803,7388
32556,35523-32122,1S-MH-MU-ZSC-CL06-3288,1S-MH-MU-ZSC-CL06-3216,1.1.1,35523,32122
32556,35356-36198,1S-MH-MU-ZSC-CL06-2930,1S-MH-MU-ZSC-CL06-2795,1.2,35356,36198
32556,18742-15570,1S-MH-MU-ZSC-CL06-2795,1S-MH-MU-ZSC-CL06-2338,1.3,18742,15570
32556,15569-37426,1S-MH-MU-ZSC-CL06-2338,1S-MH-MU-ZSC-CL06-3461,1.4,15569,37426
32556,37428-7843,1S-MH-MU-ZSC-CL06-3461,1S-MH-MU-ZSC-CL06-2818,1.5,37428,7843
32556,18744-9832,1S-MH-MU-ZSC-CL06-2795,1S-MH-MU-ZSC-CL06-2851,1.2.1,18744,9832
32557,32557-29780,1S-MH-MU-ZSC-RSTN-VERS,1S-MH-MU-ZSC-CL06-3103,1,32557,29780
32557,29782-32263,1S-MH-MU-ZSC-CL06-3103,1S-MH-MU-ZSC-CL06-3174,2,29782,32263
32557,32261-34103,1S-MH-MU-ZSC-CL06-3174,1S-MH-MU-ZSC-CL06-3251,3,32261,34103
32557,34101-6411,1S-MH-MU-ZSC-CL06-3251,1S-MH-MU-ZSC-CL06-2859,4,34101,6411
32557,4713-7764,1S-MH-MU-ZSC-CL06-2859,1S-MH-MU-ZSC-CL06-2819,5,4713,7764
32557,7765-7598,1S-MH-MU-ZSC-CL06-2819,1S-MH-MU-ZSC-CL06-2205,6,7765,7598
32557,7600-9898,1S-MH-MU-ZSC-CL06-2205,1S-MH-MU-ZSC-CL06-2209,7,7600,9898
32557,9896-10263,1S-MH-MU-ZSC-CL06-2209,1S-MH-MU-ZSC-CL06-2726,8,9896,10263
32557,7766-37600,1S-MH-MU-ZSC-CL06-2819,1S-MH-MU-ZSC-CL06-3385,5.1,7766,37600
32557,2625-9139,1S-MH-MU-ZSC-CL06-2859,1S-MH-MU-ZSC-CL06-2700,4.1,2625,9139
32557,2628-11632,1S-MH-MU-ZSC-CL06-2859,1S-MH-MU-ZSC-CL06-2262,4.2,2628,11632
32557,32557-40871,1S-MH-MU-ZSC-RSTN-VERS,1S-MH-MU-ZSC-RSTN-VERS,2,32557,40871
32557,32557-29780,1S-MH-MU-ZSC-RSTN-VERS,1S-MH-MU-ZSC-CL06-3103,3,32557,29780
32557,29782-32263,1S-MH-MU-ZSC-CL06-3103,1S-MH-MU-ZSC-CL06-3174,4,29782,32263
32557,32261-34103,1S-MH-MU-ZSC-CL06-3174,1S-MH-MU-ZSC-CL06-3251,5,32261,34103
32557,34101-6411,1S-MH-MU-ZSC-CL06-3251,1S-MH-MU-ZSC-CL06-2859,6,34101,6411
32557,4713-7764,1S-MH-MU-ZSC-CL06-2859,1S-MH-MU-ZSC-CL06-2819,7,4713,7764
32557,7765-7598,1S-MH-MU-ZSC-CL06-2819,1S-MH-MU-ZSC-CL06-2205,8,7765,7598
32557,7600-9898,1S-MH-MU-ZSC-CL06-2205,1S-MH-MU-ZSC-CL06-2209,9,7600,9898
32557,9896-10263,1S-MH-MU-ZSC-CL06-2209,1S-MH-MU-ZSC-CL06-2726,10,9896,10263
32557,7766-37600,1S-MH-MU-ZSC-CL06-2819,1S-MH-MU-ZSC-CL06-3385,7.1,7766,37600
32557,2625-9139,1S-MH-MU-ZSC-CL06-2859,1S-MH-MU-ZSC-CL06-2700,6.1,2625,9139
32557,2628-11632,1S-MH-MU-ZSC-CL06-2859,1S-MH-MU-ZSC-CL06-2262,6.2,2628,11632
32558,32558-19543,1S-MH-MU-ZSC-RSTN-VERS,1S-MH-MU-ZSC-CL05-2906,1,32558,19543
32558,19541-12580,1S-MH-MU-ZSC-CL05-2906,1S-MH-MU-ZSC-CL05-2664,2,19541,12580
32558,12582-15690,1S-MH-MU-ZSC-CL05-2664,1S-MH-MU-ZSC-CL05-2396,3,12582,15690
32558,15688-7735,1S-MH-MU-ZSC-CL05-2396,1S-MH-MU-ZSC-CL05-2772,4,15688,7735
32558,7738-15295,1S-MH-MU-ZSC-CL05-2772,1S-MH-MU-ZSC-CL05-2398,5,7738,15295
32558,15297-7077,1S-MH-MU-ZSC-CL05-2398,1S-MH-MU-ZSC-CL05-2361,6,15297,7077
32558,7736-7612,1S-MH-MU-ZSC-CL05-2772,1S-MH-MU-ZSC-CL05-2394,4.1,7736,7612
32558,7612-14010,1S-MH-MU-ZSC-CL05-2394,1S-MH-MU-ZSC-CL05-2601,4.2,7612,14010
32561,32561-29156,1S-MH-MU-ZSC-RSTN-VERS,1S-MH-MU-ZSC-CL05-2877,1,32561,29156
32561,18982-12889,1S-MH-MU-ZSC-CL05-2877,1S-MH-MU-ZSC-CL05-2503,2,18982,12889
32561,18984-13253,1S-MH-MU-ZSC-CL05-2877,1S-MH-MU-ZSC-CL05-2518,1.1,18984,13253
32561,18984-12882,1S-MH-MU-ZSC-CL05-2877,1S-MH-MU-ZSC-CL05-2517,1.2,18984,12882
32562,32562-220VER101,1T-MH-MU-VSV,1T-MH-MU-VSV,1,32562,220VER101
32562,220VER101-33020,1T-MH-MU-VSV,1S-MH-MU-ZCT-RSTN-CHNB,2,220VER101,33020
32563,32563-CAP BANK,1S-MH-MU-ZSC-RSTN-VERS,1S-MH-MU-ZSC-RSTN-VERS,1,32563,CAP BANK
40863,40863-STN XMER,1S-MH-MU-ZSC-RSTN-VERS,1S-MH-MU-ZSC-RSTN-VERS,1,40863,STN XMER
40864,40864-38413,1S-MH-MU-ZSC-RSTN-VERS,1S-MH-MU-ZST-CL03-0470,1,40864,38413
40864,2222-40469,1S-MH-MU-ZST-CL03-0470,1S-MH-MU-ZST-CL03-1206,2,2222,40469
40864,40468-43922,1S-MH-MU-ZST-CL03-1206,1S-MH-MU-ZST-CL03-0448,3,40468,43922
40864,43924-26498,1S-MH-MU-ZST-CL03-0448,1S-MH-MU-ZST-CL03-0672,4,43924,26498
40864,26500-7308,1S-MH-MU-ZST-CL03-0672,1S-MH-MU-ZST-CL03-0258,5,26500,7308
40864,43923-19695,1S-MH-MU-ZST-CL03-0448,1S-MH-MU-ZST-CL03-0624,3.1,43923,19695
40864,19693-34871,1S-MH-MU-ZST-CL03-0624,NAN,3.2,19693,34871
40864,2223-28275,1S-MH-MU-ZST-CL03-0470,1S-MH-MU-ZST-RSTN-SARA,1.1,2223,28275
40865,40865-11953,1S-MH-MU-ZSC-RSTN-VERS,1S-MH-MU-ZSC-CL05-2405,1,40865,11953
40865,12560-6865,1S-MH-MU-ZSC-CL05-2405,1S-MH-MU-ZSC-CL05-2080,2,12560,6865
40865,10696-9526,1S-MH-MU-ZSC-CL05-2405,1S-MH-MU-ZSC-CL05-2773,1.1,10696,9526
40866,40866-11098,1S-MH-MU-ZSC-RSTN-VERS,1S-MH-MU-ZSC-CL05-2829,1,40866,11098
40866,11099-12435,1S-MH-MU-ZSC-CL05-2829,1S-MH-MU-ZSC-CL05-2834,2,11099,12435
40866,12437-43363,1S-MH-MU-ZSC-CL05-2834,1S-MH-MU-ZSC-CL05-3645,3,12437,43363
40866,43362-39902,1S-MH-MU-ZSC-CL05-3645,1S-MH-MU-ZSC-CL05-3594,4,43362,39902
40867,40867-18272,1S-MH-MU-ZSC-RSTN-VERS,1S-MH-MU-ZSC-CL05-2669,1,40867,18272
40867,18270-15146,1S-MH-MU-ZSC-CL05-2669,1S-MH-MU-ZSC-CL05-2285,2,18270,15146
40867,15148-15149,1S-MH-MU-ZSC-CL05-2285,1S-MH-MU-ZSC-CL05-2287,3,15148,15149
40867,15151-15341,1S-MH-MU-ZSC-CL05-2287,1S-MH-MU-ZSC-CL05-2286,4,15151,15341
40867,15339-14205,1S-MH-MU-ZSC-CL05-2286,1S-MH-MU-ZSC-CL05-2085,5,15339,14205
40867,14206-11303,1S-MH-MU-ZSC-CL05-2085,1S-MH-MU-ZSC-CL05-2084,6,14206,11303
40867,11302-37564,1S-MH-MU-ZSC-CL05-2084,1S-MH-MU-ZSC-CL05-3389,7,11302,37564
40867,37565-7714,1S-MH-MU-ZSC-CL05-3389,1S-MH-MU-ZSC-CL09-2038,8,37565,7714
40867,16929-41498,1S-MH-MU-ZSC-CL09-2038,1S-MH-MU-ZSC-CL09-3524,9,16929,41498
40867,41497-43944,1S-MH-MU-ZSC-CL09-3524,1S-MH-MU-ZSC-CL09-3464,10,41497,43944
40867,43945-37957,1S-MH-MU-ZSC-CL09-3524,1S-MH-MU-ZSC-CL09-3464,9.1,43945,37957
40867,14203-43757,1S-MH-MU-ZSC-CL05-2085,1S-MH-MU-ZSC-CL05-2504,5.1,14203,43757
40867,43759-43948,1S-MH-MU-ZSC-CL05-2504,1S-MH-MU-ZSC-CL09-3107,5.2,43759,43948
40867,43758-29910,1S-MH-MU-ZSC-CL05-2504,1S-MH-MU-ZSC-CL09-3107,5.1.1,43758,29910
40867,13926-29910,1S-MH-MU-ZSC-CL05-2504,1S-MH-MU-ZSC-CL09-3107,5.1.2,13926,29910
40867,14203-43757,1S-MH-MU-ZSC-CL05-2085,1S-MH-MU-ZSC-CL05-3376,5.2,14203,43757
40867,43759-43948,1S-MH-MU-ZSC-CL05-2085,1S-MH-MU-ZSC-CL05-3376,5.3,43759,43948
40868,40868-CAP BANK,1S-MH-MU-ZSC-RSTN-VERS,1S-MH-MU-ZSC-RSTN-VERS,1,40868,CAP BANK
40870,40870-15385,1S-MH-MU-ZSC-RSTN-VERS,1S-MH-MU-ZSC-CL05-2825,1,40870,15385
40870,15383-32978,1S-MH-MU-ZSC-CL05-2825,1S-MH-MU-ZSC-CL05-3239,2,15383,32978
40870,32979-15381,1S-MH-MU-ZSC-CL05-3239,1S-MH-MU-ZSC-CL05-2823,3,32979,15381
40870,15379-15376,1S-MH-MU-ZSC-CL05-2823,1S-MH-MU-ZSC-CL05-2824,4,15379,15376
40870,15378-12870,1S-MH-MU-ZSC-CL05-2824,1S-MH-MU-ZSC-CL05-2852,5,15378,12870
40870,12872-19218,1S-MH-MU-ZSC-CL05-2852,1S-MH-MU-ZSC-CL05-2868,6,12872,19218
40870,19216-14137,1S-MH-MU-ZSC-CL05-2868,1S-MH-MU-ZSC-CL05-2820,7,19216,14137
40870,14135-19465,1S-MH-MU-ZSC-CL05-2820,1S-MH-MU-ZSC-CL09-2895,8,14135,19465
40870,19217-HTCONSUMER,1S-MH-MU-ZSC-CL05-2868,NAN,6.1,19217,HTCONSUMER
40870,15630-9370,1S-MH-MU-ZSC-CL05-2852,1S-MH-MU-ZSC-CL06-2659,5.1,15630,9370
40872,40872-13492,1S-MH-MU-ZSC-RSTN-VERS,1S-MH-MU-ZSC-CL05-2858,1,40872,13492
40872,13494-13531,1S-MH-MU-ZSC-CL05-2858,1S-MH-MU-ZSC-CL05-2519,2,13494,13531
40872,13529-42706,1S-MH-MU-ZSC-CL05-2519,1S-MH-MU-ZSC-CL05-2517,3,13529,42706
40872,12880-13139,1S-MH-MU-ZSC-CL05-2517,1S-MH-MU-ZSC-CL05-2798,4,12880,13139
40872,32790-26342,1S-MH-MU-ZSC-CL05-2798,1S-MH-MU-ZSC-CL05-2862,5,32790,26342
40872,19147-19576,1S-MH-MU-ZSC-CL05-2862,1S-MH-MU-ZSC-CL05-2056,6,19147,19576
40872,13140-13800,1S-MH-MU-ZSC-CL05-2798,1S-MH-MU-ZSC-CL05-2058,4.1,13140,13800
40873,40873-STN XMER,1S-MH-MU-ZSC-RSTN-VERS,1S-MH-MU-ZSC-RSTN-VERS,1,40873,STN XMER
40875,40875-7083,1S-MH-MU-ZSC-RSTN-VERS,1S-MH-MU-ZSC-CL05-2401,1,40875,7083
40875,6816-14829,1S-MH-MU-ZSC-CL05-2401,1S-MH-MU-ZSC-CL05-2403,2,6816,14829
40875,14831-10177,1S-MH-MU-ZSC-CL05-2403,1S-MH-MU-ZSC-CL05-2397,3,14831,10177
40875,10179-9630,1S-MH-MU-ZSC-CL05-2397,1S-MH-MU-ZSC-CL05-2402,4,10179,9630
40875,9631-13595,1S-MH-MU-ZSC-CL05-2402,1S-MH-MU-ZSC-CL05-2395,5,9631,13595
40875,13594-9614,1S-MH-MU-ZSC-CL05-2395,1S-MH-MU-ZSC-CL05-2180,6,13594,9614
40875,9612-14012,1S-MH-MU-ZSC-CL05-2180,1S-MH-MU-ZSC-CL05-2601,7,9612,14012
40875,6273-38479,1S-MH-MU-ZSC-CL05-2401,1S-MH-MU-ZSC-CL05-3477,1.1,6273,38479
40875,38481-36737,1S-MH-MU-ZSC-CL05-3477,1S-MH-MU-ZSC-CL05-2081,1.2,38481,36737
40875,6815-32145,1S-MH-MU-ZSC-CL05-2401,1S-MH-MU-ZSC-CL05-3217,1.2,6815,32145
40876,40876-16631,1S-MH-MU-ZSC-RSTN-VERS,1S-MH-MU-ZSC-CL06-2730,1,40876,16631
40876,16629-17083,1S-MH-MU-ZSC-CL06-2730,1S-MH-MU-ZSC-CL06-2774,2,16629,17083
40876,17082-11092,1S-MH-MU-ZSC-CL06-2774,1S-MH-MU-ZSC-CL06-2729,3,17082,11092
40876,11094-9591,1S-MH-MU-ZSC-CL06-2729,1S-MH-MU-ZSC-CL06-2251,4,11094,9591
40876,11117-11146,1S-MH-MU-ZSC-CL06-2251,1S-MH-MU-ZSC-CL06-2105,5,11117,11146
40876,11148-11102,1S-MH-MU-ZSC-CL06-2105,1S-MH-MU-ZSC-CL06-2181,6,11148,11102
40876,11101-9134,1S-MH-MU-ZSC-CL06-2181,1S-MH-MU-ZSC-CL06-2752,7,11101,9134
40876,9134-12420,1S-MH-MU-ZSC-CL06-2752,1S-MH-MU-ZSC-CL06-2753,8,9134,12420
40876,12418-1639,1S-MH-MU-ZSC-CL06-2753,1S-MH-MU-ZSC-CL06-2838,9,12418,1639
40876,1639-35644,1S-MH-MU-ZSC-CL06-2838,1S-MH-MU-ZSC-CL06-3350,10,1639,35644
40876,35643-14832,1S-MH-MU-ZSC-CL06-3350,1S-MH-MU-ZSC-CL06-2822,11,35643,14832
40876,12418-DT,1S-MH-MU-ZSC-CL06-2753,DT,8.1,12418,DT
40876,9132-32124,1S-MH-MU-ZSC-CL06-2752,1S-MH-MU-ZSC-CL06-3216,7.1,9132,32124
40876,9588-14116,1S-MH-MU-ZSC-CL06-2251,1S-MH-MU-ZSC-CL06-2290,4.1,9588,14116
40876,9590-16930,1S-MH-MU-ZSC-CL06-2251,1S-MH-MU-ZSC-CL06-2688,4.2,9590,16930
40877,40877-28868,1S-MH-MU-ZSC-RSTN-VERS,1S-MH-MU-ZSC-CL05-3060,1,40877,28868
40877,28869-7613,1S-MH-MU-ZSC-CL05-3060,1S-MH-MU-ZSC-CL05-2394,2,28869,7613
40877,7615-7621,1S-MH-MU-ZSC-CL05-2394,1S-MH-MU-ZSC-CL05-2544,3,7615,7621
40877,7622-40082,1S-MH-MU-ZSC-CL05-2544,1S-MH-MU-ZSC-CL05-3593,4,7622,40082
40877,40081-14015,1S-MH-MU-ZSC-CL05-3593,1S-MH-MU-ZSC-CL05-2857,5,40081,14015
40877,14017-31607,1S-MH-MU-ZSC-CL05-2857,1S-MH-MU-ZSC-CL05-3179,6,14017,31607
40878,40878-CAP BANK,1S-MH-MU-ZSC-RSTN-VERS,1S-MH-MU-ZSC-RSTN-VERS,1,40878,CAP BANK
BUSPT,BUS PT-19086,1S-MH-MU-ZSC-RSTN-VERS,1S-MH-MU-ZSC-RSTN-VERS,1,BUS PT,19086
