{
  "a": 0.05445134052013934,
  "c": 0.11410514846753063,
  "f": 0.08263464065014381,
  "i": 0.06758856422026925,
  "l": 0.09345999462676458,
  "p": 0.15,
  "r": 0.04583972902091032,
  "s": 0.19192058249424201,
  "u": 0.2
}