{
  "a": 0.01941,
  "c": 0.03371,
  "f": 0.12157,
  "i": 0.10727,
  "l": 0.27278,
  "p": 0.15,
  "r": 0.04904,
  "s": 0.06028,
  "u": 0.18594
}