{
  "a": 0.06359033339594222,
  "c": 0.01316238064103418,
  "d": 0.12415571122552659,
  "f": 0.1333080804149066,
  "i": 0.02744022608514063,
  "l": 0.18548830791480972,
  "p": 0.15,
  "r": 0.11984956647291936,
  "s": 0.03300539384972078,
  "u": 0.15
}