SWITCH_ID,YEAR,QUARTER,PRED_FAULTS_Q
0,2024,1,0.00208459934219718
0,2024,2,0.0014821919612586498
0,2024,3,0.0006092407274991274
0,2024,4,0.0013580814702436328
58,2024,1,0.13560277223587036
58,2024,2,0.13776463270187378
58,2024,3,0.04122169315814972
58,2024,4,0.08901291340589523
76,2024,1,0.3085867464542389
76,2024,2,0.31281009316444397
76,2024,3,0.13327869772911072
76,2024,4,0.22365668416023254
82,2024,1,0.003805453423410654
82,2024,2,0.002860262058675289
82,2024,3,0.0011011376045644283
82,2024,4,0.002474169246852398
104,2024,1,0.0010326276533305645
104,2024,2,0.0006867030169814825
104,2024,3,0.00030532755772583187
104,2024,4,0.0006731103640049696
105,2024,1,0.1349370926618576
105,2024,2,0.13700807094573975
105,2024,3,0.04084937646985054
105,2024,4,0.08784126490354538
106,2024,1,0.002097789430990815
106,2024,2,0.001494595897383988
106,2024,3,0.0006119005847722292
106,2024,4,0.0013663070276379585
110,2024,1,0.00217226380482316
110,2024,2,0.0015508076176047325
110,2024,3,0.0006341765401884913
110,2024,4,0.001414980855770409
116,2024,1,0.0015806155279278755
116,2024,2,0.0010946120601147413
116,2024,3,0.0004637503297999501
116,2024,4,0.001029527047649026
173,2024,1,0.0007772003300487995
173,2024,2,0.0005028302548453212
173,2024,3,0.00023080557002685964
173,2024,4,0.0005062884883955121
250,2024,1,0.2260253131389618
250,2024,2,0.23018625378608704
250,2024,3,0.08573944866657257
250,2024,4,0.15662598609924316
251,2024,1,0.003897040616720915
251,2024,2,0.002941461279988289
251,2024,3,0.0011222503380849957
251,2024,4,0.0025329976342618465
274,2024,1,0.28246667981147766
274,2024,2,0.2868213653564453
274,2024,3,0.1172739714384079
274,2024,4,0.20254358649253845
275,2024,1,0.0033486669417470694
275,2024,2,0.0024914948735386133
275,2024,3,0.0009671298321336508
275,2024,4,0.002176824025809765
278,2024,1,0.2617979049682617
278,2024,2,0.2669946849346161
278,2024,3,0.1049458384513855
278,2024,4,0.1866125464439392
288,2024,1,0.18810784816741943
288,2024,2,0.19144266843795776
288,2024,3,0.06563446670770645
288,2024,4,0.12755373120307922
336,2024,1,0.0037004072219133377
336,2024,2,0.0027739794459193945
336,2024,3,0.0010717773111537099
336,2024,4,0.00240964163094759
344,2024,1,0.0029611820355057716
344,2024,2,0.0021734165493398905
344,2024,3,0.0008596958941780031
344,2024,4,0.0019259746186435223
349,2024,1,0.24323762953281403
349,2024,2,0.24667522311210632
349,2024,3,0.09467048197984695
349,2024,4,0.16924604773521423
352,2024,1,0.16386517882347107
352,2024,2,0.1653604954481125
352,2024,3,0.054166749119758606
352,2024,4,0.10846872627735138
354,2024,1,0.0023133486974984407
354,2024,2,0.001662581693381071
354,2024,3,0.00067255983594805
354,2024,4,0.0015053758397698402
371,2024,1,0.13561099767684937
371,2024,2,0.1377710998058319
371,2024,3,0.041224997490644455
371,2024,4,0.08901731669902802
402,2024,1,0.13647285103797913
402,2024,2,0.13864968717098236
402,2024,3,0.04160178080201149
402,2024,4,0.08966900408267975
409,2024,1,0.18252620100975037
409,2024,2,0.18615688383579254
409,2024,3,0.0629664808511734
409,2024,4,0.12370535731315613
431,2024,1,0.005281747318804264
431,2024,2,0.004106338135898113
431,2024,3,0.0015060945879667997
431,2024,4,0.0034254230558872223
453,2024,1,0.013439876958727837
453,2024,2,0.01138503011316061
453,2024,3,0.003758735489100218
453,2024,4,0.008675686083734035
454,2024,1,0.0033040689304471016
454,2024,2,0.0024542473256587982
454,2024,3,0.0009559573954902589
454,2024,4,0.002148983534425497
460,2024,1,0.291645348072052
460,2024,2,0.2959880232810974
460,2024,3,0.12248308956623077
460,2024,4,0.20945249497890472
472,2024,1,0.003711797297000885
472,2024,2,0.0027891313657164574
472,2024,3,0.0010688194306567311
472,2024,4,0.0024111680686473846
494,2024,1,0.0032582662533968687
494,2024,2,0.002411103108897805
494,2024,3,0.0009532281546853483
494,2024,4,0.0021286094561219215
529,2024,1,0.0016377447172999382
529,2024,2,0.001138469553552568
529,2024,3,0.00047973234904929996
529,2024,4,0.001066459808498621
559,2024,1,0.23871779441833496
559,2024,2,0.24255236983299255
559,2024,3,0.09238911420106888
559,2024,4,0.16702362895011902
561,2024,1,0.004910280462354422
561,2024,2,0.0037870865780860186
561,2024,3,0.0014062500558793545
561,2024,4,0.0031868242658674717
572,2024,1,0.001245657680556178
572,2024,2,0.0008440359961241484
572,2024,3,0.00036689103581011295
572,2024,4,0.0008123920997604728
610,2024,1,0.0023840293288230896
610,2024,2,0.0017175559187307954
610,2024,3,0.000693464302457869
610,2024,4,0.0015511855017393827
613,2024,1,0.1359730064868927
613,2024,2,0.13814038038253784
613,2024,3,0.04138407111167908
613,2024,4,0.0892968401312828
648,2024,1,0.13287681341171265
648,2024,2,0.13507941365242004
648,2024,3,0.04011029005050659
648,2024,4,0.08729293942451477
650,2024,1,0.002013597870245576
650,2024,2,0.001427186420187354
650,2024,3,0.0005886980216018856
650,2024,4,0.001311684725806117
686,2024,1,0.0013046953827142715
686,2024,2,0.0008885827264748514
686,2024,3,0.00038349939859472215
686,2024,4,0.0008508171304129064
687,2024,1,0.0021659154444932938
687,2024,2,0.0015462501905858517
687,2024,3,0.0006310342578217387
687,2024,4,0.00140970922075212
697,2024,1,0.001981884241104126
697,2024,2,0.0014035261701792479
697,2024,3,0.0005780846113339067
697,2024,4,0.0012901891022920609
701,2024,1,0.003400941612198949
701,2024,2,0.0025350255891680717
701,2024,3,0.0009809599723666906
701,2024,4,0.0022108275443315506
719,2024,1,0.13569021224975586
719,2024,2,0.13785269856452942
719,2024,3,0.041259098798036575
719,2024,4,0.0890689566731453
722,2024,1,0.004641820676624775
722,2024,2,0.0035409885458648205
722,2024,3,0.0013484854716807604
722,2024,4,0.0030162520706653595
739,2024,1,0.00299367168918252
739,2024,2,0.0022037175949662924
739,2024,3,0.0008672238909639418
739,2024,4,0.0019472913118079305
756,2024,1,0.0014613798120990396
756,2024,2,0.0010049057891592383
756,2024,3,0.00042897684033960104
756,2024,4,0.0009517880389466882
764,2024,1,0.0013015358708798885
764,2024,2,0.0008847331628203392
764,2024,3,0.00038349186070263386
764,2024,4,0.000848465773742646
795,2024,1,0.23472771048545837
795,2024,2,0.2389296144247055
795,2024,3,0.08946692943572998
795,2024,4,0.16285862028598785
803,2024,1,0.17918318510055542
803,2024,2,0.18166528642177582
803,2024,3,0.0612519308924675
803,2024,4,0.12031175941228867
813,2024,1,0.0021395008079707623
813,2024,2,0.0015270933508872986
813,2024,3,0.0006228693528100848
813,2024,4,0.0013935589231550694
826,2024,1,0.008315430954098701
826,2024,2,0.006738821975886822
826,2024,3,0.0023502721451222897
826,2024,4,0.005381811875849962
835,2024,1,0.0018041216535493731
835,2024,2,0.0012658089399337769
835,2024,3,0.0005274032591842115
835,2024,4,0.0011744932271540165
848,2024,1,0.18480241298675537
848,2024,2,0.18689775466918945
848,2024,3,0.06427358835935593
848,2024,4,0.1248965635895729
856,2024,1,0.13635775446891785
856,2024,2,0.138532355427742
856,2024,3,0.0415508970618248
856,2024,4,0.0895790308713913
954,2024,1,0.15032491087913513
954,2024,2,0.15142598748207092
954,2024,3,0.04784610867500305
954,2024,4,0.09864801168441772
956,2024,1,0.15878582000732422
956,2024,2,0.16291303932666779
956,2024,3,0.051495879888534546
956,2024,4,0.10761851072311401
1002,2024,1,0.002640131860971451
1002,2024,2,0.0019194534979760647
1002,2024,3,0.0007679121335968375
1002,2024,4,0.001718692248687148
1013,2024,1,0.007688920944929123
1013,2024,2,0.006181586533784866
1013,2024,3,0.0021763776894658804
1013,2024,4,0.0049728029407560825
1046,2024,1,0.00326788192614913
1046,2024,2,0.0024224394001066685
1046,2024,3,0.0009469179785810411
1046,2024,4,0.002125306986272335
1049,2024,1,0.004612433724105358
1049,2024,2,0.0035368429962545633
1049,2024,3,0.0013228387106209993
1049,2024,4,0.002994862385094166
1090,2024,1,0.2568483352661133
1090,2024,2,0.2612106502056122
1090,2024,3,0.10261663794517517
1090,2024,4,0.18251702189445496
1301,2024,1,0.0026910132728517056
1301,2024,2,0.0019647676963359118
1301,2024,3,0.0007777875871397555
1301,2024,4,0.0017508927267044783
1302,2024,1,0.002344671869650483
1302,2024,2,0.0016863791970536113
1302,2024,3,0.0006822259165346622
1302,2024,4,0.0015255541075021029
1303,2024,1,0.3256584405899048
1303,2024,2,0.3319142460823059
1303,2024,3,0.14280125498771667
1303,2024,4,0.23833054304122925
1305,2024,1,0.3296443223953247
1305,2024,2,0.3304213881492615
1305,2024,3,0.14754584431648254
1305,2024,4,0.23723933100700378
1308,2024,1,0.001438665552996099
1308,2024,2,0.0009879820281639695
1308,2024,3,0.0004223434079904109
1308,2024,4,0.0009371723281219602
1309,2024,1,0.0037003024481236935
1309,2024,2,0.0027781983371824026
1309,2024,3,0.001067520584911108
1309,2024,4,0.002406470710411668
1311,2024,1,0.24070307612419128
1311,2024,2,0.24401548504829407
1311,2024,3,0.09332889318466187
1311,2024,4,0.16815254092216492
1312,2024,1,0.2735256850719452
1312,2024,2,0.2804683744907379
1312,2024,3,0.11057478934526443
1312,2024,4,0.19535508751869202
1321,2024,1,0.001827114261686802
1321,2024,2,0.0012836878886446357
1321,2024,3,0.0005340030766092241
1321,2024,4,0.0011896834475919604
1324,2024,1,0.36484378576278687
1324,2024,2,0.3705263137817383
1324,2024,3,0.1685502678155899
1324,2024,4,0.27050119638442993
1328,2024,1,0.0014627280179411173
1328,2024,2,0.0010058271000161767
1328,2024,3,0.0004295585094951093
1328,2024,4,0.0009529257658869028
1329,2024,1,0.0019399859011173248
1329,2024,2,0.0013691906351596117
1329,2024,3,0.0005683025810867548
1329,2024,4,0.0012630624696612358
1331,2024,1,0.2964983284473419
1331,2024,2,0.30507248640060425
1331,2024,3,0.12362983822822571
1331,2024,4,0.21571967005729675
1332,2024,1,0.28498443961143494
1332,2024,2,0.2881002724170685
1332,2024,3,0.11977197974920273
1332,2024,4,0.204451322555542
1334,2024,1,0.24776452779769897
1334,2024,2,0.25079190731048584
1334,2024,3,0.09743408858776093
1334,2024,4,0.17275789380073547
1340,2024,1,0.1549893021583557
1340,2024,2,0.15743675827980042
1340,2024,3,0.050113238394260406
1340,2024,4,0.10398302227258682
1347,2024,1,0.13578017055988312
1347,2024,2,0.13794466853141785
1347,2024,3,0.04130009189248085
1347,2024,4,0.08915242552757263
1453,2024,1,0.0032085152342915535
1453,2024,2,0.002378071891143918
1453,2024,3,0.0009270455921068788
1453,2024,4,0.0020841897930949926
1502,2024,1,0.3080809712409973
1502,2024,2,0.3123079240322113
1502,2024,3,0.1322750300168991
1502,2024,4,0.22142276167869568
1508,2024,1,0.004604175221174955
1508,2024,2,0.0035299337469041348
1508,2024,3,0.0013207937590777874
1508,2024,4,0.0029903389513492584
1509,2024,1,0.2038773000240326
1509,2024,2,0.20763899385929108
1509,2024,3,0.07373331487178802
1509,2024,4,0.14035740494728088
1515,2024,1,0.001610063947737217
1515,2024,2,0.0011157940607517958
1515,2024,3,0.0004729002248495817
1515,2024,4,0.0010484480299055576
1517,2024,1,0.35018327832221985
1517,2024,2,0.3534186780452728
1517,2024,3,0.161445751786232
1517,2024,4,0.26114219427108765
1519,2024,1,0.0013123773969709873
1519,2024,2,0.0008927921298891306
1519,2024,3,0.0003867626946885139
1519,2024,4,0.000855412392411381
1521,2024,1,0.0016579063376411796
1521,2024,2,0.0011542824795469642
1521,2024,3,0.0004850931582041085
1521,2024,4,0.0010796280112117529
1522,2024,1,0.002135694492608309
1522,2024,2,0.0015225178794935346
1522,2024,3,0.0006223727250471711
1522,2024,4,0.0013901607599109411
1523,2024,1,0.0016302778385579586
1523,2024,2,0.0011324621737003326
1523,2024,3,0.0004781424067914486
1523,2024,4,0.0010616378858685493
1529,2024,1,0.003247280605137348
1529,2024,2,0.0024094642139971256
1529,2024,3,0.000937873381190002
1529,2024,4,0.0021106533240526915
1531,2024,1,0.3325384855270386
1531,2024,2,0.34036797285079956
1531,2024,3,0.14624150097370148
1531,2024,4,0.24462392926216125
1532,2024,1,0.001556619070470333
1532,2024,2,0.0010766905033960938
1532,2024,3,0.0004565452109090984
1532,2024,4,0.0010136180790141225
1534,2024,1,0.2405017614364624
1534,2024,2,0.24380531907081604
1534,2024,3,0.09347691386938095
1534,2024,4,0.16788843274116516
1538,2024,1,0.0025103373918682337
1538,2024,2,0.0018163647036999464
1538,2024,3,0.0007312084781005979
1538,2024,4,0.001634492538869381
1774,2024,1,0.0043889726512134075
1774,2024,2,0.003350561950355768
1774,2024,3,0.0012595547595992684
1774,2024,4,0.0028499295003712177
2015,2024,1,0.0018568227533251047
2015,2024,2,0.0013062867801636457
2015,2024,3,0.0005427992437034845
2015,2024,4,0.001208883710205555
2022,2024,1,0.0020606473553925753
2022,2024,2,0.0014660719316452742
2022,2024,3,0.0006023765308782458
2022,2024,4,0.0013442201307043433
2052,2024,1,0.0030751540325582027
2052,2024,2,0.0022626372519880533
2052,2024,3,0.0008965225424617529
2052,2024,4,0.002001194516196847
2054,2024,1,0.001662566210143268
2054,2024,2,0.0011578451376408339
2054,2024,3,0.0004866939561907202
2054,2024,4,0.0010828018421307206
2065,2024,1,0.00103242346085608
2065,2024,2,0.0006862650625407696
2065,2024,3,0.00030571030220016837
2065,2024,4,0.0006731824832968414
2074,2024,1,0.1359047293663025
2074,2024,2,0.1380719095468521
2074,2024,3,0.0413532480597496
2074,2024,4,0.0892399251461029
2076,2024,1,0.004739219322800636
2076,2024,2,0.00364015344530344
2076,2024,3,0.0013629859313368797
2076,2024,4,0.0030798178631812334
2090,2024,1,0.0016217981465160847
2090,2024,2,0.0011263865744695067
2090,2024,3,0.00047543240361846983
2090,2024,4,0.0010566539131104946
2091,2024,1,0.0031441734172403812
2091,2024,2,0.0023254118859767914
2091,2024,3,0.0009110162500292063
2091,2024,4,0.0020467564463615417
2108,2024,1,0.4393683671951294
2108,2024,2,0.44404348731040955
2108,2024,3,0.2213234007358551
2108,2024,4,0.3378375768661499
2110,2024,1,0.13582515716552734
2110,2024,2,0.13798975944519043
2110,2024,3,0.0413181409239769
2110,2024,4,0.0891776978969574
2161,2024,1,0.13627535104751587
2161,2024,2,0.13844746351242065
2161,2024,3,0.04151561111211777
2161,2024,4,0.08952075242996216
2170,2024,1,0.0018160450272262096
2170,2024,2,0.0012733018957078457
2170,2024,3,0.0005322224460542202
2170,2024,4,0.0011842058738693595
2176,2024,1,0.31241172552108765
2176,2024,2,0.31948837637901306
2176,2024,3,0.1345130056142807
2176,2024,4,0.22854486107826233
2177,2024,1,0.20327137410640717
2177,2024,2,0.20697034895420074
2177,2024,3,0.07331039011478424
2177,2024,4,0.13947661221027374
2178,2024,1,0.0024173567071557045
2178,2024,2,0.0017517524538561702
2178,2024,3,0.0006949959206394851
2178,2024,4,0.0015742306131869555
2180,2024,1,0.0013263626024127007
2180,2024,2,0.0009034755639731884
2180,2024,3,0.0003904507029801607
2180,2024,4,0.0008642682805657387
2190,2024,1,0.13551001250743866
2190,2024,2,0.13766862452030182
2190,2024,3,0.041181039065122604
2190,2024,4,0.08894221484661102
2223,2024,1,0.0010681240819394588
2223,2024,2,0.0007127404096536338
2223,2024,3,0.0003154516452923417
2223,2024,4,0.0006960075697861612
2227,2024,1,0.003981369081884623
2227,2024,2,0.0030119535513222218
2227,2024,3,0.0011449184967204928
2227,2024,4,0.002586985472589731
2241,2024,1,0.002268644981086254
2241,2024,2,0.0016267981845885515
2241,2024,3,0.0006610885029658675
2241,2024,4,0.0014772741124033928
2265,2024,1,0.0019737626425921917
2265,2024,2,0.0013962837401777506
2265,2024,3,0.0005768707487732172
2265,2024,4,0.0012855329550802708
2286,2024,1,0.002782357856631279
2286,2024,2,0.002035279758274555
2286,2024,3,0.000805429182946682
2286,2024,4,0.0018095714040100574
2303,2024,1,0.13601495325565338
2303,2024,2,0.13818414509296417
2303,2024,3,0.041401609778404236
2303,2024,4,0.08932377398014069
2306,2024,1,0.0017716761212795973
2306,2024,2,0.0012408222537487745
2306,2024,3,0.0005187556380406022
2306,2024,4,0.0011542618740350008
2308,2024,1,0.0018328255973756313
2308,2024,2,0.0012880403082817793
2308,2024,3,0.0005357545451261103
2308,2024,4,0.0011936563532799482
2309,2024,1,0.0034935944713652134
2309,2024,2,0.0026129349134862423
2309,2024,3,0.0010050516575574875
2309,2024,4,0.0022701462730765343
2343,2024,1,0.2716773450374603
2343,2024,2,0.28036290407180786
2343,2024,3,0.10986974090337753
2343,2024,4,0.19456574320793152
2354,2024,1,0.0014053760096430779
2354,2024,2,0.000962852849625051
2354,2024,3,0.00041296359268017113
2354,2024,4,0.0009155066800303757
2361,2024,1,0.005060573108494282
2361,2024,2,0.003915165551006794
2361,2024,3,0.0014474599156528711
2361,2024,4,0.003284644801169634
2362,2024,1,0.008673218078911304
2362,2024,2,0.0070551433600485325
2362,2024,3,0.002451962325721979
2362,2024,4,0.005614913068711758
2384,2024,1,0.005593511275947094
2384,2024,2,0.004367782734334469
2384,2024,3,0.0015970412641763687
2384,2024,4,0.0036291913129389286
2391,2024,1,0.13595400750637054
2391,2024,2,0.13812194764614105
2391,2024,3,0.041375696659088135
2391,2024,4,0.08928090333938599
2403,2024,1,0.23242703080177307
2403,2024,2,0.2358679324388504
2403,2024,3,0.08902761340141296
2403,2024,4,0.1616462767124176
2411,2024,1,0.0015510527882725
2411,2024,2,0.0010719976853579283
2411,2024,3,0.0004558879300020635
2411,2024,4,0.0010107995476573706
2423,2024,1,0.0015987793449312449
2423,2024,2,0.0011083523277193308
2423,2024,3,0.00046881084563210607
2423,2024,4,0.0010412324918434024
2428,2024,1,0.002798747271299362
2428,2024,2,0.002047659130766988
2428,2024,3,0.000810386089142412
2428,2024,4,0.0018195987213402987
2431,2024,1,0.002214842475950718
2431,2024,2,0.0015836686361581087
2431,2024,3,0.0006463874597102404
2431,2024,4,0.001442288514226675
2446,2024,1,0.18844401836395264
2446,2024,2,0.19385820627212524
2446,2024,3,0.0655754879117012
2446,2024,4,0.12888263165950775
2456,2024,1,0.0009824549779295921
2456,2024,2,0.0006491547683253884
2456,2024,3,0.00029180958517827094
2456,2024,4,0.0006408421904779971
2470,2024,1,0.0016759620048105717
2470,2024,2,0.0011676260037347674
2470,2024,3,0.0004907757393084466
2470,2024,4,0.001091506564989686
2481,2024,1,0.0023616075050085783
2481,2024,2,0.0017009377479553223
2481,2024,3,0.0006860425928607583
2481,2024,4,0.001536722294986248
2507,2024,1,0.20855772495269775
2507,2024,2,0.21247920393943787
2507,2024,3,0.07603935897350311
2507,2024,4,0.14352980256080627
2508,2024,1,0.003860282711684704
2508,2024,2,0.002913287840783596
2508,2024,3,0.0011097711976617575
2508,2024,4,0.0025092705618590117
2511,2024,1,0.001584154786542058
2511,2024,2,0.0010981960222125053
2511,2024,3,0.00046387588372454047
2511,2024,4,0.0010314993560314178
2518,2024,1,0.0015245485119521618
2518,2024,2,0.001052946550771594
2518,2024,3,0.0004467793623916805
2518,2024,4,0.000992750283330679
2522,2024,1,0.0023084799759089947
2522,2024,2,0.0016584391705691814
2522,2024,3,0.0006717145442962646
2522,2024,4,0.0015026780311018229
2524,2024,1,0.0011873343028128147
2524,2024,2,0.0007995677297003567
2524,2024,3,0.00035098951775580645
2524,2024,4,0.0007739963475614786
2562,2024,1,0.14096863567829132
2562,2024,2,0.14321835339069366
2562,2024,3,0.043499600142240524
2562,2024,4,0.09297740459442139
2587,2024,1,0.13630902767181396
2587,2024,2,0.13848352432250977
2587,2024,3,0.04153171926736832
2587,2024,4,0.0895540863275528
2588,2024,1,0.0017735776491463184
2588,2024,2,0.0012412340147420764
2588,2024,3,0.0005198800936341286
2588,2024,4,0.00115506025031209
2590,2024,1,0.006382345221936703
2590,2024,2,0.005036333575844765
2590,2024,3,0.0018126757349818945
2590,2024,4,0.004125420935451984
2598,2024,1,0.0024475054815411568
2598,2024,2,0.0017649903893470764
2598,2024,3,0.0007166743744164705
2598,2024,4,0.0015980612952262163
2610,2024,1,0.1355365514755249
2610,2024,2,0.1376955509185791
2610,2024,3,0.04119284078478813
2610,2024,4,0.08896297216415405
2622,2024,1,0.0027996073476970196
2622,2024,2,0.002048294059932232
2622,2024,3,0.0008112721843644977
2622,2024,4,0.0018203484360128641
2628,2024,1,0.17775526642799377
2628,2024,2,0.1822921186685562
2628,2024,3,0.06046168878674507
2628,2024,4,0.12023936212062836
2637,2024,1,0.0014096543891355395
2637,2024,2,0.0009672342566773295
2637,2024,3,0.0004126745625399053
2637,2024,4,0.0009175720624625683
2643,2024,1,0.16632267832756042
2643,2024,2,0.1690177023410797
2643,2024,3,0.05526373162865639
2643,2024,4,0.11170443892478943
2653,2024,1,0.47188854217529297
2653,2024,2,0.4726845920085907
2653,2024,3,0.24726751446723938
2653,2024,4,0.36204949021339417
2654,2024,1,0.1362515389919281
2654,2024,2,0.13842234015464783
2654,2024,3,0.0415056049823761
2654,2024,4,0.08950354903936386
2656,2024,1,0.0009625657112337649
2656,2024,2,0.000635968113783747
2656,2024,3,0.0002846321149263531
2656,2024,4,0.0006269380683079362
2661,2024,1,0.0034482176415622234
2661,2024,2,0.0025725115556269884
2661,2024,3,0.0009951494866982102
2661,2024,4,0.0022409800440073013
2670,2024,1,0.0018401660490781069
2670,2024,2,0.001293182373046875
2670,2024,3,0.0005385664408095181
2670,2024,4,0.001198604004457593
2679,2024,1,0.003627933794632554
2679,2024,2,0.0027164591010659933
2679,2024,3,0.001048397971317172
2679,2024,4,0.002357100835070014
2683,2024,1,0.0022509677801281214
2683,2024,2,0.0016170402523130178
2683,2024,3,0.0006534506683237851
2683,2024,4,0.0014649550430476665
2685,2024,1,0.003433364210650325
2685,2024,2,0.0025608567520976067
2685,2024,3,0.0009905360639095306
2685,2024,4,0.0022317024413496256
2689,2024,1,0.14049077033996582
2689,2024,2,0.14210855960845947
2689,2024,3,0.043353401124477386
2689,2024,4,0.09190380573272705
2691,2024,1,0.19586306810379028
2691,2024,2,0.2008899748325348
2691,2024,3,0.06912156939506531
2691,2024,4,0.13295692205429077
2694,2024,1,0.0024930941872298717
2694,2024,2,0.001802989048883319
2694,2024,3,0.0007252544746734202
2694,2024,4,0.0016226840671151876
2695,2024,1,0.13547775149345398
2695,2024,2,0.13763603568077087
2695,2024,3,0.04116716608405113
2695,2024,4,0.08891855180263519
2700,2024,1,0.002661686157807708
2700,2024,2,0.0019376096315681934
2700,2024,3,0.0007728127529844642
2700,2024,4,0.0017318520694971085
2729,2024,1,0.0014756619930267334
2729,2024,2,0.0010154369520023465
2729,2024,3,0.00043347777682356536
2729,2024,4,0.0009611968416720629
2751,2024,1,0.13596385717391968
2751,2024,2,0.13813066482543945
2751,2024,3,0.04137970879673958
2751,2024,4,0.08928753435611725
2757,2024,1,0.0025413627736270428
2757,2024,2,0.0018423192668706179
2757,2024,3,0.0007385878707282245
2757,2024,4,0.0016542873345315456
2767,2024,1,0.0039549642242491245
2767,2024,2,0.0029924525879323483
2767,2024,3,0.0011342798825353384
2767,2024,4,0.0025660661049187183
2784,2024,1,0.0012118840822950006
2784,2024,2,0.0008183737518265843
2784,2024,3,0.0003573231224436313
2784,2024,4,0.0007897287723608315
2798,2024,1,0.3839743733406067
2798,2024,2,0.39048975706100464
2798,2024,3,0.18148086965084076
2798,2024,4,0.29045161604881287
2803,2024,1,0.0055102016776800156
2803,2024,2,0.004299213644117117
2803,2024,3,0.0016003483906388283
2803,2024,4,0.003622399177402258
2808,2024,1,0.0036204089410603046
2808,2024,2,0.0027087784837931395
2808,2024,3,0.0010572538012638688
2808,2024,4,0.00237541482783854
2812,2024,1,0.0027135047130286694
2812,2024,2,0.0019790760707110167
2812,2024,3,0.0007872936548665166
2812,2024,4,0.0017653926042839885
2815,2024,1,0.0012266498524695635
2815,2024,2,0.0008297259919345379
2815,2024,3,0.0003611366846598685
2815,2024,4,0.0007992394967004657
2816,2024,1,0.0019871597178280354
2816,2024,2,0.0014050318859517574
2816,2024,3,0.00058033037930727
2816,2024,4,0.001292346278205514
2827,2024,1,0.13578470051288605
2827,2024,2,0.13794869184494019
2827,2024,3,0.04130135849118233
2827,2024,4,0.08915230631828308
2832,2024,1,0.13573461771011353
2832,2024,2,0.13789668679237366
2832,2024,3,0.04127969965338707
2832,2024,4,0.08911372721195221
2839,2024,1,0.23620004951953888
2839,2024,2,0.2410244643688202
2839,2024,3,0.09076434373855591
2839,2024,4,0.16645687818527222
2849,2024,1,0.004345692694187164
2849,2024,2,0.0033123670145869255
2849,2024,3,0.0012483913451433182
2849,2024,4,0.002821053843945265
2859,2024,1,0.16236498951911926
2859,2024,2,0.16515183448791504
2859,2024,3,0.053500354290008545
2859,2024,4,0.10922850668430328
2867,2024,1,0.0023460641968995333
2867,2024,2,0.001689448021352291
2867,2024,3,0.0006812289939261973
2867,2024,4,0.0015263588866218925
2874,2024,1,0.003550433786585927
2874,2024,2,0.002654863055795431
2874,2024,3,0.0010252605425193906
2874,2024,4,0.0023082352709025145
2888,2024,1,0.002263132017105818
2888,2024,2,0.0016220937250182033
2888,2024,3,0.0006592323770746589
2888,2024,4,0.001473073149099946
2897,2024,1,0.3586413860321045
2897,2024,2,0.36177384853363037
2897,2024,3,0.16680318117141724
2897,2024,4,0.26619282364845276
2905,2024,1,0.0022372829262167215
2905,2024,2,0.001601907191798091
2905,2024,3,0.0006514072883874178
2905,2024,4,0.0014556361129507422
2906,2024,1,0.0011997316032648087
2906,2024,2,0.0008096755482256413
2906,2024,3,0.0003532000700943172
2906,2024,4,0.0007814547279849648
2914,2024,1,0.002200912218540907
2914,2024,2,0.001573027460835874
2914,2024,3,0.0006420902791433036
2914,2024,4,0.0014331743586808443
2915,2024,1,0.001056963810697198
2915,2024,2,0.0006987003143876791
2915,2024,3,0.0003195539757143706
2915,2024,4,0.0006925019551999867
2918,2024,1,0.16151395440101624
2918,2024,2,0.1649603545665741
2918,2024,3,0.052901118993759155
2918,2024,4,0.10815238207578659
2919,2024,1,0.003929423168301582
2919,2024,2,0.002967380452901125
2919,2024,3,0.0011317089665681124
2919,2024,4,0.002554403617978096
2921,2024,1,0.0013863776111975312
2921,2024,2,0.0009489555959589779
2921,2024,3,0.0004069439310114831
2921,2024,4,0.000902887899428606
2922,2024,1,0.17828524112701416
2922,2024,2,0.18188053369522095
2922,2024,3,0.060839712619781494
2922,2024,4,0.12100556492805481
2927,2024,1,0.21185138821601868
2927,2024,2,0.2179664671421051
2927,2024,3,0.07672007381916046
2927,2024,4,0.14630021154880524
2940,2024,1,0.1952531337738037
2940,2024,2,0.19911403954029083
2940,2024,3,0.06920883059501648
2940,2024,4,0.13278928399085999
2944,2024,1,0.0015848588664084673
2944,2024,2,0.0010978069622069597
2944,2024,3,0.00046528701204806566
2944,2024,4,0.0010325091425329447
2951,2024,1,0.0017707187216728926
2951,2024,2,0.00124036252964288
2951,2024,3,0.0005178282735869288
2951,2024,4,0.00115305301733315
2960,2024,1,0.004131344147026539
2960,2024,2,0.0031487788073718548
2960,2024,3,0.0011760491179302335
2960,2024,4,0.00267321290448308
2961,2024,1,0.0016125598922371864
2961,2024,2,0.0011185294715687633
2961,2024,3,0.0004765213234350085
2961,2024,4,0.0010562175884842873
2963,2024,1,0.23936712741851807
2963,2024,2,0.24258843064308167
2963,2024,3,0.09261667728424072
2963,2024,4,0.16670233011245728
2965,2024,1,0.00352528877556324
2965,2024,2,0.0026391232386231422
2965,2024,3,0.0010149898007512093
2965,2024,4,0.0022935145534574986
2967,2024,1,0.2313062846660614
2967,2024,2,0.2359551191329956
2967,2024,3,0.08800645917654037
2967,2024,4,0.1611746847629547
2969,2024,1,0.14929887652397156
2969,2024,2,0.1528441160917282
2969,2024,3,0.04690539836883545
2969,2024,4,0.09882808476686478
2976,2024,1,0.002893269993364811
2976,2024,2,0.002122195204719901
2976,2024,3,0.0008401969680562615
2976,2024,4,0.001884629251435399
2978,2024,1,0.00202247966080904
2978,2024,2,0.001435072859749198
2978,2024,3,0.0005898101953789592
2978,2024,4,0.0013167120050638914
2984,2024,1,0.18414336442947388
2984,2024,2,0.18660780787467957
2984,2024,3,0.06363770365715027
2984,2024,4,0.12382010370492935
2995,2024,1,0.44634586572647095
2995,2024,2,0.45170316100120544
2995,2024,3,0.22504037618637085
2995,2024,4,0.34244880080223083
2996,2024,1,0.13590574264526367
2996,2024,2,0.13807182013988495
2996,2024,3,0.041353989392519
2996,2024,4,0.08924111723899841
3104,2024,1,0.0032736414577811956
3104,2024,2,0.0024237786419689655
3104,2024,3,0.0009569830726832151
3104,2024,4,0.002137482399120927
3106,2024,1,0.160567969083786
3106,2024,2,0.1643362194299698
3106,2024,3,0.05220947414636612
3106,2024,4,0.10830305516719818
3108,2024,1,0.001329629449173808
3108,2024,2,0.0009054209804162383
3108,2024,3,0.00039195045246742666
3108,2024,4,0.0008666677749715745
3114,2024,1,0.13599953055381775
3114,2024,2,0.13816560804843903
3114,2024,3,0.041395317763090134
3114,2024,4,0.08931316435337067
3116,2024,1,0.17381656169891357
3116,2024,2,0.1762200891971588
3116,2024,3,0.05882250517606735
3116,2024,4,0.11622907221317291
3117,2024,1,0.1548253297805786
3117,2024,2,0.1576387882232666
3117,2024,3,0.04988997429609299
3117,2024,4,0.1034201979637146
3119,2024,1,0.005050388164818287
3119,2024,2,0.003908118233084679
3119,2024,3,0.0014428182039409876
3119,2024,4,0.003276280127465725
3124,2024,1,0.3018520474433899
3124,2024,2,0.3053198456764221
3124,2024,3,0.129116952419281
3124,2024,4,0.21726500988006592
3126,2024,1,0.0019105933606624603
3126,2024,2,0.001348470221273601
3126,2024,3,0.0005574853857979178
3126,2024,4,0.0012438762933015823
3128,2024,1,0.30093324184417725
3128,2024,2,0.30603957176208496
3128,2024,3,0.12786957621574402
3128,2024,4,0.2178758680820465
3131,2024,1,0.0044861133210361
3131,2024,2,0.003437432460486889
3131,2024,3,0.0012822516728192568
3131,2024,4,0.0029125004075467587
3132,2024,1,0.3316085636615753
3132,2024,2,0.33622822165489197
3132,2024,3,0.1472049355506897
3132,2024,4,0.24210873246192932
3135,2024,1,0.00105058413464576
3135,2024,2,0.0006990128895267844
3135,2024,3,0.0003112877893727273
3135,2024,4,0.000685824197717011
3136,2024,1,0.006390565074980259
3136,2024,2,0.005024123936891556
3136,2024,3,0.0018314216285943985
3136,2024,4,0.004142286721616983
3138,2024,1,0.39615729451179504
3138,2024,2,0.401275098323822
3138,2024,3,0.19013407826423645
3138,2024,4,0.2981725037097931
3141,2024,1,0.17380905151367188
3141,2024,2,0.17570561170578003
3141,2024,3,0.058933183550834656
3141,2024,4,0.11753268539905548
3143,2024,1,0.0015417995164170861
3143,2024,2,0.0010651530465111136
3143,2024,3,0.00045304649393074214
3143,2024,4,0.0010047892574220896
3144,2024,1,0.3908054232597351
3144,2024,2,0.3962765336036682
3144,2024,3,0.1867242455482483
3144,2024,4,0.2918742001056671
3608,2024,1,0.15406061708927155
3608,2024,2,0.15633274614810944
3608,2024,3,0.04948025196790695
3608,2024,4,0.10260861366987228
3614,2024,1,0.17633122205734253
3614,2024,2,0.18124260008335114
3614,2024,3,0.05967647582292557
3614,2024,4,0.1199163943529129
3620,2024,1,0.003308395389467478
3620,2024,2,0.002464486286044121
3620,2024,3,0.0009506692877039313
3620,2024,4,0.0021493465173989534
3621,2024,1,0.0034924736246466637
3621,2024,2,0.0026084380224347115
3621,2024,3,0.0010077510960400105
3621,2024,4,0.0022698058746755123
3634,2024,1,0.1356116235256195
3634,2024,2,0.13777221739292145
3634,2024,3,0.04122581332921982
3634,2024,4,0.08901970088481903
3635,2024,1,0.0018076440319418907
3635,2024,2,0.0012675256002694368
3635,2024,3,0.0005296252202242613
3635,2024,4,0.001177287893369794
3645,2024,1,0.18819113075733185
3645,2024,2,0.1916990876197815
3645,2024,3,0.06580009311437607
3645,2024,4,0.12837740778923035
3702,2024,1,0.1358134150505066
3702,2024,2,0.13797736167907715
3702,2024,3,0.041313402354717255
3702,2024,4,0.08917011320590973
3703,2024,1,0.13544823229312897
3703,2024,2,0.13760554790496826
3703,2024,3,0.04115375876426697
3703,2024,4,0.08889345824718475
3704,2024,1,0.13570885360240936
3704,2024,2,0.13786955177783966
3704,2024,3,0.041268240660429
3704,2024,4,0.08909253031015396
3707,2024,1,0.2794749140739441
3707,2024,2,0.2815130352973938
3707,2024,3,0.11618008464574814
3707,2024,4,0.19920271635055542
3710,2024,1,0.1861257553100586
3710,2024,2,0.18910111486911774
3710,2024,3,0.06465810537338257
3710,2024,4,0.12516480684280396
3711,2024,1,0.0019127116538584232
3711,2024,2,0.0013496398460119963
3711,2024,3,0.0005597782437689602
3711,2024,4,0.0012470153160393238
3713,2024,1,0.13577044010162354
3713,2024,2,0.1379345953464508
3713,2024,3,0.04129485413432121
3713,2024,4,0.08913885802030563
3731,2024,1,0.13566811382770538
3731,2024,2,0.13783016800880432
3731,2024,3,0.041251108050346375
3731,2024,4,0.08906695991754532
3735,2024,1,0.19529694318771362
3735,2024,2,0.2004673033952713
3735,2024,3,0.06902385503053665
3735,2024,4,0.13426531851291656
3812,2024,1,0.006190318614244461
3812,2024,2,0.004881381057202816
3812,2024,3,0.0017628876958042383
3812,2024,4,0.0040151989087462425
4029,2024,1,0.24131016433238983
4029,2024,2,0.24275711178779602
4029,2024,3,0.09409523010253906
4029,2024,4,0.16724315285682678
4036,2024,1,0.13660454750061035
4036,2024,2,0.13878421485424042
4036,2024,3,0.041660409420728683
4036,2024,4,0.08977320790290833
4049,2024,1,0.005446299444884062
4049,2024,2,0.004204632248729467
4049,2024,3,0.001598792034201324
4049,2024,4,0.0035675913095474243
4077,2024,1,0.002491929102689028
4077,2024,2,0.001799170859158039
4077,2024,3,0.0007279091514647007
4077,2024,4,0.0016241547418758273
4086,2024,1,0.0037747519090771675
4086,2024,2,0.0028252932243049145
4086,2024,3,0.0010920593049377203
4086,2024,4,0.0024482652079313993
4100,2024,1,0.0026542036794126034
4100,2024,2,0.0019329844508320093
4100,2024,3,0.0007690352504141629
4100,2024,4,0.0017264741472899914
4119,2024,1,0.15850016474723816
4119,2024,2,0.1611035168170929
4119,2024,3,0.05156537890434265
4119,2024,4,0.10559441894292831
4123,2024,1,0.0021353529300540686
4123,2024,2,0.0015204506926238537
4123,2024,3,0.0006313907215371728
4123,2024,4,0.0014010085724294186
4124,2024,1,0.0037320242263376713
4124,2024,2,0.0028052330017089844
4124,2024,3,0.0010758431162685156
4124,2024,4,0.00242606271058321
4128,2024,1,0.0015200735069811344
4128,2024,2,0.0010491365101188421
4128,2024,3,0.00044620101107284427
4128,2024,4,0.0009900570148602128
4131,2024,1,0.13597027957439423
4131,2024,2,0.13813774287700653
4131,2024,3,0.04138192906975746
4131,2024,4,0.08928942680358887
4143,2024,1,0.0019211515318602324
4143,2024,2,0.0013562015956267715
4143,2024,3,0.0005607568891718984
4143,2024,4,0.0012506324565038085
4148,2024,1,0.0007471080170944333
4148,2024,2,0.00048104242887347937
4148,2024,3,0.00022321936558000743
4148,2024,4,0.0004880493215750903
4164,2024,1,0.0027564684860408306
4164,2024,2,0.002013856079429388
4164,2024,3,0.0007988689467310905
4164,2024,4,0.0017926539294421673
4187,2024,1,0.23956143856048584
4187,2024,2,0.24138517677783966
4187,2024,3,0.09340918064117432
4187,2024,4,0.16687969863414764
4189,2024,1,0.001576192444190383
4189,2024,2,0.0010888498509302735
4189,2024,3,0.00046332867350429296
4189,2024,4,0.0010240946430712938
4198,2024,1,0.002254383871331811
4198,2024,2,0.0016150809824466705
4198,2024,3,0.0006562789203599095
4198,2024,4,0.0014666878851130605
4214,2024,1,0.002017504768446088
4214,2024,2,0.0014262908371165395
4214,2024,3,0.0005923854187130928
4214,2024,4,0.0013152232859283686
4218,2024,1,0.0066174957901239395
4218,2024,2,0.0052484567277133465
4218,2024,3,0.0018817917443811893
4218,2024,4,0.004289986100047827
4222,2024,1,0.13595959544181824
4222,2024,2,0.13812504708766937
4222,2024,3,0.0413772314786911
4222,2024,4,0.08927856385707855
4252,2024,1,0.2356196939945221
4252,2024,2,0.23571966588497162
4252,2024,3,0.09158281981945038
4252,2024,4,0.16436134278774261
4274,2024,1,0.0025941270869225264
4274,2024,2,0.0018845188897103071
4274,2024,3,0.0007516206824220717
4274,2024,4,0.0016891780542209744
4283,2024,1,0.0010852869600057602
4283,2024,2,0.0007249294430948794
4283,2024,3,0.000320739287417382
4283,2024,4,0.0007071676664054394
4314,2024,1,0.14264839887619019
4314,2024,2,0.1463354229927063
4314,2024,3,0.04410572350025177
4314,2024,4,0.09481732547283173
4317,2024,1,0.21156175434589386
4317,2024,2,0.21446245908737183
4317,2024,3,0.07780743390321732
4317,2024,4,0.1444793939590454
4363,2024,1,0.19557639956474304
4363,2024,2,0.19851207733154297
4363,2024,3,0.06969916820526123
4363,2024,4,0.1324542760848999
4365,2024,1,0.15676940977573395
4365,2024,2,0.15971146523952484
4365,2024,3,0.05064666271209717
4365,2024,4,0.10473974049091339
4371,2024,1,0.0020377892069518566
4371,2024,2,0.001443703193217516
4371,2024,3,0.0005966087337583303
4371,2024,4,0.0013261864660307765
4373,2024,1,0.13543500006198883
4373,2024,2,0.13759277760982513
4373,2024,3,0.041149336844682693
4373,2024,4,0.08889061212539673
4380,2024,1,0.1359146684408188
4380,2024,2,0.13808128237724304
4380,2024,3,0.04135878384113312
4380,2024,4,0.08925329148769379
4418,2024,1,0.1363442838191986
4418,2024,2,0.1385192722082138
4418,2024,3,0.041546888649463654
4418,2024,4,0.08957886695861816
4427,2024,1,0.0016468495596200228
4427,2024,2,0.0011449517915025353
4427,2024,3,0.0004830208490602672
4427,2024,4,0.0010726724285632372
4431,2024,1,0.0015680554788559675
4431,2024,2,0.0010853748535737395
4431,2024,3,0.00046004654723219573
4431,2024,4,0.001021343283355236
4437,2024,1,0.0017418137285858393
4437,2024,2,0.0012181102065369487
4437,2024,3,0.0005096557433716953
4437,2024,4,0.0011343961814418435
4441,2024,1,0.13582536578178406
4441,2024,2,0.1379905641078949
4441,2024,3,0.041318584233522415
4441,2024,4,0.08918014168739319
4442,2024,1,0.0031734448857605457
4442,2024,2,0.0023506050929427147
4442,2024,3,0.0009154229774139822
4442,2024,4,0.0020621123258024454
4445,2024,1,0.001876282854937017
4445,2024,2,0.001319860341027379
4445,2024,3,0.0005511932540684938
4445,2024,4,0.0012241359800100327
4449,2024,1,0.3256264328956604
4449,2024,2,0.3293952941894531
4449,2024,3,0.1431540846824646
4449,2024,4,0.2385958433151245
4454,2024,1,0.0027893083170056343
4454,2024,2,0.0020395582541823387
4454,2024,3,0.0008091274066828191
4454,2024,4,0.0018146104412153363
4457,2024,1,0.0029277955181896687
4457,2024,2,0.0021497460547834635
4457,2024,3,0.0008496143855154514
4457,2024,4,0.0019055578159168363
4459,2024,1,0.2744133770465851
4459,2024,2,0.2751384377479553
4459,2024,3,0.11346183717250824
4459,2024,4,0.19252748787403107
4461,2024,1,0.004621228203177452
4461,2024,2,0.003542655613273382
4461,2024,3,0.0013243837747722864
4461,2024,4,0.0029983925633132458
4484,2024,1,0.0023050103336572647
4484,2024,2,0.0016562289092689753
4484,2024,3,0.0006691999733448029
4484,2024,4,0.0014986090827733278
4485,2024,1,0.003307604230940342
4485,2024,2,0.0024604955688118935
4485,2024,3,0.0009532705880701542
4485,2024,4,0.002150337677448988
4500,2024,1,0.0034325129818171263
4500,2024,2,0.002561175497248769
4500,2024,3,0.0009907763451337814
4500,2024,4,0.0022329792845994234
4509,2024,1,0.13619570434093475
4509,2024,2,0.1383650153875351
4509,2024,3,0.04148068279027939
4509,2024,4,0.08945728838443756
4517,2024,1,0.006558408960700035
4517,2024,2,0.005197244696319103
4517,2024,3,0.00186754553578794
4517,2024,4,0.004253537394106388
4520,2024,1,0.2786846458911896
4520,2024,2,0.28349459171295166
4520,2024,3,0.11455932259559631
4520,2024,4,0.20018067955970764
4524,2024,1,0.0023190032225102186
4524,2024,2,0.0016660025576129556
4524,2024,3,0.0006811507046222687
4524,2024,4,0.001517768483608961
4549,2024,1,0.24293364584445953
4549,2024,2,0.2452068030834198
4549,2024,3,0.09533601999282837
4549,2024,4,0.17002886533737183
4551,2024,1,0.1834869682788849
4551,2024,2,0.18638728559017181
4551,2024,3,0.06340039521455765
4551,2024,4,0.12421990185976028
4566,2024,1,0.15012820065021515
4566,2024,2,0.1516510248184204
4566,2024,3,0.047727152705192566
4566,2024,4,0.09865564107894897
4580,2024,1,0.13942140340805054
4580,2024,2,0.1416616141796112
4580,2024,3,0.04289402812719345
4580,2024,4,0.09182603657245636
4591,2024,1,0.003239199984818697
4591,2024,2,0.0023997342213988304
4591,2024,3,0.0009424042655155063
4591,2024,4,0.0021126780193299055
4592,2024,1,0.009083244949579239
4592,2024,2,0.007401538547128439
4592,2024,3,0.0025729425251483917
4592,2024,4,0.005879281088709831
4594,2024,1,0.0026152099017053843
4594,2024,2,0.0018991372780874372
4594,2024,3,0.000759525690227747
4594,2024,4,0.00170061644166708
4606,2024,1,0.4231395721435547
4606,2024,2,0.4295329451560974
4606,2024,3,0.20835262537002563
4606,2024,4,0.32310864329338074
4627,2024,1,0.0024243248626589775
4627,2024,2,0.0017490715254098177
4627,2024,3,0.000705318059772253
4627,2024,4,0.0015782982809469104
4628,2024,1,0.002257289132103324
4628,2024,2,0.001615501823835075
4628,2024,3,0.0006586150266230106
4628,2024,4,0.001469700364395976
4633,2024,1,0.13543802499771118
4633,2024,2,0.13760113716125488
4633,2024,3,0.04115116223692894
4633,2024,4,0.08890727162361145
4636,2024,1,0.18864595890045166
4636,2024,2,0.19162926077842712
4636,2024,3,0.06575356423854828
4636,2024,4,0.12844879925251007
4643,2024,1,0.13610383868217468
4643,2024,2,0.13827402889728546
4643,2024,3,0.041440948843955994
4643,2024,4,0.08939406275749207
4644,2024,1,0.002224290743470192
4644,2024,2,0.0015918967546895146
4644,2024,3,0.0006479455041699111
4644,2024,4,0.0014478927478194237
4658,2024,1,0.0017980223055928946
4658,2024,2,0.001261130440980196
4658,2024,3,0.0005260496400296688
4658,2024,4,0.0011710794642567635
4683,2024,1,0.14455054700374603
4683,2024,2,0.14660146832466125
4683,2024,3,0.04525749012827873
4683,2024,4,0.09567779302597046
4692,2024,1,0.001528602559119463
4692,2024,2,0.0010553138563409448
4692,2024,3,0.00044910708675161004
4692,2024,4,0.0009961787145584822
4694,2024,1,0.0037200739607214928
4694,2024,2,0.0027983812615275383
4694,2024,3,0.0010690424824133515
4694,2024,4,0.0024138917215168476
4701,2024,1,0.0023093654308468103
4701,2024,2,0.0016597253270447254
4701,2024,3,0.0006709749577566981
4701,2024,4,0.0015023278538137674
4702,2024,1,0.13616082072257996
4702,2024,2,0.13833016157150269
4702,2024,3,0.041465163230895996
4702,2024,4,0.08943110704421997
4708,2024,1,0.1355230063199997
4708,2024,2,0.13768310844898224
4708,2024,3,0.04118739441037178
4708,2024,4,0.08895505964756012
4722,2024,1,0.16118991374969482
4722,2024,2,0.16352707147598267
4722,2024,3,0.052645519375801086
4722,2024,4,0.1076226755976677
4745,2024,1,0.4116511046886444
4745,2024,2,0.41803669929504395
4745,2024,3,0.20063772797584534
4745,2024,4,0.3116842210292816
4757,2024,1,0.13573837280273438
4757,2024,2,0.1378992348909378
4757,2024,3,0.04128071293234825
4757,2024,4,0.08910613507032394
4777,2024,1,0.0028404942713677883
4777,2024,2,0.0020836086478084326
4777,2024,3,0.0008210219675675035
4777,2024,4,0.0018480244325473905
4792,2024,1,0.002098466269671917
4792,2024,2,0.0014930490870028734
4792,2024,3,0.0006127599626779556
4792,2024,4,0.0013667147140949965
4796,2024,1,0.0038187194149941206
4796,2024,2,0.0028767723124474287
4796,2024,3,0.0011001916136592627
4796,2024,4,0.0024827169254422188
4800,2024,1,0.2610836923122406
4800,2024,2,0.26509612798690796
4800,2024,3,0.1049090251326561
4800,2024,4,0.18497195839881897
4806,2024,1,0.13580754399299622
4806,2024,2,0.13797087967395782
4806,2024,3,0.04131056368350983
4806,2024,4,0.08916378021240234
4809,2024,1,0.4032664895057678
4809,2024,2,0.4154522120952606
4809,2024,3,0.18980282545089722
4809,2024,4,0.306900292634964
4814,2024,1,0.002499969210475683
4814,2024,2,0.0018100433517247438
4814,2024,3,0.0007253758958540857
4814,2024,4,0.0016261317068710923
4817,2024,1,0.0018169691320508718
4817,2024,2,0.0012748610461130738
4817,2024,3,0.0005317692412063479
4817,2024,4,0.001183003536425531
4823,2024,1,0.13583335280418396
4823,2024,2,0.13799914717674255
4823,2024,3,0.0413229875266552
4823,2024,4,0.08918926864862442
4838,2024,1,0.0020130546763539314
4838,2024,2,0.001427216804586351
4838,2024,3,0.0005877802614122629
4838,2024,4,0.0013110095169395208
4846,2024,1,0.002012471668422222
4846,2024,2,0.0014290580293163657
4846,2024,3,0.000584681867621839
4846,2024,4,0.001308987382799387
4858,2024,1,0.002918099518865347
4858,2024,2,0.002142539946362376
4858,2024,3,0.000845935195684433
4858,2024,4,0.0018982549663633108
4863,2024,1,0.18141323328018188
4863,2024,2,0.18532493710517883
4863,2024,3,0.06203436106443405
4863,2024,4,0.122004434466362
4869,2024,1,0.13547062873840332
4869,2024,2,0.1376282274723053
4869,2024,3,0.04116372391581535
4869,2024,4,0.08891090005636215
4884,2024,1,0.3328050374984741
4884,2024,2,0.3396027386188507
4884,2024,3,0.14644330739974976
4884,2024,4,0.2433888167142868
4889,2024,1,0.31627070903778076
4889,2024,2,0.3204399645328522
4889,2024,3,0.13817641139030457
4889,2024,4,0.22993725538253784
4890,2024,1,0.003550460562109947
4890,2024,2,0.00265617948025465
4890,2024,3,0.0010241980198770761
4890,2024,4,0.0023077144287526608
4892,2024,1,0.13561511039733887
4892,2024,2,0.13777822256088257
4892,2024,3,0.04122757539153099
4892,2024,4,0.08902658522129059
4895,2024,1,0.16059830784797668
4895,2024,2,0.16478395462036133
4895,2024,3,0.05259210243821144
4895,2024,4,0.10861457884311676
4896,2024,1,0.000833332072943449
4896,2024,2,0.0005426575080491602
4896,2024,3,0.000247498566750437
4896,2024,4,0.0005430714809335768
4913,2024,1,0.00609684968367219
4913,2024,2,0.004801242612302303
4913,2024,3,0.0017354388255625963
4913,2024,4,0.003952518105506897
4914,2024,1,0.26491719484329224
4914,2024,2,0.2700353264808655
4914,2024,3,0.10711745917797089
4914,2024,4,0.18835127353668213
4915,2024,1,0.002050268230959773
4915,2024,2,0.0014552137581631541
4915,2024,3,0.0005990312783978879
4915,2024,4,0.001334808417595923
4916,2024,1,0.0016515677561983466
4916,2024,2,0.0011490231845527887
4916,2024,3,0.000484240532387048
4916,2024,4,0.0010761944577097893
4920,2024,1,0.0009329483727924526
4920,2024,2,0.0006144175422377884
4920,2024,3,0.00027613749261945486
4920,2024,4,0.0006078417645767331
4921,2024,1,0.25502467155456543
4921,2024,2,0.25939103960990906
4921,2024,3,0.10116313397884369
4921,2024,4,0.18029162287712097
4925,2024,1,0.003768693655729294
4925,2024,2,0.002836821600794792
4925,2024,3,0.001084278803318739
4925,2024,4,0.0024485946632921696
4934,2024,1,0.00256937462836504
4934,2024,2,0.0018633636645972729
4934,2024,3,0.0007473612204194069
4934,2024,4,0.0016720651183277369
4947,2024,1,0.001931728096678853
4947,2024,2,0.0013637279625982046
4947,2024,3,0.0005654056440107524
4947,2024,4,0.0012590440455824137
4953,2024,1,0.13589848577976227
4953,2024,2,0.13806334137916565
4953,2024,3,0.04135041683912277
4953,2024,4,0.08923416584730148
4971,2024,1,0.1423214077949524
4971,2024,2,0.14369039237499237
4971,2024,3,0.04444345086812973
4971,2024,4,0.09384997189044952
4974,2024,1,0.20272493362426758
4974,2024,2,0.20726622641086578
4974,2024,3,0.07281037420034409
4974,2024,4,0.13947641849517822
4976,2024,1,0.0017147434409707785
4976,2024,2,0.0011957173701375723
4976,2024,3,0.0005040907999500632
4976,2024,4,0.0011184008326381445
4983,2024,1,0.3060125410556793
4983,2024,2,0.3105107545852661
4983,2024,3,0.13204383850097656
4983,2024,4,0.22356107831001282
4992,2024,1,0.18241769075393677
4992,2024,2,0.1871638298034668
4992,2024,3,0.06285396218299866
4992,2024,4,0.12395717203617096
4994,2024,1,0.0007762152235955
4994,2024,2,0.0005010620225220919
4994,2024,3,0.00023177103139460087
4994,2024,4,0.0005059476243332028
4996,2024,1,0.13615912199020386
4996,2024,2,0.13832853734493256
4996,2024,3,0.04146425426006317
4996,2024,4,0.08942948281764984
5019,2024,1,0.001813325798138976
5019,2024,2,0.0012707393616437912
5019,2024,3,0.000530898803845048
5019,2024,4,0.001178259844891727
5020,2024,1,0.001837566145695746
5020,2024,2,0.0012898300774395466
5020,2024,3,0.0005376172484830022
5020,2024,4,0.001195478835143149
5021,2024,1,0.002711588516831398
5021,2024,2,0.0019782441668212414
5021,2024,3,0.0007854891009628773
5021,2024,4,0.0017631874652579427
5023,2024,1,0.002561483532190323
5023,2024,2,0.0018586375517770648
5023,2024,3,0.0007421413902193308
5023,2024,4,0.001664097886532545
5024,2024,1,0.1352347433567047
5024,2024,2,0.1373887062072754
5024,2024,3,0.04106184095144272
5024,2024,4,0.08873723447322845
5033,2024,1,0.1356910765171051
5033,2024,2,0.13785314559936523
5033,2024,3,0.041260287165641785
5033,2024,4,0.0890800803899765
5034,2024,1,0.0012932384852319956
5034,2024,2,0.0008781509823165834
5034,2024,3,0.0003816019743680954
5034,2024,4,0.0008431777823716402
5042,2024,1,0.3495400547981262
5042,2024,2,0.35578638315200806
5042,2024,3,0.15813224017620087
5042,2024,4,0.2581443190574646
5043,2024,1,0.0023920275270938873
5043,2024,2,0.0017227731877937913
5043,2024,3,0.0006963757332414389
5043,2024,4,0.0015566149959340692
5048,2024,1,0.00228585721924901
5048,2024,2,0.0016413736157119274
5048,2024,3,0.0006641953950747848
5048,2024,4,0.0014871866442263126
5055,2024,1,0.1361929178237915
5055,2024,2,0.13836611807346344
5055,2024,3,0.04148247465491295
5055,2024,4,0.08947925269603729
5057,2024,1,0.0017980788834393024
5057,2024,2,0.0012607431272044778
5057,2024,3,0.0005263406783342361
5057,2024,4,0.0011710146209225059
5061,2024,1,0.0027006121817976236
5061,2024,2,0.001969817327335477
5061,2024,3,0.0007823224877938628
5061,2024,4,0.0017564025474712253
5068,2024,1,0.0020264131017029285
5068,2024,2,0.001436989288777113
5068,2024,3,0.0005920887924730778
5068,2024,4,0.0013195639476180077
5071,2024,1,0.2226307988166809
5071,2024,2,0.22635303437709808
5071,2024,3,0.08304723352193832
5071,2024,4,0.15400290489196777
5084,2024,1,0.13572023808956146
5084,2024,2,0.13788211345672607
5084,2024,3,0.04127272218465805
5084,2024,4,0.08909939229488373
5088,2024,1,0.26026713848114014
5088,2024,2,0.264323890209198
5088,2024,3,0.10488134622573853
5088,2024,4,0.18514126539230347
5090,2024,1,0.00245044962503016
5090,2024,2,0.0017712522530928254
5090,2024,3,0.0007105635013431311
5090,2024,4,0.0015929602086544037
5093,2024,1,0.0008829692378640175
5093,2024,2,0.0005778972408734262
5093,2024,3,0.0002622509200591594
5093,2024,4,0.0005754603771492839
5102,2024,1,0.295648992061615
5102,2024,2,0.29979875683784485
5102,2024,3,0.12513908743858337
5102,2024,4,0.21280476450920105
5107,2024,1,0.24781277775764465
5107,2024,2,0.24915951490402222
5107,2024,3,0.09809906780719757
5107,2024,4,0.17375189065933228
5115,2024,1,0.2020770013332367
5115,2024,2,0.2059294879436493
5115,2024,3,0.07259395718574524
5115,2024,4,0.1388576626777649
5116,2024,1,0.0014195562107488513
5116,2024,2,0.0009765829890966415
5116,2024,3,0.00041375524597242475
5116,2024,4,0.0009232108714058995
5133,2024,1,0.0011904488783329725
5133,2024,2,0.0008026397554203868
5133,2024,3,0.00035086172283627093
5133,2024,4,0.0007755832048133016
5136,2024,1,0.0014983587898314
5136,2024,2,0.0010325743351131678
5136,2024,3,0.00044024374801665545
5136,2024,4,0.0009764037095010281
5142,2024,1,0.13618330657482147
5142,2024,2,0.13835477828979492
5142,2024,3,0.04147672653198242
5142,2024,4,0.08945700526237488
5148,2024,1,0.0023133449722081423
5148,2024,2,0.0016626622527837753
5148,2024,3,0.0006732646143063903
5148,2024,4,0.0015060363803058863
5161,2024,1,0.0018894700333476067
5161,2024,2,0.0013312798691913486
5161,2024,3,0.0005523253930732608
5161,2024,4,0.0012304437113925815
5167,2024,1,0.13574811816215515
5167,2024,2,0.13791264593601227
5167,2024,3,0.04128555580973625
5167,2024,4,0.08912495523691177
5170,2024,1,0.22907787561416626
5170,2024,2,0.23110263049602509
5170,2024,3,0.0876464992761612
5170,2024,4,0.15968504548072815
5192,2024,1,0.004167038481682539
5192,2024,2,0.0031672639306634665
5192,2024,3,0.0011948345927521586
5192,2024,4,0.002705139573663473
5195,2024,1,0.001285289297811687
5195,2024,2,0.0008731234120205045
5195,2024,3,0.0003780160332098603
5195,2024,4,0.0008371064905077219
5214,2024,1,0.0018779665697366
5214,2024,2,0.001322330441325903
5214,2024,3,0.0005493704229593277
5214,2024,4,0.0012231444707140326
5218,2024,1,0.4453144669532776
5218,2024,2,0.4513770341873169
5218,2024,3,0.22476187348365784
5218,2024,4,0.342171847820282
5224,2024,1,0.003326720092445612
5224,2024,2,0.00247953156940639
5224,2024,3,0.0009562117047607899
5224,2024,4,0.0021628006361424923
5247,2024,1,0.0013840615283697844
5247,2024,2,0.000946416927035898
5247,2024,3,0.00040750467451289296
5247,2024,4,0.0009021451696753502
5248,2024,1,0.002017417922616005
5248,2024,2,0.0014306213706731796
5248,2024,3,0.0005887818988412619
5248,2024,4,0.0013136230409145355
5251,2024,1,0.13569407165050507
5251,2024,2,0.13785627484321594
5251,2024,3,0.04126161336898804
5251,2024,4,0.08908151090145111
5272,2024,1,0.0018054841784760356
5272,2024,2,0.0012670671567320824
5272,2024,3,0.0005279157776385546
5272,2024,4,0.0011758973123505712
5282,2024,1,0.002003757283091545
5282,2024,2,0.0014204741455614567
5282,2024,3,0.0005844651605002582
5282,2024,4,0.001304654753766954
5293,2024,1,0.002026438247412443
5293,2024,2,0.0014374925522133708
5293,2024,3,0.0005919190589338541
5293,2024,4,0.0013188975863158703
5296,2024,1,0.13580971956253052
5296,2024,2,0.1379731297492981
5296,2024,3,0.04131169989705086
5296,2024,4,0.08916233479976654
5301,2024,1,0.003442607820034027
5301,2024,2,0.002568356692790985
5301,2024,3,0.0009939545998349786
5301,2024,4,0.002238652901723981
5306,2024,1,0.001990975346416235
5306,2024,2,0.0014096852391958237
5306,2024,3,0.0005819234065711498
5306,2024,4,0.0012967534130439162
5320,2024,1,0.0008755383314564824
5320,2024,2,0.0005730922566726804
5320,2024,3,0.00025961126084439456
5320,2024,4,0.0005707278032787144
5321,2024,1,0.0017934010829776525
5321,2024,2,0.0012579136528074741
5321,2024,3,0.0005239943857304752
5321,2024,4,0.001167450100183487
5324,2024,1,0.20626360177993774
5324,2024,2,0.20909367501735687
5324,2024,3,0.07496204972267151
5324,2024,4,0.14193841814994812
5335,2024,1,0.0032328322995454073
5335,2024,2,0.0023961381521075964
5335,2024,3,0.0009346685837954283
5335,2024,4,0.0021011168137192726
5362,2024,1,0.003005290636792779
5362,2024,2,0.0022132250014692545
5362,2024,3,0.0008705258369445801
5362,2024,4,0.0019552307203412056
5376,2024,1,0.003924606367945671
5376,2024,2,0.0029557852540165186
5376,2024,3,0.0011421075323596597
5376,2024,4,0.002559514483436942
5384,2024,1,0.003317937720566988
5384,2024,2,0.002465736586600542
5384,2024,3,0.0009598073083907366
5384,2024,4,0.002158154034987092
5395,2024,1,0.0024222664069384336
5395,2024,2,0.0017473130719736218
5395,2024,3,0.0007044269004836679
5395,2024,4,0.0015754073392599821
5397,2024,1,0.001700270688161254
5397,2024,2,0.0011864770203828812
5397,2024,3,0.0004976860946044326
5397,2024,4,0.0011074277572333813
5402,2024,1,0.00332105765119195
5402,2024,2,0.0024704632814973593
5402,2024,3,0.0009587679523974657
5402,2024,4,0.0021603875793516636
5405,2024,1,0.0014992925571277738
5405,2024,2,0.0010334828402847052
5405,2024,3,0.00044029054697602987
5405,2024,4,0.000976922339759767
5409,2024,1,0.0014810130232945085
5409,2024,2,0.001019235118292272
5409,2024,3,0.0004352635005488992
5409,2024,4,0.0009647763799875975
5418,2024,1,0.0028590261936187744
5418,2024,2,0.002095641568303108
5418,2024,3,0.0008287635864689946
5418,2024,4,0.0018600928597152233
5425,2024,1,0.002392181195318699
5425,2024,2,0.0017196198459714651
5425,2024,3,0.0006980529287829995
5425,2024,4,0.001563614932820201
5427,2024,1,0.007547290995717049
5427,2024,2,0.006058082915842533
5427,2024,3,0.0021422638092190027
5427,2024,4,0.004890252836048603
5435,2024,1,0.002450629137456417
5435,2024,2,0.0017698563169687986
5435,2024,3,0.000711749424226582
5435,2024,4,0.0015935557894408703
5457,2024,1,0.19594456255435944
5457,2024,2,0.20085667073726654
5457,2024,3,0.0693143978714943
5457,2024,4,0.13473214209079742
5462,2024,1,0.0019449747633188963
5462,2024,2,0.001374862971715629
5462,2024,3,0.0005677074659615755
5462,2024,4,0.0012665000976994634
5466,2024,1,0.004252242855727673
5466,2024,2,0.003236194374039769
5466,2024,3,0.0012213701847940683
5466,2024,4,0.0027616755105555058
5467,2024,1,0.0016341970767825842
5467,2024,2,0.00113679061178118
5467,2024,3,0.00047821045154705644
5467,2024,4,0.0010642483830451965
5483,2024,1,0.13536079227924347
5483,2024,2,0.13751867413520813
5483,2024,3,0.041116002947092056
5483,2024,4,0.08883044123649597
5488,2024,1,0.0024536720011383295
5488,2024,2,0.0017727024387568235
5488,2024,3,0.000713817251380533
5488,2024,4,0.0015975995920598507
5498,2024,1,0.002623278181999922
5498,2024,2,0.0019093283917754889
5498,2024,3,0.0007596017676405609
5498,2024,4,0.001706236507743597
5502,2024,1,0.0015000333078205585
5502,2024,2,0.0010342472232878208
5502,2024,3,0.0004403633065521717
5502,2024,4,0.000977387884631753
5509,2024,1,0.00241814530454576
5509,2024,2,0.0017435221234336495
5509,2024,3,0.0007035296875983477
5509,2024,4,0.0015730190789327025
5510,2024,1,0.23165498673915863
5510,2024,2,0.23451679944992065
5510,2024,3,0.08858055621385574
5510,2024,4,0.16007423400878906
5512,2024,1,0.17650291323661804
5512,2024,2,0.17933648824691772
5512,2024,3,0.05990300327539444
5512,2024,4,0.11901803314685822
5514,2024,1,0.001733856275677681
5514,2024,2,0.0012109156232327223
5514,2024,3,0.0005088764009997249
5514,2024,4,0.0011297875316813588
5519,2024,1,0.0030034519731998444
5519,2024,2,0.0022134892642498016
5519,2024,3,0.0008665314526297152
5519,2024,4,0.001946549629792571
5537,2024,1,0.17004211246967316
5537,2024,2,0.17305317521095276
5537,2024,3,0.05698096379637718
5537,2024,4,0.11474601924419403
5545,2024,1,0.17620810866355896
5545,2024,2,0.1804315745830536
5545,2024,3,0.059548694640398026
5545,2024,4,0.11962682008743286
5547,2024,1,0.1468961387872696
5547,2024,2,0.14816607534885406
5547,2024,3,0.04644070938229561
5547,2024,4,0.09703035652637482
5564,2024,1,0.27312809228897095
5564,2024,2,0.2776646912097931
5564,2024,3,0.11168552935123444
5564,2024,4,0.19492636620998383
5574,2024,1,0.0017958056414499879
5574,2024,2,0.0012600645422935486
5574,2024,3,0.0005249331006780267
5574,2024,4,0.0011697439476847649
5582,2024,1,0.0032589377369731665
5582,2024,2,0.0024172996636480093
5582,2024,3,0.0009431546786800027
5582,2024,4,0.0021196273155510426
5585,2024,1,0.35566768050193787
5585,2024,2,0.3652901351451874
5585,2024,3,0.1608748733997345
5585,2024,4,0.26457124948501587
5606,2024,1,0.0018283944809809327
5606,2024,2,0.0012839330593124032
5606,2024,3,0.000534954306203872
5606,2024,4,0.0011901619145646691
5607,2024,1,0.0036594881676137447
5607,2024,2,0.002746443497017026
5607,2024,3,0.0010541715892031789
5607,2024,4,0.0023782241623848677
5622,2024,1,0.007207786664366722
5622,2024,2,0.005763208493590355
5622,2024,3,0.002046378096565604
5622,2024,4,0.004669850692152977
5625,2024,1,0.002079951111227274
5625,2024,2,0.0014791927533224225
5625,2024,3,0.0006068433867767453
5625,2024,4,0.0013542163651436567
5649,2024,1,0.002186898607760668
5649,2024,2,0.0015619514742866158
5649,2024,3,0.000637114280834794
5649,2024,4,0.0014224844053387642
5659,2024,1,0.0016709808260202408
5659,2024,2,0.0011639203876256943
5659,2024,3,0.0004891998833045363
5659,2024,4,0.0010880045592784882
5662,2024,1,0.0018744574626907706
5662,2024,2,0.0013198701199144125
5662,2024,3,0.0005481754196807742
5662,2024,4,0.0012210786808282137
5672,2024,1,0.18034937977790833
5672,2024,2,0.18302680552005768
5672,2024,3,0.06194109469652176
5672,2024,4,0.12197960913181305
5680,2024,1,0.0026886705309152603
5680,2024,2,0.0019578291103243828
5680,2024,3,0.000782286748290062
5680,2024,4,0.001750217517837882
5698,2024,1,0.0019578756764531136
5698,2024,2,0.0013845576904714108
5698,2024,3,0.0005718988250009716
5698,2024,4,0.0012750104069709778
5700,2024,1,0.0023777654860168695
5700,2024,2,0.0017134035006165504
5700,2024,3,0.000690338434651494
5700,2024,4,0.0015462951269000769
5702,2024,1,0.0036685876548290253
5702,2024,2,0.0027544889599084854
5702,2024,3,0.0010538352653384209
5702,2024,4,0.0023810456041246653
5704,2024,1,0.2915573716163635
5704,2024,2,0.29600128531455994
5704,2024,3,0.12242943048477173
5704,2024,4,0.20928356051445007
5792,2024,1,0.0015303634572774172
5792,2024,2,0.0010571866296231747
5792,2024,3,0.00044848094694316387
5792,2024,4,0.000996498391032219
5802,2024,1,0.0010427914094179869
5802,2024,2,0.0006927378126420081
5802,2024,3,0.00030938797863200307
5802,2024,4,0.0006795268272981048
5811,2024,1,0.1356196105480194
5811,2024,2,0.13778072595596313
5811,2024,3,0.04122933745384216
5811,2024,4,0.08902771770954132
5816,2024,1,0.0013220853870734572
5816,2024,2,0.0008999665733426809
5816,2024,3,0.00038972898619249463
5816,2024,4,0.0008619055151939392
5817,2024,1,0.13603496551513672
5817,2024,2,0.13820430636405945
5817,2024,3,0.04141203686594963
5817,2024,4,0.08934733271598816
5818,2024,1,0.0013756781117990613
5818,2024,2,0.000940775906201452
5818,2024,3,0.000404021586291492
5818,2024,4,0.0008958635153248906
5823,2024,1,0.3134499192237854
5823,2024,2,0.3177114725112915
5823,2024,3,0.13590383529663086
5823,2024,4,0.2270541936159134
5843,2024,1,0.0021840669214725494
5843,2024,2,0.0015618561301380396
5843,2024,3,0.0006349610048346221
5843,2024,4,0.00142185902222991
5849,2024,1,0.24298645555973053
5849,2024,2,0.24676166474819183
5849,2024,3,0.09454859793186188
5849,2024,4,0.1700366586446762
5850,2024,1,0.0039529018104076385
5850,2024,2,0.002987498417496681
5850,2024,3,0.00113802426494658
5850,2024,4,0.002568745519965887
5855,2024,1,0.002106289379298687
5855,2024,2,0.0015002400614321232
5855,2024,3,0.0006133356364443898
5855,2024,4,0.0013703836593776941
5856,2024,1,0.21832728385925293
5856,2024,2,0.22178731858730316
5856,2024,3,0.08135129511356354
5856,2024,4,0.15059784054756165
5862,2024,1,0.28266671299934387
5862,2024,2,0.285899817943573
5862,2024,3,0.11758887767791748
5862,2024,4,0.20014366507530212
5863,2024,1,0.0011900587705895305
5863,2024,2,0.0008020104141905904
5863,2024,3,0.00035128783201798797
5863,2024,4,0.0007756649283692241
5873,2024,1,0.19055905938148499
5873,2024,2,0.19552826881408691
5873,2024,3,0.0666692852973938
5873,2024,4,0.13056635856628418
5887,2024,1,0.001557100797072053
5887,2024,2,0.0010774818947538733
5887,2024,3,0.0004571378813125193
5887,2024,4,0.0010147762950509787
5898,2024,1,0.005673698149621487
5898,2024,2,0.0044351601973176
5898,2024,3,0.001623421791009605
5898,2024,4,0.0036858385428786278
5911,2024,1,0.005489226430654526
5911,2024,2,0.0042803590185940266
5911,2024,3,0.001566112507134676
5911,2024,4,0.0035606762394309044
5912,2024,1,0.13560892641544342
5912,2024,2,0.13776908814907074
5912,2024,3,0.04122404009103775
5912,2024,4,0.08901584148406982
5924,2024,1,0.13609015941619873
5924,2024,2,0.1382606029510498
5924,2024,3,0.04143357276916504
5924,2024,4,0.08937592804431915
5933,2024,1,0.0019587811548262835
5933,2024,2,0.001386097283102572
5933,2024,3,0.0005704511422663927
5933,2024,4,0.0012737961951643229
5939,2024,1,0.13504761457443237
5939,2024,2,0.13719414174556732
5939,2024,3,0.040981490164995193
5939,2024,4,0.0886038988828659
5952,2024,1,0.0008703501662239432
5952,2024,2,0.0005685182986781001
5952,2024,3,0.0002590804942883551
5952,2024,4,0.0005678018787875772
5956,2024,1,0.1357482373714447
5956,2024,2,0.1379113346338272
5956,2024,3,0.04128611460328102
5956,2024,4,0.08912651240825653
5965,2024,1,0.001787385088391602
5965,2024,2,0.0012528977822512388
5965,2024,3,0.0005230329697951674
5965,2024,4,0.0011640576412901282
5966,2024,1,0.287439227104187
5966,2024,2,0.2907382547855377
5966,2024,3,0.12019126117229462
5966,2024,4,0.20515076816082
5971,2024,1,0.0016547194682061672
5971,2024,2,0.0011509049218147993
5971,2024,3,0.0004851929843425751
5971,2024,4,0.0010776619892567396
5978,2024,1,0.0035315104760229588
5978,2024,2,0.0026427889242768288
5978,2024,3,0.001016966300085187
5978,2024,4,0.0022944770753383636
5992,2024,1,0.0020953654311597347
5992,2024,2,0.0014905566349625587
5992,2024,3,0.0006111641996540129
5992,2024,4,0.0013633095659315586
6065,2024,1,0.002578908810392022
6065,2024,2,0.0018733541946858168
6065,2024,3,0.0007493657758459449
6065,2024,4,0.0016797739081084728
6076,2024,1,0.14495065808296204
6076,2024,2,0.145398810505867
6076,2024,3,0.0453677698969841
6076,2024,4,0.09457707405090332
6078,2024,1,0.13595440983772278
6078,2024,2,0.1381220817565918
6078,2024,3,0.041376177221536636
6078,2024,4,0.0892830491065979
6086,2024,1,0.002314166631549597
6086,2024,2,0.0016638841480016708
6086,2024,3,0.0006721708341501653
6086,2024,4,0.0015055533731356263
6089,2024,1,0.002084595151245594
6089,2024,2,0.0014845170080661774
6089,2024,3,0.0006066663772799075
6089,2024,4,0.001357648754492402
6110,2024,1,0.0021049845963716507
6110,2024,2,0.00149928976316005
6110,2024,3,0.0006124526844359934
6110,2024,4,0.0013690749183297157
6129,2024,1,0.002118683885782957
6129,2024,2,0.0015078230062499642
6129,2024,3,0.0006198351620696485
6129,2024,4,0.00138064322527498
6143,2024,1,0.0021292620804160833
6143,2024,2,0.0015159215545281768
6143,2024,3,0.000622190535068512
6143,2024,4,0.0013849070528522134
6145,2024,1,0.0018401440465822816
6145,2024,2,0.001293422537855804
6145,2024,3,0.0005385670810937881
6145,2024,4,0.001198978046886623
6151,2024,1,0.19950975477695465
6151,2024,2,0.20294952392578125
6151,2024,3,0.07143374532461166
6151,2024,4,0.13602398335933685
6163,2024,1,0.13531258702278137
6163,2024,2,0.13746696710586548
6163,2024,3,0.041095077991485596
6163,2024,4,0.08879311382770538
6175,2024,1,0.002632476855069399
6175,2024,2,0.001915349392220378
6175,2024,3,0.0007631991757079959
6175,2024,4,0.0017125057056546211
6178,2024,1,0.0021345512941479683
6178,2024,2,0.0015219270717352629
6178,2024,3,0.0006222021766006947
6178,2024,4,0.001389568205922842
6179,2024,1,0.20943880081176758
6179,2024,2,0.2114012986421585
6179,2024,3,0.07687550783157349
6179,2024,4,0.14339639246463776
6187,2024,1,0.0015246709808707237
6187,2024,2,0.0010523166274651885
6187,2024,3,0.00044795405119657516
6187,2024,4,0.00099363352637738
6198,2024,1,0.21338555216789246
6198,2024,2,0.21689334511756897
6198,2024,3,0.0787050798535347
6198,2024,4,0.147112637758255
6201,2024,1,0.1361871361732483
6201,2024,2,0.13835862278938293
6201,2024,3,0.04147683084011078
6201,2024,4,0.08945335447788239
6203,2024,1,0.1362924873828888
6203,2024,2,0.13846632838249207
6203,2024,3,0.04152320697903633
6203,2024,4,0.08953476697206497
6205,2024,1,0.18646487593650818
6205,2024,2,0.1907224804162979
6205,2024,3,0.06474447250366211
6205,2024,4,0.12808606028556824
6224,2024,1,0.0032861961517482996
6224,2024,2,0.0024405820295214653
6224,2024,3,0.000948944827541709
6224,2024,4,0.0021361287217587233
6225,2024,1,0.0033479323610663414
6225,2024,2,0.002489563776180148
6225,2024,3,0.0009682144736871123
6225,2024,4,0.0021772668696939945
6232,2024,1,0.0033702172804623842
6232,2024,2,0.002507697558030486
6232,2024,3,0.000974986411165446
6232,2024,4,0.002192108426243067
6235,2024,1,0.003272084053605795
6235,2024,2,0.0024279190693050623
6235,2024,3,0.0009457735577598214
6235,2024,4,0.002126873005181551
6246,2024,1,0.13634361326694489
6246,2024,2,0.13851699233055115
6246,2024,3,0.04154529422521591
6246,2024,4,0.08957074582576752
6262,2024,1,0.17734825611114502
6262,2024,2,0.18112626671791077
6262,2024,3,0.06038639694452286
6262,2024,4,0.12027089297771454
6288,2024,1,0.003495384007692337
6288,2024,2,0.0026120406109839678
6288,2024,3,0.0010076828766614199
6288,2024,4,0.0022714436054229736
6290,2024,1,0.001092251855880022
6290,2024,2,0.0007299355929717422
6290,2024,3,0.00032312527764588594
6290,2024,4,0.0007122560637071729
6303,2024,1,0.16978806257247925
6303,2024,2,0.17105185985565186
6303,2024,3,0.056946538388729095
6303,2024,4,0.112776018679142
6305,2024,1,0.16775760054588318
6305,2024,2,0.17010106146335602
6305,2024,3,0.05584125593304634
6305,2024,4,0.11209367215633392
6323,2024,1,0.29795214533805847
6323,2024,2,0.2997078001499176
6323,2024,3,0.1263553947210312
6323,2024,4,0.2103426307439804
6345,2024,1,0.13541468977928162
6345,2024,2,0.13757149875164032
6345,2024,3,0.04113909229636192
6345,2024,4,0.08886705338954926
6347,2024,1,0.0019453868735581636
6347,2024,2,0.0013751292135566473
6347,2024,3,0.0005691961850970984
6347,2024,4,0.0012688621645793319
6350,2024,1,0.005176444537937641
6350,2024,2,0.004008560907095671
6350,2024,3,0.001480424078181386
6350,2024,4,0.0033556027337908745
6353,2024,1,0.21839934587478638
6353,2024,2,0.22272798418998718
6353,2024,3,0.08098766952753067
6353,2024,4,0.15112121403217316
6359,2024,1,0.5863091349601746
6359,2024,2,0.5876858234405518
6359,2024,3,0.3332817852497101
6359,2024,4,0.4691220223903656
6362,2024,1,0.0014645140618085861
6362,2024,2,0.0010086969705298543
6362,2024,3,0.00042839639354497194
6362,2024,4,0.0009521973552182317
6370,2024,1,0.13603925704956055
6370,2024,2,0.13820873200893402
6370,2024,3,0.04141176491975784
6370,2024,4,0.08934009075164795
6374,2024,1,0.003837435506284237
6374,2024,2,0.002892791759222746
6374,2024,3,0.001104129827581346
6374,2024,4,0.0024927370250225067
6386,2024,1,0.002104212064296007
6386,2024,2,0.0014980201376602054
6386,2024,3,0.0006141224876046181
6386,2024,4,0.0013708036858588457
6390,2024,1,0.1358463168144226
6390,2024,2,0.138019859790802
6390,2024,3,0.04132671654224396
6390,2024,4,0.08919013291597366
6404,2024,1,0.0018151039257645607
6404,2024,2,0.001274719717912376
6404,2024,3,0.0005303454818204045
6404,2024,4,0.0011818798957392573
6412,2024,1,0.006138415541499853
6412,2024,2,0.004834794905036688
6412,2024,3,0.0017498855013400316
6412,2024,4,0.003980834502726793
6416,2024,1,0.00813981518149376
6416,2024,2,0.0065782805904746056
6416,2024,3,0.0023043747060000896
6416,2024,4,0.005269321613013744
6417,2024,1,0.21455469727516174
6417,2024,2,0.21879065036773682
6417,2024,3,0.07917200773954391
6417,2024,4,0.14924219250679016
6422,2024,1,0.0015138445887714624
6422,2024,2,0.0010440582409501076
6422,2024,3,0.00044483249075710773
6422,2024,4,0.0009862809674814343
6427,2024,1,0.002560076303780079
6427,2024,2,0.0018568946979939938
6427,2024,3,0.0007437918102368712
6427,2024,4,0.0016658117529004812
6431,2024,1,0.012946387752890587
6431,2024,2,0.010931389406323433
6431,2024,3,0.003623778000473976
6431,2024,4,0.008362051099538803
6440,2024,1,0.006891482975333929
6440,2024,2,0.005491573829203844
6440,2024,3,0.0019530612044036388
6440,2024,4,0.0044626761227846146
6454,2024,1,0.001901022158563137
6454,2024,2,0.00134162581525743
6454,2024,3,0.0005534308729693294
6454,2024,4,0.0012362623820081353
6463,2024,1,0.2739650011062622
6463,2024,2,0.28166714310646057
6463,2024,3,0.11140692234039307
6463,2024,4,0.1981658637523651
6467,2024,1,0.0018108792137354612
6467,2024,2,0.0012704827822744846
6467,2024,3,0.0005302666104398668
6467,2024,4,0.001179591054096818
6470,2024,1,0.2634774148464203
6470,2024,2,0.2679625451564789
6470,2024,3,0.10595956444740295
6470,2024,4,0.1870630979537964
6475,2024,1,0.0019994156900793314
6475,2024,2,0.001416766201145947
6475,2024,3,0.0005834249313920736
6475,2024,4,0.0013016456505283713
6476,2024,1,0.0049927132204174995
6476,2024,2,0.0038567068986594677
6476,2024,3,0.0014282373012974858
6476,2024,4,0.003239439334720373
6499,2024,1,0.004762682598084211
6499,2024,2,0.0036633270792663097
6499,2024,3,0.0013649826869368553
6499,2024,4,0.0030920240096747875
6515,2024,1,0.20242056250572205
6515,2024,2,0.20699353516101837
6515,2024,3,0.07297289371490479
6515,2024,4,0.13936857879161835
6520,2024,1,0.002484668977558613
6520,2024,2,0.0017968278843909502
6520,2024,3,0.0007224202854558825
6520,2024,4,0.0016167801804840565
6530,2024,1,0.27350425720214844
6530,2024,2,0.27746787667274475
6530,2024,3,0.11209971457719803
6530,2024,4,0.19460725784301758
6531,2024,1,0.22108006477355957
6531,2024,2,0.22558507323265076
6531,2024,3,0.08226944506168365
6531,2024,4,0.15290939807891846
6537,2024,1,0.1600562334060669
6537,2024,2,0.16360558569431305
6537,2024,3,0.05211421102285385
6537,2024,4,0.10704562067985535
6549,2024,1,0.0037396876141428947
6549,2024,2,0.0027483622543513775
6549,2024,3,0.0011186482151970267
6549,2024,4,0.002435571514070034
6571,2024,1,0.004523501265794039
6571,2024,2,0.0034620393998920918
6571,2024,3,0.0012968096416443586
6571,2024,4,0.002935750875622034
6572,2024,1,0.416021466255188
6572,2024,2,0.42254161834716797
6572,2024,3,0.20367823541164398
6572,2024,4,0.3180878162384033
6573,2024,1,0.0016293241642415524
6573,2024,2,0.0011322259670123458
6573,2024,3,0.0004769223742187023
6573,2024,4,0.0010606939904391766
6579,2024,1,0.0018762857653200626
6579,2024,2,0.0013208620948716998
6579,2024,3,0.0005490306066349149
6579,2024,4,0.0012218323536217213
6583,2024,1,0.0018781614489853382
6583,2024,2,0.0013231041375547647
6583,2024,3,0.0005482438136823475
6583,2024,4,0.001222475548274815
6593,2024,1,0.003780849277973175
6593,2024,2,0.0028413927648216486
6593,2024,3,0.0010931901633739471
6593,2024,4,0.0024578366428613663
6601,2024,1,0.0040620844811201096
6601,2024,2,0.0030775885097682476
6601,2024,3,0.0011684950441122055
6601,2024,4,0.002638779580593109
6607,2024,1,0.0018394015496596694
6607,2024,2,0.0012990888208150864
6607,2024,3,0.0005330268759280443
6607,2024,4,0.0011945002479478717
6610,2024,1,0.16184303164482117
6610,2024,2,0.1653861552476883
6610,2024,3,0.05293618142604828
6610,2024,4,0.10833883285522461
6619,2024,1,0.16933801770210266
6619,2024,2,0.17352770268917084
6619,2024,3,0.05618184804916382
6619,2024,4,0.11413823813199997
6626,2024,1,0.0027631502598524094
6626,2024,2,0.00201299786567688
6626,2024,3,0.0008031845791265368
6626,2024,4,0.001799113117158413
6633,2024,1,0.002364922547712922
6633,2024,2,0.0017014615004882216
6633,2024,3,0.0006887081544846296
6633,2024,4,0.0015399676049128175
6649,2024,1,0.0018078938592225313
6649,2024,2,0.0012681810185313225
6649,2024,3,0.000529400072991848
6649,2024,4,0.0011775011662393808
6666,2024,1,0.004831933416426182
6666,2024,2,0.0037198374047875404
6666,2024,3,0.0013852964621037245
6666,2024,4,0.0031361188739538193
6668,2024,1,0.010152900591492653
6668,2024,2,0.008390695787966251
6668,2024,3,0.0028447811491787434
6668,2024,4,0.0065533798187971115
6678,2024,1,0.13561862707138062
6678,2024,2,0.1377793252468109
6678,2024,3,0.0412285253405571
6678,2024,4,0.08902420848608017
6683,2024,1,0.0018230982823297381
6683,2024,2,0.001280327676795423
6683,2024,3,0.0005331422435119748
6683,2024,4,0.0011871177703142166
6692,2024,1,0.17286132276058197
6692,2024,2,0.17628680169582367
6692,2024,3,0.058167681097984314
6692,2024,4,0.11697034537792206
6699,2024,1,0.003908482380211353
6699,2024,2,0.002947945613414049
6699,2024,3,0.001128428615629673
6699,2024,4,0.0025370814837515354
6701,2024,1,0.002741512842476368
6701,2024,2,0.002001094864681363
6701,2024,3,0.0007960377261042595
6701,2024,4,0.0017850170843303204
6703,2024,1,0.001901555573567748
6703,2024,2,0.0013410622486844659
6703,2024,3,0.0005553694209083915
6703,2024,4,0.0012379856780171394
6717,2024,1,0.001250800909474492
6717,2024,2,0.0008502757409587502
6717,2024,3,0.00036586233181878924
6717,2024,4,0.0008152395021170378
6719,2024,1,0.004148194100707769
6719,2024,2,0.003149501048028469
6719,2024,3,0.0011914648348465562
6719,2024,4,0.002694291528314352
6729,2024,1,0.23660704493522644
6729,2024,2,0.23924583196640015
6729,2024,3,0.09133762121200562
6729,2024,4,0.16481488943099976
6736,2024,1,0.003018531482666731
6736,2024,2,0.0022246683947741985
6736,2024,3,0.0008737465832382441
6736,2024,4,0.0019678932148963213
6745,2024,1,0.0017613363452255726
6745,2024,2,0.0012331202160567045
6745,2024,3,0.0005154585232958198
6745,2024,4,0.0011471344623714685
6753,2024,1,0.16541674733161926
6753,2024,2,0.1686633825302124
6753,2024,3,0.054688505828380585
6753,2024,4,0.10969002544879913
6759,2024,1,0.003943449817597866
6759,2024,2,0.0029776250012218952
6759,2024,3,0.0011381905060261488
6759,2024,4,0.002564375288784504
6761,2024,1,0.0038911905139684677
6761,2024,2,0.0029349476099014282
6761,2024,3,0.0011243801563978195
6761,2024,4,0.0025338558480143547
6763,2024,1,0.0023630314972251654
6763,2024,2,0.0017020797822624445
6763,2024,3,0.0006862267618998885
6763,2024,4,0.0015373355709016323
6765,2024,1,0.002627488225698471
6765,2024,2,0.001910518854856491
6765,2024,3,0.0007625811267644167
6765,2024,4,0.001709088683128357
6774,2024,1,0.004057630896568298
6774,2024,2,0.003072665771469474
6774,2024,3,0.0011686802608892322
6774,2024,4,0.0026364647783339024
6779,2024,1,0.002075024414807558
6779,2024,2,0.001475245226174593
6779,2024,3,0.0006046672933734953
6779,2024,4,0.0013499913038685918
6786,2024,1,0.2303784191608429
6786,2024,2,0.23331697285175323
6786,2024,3,0.0879092663526535
6786,2024,4,0.15981629490852356
6796,2024,1,0.001689716475084424
6796,2024,2,0.0011776319006457925
6796,2024,3,0.0004955127951689065
6796,2024,4,0.0011005349224433303
6797,2024,1,0.3598216474056244
6797,2024,2,0.3669168949127197
6797,2024,3,0.16449272632598877
6797,2024,4,0.266666442155838
6805,2024,1,0.004910744726657867
6805,2024,2,0.0037889545783400536
6805,2024,3,0.0014307331293821335
6805,2024,4,0.0032331235706806183
6807,2024,1,0.1363002061843872
6807,2024,2,0.13847161829471588
6807,2024,3,0.041525669395923615
6807,2024,4,0.08953529596328735
6813,2024,1,0.0019418883603066206
6813,2024,2,0.0013722756411880255
6813,2024,3,0.0005661900504492223
6813,2024,4,0.001263319281861186
6815,2024,1,0.00334622198715806
6815,2024,2,0.0024906713515520096
6815,2024,3,0.0009643924422562122
6815,2024,4,0.002173650311306119
6821,2024,1,0.0029694584663957357
6821,2024,2,0.0021866492461413145
6821,2024,3,0.0008577370317652822
6821,2024,4,0.0019301344873383641
6824,2024,1,0.0028732651844620705
6824,2024,2,0.0021065925247967243
6824,2024,3,0.0008328454568982124
6824,2024,4,0.0018690723227337003
6833,2024,1,0.0066014667972922325
6833,2024,2,0.0052346778102219105
6833,2024,3,0.0018776953220367432
6833,2024,4,0.004278266802430153
6842,2024,1,0.0029357748571783304
6842,2024,2,0.0021580387838184834
6842,2024,3,0.0008491588523611426
6842,2024,4,0.0019089544657617807
6851,2024,1,0.23245197534561157
6851,2024,2,0.23568867146968842
6851,2024,3,0.08918978273868561
6851,2024,4,0.16218748688697815
6862,2024,1,0.0004387380904518068
6862,2024,2,0.0002686543739400804
6862,2024,3,0.00013161622337065637
6862,2024,4,0.0002862999972421676
6873,2024,1,0.0012713337782770395
6873,2024,2,0.0008613908430561423
6873,2024,3,0.0003753454075194895
6873,2024,4,0.0008277095621451735
6899,2024,1,0.1378711760044098
6899,2024,2,0.1406915783882141
6899,2024,3,0.04216806963086128
6899,2024,4,0.09080301225185394
6907,2024,1,0.001813624519854784
6907,2024,2,0.0012722788378596306
6907,2024,3,0.0005313803558237851
6907,2024,4,0.001181483268737793
6917,2024,1,0.0008676279685460031
6917,2024,2,0.0005670898826792836
6917,2024,3,0.00025755169917829335
6917,2024,4,0.0005655557615682483
6920,2024,1,0.007814120501279831
6920,2024,2,0.006295382510870695
6920,2024,3,0.0022134725004434586
6920,2024,4,0.005060076713562012
6925,2024,1,0.0011807359987869859
6925,2024,2,0.0007950766594149172
6925,2024,3,0.0003487845533527434
6925,2024,4,0.000769923091866076
6931,2024,1,0.0033973543904721737
6931,2024,2,0.0025279917754232883
6931,2024,3,0.0009881959995254874
6931,2024,4,0.002217324450612068
6935,2024,1,0.00412618275731802
6935,2024,2,0.0031325898598879576
6935,2024,3,0.0011852146126329899
6935,2024,4,0.0026799021288752556
6937,2024,1,0.0006055381963960826
6937,2024,2,0.00038220384158194065
6937,2024,3,0.00018085124611388892
6937,2024,4,0.00039466176531277597
6941,2024,1,0.0025797407142817974
6941,2024,2,0.0018727976130321622
6941,2024,3,0.000749229802750051
6941,2024,4,0.0016790786758065224
6944,2024,1,0.002922600135207176
6944,2024,2,0.002146160928532481
6944,2024,3,0.0008489749161526561
6944,2024,4,0.0019046517554670572
6947,2024,1,0.00294850068166852
6947,2024,2,0.0021618183236569166
6947,2024,3,0.0008591683581471443
6947,2024,4,0.0019215727224946022
6953,2024,1,0.003486297093331814
6953,2024,2,0.0026070240419358015
6953,2024,3,0.0010036926250904799
6953,2024,4,0.0022659110836684704
6955,2024,1,0.0017722849734127522
6955,2024,2,0.001240730518475175
6955,2024,3,0.0005190676311030984
6955,2024,4,0.0011541320709511638
6958,2024,1,0.0006453689420595765
6958,2024,2,0.00040986109524965286
6958,2024,3,0.00019258682732470334
6958,2024,4,0.0004207348683848977
6960,2024,1,0.00244598975405097
6960,2024,2,0.0017670230008661747
6960,2024,3,0.0007104977848939598
6960,2024,4,0.0015914782416075468
6968,2024,1,0.002061211969703436
6968,2024,2,0.0014696731232106686
6968,2024,3,0.000595686084125191
6968,2024,4,0.00133850600104779
6969,2024,1,0.0015340268146246672
6969,2024,2,0.0010599571978673339
6969,2024,3,0.00044976454228162766
6969,2024,4,0.0009991065599024296
6978,2024,1,0.22930599749088287
6978,2024,2,0.23158487677574158
6978,2024,3,0.08709713816642761
6978,2024,4,0.1573440581560135
6987,2024,1,0.0011489855824038386
6987,2024,2,0.0007719796849414706
6987,2024,3,0.00033892353530973196
6987,2024,4,0.0007486384129151702
6990,2024,1,0.004765884950757027
6990,2024,2,0.0036665627267211676
6990,2024,3,0.0013663440477102995
6990,2024,4,0.0030955327674746513
6993,2024,1,0.0025373483076691628
6993,2024,2,0.001840879675000906
6993,2024,3,0.0007349650841206312
6993,2024,4,0.0016498796176165342
6996,2024,1,0.004211395047605038
6996,2024,2,0.0032034998293966055
6996,2024,3,0.0012088007060810924
6996,2024,4,0.0027353425975888968
7016,2024,1,0.003584648948162794
7016,2024,2,0.0026842716615647078
7016,2024,3,0.0010340898297727108
7016,2024,4,0.0023303194902837276
7025,2024,1,0.002079226542264223
7025,2024,2,0.0014790332643315196
7025,2024,3,0.0006059166043996811
7025,2024,4,0.0013532706070691347
7034,2024,1,0.0023452583700418472
7034,2024,2,0.0016867048107087612
7034,2024,3,0.0006822788855060935
7034,2024,4,0.001525341416709125
7037,2024,1,0.0028147187549620867
7037,2024,2,0.0020593481604009867
7037,2024,3,0.0008163534803315997
7037,2024,4,0.0018309014849364758
7039,2024,1,0.4207538366317749
7039,2024,2,0.4253154993057251
7039,2024,3,0.20712915062904358
7039,2024,4,0.31862586736679077
7040,2024,1,0.26276543736457825
7040,2024,2,0.2639061212539673
7040,2024,3,0.10625007003545761
7040,2024,4,0.18424618244171143
7051,2024,1,0.002597259357571602
7051,2024,2,0.0018890374340116978
7051,2024,3,0.0007514282478950918
7051,2024,4,0.0016888089012354612
7059,2024,1,0.2785002291202545
7059,2024,2,0.28140789270401
7059,2024,3,0.11582935601472855
7059,2024,4,0.199393630027771
7069,2024,1,0.0024088420905172825
7069,2024,2,0.0017363622318953276
7069,2024,3,0.0007014693692326546
7069,2024,4,0.001568795763887465
7088,2024,1,0.19797959923744202
7088,2024,2,0.20065858960151672
7088,2024,3,0.07072882354259491
7088,2024,4,0.1353386789560318
7089,2024,1,0.003334383713081479
7089,2024,2,0.0024840335827320814
7089,2024,3,0.000959826516918838
7089,2024,4,0.002167503349483013
7105,2024,1,0.16452398896217346
7105,2024,2,0.1679345667362213
7105,2024,3,0.05413880944252014
7105,2024,4,0.11068741977214813
7117,2024,1,0.0038608857430517673
7117,2024,2,0.0029221803415566683
7117,2024,3,0.0011059772223234177
7117,2024,4,0.002508534351363778
7118,2024,1,0.0030856565572321415
7118,2024,2,0.0022829556837677956
7118,2024,3,0.0008897921070456505
7118,2024,4,0.0020058010704815388
7123,2024,1,0.0009234519093297422
7123,2024,2,0.0006075165001675487
7123,2024,3,0.00027353022596798837
7123,2024,4,0.0006017682026140392
7132,2024,1,0.002372118877246976
7132,2024,2,0.001708372263237834
7132,2024,3,0.0006903107278048992
7132,2024,4,0.0015438181580975652
7133,2024,1,0.0036707082763314247
7133,2024,2,0.002754136687144637
7133,2024,3,0.0010591059690341353
7133,2024,4,0.0023863273672759533
7142,2024,1,0.0029690745286643505
7142,2024,2,0.0021830738987773657
7142,2024,3,0.0008619171567261219
7142,2024,4,0.001932459999807179
7152,2024,1,0.15243417024612427
7152,2024,2,0.15433503687381744
7152,2024,3,0.04852014034986496
7152,2024,4,0.10006502270698547
7156,2024,1,0.13548588752746582
7156,2024,2,0.13764381408691406
7156,2024,3,0.04117113724350929
7156,2024,4,0.08892611414194107
7169,2024,1,0.0036996991839259863
7169,2024,2,0.0027815927751362324
7169,2024,3,0.001062925672158599
7169,2024,4,0.0023994366638362408
7178,2024,1,0.001801160629838705
7178,2024,2,0.0012637313921004534
7178,2024,3,0.0005264147184789181
7178,2024,4,0.0011726340744644403
7179,2024,1,0.0022362342569977045
7179,2024,2,0.001602190313860774
7179,2024,3,0.0006502858595922589
7179,2024,4,0.0014549482148140669
7189,2024,1,0.0021221826318651438
7189,2024,2,0.0015121600590646267
7189,2024,3,0.0006190334679558873
7189,2024,4,0.001381785492412746
7194,2024,1,0.13608688116073608
7194,2024,2,0.13825657963752747
7194,2024,3,0.0414334200322628
7194,2024,4,0.08937957882881165
7196,2024,1,0.24750566482543945
7196,2024,2,0.2509635090827942
7196,2024,3,0.09733234345912933
7196,2024,4,0.1735505610704422
7199,2024,1,0.0019243450369685888
7199,2024,2,0.0013589919544756413
7199,2024,3,0.0005613895482383668
7199,2024,4,0.0012526785722002387
7200,2024,1,0.0018966591451317072
7200,2024,2,0.0013398793525993824
7200,2024,3,0.0005507710739038885
7200,2024,4,0.0012321987887844443
7219,2024,1,0.19170083105564117
7219,2024,2,0.1960742026567459
7219,2024,3,0.0673225075006485
7219,2024,4,0.13120663166046143
7222,2024,1,0.0027256407774984837
7222,2024,2,0.001988284522667527
7222,2024,3,0.0007908722618594766
7222,2024,4,0.0017726633232086897
7246,2024,1,0.32805246114730835
7246,2024,2,0.33106547594070435
7246,2024,3,0.14505188167095184
7246,2024,4,0.23774075508117676
7254,2024,1,0.0021662984509021044
7254,2024,2,0.0015409848419949412
7254,2024,3,0.0006369940238073468
7254,2024,4,0.001411396311596036
7289,2024,1,0.23102925717830658
7289,2024,2,0.23573154211044312
7289,2024,3,0.08785222470760345
7289,2024,4,0.16224874556064606
7296,2024,1,0.4185201823711395
7296,2024,2,0.4230412244796753
7296,2024,3,0.20610767602920532
7296,2024,4,0.31621265411376953
7297,2024,1,0.3654053807258606
7297,2024,2,0.37051883339881897
7297,2024,3,0.16901293396949768
7297,2024,4,0.27082911133766174
7329,2024,1,0.2769535183906555
7329,2024,2,0.28115975856781006
7329,2024,3,0.11396177113056183
7329,2024,4,0.19733381271362305
7336,2024,1,0.0008512745844200253
7336,2024,2,0.0005554617964662611
7336,2024,3,0.0002527412725612521
7336,2024,4,0.0005547951441258192
7341,2024,1,0.001588498125784099
7341,2024,2,0.0011011359747499228
7341,2024,3,0.00046448252396658063
7341,2024,4,0.0010318849235773087
7346,2024,1,0.007361034397035837
7346,2024,2,0.005899832118302584
7346,2024,3,0.002084157196804881
7346,2024,4,0.00476569589227438
7352,2024,1,0.004277893342077732
7352,2024,2,0.003257549600675702
7352,2024,3,0.0012285346165299416
7352,2024,4,0.0027783261612057686
7353,2024,1,0.0024803446140140295
7353,2024,2,0.001792527618817985
7353,2024,3,0.0007228272734209895
7353,2024,4,0.001615291927009821
7356,2024,1,0.13753986358642578
7356,2024,2,0.13974079489707947
7356,2024,3,0.042064737528562546
7356,2024,4,0.09039397537708282
7362,2024,1,0.0009273492032662034
7362,2024,2,0.000609723327215761
7362,2024,3,0.00027559063164517283
7362,2024,4,0.0006049128714948893
7364,2024,1,0.0020148037001490593
7364,2024,2,0.0014266226207837462
7364,2024,3,0.0005861870013177395
7364,2024,4,0.0013068935368210077
7382,2024,1,0.0028826079796999693
7382,2024,2,0.0021140321623533964
7382,2024,3,0.0008352501317858696
7382,2024,4,0.0018745679408311844
7387,2024,1,0.0012750914320349693
7387,2024,2,0.0008650481468066573
7387,2024,3,0.00037576237809844315
7387,2024,4,0.0008310379926115274
7394,2024,1,0.0020610804203897715
7394,2024,2,0.001462864805944264
7394,2024,3,0.0006034364341758192
7394,2024,4,0.0013426572550088167
7410,2024,1,0.15552498400211334
7410,2024,2,0.15810224413871765
7410,2024,3,0.050300613045692444
7410,2024,4,0.10395246744155884
7431,2024,1,0.0017730100080370903
7431,2024,2,0.0012420299462974072
7431,2024,3,0.000518913147971034
7431,2024,4,0.0011549056507647038
7438,2024,1,0.13567785918712616
7438,2024,2,0.13783997297286987
7438,2024,3,0.04125523939728737
7438,2024,4,0.08907340466976166
7455,2024,1,0.2584695816040039
7455,2024,2,0.2634701132774353
7455,2024,3,0.10320117324590683
7455,2024,4,0.1829378604888916
7463,2024,1,0.22893211245536804
7463,2024,2,0.2333756387233734
7463,2024,3,0.0869392603635788
7463,2024,4,0.15845012664794922
7466,2024,1,0.004055104684084654
7466,2024,2,0.0030732688028365374
7466,2024,3,0.001164397457614541
7466,2024,4,0.002632839372381568
7468,2024,1,0.13573431968688965
7468,2024,2,0.13789817690849304
7468,2024,3,0.04127892479300499
7468,2024,4,0.08911243081092834
7474,2024,1,0.13625246286392212
7474,2024,2,0.1384253203868866
7474,2024,3,0.04150630906224251
7474,2024,4,0.08950820565223694
7479,2024,1,0.1563279926776886
7479,2024,2,0.15830658376216888
7479,2024,3,0.050601184368133545
7479,2024,4,0.10418564081192017
7489,2024,1,0.003673091297969222
7489,2024,2,0.002755507128313184
7489,2024,3,0.0010592438047751784
7489,2024,4,0.0023865289986133575
7493,2024,1,0.13632336258888245
7493,2024,2,0.13849762082099915
7493,2024,3,0.04153722524642944
7493,2024,4,0.08956143260002136
7497,2024,1,0.002425900660455227
7497,2024,2,0.0017505259020254016
7497,2024,3,0.0007055593887344003
7497,2024,4,0.0015786394942551851
7505,2024,1,0.0018817223608493805
7505,2024,2,0.0013250410556793213
7505,2024,3,0.0005499327089637518
7505,2024,4,0.0012245180550962687
7507,2024,1,0.0023062003310769796
7507,2024,2,0.001656623906455934
7507,2024,3,0.0006709074368700385
7507,2024,4,0.0015008696354925632
7518,2024,1,0.003318594302982092
7518,2024,2,0.002466874662786722
7518,2024,3,0.0009587230160832405
7518,2024,4,0.002157390583306551
7521,2024,1,0.002003595232963562
7521,2024,2,0.0014196145348250866
7521,2024,3,0.0005852131871506572
7521,2024,4,0.0013045801315456629
7533,2024,1,0.13590702414512634
7533,2024,2,0.13807350397109985
7533,2024,3,0.04135537147521973
7533,2024,4,0.08924665302038193
7535,2024,1,0.13607355952262878
7535,2024,2,0.13824304938316345
7535,2024,3,0.04142707958817482
7535,2024,4,0.0893682986497879
7541,2024,1,0.0018266880651935935
7541,2024,2,0.0012848926708102226
7541,2024,3,0.0005326397367753088
7541,2024,4,0.0011898435186594725
7542,2024,1,0.16481445729732513
7542,2024,2,0.168257936835289
7542,2024,3,0.05435134470462799
7542,2024,4,0.11009795218706131
7556,2024,1,0.001564713311381638
7556,2024,2,0.001083125127479434
7556,2024,3,0.00045873443013988435
7556,2024,4,0.001019114046357572
7586,2024,1,0.002146708080545068
7586,2024,2,0.001532399095594883
7586,2024,3,0.0006242893286980689
7586,2024,4,0.001396141480654478
7593,2024,1,0.007139386609196663
7593,2024,2,0.005708786193281412
7593,2024,3,0.0020216284319758415
7593,2024,4,0.00462385592982173
7596,2024,1,0.002369862049818039
7596,2024,2,0.0017069377936422825
7596,2024,3,0.0006889336509630084
7596,2024,4,0.001542025594972074
7605,2024,1,0.0019356964621692896
7605,2024,2,0.0013671844499185681
7605,2024,3,0.0005654784617945552
7605,2024,4,0.0012603278737515211
7611,2024,1,0.0018205121159553528
7611,2024,2,0.0012778060045093298
7611,2024,3,0.000533446145709604
7611,2024,4,0.0011861706152558327
7615,2024,1,0.19090348482131958
7615,2024,2,0.1938301920890808
7615,2024,3,0.0672418400645256
7615,2024,4,0.12975242733955383
7631,2024,1,0.16221609711647034
7631,2024,2,0.1638968139886856
7631,2024,3,0.05322963371872902
7631,2024,4,0.10800255089998245
7636,2024,1,0.0024062911979854107
7636,2024,2,0.0017351931892335415
7636,2024,3,0.0007007032399997115
7636,2024,4,0.0015668892301619053
7637,2024,1,0.13537663221359253
7637,2024,2,0.13753096759319305
7637,2024,3,0.04112320393323898
7637,2024,4,0.08884139358997345
7639,2024,1,0.0018158736638724804
7639,2024,2,0.001274158013984561
7639,2024,3,0.000532031524926424
7639,2024,4,0.0011833113385364413
7644,2024,1,0.0033312002196907997
7644,2024,2,0.0024779553059488535
7644,2024,3,0.000961708661634475
7644,2024,4,0.0021657156758010387
7647,2024,1,0.0037800907157361507
7647,2024,2,0.002845244947820902
7647,2024,3,0.0010876590386033058
7647,2024,4,0.0024557593278586864
7648,2024,1,0.0014875340275466442
7648,2024,2,0.00102505914401263
7648,2024,3,0.000436132017057389
7648,2024,4,0.0009687788551673293
7656,2024,1,0.004634239245206118
7656,2024,2,0.003554827068001032
7656,2024,3,0.0013294436503201723
7656,2024,4,0.0030094203539192677
7662,2024,1,0.0017198314890265465
7662,2024,2,0.0012018567649647593
7662,2024,3,0.0005029530730098486
7662,2024,4,0.0011201649904251099
7665,2024,1,0.0034022692125290632
7665,2024,2,0.002534283557906747
7665,2024,3,0.0009832619689404964
7665,2024,4,0.0022124755196273327
7668,2024,1,0.002312210388481617
7668,2024,2,0.0016611287137493491
7668,2024,3,0.0006729253800585866
7668,2024,4,0.0015049977228045464
7673,2024,1,0.0030592603143304586
7673,2024,2,0.002257618121802807
7673,2024,3,0.0008848793804645538
7673,2024,4,0.0019894433207809925
7676,2024,1,0.16338329017162323
7676,2024,2,0.1659948229789734
7676,2024,3,0.053725264966487885
7676,2024,4,0.1093641147017479
7688,2024,1,0.17108717560768127
7688,2024,2,0.17392262816429138
7688,2024,3,0.0572291761636734
7688,2024,4,0.11476149410009384
7691,2024,1,0.156416118144989
7691,2024,2,0.15785850584506989
7691,2024,3,0.05078306794166565
7691,2024,4,0.10374797880649567
7693,2024,1,0.002826064359396696
7693,2024,2,0.0020679340232163668
7693,2024,3,0.0008205913472920656
7693,2024,4,0.001839078264310956
7694,2024,1,0.1378927379846573
7694,2024,2,0.14025509357452393
7694,2024,3,0.04216385632753372
7694,2024,4,0.09068050980567932
7695,2024,1,0.008828315883874893
7695,2024,2,0.007192864082753658
7695,2024,3,0.0024940569419413805
7695,2024,4,0.005713259801268578
7704,2024,1,0.0019787070341408253
7704,2024,2,0.0014004696859046817
7704,2024,3,0.0005778974737040699
7704,2024,4,0.0012885169126093388
7724,2024,1,0.0033587513025850058
7724,2024,2,0.0025001533795148134
7724,2024,3,0.0009694726904854178
7724,2024,4,0.002183243166655302
7725,2024,1,0.0006092991097830236
7725,2024,2,0.00038478270289488137
7725,2024,3,0.00018200636259280145
7725,2024,4,0.00039722409565001726
7729,2024,1,0.13592985272407532
7729,2024,2,0.1380966156721115
7729,2024,3,0.04136341065168381
7729,2024,4,0.08925340324640274
7731,2024,1,0.002974415197968483
7731,2024,2,0.0021892311051487923
7731,2024,3,0.000859695952385664
7731,2024,4,0.0019332307856529951
7740,2024,1,0.004981327801942825
7740,2024,2,0.003856624709442258
7740,2024,3,0.0014192103408277035
7740,2024,4,0.003233708441257477
7746,2024,1,0.26857632398605347
7746,2024,2,0.2716018557548523
7746,2024,3,0.10912947356700897
7746,2024,4,0.1895371973514557
7757,2024,1,0.1543431580066681
7757,2024,2,0.15738005936145782
7757,2024,3,0.04961828142404556
7757,2024,4,0.10281824320554733
7760,2024,1,0.14359107613563538
7760,2024,2,0.1461479216814041
7760,2024,3,0.0446244515478611
7760,2024,4,0.09433412551879883
7765,2024,1,0.004029323812574148
7765,2024,2,0.0030538837891072035
7765,2024,3,0.0011578642297536135
7765,2024,4,0.0026186939794570208
7784,2024,1,0.002750040963292122
7784,2024,2,0.002009523566812277
7784,2024,3,0.0007963035604916513
7784,2024,4,0.001788427820429206
7788,2024,1,0.0015791715122759342
7788,2024,2,0.001092824270017445
7788,2024,3,0.00046480773016810417
7788,2024,4,0.0010296325199306011
7789,2024,1,0.20809467136859894
7789,2024,2,0.2126552313566208
7789,2024,3,0.07575979083776474
7789,2024,4,0.14354179799556732
7806,2024,1,0.001984081696718931
7806,2024,2,0.0014049129094928503
7806,2024,3,0.0005785995745100081
7806,2024,4,0.0012907675700262189
7809,2024,1,0.003631157334893942
7809,2024,2,0.0027221348136663437
7809,2024,3,0.0010475818999111652
7809,2024,4,0.002359805628657341
7821,2024,1,0.27811044454574585
7821,2024,2,0.28065603971481323
7821,2024,3,0.11637454479932785
7821,2024,4,0.19906935095787048
7824,2024,1,0.0022479849867522717
7824,2024,2,0.001610639039427042
7824,2024,3,0.0006541686598211527
7824,2024,4,0.0014625275507569313
7828,2024,1,0.1706627905368805
7828,2024,2,0.17362770438194275
7828,2024,3,0.057012397795915604
7828,2024,4,0.11410403251647949
7830,2024,1,0.0016772812232375145
7830,2024,2,0.0011686423094943166
7830,2024,3,0.0004911877331323922
7830,2024,4,0.0010920389322564006
7832,2024,1,0.4293816387653351
7832,2024,2,0.4341399371623993
7832,2024,3,0.2132771909236908
7832,2024,4,0.32848331332206726
7841,2024,1,0.0018693840829655528
7841,2024,2,0.0013172372709959745
7841,2024,3,0.000545034185051918
7841,2024,4,0.0012172457063570619
7848,2024,1,0.0026304349303245544
7848,2024,2,0.0019127002451568842
7848,2024,3,0.0007637455128133297
7848,2024,4,0.0017112648347392678
7856,2024,1,0.0025627752766013145
7856,2024,2,0.0018599509494379163
7856,2024,3,0.0007435234729200602
7856,2024,4,0.0016673924401402473
7861,2024,1,0.1358528584241867
7861,2024,2,0.13802006840705872
7861,2024,3,0.04133116453886032
7861,2024,4,0.08920459449291229
7879,2024,1,0.0027131878305226564
7879,2024,2,0.0019805904012173414
7879,2024,3,0.0007864235667511821
7879,2024,4,0.001766381785273552
7881,2024,1,0.001965516246855259
7881,2024,2,0.0013916383031755686
7881,2024,3,0.0005734773585572839
7881,2024,4,0.001280909520573914
7887,2024,1,0.004445948638021946
7887,2024,2,0.0033959709107875824
7887,2024,3,0.0012781324330717325
7887,2024,4,0.002889313269406557
7897,2024,1,0.0026984205469489098
7897,2024,2,0.0019673211500048637
7897,2024,3,0.00078290153760463
7897,2024,4,0.0017556431703269482
7901,2024,1,0.0007352251559495926
7901,2024,2,0.0004729157662950456
7901,2024,3,0.00021907666814513505
7901,2024,4,0.0004794248379766941
7902,2024,1,0.3393438458442688
7902,2024,2,0.34541618824005127
7902,2024,3,0.15072916448116302
7902,2024,4,0.24715864658355713
7903,2024,1,0.002319344785064459
7903,2024,2,0.0016663676360622048
7903,2024,3,0.000675568007864058
7903,2024,4,0.001510157948359847
7913,2024,1,0.13556429743766785
7913,2024,2,0.13772428035736084
7913,2024,3,0.0412052646279335
7913,2024,4,0.08898608386516571
7930,2024,1,0.13675245642662048
7930,2024,2,0.13893534243106842
7930,2024,3,0.04172487556934357
7930,2024,4,0.0898846685886383
7931,2024,1,0.0009649035637266934
7931,2024,2,0.000634224503301084
7931,2024,3,0.00028935333830304444
7931,2024,4,0.000630693044513464
7938,2024,1,0.001588047482073307
7938,2024,2,0.001099853776395321
7938,2024,3,0.00046674025361426175
7938,2024,4,0.001035030116327107
7945,2024,1,0.0017993682995438576
7945,2024,2,0.001261685392819345
7945,2024,3,0.0005271487170830369
7945,2024,4,0.0011721819173544645
7962,2024,1,0.002495597815141082
7962,2024,2,0.0018043675227090716
7962,2024,3,0.0007255610544234514
7962,2024,4,0.001622286275960505
7981,2024,1,0.23579971492290497
7981,2024,2,0.24296778440475464
7981,2024,3,0.08991426229476929
7981,2024,4,0.16682741045951843
7992,2024,1,0.1549205780029297
7992,2024,2,0.15689679980278015
7992,2024,3,0.049965955317020416
7992,2024,4,0.10297046601772308
7998,2024,1,0.1890319287776947
7998,2024,2,0.19162559509277344
7998,2024,3,0.0661797821521759
7998,2024,4,0.1269131898880005
8705,2024,1,0.0024242016952484846
8705,2024,2,0.0017496231012046337
8705,2024,3,0.0007051542634144425
8705,2024,4,0.0015781284309923649
9000,2024,1,0.1462770700454712
9000,2024,2,0.14899252355098724
9000,2024,3,0.04587433487176895
9000,2024,4,0.09676486253738403
9005,2024,1,0.0012476982083171606
9005,2024,2,0.0008453172631561756
9005,2024,3,0.00036708792322315276
9005,2024,4,0.0008128734771162271
9008,2024,1,0.003868967527523637
9008,2024,2,0.002918791025876999
9008,2024,3,0.0011121458373963833
9008,2024,4,0.0025105811655521393
9009,2024,1,0.005313216708600521
9009,2024,2,0.004128050059080124
9009,2024,3,0.0015200029592961073
9009,2024,4,0.003448306582868099
9012,2024,1,0.0021017580293118954
9012,2024,2,0.0014968160539865494
9012,2024,3,0.000612144242040813
9012,2024,4,0.0013678770046681166
9015,2024,1,0.16818979382514954
9015,2024,2,0.1700887680053711
9015,2024,3,0.0560452863574028
9015,2024,4,0.11227156221866608
9016,2024,1,0.1842055320739746
9016,2024,2,0.18646636605262756
9016,2024,3,0.06384943425655365
9016,2024,4,0.12472876906394958
9019,2024,1,0.0013216374209150672
9019,2024,2,0.0008999796700663865
9019,2024,3,0.0003889244981110096
9019,2024,4,0.000861014355905354
9027,2024,1,0.00313443411141634
9027,2024,2,0.0023181592114269733
9027,2024,3,0.0009055602131411433
9027,2024,4,0.0020376192405819893
9033,2024,1,0.38166922330856323
9033,2024,2,0.3849365711212158
9033,2024,3,0.17987917363643646
9033,2024,4,0.28243958950042725
9044,2024,1,0.010440642014145851
9044,2024,2,0.008642690256237984
9044,2024,3,0.002923406194895506
9044,2024,4,0.006729315500706434
9051,2024,1,0.1357521265745163
9051,2024,2,0.13791580498218536
9051,2024,3,0.041287172585725784
9051,2024,4,0.08912725001573563
9057,2024,1,0.20212684571743011
9057,2024,2,0.20377059280872345
9057,2024,3,0.07305319607257843
9057,2024,4,0.1375729888677597
9059,2024,1,0.004442091565579176
9059,2024,2,0.0033920754212886095
9059,2024,3,0.0012749822344630957
9059,2024,4,0.002883344190195203
9071,2024,1,0.00572241423651576
9071,2024,2,0.004478434566408396
9071,2024,3,0.001631388091482222
9071,2024,4,0.0037109581753611565
9075,2024,1,0.22971586883068085
9075,2024,2,0.23483958840370178
9075,2024,3,0.0870114266872406
9075,2024,4,0.16022324562072754
9077,2024,1,0.15171334147453308
9077,2024,2,0.15476593375205994
9077,2024,3,0.04853992164134979
9077,2024,4,0.10201674699783325
9092,2024,1,0.13694186508655548
9092,2024,2,0.13925236463546753
9092,2024,3,0.04169105365872383
9092,2024,4,0.08903078734874725
9094,2024,1,0.003039401490241289
9094,2024,2,0.0022412287071347237
9094,2024,3,0.000879296101629734
9094,2024,4,0.001975920982658863
9098,2024,1,0.003255576128140092
9098,2024,2,0.0024153110571205616
9098,2024,3,0.000941029516980052
9098,2024,4,0.002116519259288907
9112,2024,1,0.3963634669780731
9112,2024,2,0.40223661065101624
9112,2024,3,0.18934859335422516
9112,2024,4,0.29745838046073914
9123,2024,1,0.13586382567882538
9123,2024,2,0.13803178071975708
9123,2024,3,0.041337478905916214
9123,2024,4,0.08922000229358673
9130,2024,1,0.002444653306156397
9130,2024,2,0.0017659765435382724
9130,2024,3,0.0007099800277501345
9130,2024,4,0.0015903471503406763
9138,2024,1,0.0023120297119021416
9138,2024,2,0.0016609809827059507
9138,2024,3,0.000673084519803524
9138,2024,4,0.0015054013347253203
9144,2024,1,0.002342785941436887
9144,2024,2,0.00169016991276294
9144,2024,3,0.0006765348371118307
9144,2024,4,0.0015218075131997466
9149,2024,1,0.004434823989868164
9149,2024,2,0.003372251521795988
9149,2024,3,0.0012817027745768428
9149,2024,4,0.0028716011438518763
9153,2024,1,0.14775541424751282
9153,2024,2,0.1511717289686203
9153,2024,3,0.04642144590616226
9153,2024,4,0.09848779439926147
9162,2024,1,0.13520066440105438
9162,2024,2,0.1373533457517624
9162,2024,3,0.04104634374380112
9162,2024,4,0.08870942890644073
9163,2024,1,0.0028657084330916405
9163,2024,2,0.0021007335744798183
9163,2024,3,0.0008309668628498912
9163,2024,4,0.0018644614610821009
9171,2024,1,0.13587844371795654
9171,2024,2,0.13804401457309723
9171,2024,3,0.04134295508265495
9171,2024,4,0.08922409266233444
9173,2024,1,0.13578563928604126
9173,2024,2,0.13795015215873718
9173,2024,3,0.041301775723695755
9173,2024,4,0.08915317058563232
9174,2024,1,0.0017687990330159664
9174,2024,2,0.001239747740328312
9174,2024,3,0.0005156361730769277
9174,2024,4,0.0011500455439090729
9175,2024,1,0.13578858971595764
9175,2024,2,0.13795159757137299
9175,2024,3,0.04130237549543381
9175,2024,4,0.08914963901042938
9181,2024,1,0.15861372649669647
9181,2024,2,0.16170908510684967
9181,2024,3,0.05132226273417473
9181,2024,4,0.10573341697454453
9202,2024,1,0.002789099235087633
9202,2024,2,0.0020383987575769424
9202,2024,3,0.0008099155966192484
9202,2024,4,0.0018149237148463726
9204,2024,1,0.0012641169596463442
9204,2024,2,0.0008583510643802583
9204,2024,3,0.0003713390906341374
9204,2024,4,0.0008239741437137127
9239,2024,1,0.4837605953216553
9239,2024,2,0.4850485920906067
9239,2024,3,0.2548610270023346
9239,2024,4,0.3738124668598175
9244,2024,1,0.0024693221785128117
9244,2024,2,0.0017846627160906792
9244,2024,3,0.0007183260750025511
9244,2024,4,0.0016073589213192463
9249,2024,1,0.0017423225799575448
9249,2024,2,0.0012179113691672683
9249,2024,3,0.0005109110497869551
9249,2024,4,0.0011356457835063338
9251,2024,1,0.2836666703224182
9251,2024,2,0.2878948450088501
9251,2024,3,0.11818238347768784
9251,2024,4,0.20273077487945557
9256,2024,1,0.21558614075183868
9256,2024,2,0.21965089440345764
9256,2024,3,0.07994413375854492
9256,2024,4,0.14952675998210907
9264,2024,1,0.28572672605514526
9264,2024,2,0.28758469223976135
9264,2024,3,0.1192084401845932
9264,2024,4,0.20295780897140503
9266,2024,1,0.3999285399913788
9266,2024,2,0.4043748378753662
9266,2024,3,0.19288979470729828
9266,2024,4,0.29974237084388733
9273,2024,1,0.315504789352417
9273,2024,2,0.3199484944343567
9273,2024,3,0.1372809112071991
9273,2024,4,0.2291281670331955
9278,2024,1,0.001860830932855606
9278,2024,2,0.001309844315983355
9278,2024,3,0.0005436822539195418
9278,2024,4,0.0012117496225982904
9286,2024,1,0.0014593825908377767
9286,2024,2,0.0010032614227384329
9286,2024,3,0.0004283923772163689
9286,2024,4,0.0009504525223746896
9287,2024,1,0.004453639965504408
9287,2024,2,0.00340281892567873
9287,2024,3,0.0012799710966646671
9287,2024,4,0.0028933878056705
9288,2024,1,0.1370849758386612
9288,2024,2,0.1392677277326584
9288,2024,3,0.04187044873833656
9288,2024,4,0.09011010080575943
9290,2024,1,0.0014261985197663307
9290,2024,2,0.000978644471615553
9290,2024,3,0.00041880988283082843
9290,2024,4,0.0009288264554925263
9292,2024,1,0.0023136388044804335
9292,2024,2,0.0016635487554594874
9292,2024,3,0.0006723376573063433
9292,2024,4,0.0015058182179927826
9294,2024,1,0.13605275750160217
9294,2024,2,0.13822238147258759
9294,2024,3,0.04141804203391075
9294,2024,4,0.08935153484344482
9296,2024,1,0.18945863842964172
9296,2024,2,0.19216518104076385
9296,2024,3,0.06681245565414429
9296,2024,4,0.12842494249343872
9297,2024,1,0.21027399599552155
9297,2024,2,0.21377187967300415
9297,2024,3,0.07693850249052048
9297,2024,4,0.14500373601913452
9301,2024,1,0.004082830157130957
9301,2024,2,0.003093603765591979
9301,2024,3,0.0011759375920519233
9301,2024,4,0.002652551978826523
9313,2024,1,0.0022106741089373827
9313,2024,2,0.0015822243876755238
9313,2024,3,0.0006422947626560926
9313,2024,4,0.001437447965145111
9317,2024,1,0.21077324450016022
9317,2024,2,0.2141018807888031
9317,2024,3,0.0775938332080841
9317,2024,4,0.14597085118293762
9318,2024,1,0.1305519938468933
9318,2024,2,0.13198792934417725
9318,2024,3,0.03911778703331947
9318,2024,4,0.08459721505641937
9320,2024,1,0.0027559055015444756
9320,2024,2,0.002012948039919138
9320,2024,3,0.0007992587052285671
9320,2024,4,0.0017927640583366156
9321,2024,1,0.0010582661489024758
9321,2024,2,0.0007051703287288547
9321,2024,3,0.0003131518606096506
9321,2024,4,0.0006897037383168936
9322,2024,1,0.22456899285316467
9322,2024,2,0.22983422875404358
9322,2024,3,0.08452247828245163
9322,2024,4,0.15782363712787628
9325,2024,1,0.4580308198928833
9325,2024,2,0.45897918939590454
9325,2024,3,0.2365962415933609
9325,2024,4,0.3509029746055603
9326,2024,1,0.18943752348423004
9326,2024,2,0.19298343360424042
9326,2024,3,0.06625930964946747
9326,2024,4,0.12888920307159424
9335,2024,1,0.13621851801872253
9335,2024,2,0.13839145004749298
9335,2024,3,0.04149152711033821
9335,2024,4,0.08948279917240143
9347,2024,1,0.0019710350316017866
9347,2024,2,0.0013942287769168615
9347,2024,3,0.0005755792371928692
9347,2024,4,0.0012831168714910746
9348,2024,1,0.22370480000972748
9348,2024,2,0.22725531458854675
9348,2024,3,0.08418507128953934
9348,2024,4,0.15482348203659058
9354,2024,1,0.002682060468941927
9354,2024,2,0.0019548414275050163
9354,2024,3,0.0007768262876197696
9354,2024,4,0.0017437527421861887
9356,2024,1,0.3299493193626404
9356,2024,2,0.33292824029922485
9356,2024,3,0.14738887548446655
9356,2024,4,0.2398538589477539
9357,2024,1,0.00125070009380579
9357,2024,2,0.0008477618684992194
9357,2024,3,0.0003678577777463943
9357,2024,4,0.0008144410094246268
9360,2024,1,0.0032917095813900232
9360,2024,2,0.0024467958137392998
9360,2024,3,0.0009491899982094765
9360,2024,4,0.0021393122151494026
9362,2024,1,0.1365094631910324
9362,2024,2,0.1386851966381073
9362,2024,3,0.04161636531352997
9362,2024,4,0.08968926221132278
9366,2024,1,0.1674574315547943
9366,2024,2,0.17021861672401428
9366,2024,3,0.055636558681726456
9366,2024,4,0.11254227161407471
9370,2024,1,0.13597272336483002
9370,2024,2,0.1381421685218811
9370,2024,3,0.04138295352458954
9370,2024,4,0.08929011225700378
9377,2024,1,0.1494676172733307
9377,2024,2,0.15111669898033142
9377,2024,3,0.04742656275629997
9377,2024,4,0.09877417981624603
9390,2024,1,0.178018718957901
9390,2024,2,0.18272709846496582
9390,2024,3,0.0607127845287323
9390,2024,4,0.12187643349170685
9404,2024,1,0.4458601772785187
9404,2024,2,0.4484138488769531
9404,2024,3,0.22694173455238342
9404,2024,4,0.3403024673461914
9406,2024,1,0.42008429765701294
9406,2024,2,0.42733973264694214
9406,2024,3,0.20703956484794617
9406,2024,4,0.32121309638023376
9407,2024,1,0.24015089869499207
9407,2024,2,0.24563199281692505
9407,2024,3,0.09270039200782776
9407,2024,4,0.16954150795936584
9411,2024,1,0.001656749052926898
9411,2024,2,0.0011508504394441843
9411,2024,3,0.00048796809278428555
9411,2024,4,0.0010814155684784055
9415,2024,1,0.13632383942604065
9415,2024,2,0.13850046694278717
9415,2024,3,0.041537195444107056
9415,2024,4,0.08955839276313782
9418,2024,1,0.13556167483329773
9418,2024,2,0.13772116601467133
9418,2024,3,0.04120422154664993
9418,2024,4,0.08898322284221649
9426,2024,1,0.0023079337552189827
9426,2024,2,0.0016573232132941484
9426,2024,3,0.0006722467951476574
9426,2024,4,0.0015024838503450155
9429,2024,1,0.0014549163170158863
9429,2024,2,0.0009985032957047224
9429,2024,3,0.0004303806053940207
9429,2024,4,0.0009509020019322634
9437,2024,1,0.15968292951583862
9437,2024,2,0.1623867303133011
9437,2024,3,0.051971435546875
9437,2024,4,0.10583976656198502
9441,2024,1,0.17831161618232727
9441,2024,2,0.18180450797080994
9441,2024,3,0.060453273355960846
9441,2024,4,0.1200338676571846
9449,2024,1,0.0016007544472813606
9449,2024,2,0.0011109344195574522
9449,2024,3,0.00046879396541044116
9449,2024,4,0.001042678253725171
9451,2024,1,0.001548296888358891
9451,2024,2,0.0010700810234993696
9451,2024,3,0.000454797554994002
9451,2024,4,0.001008854596875608
9453,2024,1,0.0020972422789782286
9453,2024,2,0.001492952462285757
9453,2024,3,0.0006098600570112467
9453,2024,4,0.0013628273736685514
9461,2024,1,0.001900402596220374
9461,2024,2,0.0013398467563092709
9461,2024,3,0.000555475358851254
9461,2024,4,0.0012374117504805326
9466,2024,1,0.16608640551567078
9466,2024,2,0.1681460589170456
9466,2024,3,0.05494363605976105
9466,2024,4,0.11094044893980026
9474,2024,1,0.0029261447489261627
9474,2024,2,0.0021489267237484455
9474,2024,3,0.0008483853889629245
9474,2024,4,0.0019035444129258394
9481,2024,1,0.14848537743091583
9481,2024,2,0.15119241178035736
9481,2024,3,0.046996280550956726
9481,2024,4,0.09846678376197815
9486,2024,1,0.003377614077180624
9486,2024,2,0.002515472937375307
9486,2024,3,0.0009745259885676205
9486,2024,4,0.002195054432377219
9490,2024,1,0.13578468561172485
9490,2024,2,0.13794919848442078
9490,2024,3,0.04130163788795471
9490,2024,4,0.0891527533531189
9496,2024,1,0.005670411977916956
9496,2024,2,0.0044328151270747185
9496,2024,3,0.0016197212971746922
9496,2024,4,0.003680457128211856
9521,2024,1,0.13596601784229279
9521,2024,2,0.138132244348526
9521,2024,3,0.041380688548088074
9521,2024,4,0.08928842842578888
9522,2024,1,0.0028981303330510855
9522,2024,2,0.002125432249158621
9522,2024,3,0.0008407633868046105
9522,2024,4,0.001885149977169931
9534,2024,1,0.2892487645149231
9534,2024,2,0.2956867516040802
9534,2024,3,0.12020188570022583
9534,2024,4,0.2097555696964264
9535,2024,1,0.48830610513687134
9535,2024,2,0.4941461682319641
9535,2024,3,0.25713974237442017
9535,2024,4,0.3810500204563141
9541,2024,1,0.0009732116013765335
9541,2024,2,0.000643367413431406
9541,2024,3,0.00028815423138439655
9541,2024,4,0.000634339521639049
9544,2024,1,0.0018883676966652274
9544,2024,2,0.0013301626313477755
9544,2024,3,0.0005519305705092847
9544,2024,4,0.0012293672189116478
9566,2024,1,0.004240252077579498
9566,2024,2,0.0032260268926620483
9566,2024,3,0.0012177122989669442
9566,2024,4,0.002753488952293992
9568,2024,1,0.13587574660778046
9568,2024,2,0.1380411833524704
9568,2024,3,0.04134150594472885
9568,2024,4,0.08922174572944641
9572,2024,1,0.003975548315793276
9572,2024,2,0.003006317652761936
9572,2024,3,0.001146105583757162
9572,2024,4,0.0025865291245281696
9578,2024,1,0.13619650900363922
9578,2024,2,0.13836826384067535
9578,2024,3,0.04148116335272789
9578,2024,4,0.0894615650177002
9585,2024,1,0.13548430800437927
9585,2024,2,0.13764825463294983
9585,2024,3,0.04117045924067497
9585,2024,4,0.08893586695194244
9596,2024,1,0.3098980188369751
9596,2024,2,0.3131128251552582
9596,2024,3,0.1341148316860199
9596,2024,4,0.22555506229400635
9607,2024,1,0.1577334702014923
9607,2024,2,0.15988078713417053
9607,2024,3,0.05117002874612808
9607,2024,4,0.1040375828742981
9608,2024,1,0.0017793290317058563
9608,2024,2,0.0012472016969695687
9608,2024,3,0.0005199324223212898
9608,2024,4,0.0011582155711948872
9609,2024,1,0.0018992280820384622
9609,2024,2,0.0013420350151136518
9609,2024,3,0.0005521437851712108
9609,2024,4,0.0012363141868263483
9617,2024,1,0.278685986995697
9617,2024,2,0.2827479839324951
9617,2024,3,0.11513775587081909
9617,2024,4,0.19903972744941711
9621,2024,1,0.0012231451692059636
9621,2024,2,0.0008260954637080431
9621,2024,3,0.00036192964762449265
9621,2024,4,0.0007981743547134101
9628,2024,1,0.15988168120384216
9628,2024,2,0.16237351298332214
9628,2024,3,0.05208294093608856
9628,2024,4,0.1065819263458252
9630,2024,1,0.00151957874186337
9630,2024,2,0.0010491011198610067
9630,2024,3,0.0004457418108358979
9630,2024,4,0.0009900436270982027
9652,2024,1,0.003042002208530903
9652,2024,2,0.002251085126772523
9652,2024,3,0.0008728686952963471
9652,2024,4,0.0019758297130465508
9655,2024,1,0.22452741861343384
9655,2024,2,0.22727233171463013
9655,2024,3,0.08498236536979675
9655,2024,4,0.1554493010044098
9664,2024,1,0.1354215443134308
9664,2024,2,0.13757780194282532
9664,2024,3,0.041142787784338
9664,2024,4,0.08887611329555511
9674,2024,1,0.13584822416305542
9674,2024,2,0.1380150020122528
9674,2024,3,0.04133003577589989
9674,2024,4,0.08920535445213318
9676,2024,1,0.002081638667732477
9676,2024,2,0.001480728853493929
9676,2024,3,0.0006066900095902383
9676,2024,4,0.0013554327888414264
9683,2024,1,0.00423642760142684
9683,2024,2,0.003223185893148184
9683,2024,3,0.001216461998410523
9683,2024,4,0.0027511254884302616
9690,2024,1,0.0013028716202825308
9690,2024,2,0.0008868608274497092
9690,2024,3,0.0003839614801108837
9690,2024,4,0.0008508857572451234
9691,2024,1,0.30599716305732727
9691,2024,2,0.31346791982650757
9691,2024,3,0.12996912002563477
9691,2024,4,0.21964812278747559
9695,2024,1,0.0038041365332901478
9695,2024,2,0.002861103741452098
9695,2024,3,0.0010997166391462088
9695,2024,4,0.0024738081265240908
9706,2024,1,0.1751844435930252
9706,2024,2,0.17743393778800964
9706,2024,3,0.05942762643098831
9706,2024,4,0.11787422001361847
9712,2024,1,0.002165003679692745
9712,2024,2,0.001546474639326334
9712,2024,3,0.0006299104425124824
9712,2024,4,0.0014086394803598523
9726,2024,1,0.15849529206752777
9726,2024,2,0.15994204580783844
9726,2024,3,0.05180530622601509
9726,2024,4,0.10529392957687378
9730,2024,1,0.0018340513342991471
9730,2024,2,0.001289145089685917
9730,2024,3,0.0005356998881325126
9730,2024,4,0.0011939478572458029
9742,2024,1,0.0008067283779382706
9742,2024,2,0.0005234666168689728
9742,2024,3,0.00024001483689062297
9742,2024,4,0.0005259762401692569
9744,2024,1,0.13662150502204895
9744,2024,2,0.13880130648612976
9744,2024,3,0.041668035089969635
9744,2024,4,0.08978809416294098
9745,2024,1,0.1354639232158661
9745,2024,2,0.13762104511260986
9745,2024,3,0.04116068035364151
9745,2024,4,0.08890515565872192
9748,2024,1,0.0026717581786215305
9748,2024,2,0.00194755126722157
9748,2024,3,0.0007760679582133889
9748,2024,4,0.0017412463203072548
9750,2024,1,0.009537246078252792
9750,2024,2,0.007820956408977509
9750,2024,3,0.002692587673664093
9750,2024,4,0.006168709136545658
9758,2024,1,0.38768744468688965
9758,2024,2,0.3918471038341522
9758,2024,3,0.1842174232006073
9758,2024,4,0.2891160547733307
9761,2024,1,0.335100919008255
9761,2024,2,0.33614450693130493
9761,2024,3,0.1508077085018158
9761,2024,4,0.244785875082016
9765,2024,1,0.006215961650013924
9765,2024,2,0.004907532595098019
9765,2024,3,0.0017661040183156729
9765,2024,4,0.004029861651360989
9768,2024,1,0.3261711001396179
9768,2024,2,0.3303981423377991
9768,2024,3,0.14401628077030182
9768,2024,4,0.2377774715423584
9772,2024,1,0.0021946453489363194
9772,2024,2,0.001568281790241599
9772,2024,3,0.0006400123820640147
9772,2024,4,0.0014285106444731355
9797,2024,1,0.0031415175180882215
9797,2024,2,0.0023233771789819
9797,2024,3,0.0009086573263630271
9797,2024,4,0.0020429480355232954
9800,2024,1,0.19621261954307556
9800,2024,2,0.19864298403263092
9800,2024,3,0.06999275833368301
9800,2024,4,0.13415861129760742
9805,2024,1,0.1358889788389206
9805,2024,2,0.13805550336837769
9805,2024,3,0.041348107159137726
9805,2024,4,0.08923682570457458
9807,2024,1,0.13576458394527435
9807,2024,2,0.1379297375679016
9807,2024,3,0.04129365086555481
9807,2024,4,0.08914309740066528
9818,2024,1,0.0011482008267194033
9818,2024,2,0.000769173726439476
9818,2024,3,0.0003404088201932609
9818,2024,4,0.0007486386457458138
9819,2024,1,0.009955223649740219
9819,2024,2,0.008198876865208149
9819,2024,3,0.0028098481707274914
9819,2024,4,0.006444936618208885
9842,2024,1,0.0018604588694870472
9842,2024,2,0.0013089736457914114
9842,2024,3,0.000543991569429636
9842,2024,4,0.001211424358189106
9845,2024,1,0.0023038838990032673
9845,2024,2,0.0016533236484974623
9845,2024,3,0.0006716407369822264
9845,2024,4,0.0014998653205111623
9850,2024,1,0.0015680065844208002
9850,2024,2,0.0010859884787350893
9850,2024,3,0.00045922090066596866
9850,2024,4,0.0010207913583144546
9854,2024,1,0.002304291818290949
9854,2024,2,0.0016552635934203863
9854,2024,3,0.0006700804806314409
9854,2024,4,0.0014994905795902014
9857,2024,1,0.1355198323726654
9857,2024,2,0.13767798244953156
9857,2024,3,0.04118521139025688
9857,2024,4,0.08894781023263931
9873,2024,1,0.002297924365848303
9873,2024,2,0.001652061240747571
9873,2024,3,0.0006646551191806793
9873,2024,4,0.0014914104249328375
9889,2024,1,0.002795855049043894
9889,2024,2,0.0020411210134625435
9889,2024,3,0.0008116705575957894
9889,2024,4,0.001817059237509966
9902,2024,1,0.001199004938825965
9902,2024,2,0.0008089688490144908
9902,2024,3,0.00035351060796529055
9902,2024,4,0.0007813851116225123
9926,2024,1,0.0030075451359152794
9926,2024,2,0.0022151332814246416
9926,2024,3,0.0008749808184802532
9926,2024,4,0.0019626938737928867
9928,2024,1,0.136199951171875
9928,2024,2,0.13837146759033203
9928,2024,3,0.0414838083088398
9928,2024,4,0.089469313621521
9931,2024,1,0.009204639121890068
9931,2024,2,0.007527618668973446
9931,2024,3,0.0025982761289924383
9931,2024,4,0.005955294705927372
9939,2024,1,0.26478415727615356
9939,2024,2,0.27029183506965637
9939,2024,3,0.10601635277271271
9939,2024,4,0.18923088908195496
9940,2024,1,0.2521001100540161
9940,2024,2,0.25601184368133545
9940,2024,3,0.09958114475011826
9940,2024,4,0.17789924144744873
9944,2024,1,0.2152620255947113
9944,2024,2,0.2212948054075241
9944,2024,3,0.07917462289333344
9944,2024,4,0.14906670153141022
9953,2024,1,0.13564686477184296
9953,2024,2,0.1378093659877777
9953,2024,3,0.041241876780986786
9953,2024,4,0.08905154466629028
9954,2024,1,0.13652032613754272
9954,2024,2,0.13869911432266235
9954,2024,3,0.041623786091804504
9954,2024,4,0.08971105515956879
9958,2024,1,0.001428352203220129
9958,2024,2,0.0009797019883990288
9958,2024,3,0.00042041114647872746
9958,2024,4,0.0009310850873589516
9962,2024,1,0.002708992687985301
9962,2024,2,0.001976926112547517
9962,2024,3,0.000784496427513659
9962,2024,4,0.0017618451965972781
9968,2024,1,0.1717195212841034
9968,2024,2,0.17442536354064941
9968,2024,3,0.05786626785993576
9968,2024,4,0.11605846881866455
9973,2024,1,0.18008479475975037
9973,2024,2,0.18195411562919617
9973,2024,3,0.06159888952970505
9973,2024,4,0.12002106010913849
9980,2024,1,0.13707150518894196
9980,2024,2,0.13926143944263458
9980,2024,3,0.04186411201953888
9980,2024,4,0.09012280404567719
9982,2024,1,0.006485538557171822
9982,2024,2,0.005133956670761108
9982,2024,3,0.0018456480465829372
9982,2024,4,0.004203492309898138
9991,2024,1,0.002527958946302533
9991,2024,2,0.001830793684348464
9991,2024,3,0.000735907000489533
9991,2024,4,0.0016461568884551525
9998,2024,1,0.0025607082061469555
9998,2024,2,0.0018567556980997324
9998,2024,3,0.0007450136472471058
9998,2024,4,0.0016675216611474752
10004,2024,1,0.20880290865898132
10004,2024,2,0.2115417867898941
10004,2024,3,0.076307013630867
10004,2024,4,0.14363844692707062
10021,2024,1,0.0014017755165696144
10021,2024,2,0.0009595242445357144
10021,2024,3,0.00041304813930764794
10021,2024,4,0.0009140342008322477
10035,2024,1,0.0016229456523433328
10035,2024,2,0.0011250005336478353
10035,2024,3,0.00047574969357810915
10035,2024,4,0.0010553793981671333
10043,2024,1,0.004117431119084358
10043,2024,2,0.003125591203570366
10043,2024,3,0.001182935549877584
10043,2024,4,0.0026753731071949005
10046,2024,1,0.1360110491514206
10046,2024,2,0.13818056881427765
10046,2024,3,0.041400227695703506
10046,2024,4,0.08932444453239441
10054,2024,1,0.17980778217315674
10054,2024,2,0.18236728012561798
10054,2024,3,0.061371900141239166
10054,2024,4,0.12066188454627991
10060,2024,1,0.1356883943080902
10060,2024,2,0.1378481686115265
10060,2024,3,0.04126022383570671
10060,2024,4,0.08908403664827347
10061,2024,1,0.0019131347071379423
10061,2024,2,0.0013492691796272993
10061,2024,3,0.0005593457026407123
10061,2024,4,0.0012456420809030533
10081,2024,1,0.13541047275066376
10081,2024,2,0.13756754994392395
10081,2024,3,0.04113733023405075
10081,2024,4,0.08886551111936569
10090,2024,1,0.0034210514277219772
10090,2024,2,0.002553118858486414
10090,2024,3,0.0009862912120297551
10090,2024,4,0.002223352435976267
10104,2024,1,0.000723186181858182
10104,2024,2,0.0004621831467375159
10104,2024,3,0.00022000361059326679
10104,2024,4,0.0004762302851304412
10108,2024,1,0.002770400373265147
10108,2024,2,0.002029282972216606
10108,2024,3,0.0007995061459951103
10108,2024,4,0.0018014912493526936
10112,2024,1,0.002254985738545656
10112,2024,2,0.0016167110297828913
10112,2024,3,0.0006558583118021488
10112,2024,4,0.0014674505218863487
10124,2024,1,0.0013900351477786899
10124,2024,2,0.0009516875725239515
10124,2024,3,0.00040818986599333584
10124,2024,4,0.0009057255228981376
10125,2024,1,0.003241934347897768
10125,2024,2,0.0024030283093452454
10125,2024,3,0.0009390006889589131
10125,2024,4,0.0021091033704578876
10126,2024,1,0.0022503130603581667
10126,2024,2,0.0016128076240420341
10126,2024,3,0.0006552229751832783
10126,2024,4,0.0014650365337729454
10134,2024,1,0.0011567522305995226
10134,2024,2,0.0007771945092827082
10134,2024,3,0.00034164925455115736
10134,2024,4,0.0007537566707469523
10138,2024,1,0.0027979728765785694
10138,2024,2,0.0020461545791476965
10138,2024,3,0.0008120571146719158
10138,2024,4,0.0018207108369097114
10142,2024,1,0.0014828593702986836
10142,2024,2,0.0010207208106294274
10142,2024,3,0.00043591007124632597
10142,2024,4,0.0009660754585638642
10146,2024,1,0.38429728150367737
10146,2024,2,0.3888295590877533
10146,2024,3,0.18062999844551086
10146,2024,4,0.28506165742874146
10149,2024,1,0.46364927291870117
10149,2024,2,0.4707134962081909
10149,2024,3,0.23652039468288422
10149,2024,4,0.3592613935470581
10157,2024,1,0.0022399569861590862
10157,2024,2,0.001603799406439066
10157,2024,3,0.0006523408810608089
10157,2024,4,0.0014575849054381251
10159,2024,1,0.0017202806193381548
10159,2024,2,0.001201127888634801
10159,2024,3,0.0005032038898207247
10159,2024,4,0.0011197219137102365
10165,2024,1,0.0029917960055172443
10165,2024,2,0.00220874953083694
10165,2024,3,0.0008594032260589302
10165,2024,4,0.001942323986440897
10181,2024,1,0.0013953635934740305
10181,2024,2,0.0009535551653243601
10181,2024,3,0.00041245954344049096
10181,2024,4,0.0009104492492042482
10188,2024,1,0.004275719169527292
10188,2024,2,0.0032535651698708534
10188,2024,3,0.0012289220467209816
10188,2024,4,0.0027757775969803333
10197,2024,1,0.0031541939824819565
10197,2024,2,0.0023347558453679085
10197,2024,3,0.0009110037935897708
10197,2024,4,0.0020505383145064116
10202,2024,1,0.17213180661201477
10202,2024,2,0.1735612452030182
10202,2024,3,0.05820482596755028
10202,2024,4,0.11589686572551727
10203,2024,1,0.13618579506874084
10203,2024,2,0.13835901021957397
10203,2024,3,0.041477400809526443
10203,2024,4,0.08945990353822708
10206,2024,1,0.26295220851898193
10206,2024,2,0.26639991998672485
10206,2024,3,0.10583212971687317
10206,2024,4,0.18586647510528564
10207,2024,1,0.005078732967376709
10207,2024,2,0.003917926922440529
10207,2024,3,0.0014616589760407805
10207,2024,4,0.0032963543199002743
10209,2024,1,0.16931577026844025
10209,2024,2,0.17207071185112
10209,2024,3,0.05658053234219551
10209,2024,4,0.11338616907596588
10215,2024,1,0.001388140837661922
10215,2024,2,0.0009491629898548126
10215,2024,3,0.0004086926637683064
10215,2024,4,0.000904592452570796
10217,2024,1,0.0010550960432738066
10217,2024,2,0.0007049585692584515
10217,2024,3,0.00030958245042711496
10217,2024,4,0.0006865778123028576
10220,2024,1,0.0031084162183105946
10220,2024,2,0.002296987920999527
10220,2024,3,0.0008998154662549496
10220,2024,4,0.002022770931944251
10234,2024,1,0.0021442121360450983
10234,2024,2,0.0015290328301489353
10234,2024,3,0.0006249928846955299
10234,2024,4,0.0013952930457890034
10235,2024,1,0.13576440513134003
10235,2024,2,0.137929305434227
10235,2024,3,0.04129250347614288
10235,2024,4,0.08913728594779968
10260,2024,1,0.003908781334757805
10260,2024,2,0.00295144971460104
10260,2024,3,0.0011299671605229378
10260,2024,4,0.0025363711174577475
10270,2024,1,0.004144151695072651
10270,2024,2,0.0031451364047825336
10270,2024,3,0.0011910789180547
10270,2024,4,0.0026909722946584225
10274,2024,1,0.0015261325752362609
10274,2024,2,0.0010536235058680177
10274,2024,3,0.0004478182818274945
10274,2024,4,0.000993677182123065
10280,2024,1,0.5518229603767395
10280,2024,2,0.5551201701164246
10280,2024,3,0.3072347640991211
10280,2024,4,0.43767791986465454
10284,2024,1,0.13616764545440674
10284,2024,2,0.1383395791053772
10284,2024,3,0.04146949574351311
10284,2024,4,0.08944489061832428
10287,2024,1,0.0026883904356509447
10287,2024,2,0.001962832408025861
10287,2024,3,0.0007805401692166924
10287,2024,4,0.0017546063754707575
10289,2024,1,0.0014815990580245852
10289,2024,2,0.0010203083511441946
10289,2024,3,0.0004348154179751873
10289,2024,4,0.0009652620647102594
10294,2024,1,0.0024106954224407673
10294,2024,2,0.0017397657502442598
10294,2024,3,0.0007010363042354584
10294,2024,4,0.001569775864481926
10314,2024,1,0.32009148597717285
10314,2024,2,0.32654955983161926
10314,2024,3,0.13944117724895477
10314,2024,4,0.23435497283935547
10317,2024,1,0.42009538412094116
10317,2024,2,0.4262153208255768
10317,2024,3,0.20598983764648438
10317,2024,4,0.31965339183807373
10323,2024,1,0.135860875248909
10323,2024,2,0.1380254328250885
10323,2024,3,0.04133421927690506
10323,2024,4,0.08920679241418839
10327,2024,1,0.20224444568157196
10327,2024,2,0.20593631267547607
10327,2024,3,0.07283124327659607
10327,2024,4,0.13938872516155243
10329,2024,1,0.0019106150139123201
10329,2024,2,0.0013482618378475308
10329,2024,3,0.0005581415607593954
10329,2024,4,0.001244360115379095
10333,2024,1,0.2079521268606186
10333,2024,2,0.2135562300682068
10333,2024,3,0.07540971785783768
10333,2024,4,0.14452986419200897
10337,2024,1,0.0017609025817364454
10337,2024,2,0.0012324103154242039
10337,2024,3,0.000515657477080822
10337,2024,4,0.0011469750897958875
10344,2024,1,0.15260609984397888
10344,2024,2,0.15487706661224365
10344,2024,3,0.048875052481889725
10344,2024,4,0.10193829238414764
10350,2024,1,0.0018570517422631383
10350,2024,2,0.0013067226391285658
10350,2024,3,0.0005428274744190276
10350,2024,4,0.0012094506528228521
10360,2024,1,0.0027665547095239162
10360,2024,2,0.002023544395342469
10360,2024,3,0.0007994938641786575
10360,2024,4,0.0017977629322558641
10362,2024,1,0.003976893611252308
10362,2024,2,0.0030058049596846104
10362,2024,3,0.0011446723947301507
10362,2024,4,0.0025836427230387926
10369,2024,1,0.003138873726129532
10369,2024,2,0.002319620456546545
10369,2024,3,0.0009102615877054632
10369,2024,4,0.0020428539719432592
10370,2024,1,0.0021029456984251738
10370,2024,2,0.0014976586680859327
10370,2024,3,0.000612282776273787
10370,2024,4,0.0013682845747098327
10375,2024,1,0.34991025924682617
10375,2024,2,0.3596160411834717
10375,2024,3,0.15624165534973145
10375,2024,4,0.2613021731376648
10387,2024,1,0.0017558883409947157
10387,2024,2,0.0012286902638152242
10387,2024,3,0.000513812352437526
10387,2024,4,0.0011430257000029087
10388,2024,1,0.003628529142588377
10388,2024,2,0.002720626536756754
10388,2024,3,0.0010459948098286986
10388,2024,4,0.0023584181908518076
10391,2024,1,0.001339339418336749
10391,2024,2,0.0009130738908424973
10391,2024,3,0.0003942319890484214
10391,2024,4,0.0008726518717594445
10394,2024,1,0.2348264753818512
10394,2024,2,0.2354801446199417
10394,2024,3,0.09023233503103256
10394,2024,4,0.16078796982765198
10398,2024,1,0.0028855749405920506
10398,2024,2,0.0021183460485190153
10398,2024,3,0.0008338806219398975
10398,2024,4,0.0018753897165879607
10422,2024,1,0.13667893409729004
10422,2024,2,0.1388603150844574
10422,2024,3,0.04169338569045067
10422,2024,4,0.08983051776885986
10428,2024,1,0.0036917896941304207
10428,2024,2,0.0027706788387149572
10428,2024,3,0.0010659131221473217
10428,2024,4,0.0024003591388463974
10430,2024,1,0.0020194516982883215
10430,2024,2,0.0014321464113891125
10430,2024,3,0.0005895948852412403
10430,2024,4,0.0013149708975106478
10435,2024,1,0.0011086689773947
10435,2024,2,0.0007413634448312223
10435,2024,3,0.00032832130091264844
10435,2024,4,0.0007227114401757717
10440,2024,1,0.13571199774742126
10440,2024,2,0.13787460327148438
10440,2024,3,0.04126919060945511
10440,2024,4,0.08909521251916885
10452,2024,1,0.13569459319114685
10452,2024,2,0.13785617053508759
10452,2024,3,0.041262730956077576
10452,2024,4,0.08908587694168091
10456,2024,1,0.0030859895050525665
10456,2024,2,0.0022798844147473574
10456,2024,3,0.0008919222746044397
10456,2024,4,0.0020067794248461723
10457,2024,1,0.0029990440234541893
10457,2024,2,0.0022083227522671223
10457,2024,3,0.0008688833331689239
10457,2024,4,0.0019515783060342073
10458,2024,1,0.009569201618432999
10458,2024,2,0.007861033082008362
10458,2024,3,0.002694163005799055
10458,2024,4,0.00618827436119318
10461,2024,1,0.0016318315174430609
10461,2024,2,0.0011316115269437432
10461,2024,3,0.0004810679820366204
10461,2024,4,0.0010645074071362615
10464,2024,1,0.004558693151921034
10464,2024,2,0.0035025104880332947
10464,2024,3,0.0013091983273625374
10464,2024,4,0.002964247949421406
10472,2024,1,0.0020084786228835583
10472,2024,2,0.0014232435496523976
10472,2024,3,0.0005868158186785877
10472,2024,4,0.0013080004137009382
10474,2024,1,0.002291797660291195
10474,2024,2,0.0016439005266875029
10474,2024,3,0.0006681189406663179
10474,2024,4,0.0014913855120539665
10476,2024,1,0.0026947325095534325
10476,2024,2,0.001964503899216652
10476,2024,3,0.0007811294053681195
10476,2024,4,0.0017525717848911881
10477,2024,1,0.17333760857582092
10477,2024,2,0.17626644670963287
10477,2024,3,0.05860610678792
10477,2024,4,0.1174853965640068
10499,2024,1,0.545943558216095
10499,2024,2,0.554646372795105
10499,2024,3,0.29844358563423157
10499,2024,4,0.43322309851646423
10501,2024,1,0.002817455679178238
10501,2024,2,0.0020626166369765997
10501,2024,3,0.0008159115677699447
10501,2024,4,0.001831892179325223
10506,2024,1,0.30716899037361145
10506,2024,2,0.3116994798183441
10506,2024,3,0.13207800686359406
10506,2024,4,0.22214631736278534
10519,2024,1,0.002188030630350113
10519,2024,2,0.0015636436874046922
10519,2024,3,0.000637830002233386
10519,2024,4,0.0014244385529309511
10526,2024,1,0.002567060524597764
10526,2024,2,0.001863181358203292
10526,2024,3,0.0007447877433151007
10526,2024,4,0.001669901073910296
10534,2024,1,0.0013420141767710447
10534,2024,2,0.0009156918968074024
10534,2024,3,0.0003945962234865874
10534,2024,4,0.0008745138766244054
10536,2024,1,0.1552322506904602
10536,2024,2,0.15901419520378113
10536,2024,3,0.0495329312980175
10536,2024,4,0.10332804918289185
10543,2024,1,0.0014681972097605467
10543,2024,2,0.0010098060593008995
10543,2024,3,0.0004313956596888602
10543,2024,4,0.0009566715452820063
10547,2024,1,0.0026609408669173717
10547,2024,2,0.0019403155893087387
10547,2024,3,0.0007700706482864916
10547,2024,4,0.0017312414711341262
10548,2024,1,0.002296231221407652
10548,2024,2,0.0016490047564730048
10548,2024,3,0.0006672758609056473
10548,2024,4,0.001493251184001565
10549,2024,1,0.17441344261169434
10549,2024,2,0.17842556536197662
10549,2024,3,0.058763742446899414
10549,2024,4,0.11858449131250381
10552,2024,1,0.0043464526534080505
10552,2024,2,0.0033146177884191275
10552,2024,3,0.0012477056588977575
10552,2024,4,0.002822520677000284
10566,2024,1,0.13617673516273499
10566,2024,2,0.13834699988365173
10566,2024,3,0.04147276654839516
10566,2024,4,0.08945213258266449
10568,2024,1,0.3500632345676422
10568,2024,2,0.35475805401802063
10568,2024,3,0.15950016677379608
10568,2024,4,0.25777295231819153
10570,2024,1,0.0017469230806455016
10570,2024,2,0.001222248887643218
10570,2024,3,0.0005110203637741506
10570,2024,4,0.0011374811874702573
10584,2024,1,0.18328240513801575
10584,2024,2,0.18571345508098602
10584,2024,3,0.06328895688056946
10584,2024,4,0.1234569251537323
10596,2024,1,0.1620970368385315
10596,2024,2,0.16308531165122986
10596,2024,3,0.05353126674890518
10596,2024,4,0.10828695446252823
10599,2024,1,0.0018616933375597
10599,2024,2,0.0013104876270517707
10599,2024,3,0.0005437894724309444
10599,2024,4,0.0012119071325287223
10610,2024,1,0.001160224201157689
10610,2024,2,0.0007797344587743282
10610,2024,3,0.00034312019124627113
10610,2024,4,0.0007569152512587607
10615,2024,1,0.0029459120705723763
10615,2024,2,0.002167574129998684
10615,2024,3,0.000851781980600208
10615,2024,4,0.0019166958518326283
10618,2024,1,0.20874586701393127
10618,2024,2,0.21121567487716675
10618,2024,3,0.07621069997549057
10618,2024,4,0.1426982581615448
10622,2024,1,0.24342072010040283
10622,2024,2,0.25041043758392334
10622,2024,3,0.094449982047081
10622,2024,4,0.1725153625011444
10624,2024,1,0.0020413168240338564
10624,2024,2,0.0014508250169456005
10624,2024,3,0.0005938224494457245
10624,2024,4,0.0013281183782964945
10629,2024,1,0.004416183568537235
10629,2024,2,0.0033588181249797344
10629,2024,3,0.0012783348793163896
10629,2024,4,0.0028740153647959232
10630,2024,1,0.0011652674293145537
10630,2024,2,0.0007840575417503715
10630,2024,3,0.00034382904414087534
10630,2024,4,0.000759654154535383
10632,2024,1,0.15983808040618896
10632,2024,2,0.1625533103942871
10632,2024,3,0.05243433266878128
10632,2024,4,0.10667827725410461
10635,2024,1,0.1549241542816162
10635,2024,2,0.15632283687591553
10635,2024,3,0.050123460590839386
10635,2024,4,0.10252409428358078
10641,2024,1,0.001273755682632327
10641,2024,2,0.0008645625784993172
10641,2024,3,0.00037477712612599134
10641,2024,4,0.0008298717439174652
10646,2024,1,0.2945708930492401
10646,2024,2,0.29956167936325073
10646,2024,3,0.12423473596572876
10646,2024,4,0.21445505321025848
10651,2024,1,0.002665651496499777
10651,2024,2,0.001941088354215026
10651,2024,3,0.0007742289453744888
10651,2024,4,0.001735010533593595
10658,2024,1,0.0012215229216963053
10658,2024,2,0.0008261228795163333
10658,2024,3,0.00035921501694247127
10658,2024,4,0.0007953423773869872
10659,2024,1,0.0029082198161631823
10659,2024,2,0.0021356125362217426
10659,2024,3,0.000842250301502645
10659,2024,4,0.0018915734253823757
10667,2024,1,0.002569421660155058
10667,2024,2,0.001870139385573566
10667,2024,3,0.0007426968077197671
10667,2024,4,0.0016719130799174309
10692,2024,1,0.0012679928913712502
10692,2024,2,0.0008601590525358915
10692,2024,3,0.0003732853219844401
10692,2024,4,0.0008260773029178381
10698,2024,1,0.13646990060806274
10698,2024,2,0.13864658772945404
10698,2024,3,0.04159991443157196
10698,2024,4,0.08966339379549026
10699,2024,1,0.0012698150239884853
10699,2024,2,0.0008612328674644232
10699,2024,3,0.0003741424297913909
10699,2024,4,0.0008273981511592865
10734,2024,1,0.0038111223839223385
10734,2024,2,0.0028723031282424927
10734,2024,3,0.0010961779626086354
10734,2024,4,0.0024765837006270885
10744,2024,1,0.0007639692630618811
10744,2024,2,0.000493020168505609
10744,2024,3,0.0002275372389703989
10744,2024,4,0.0004980640951544046
10748,2024,1,0.003638173919171095
10748,2024,2,0.002723613753914833
10748,2024,3,0.0010541428346186876
10748,2024,4,0.0023671749513596296
10753,2024,1,0.0019741160795092583
10753,2024,2,0.0013975122710689902
10753,2024,3,0.0005756482714787126
10753,2024,4,0.001284956932067871
10758,2024,1,0.1358703374862671
10758,2024,2,0.13803482055664062
10758,2024,3,0.04133743420243263
10758,2024,4,0.08920824527740479
10759,2024,1,0.13853202760219574
10759,2024,2,0.1411159634590149
10759,2024,3,0.04255439713597298
10759,2024,4,0.09093325585126877
10763,2024,1,0.18766319751739502
10763,2024,2,0.18884433805942535
10763,2024,3,0.06513562053442001
10763,2024,4,0.12849420309066772
10768,2024,1,0.22762058675289154
10768,2024,2,0.23068977892398834
10768,2024,3,0.08654360473155975
10768,2024,4,0.15939176082611084
10778,2024,1,0.0013470161939039826
10778,2024,2,0.0009190172422677279
10778,2024,3,0.00039627839578315616
10778,2024,4,0.0008777067996561527
10795,2024,1,0.1865965873003006
10795,2024,2,0.18870607018470764
10795,2024,3,0.06511826813220978
10795,2024,4,0.1268867403268814
10798,2024,1,0.0027691833674907684
10798,2024,2,0.0020247299689799547
10798,2024,3,0.0008022594265639782
10798,2024,4,0.0018011853098869324
10831,2024,1,0.002410480286926031
10831,2024,2,0.0017351771239191294
10831,2024,3,0.0007021708879619837
10831,2024,4,0.001566131366416812
10840,2024,1,0.0009386414312757552
10840,2024,2,0.0006182810757309198
10840,2024,3,0.00027817863156087697
10840,2024,4,0.000611751398537308
10855,2024,1,0.194121316075325
10855,2024,2,0.19807901978492737
10855,2024,3,0.06826601922512054
10855,2024,4,0.1322135627269745
10859,2024,1,0.0027502053417265415
10859,2024,2,0.0020098367240279913
10859,2024,3,0.0007957837078720331
10859,2024,4,0.001788067165762186
10862,2024,1,0.007569552399218082
10862,2024,2,0.006083793938159943
10862,2024,3,0.0021438065450638533
10862,2024,4,0.004902165848761797
10865,2024,1,0.20605720579624176
10865,2024,2,0.21072687208652496
10865,2024,3,0.07476073503494263
10865,2024,4,0.14204275608062744
10870,2024,1,0.007067428436130285
10870,2024,2,0.005637303926050663
10870,2024,3,0.0020059137605130672
10870,2024,4,0.004575259983539581
10872,2024,1,0.1399492621421814
10872,2024,2,0.14239242672920227
10872,2024,3,0.04299887269735336
10872,2024,4,0.09182778745889664
10878,2024,1,0.0013510328717529774
10878,2024,2,0.0009223950328305364
10878,2024,3,0.0003969427780248225
10878,2024,4,0.0008799766656011343
10891,2024,1,0.0033480641432106495
10891,2024,2,0.002491682767868042
10891,2024,3,0.0009658497874625027
10891,2024,4,0.0021756025962531567
10903,2024,1,0.002134650247171521
10903,2024,2,0.0015229647979140282
10903,2024,3,0.000621532613877207
10903,2024,4,0.001389569602906704
10907,2024,1,0.0022722752764821053
10907,2024,2,0.0016274235676974058
10907,2024,3,0.0006631691940128803
10907,2024,4,0.0014793057925999165
10914,2024,1,0.31625038385391235
10914,2024,2,0.3190254271030426
10914,2024,3,0.13739565014839172
10914,2024,4,0.22818425297737122
10916,2024,1,0.0023147400934249163
10916,2024,2,0.0016619827365502715
10916,2024,3,0.0006743695703335106
10916,2024,4,0.0015068069333210588
10924,2024,1,0.0011192350648343563
10924,2024,2,0.000749816361349076
10924,2024,3,0.0003308418672531843
10924,2024,4,0.000729643739759922
10933,2024,1,0.1357351690530777
10933,2024,2,0.13789768517017365
10933,2024,3,0.04127860069274902
10933,2024,4,0.08910767734050751
10941,2024,1,0.0024419771507382393
10941,2024,2,0.001761311898007989
10941,2024,3,0.0007095902692526579
10941,2024,4,0.0015851599164307117
10951,2024,1,0.0028329407796263695
10951,2024,2,0.002074947115033865
10951,2024,3,0.0008209269726648927
10951,2024,4,0.0018427488394081593
10964,2024,1,0.002051070798188448
10964,2024,2,0.001448443392291665
10964,2024,3,0.0006105389911681414
10964,2024,4,0.0013424094067886472
10973,2024,1,0.14618568122386932
10973,2024,2,0.14966069161891937
10973,2024,3,0.04572401940822601
10973,2024,4,0.0968666672706604
10977,2024,1,0.13604652881622314
10977,2024,2,0.13821661472320557
10977,2024,3,0.04141677916049957
10977,2024,4,0.08935511112213135
10986,2024,1,0.004572813864797354
10986,2024,2,0.0035031333100050688
10986,2024,3,0.0013133669272065163
10986,2024,4,0.002971688052639365
10998,2024,1,0.0020088618621230125
10998,2024,2,0.0014247214421629906
10998,2024,3,0.0005863724509254098
10998,2024,4,0.0013087657280266285
10999,2024,1,0.13587075471878052
10999,2024,2,0.13803738355636597
10999,2024,3,0.04133863374590874
10999,2024,4,0.08921627700328827
11000,2024,1,0.0017396078910678625
11000,2024,2,0.0012162766652181745
11000,2024,3,0.0005092024221085012
11000,2024,4,0.0011329532135277987
11002,2024,1,0.001970771700143814
11002,2024,2,0.0013792207464575768
11002,2024,3,0.0005853212205693126
11002,2024,4,0.0012797515373677015
11005,2024,1,0.27234435081481934
11005,2024,2,0.27650395035743713
11005,2024,3,0.11133524030447006
11005,2024,4,0.19382229447364807
11007,2024,1,0.13580568134784698
11007,2024,2,0.13797079026699066
11007,2024,3,0.041310135275125504
11007,2024,4,0.08916625380516052
11018,2024,1,0.13576900959014893
11018,2024,2,0.13793222606182098
11018,2024,3,0.041294582188129425
11018,2024,4,0.08913961052894592
11040,2024,1,0.17300406098365784
11040,2024,2,0.1753951609134674
11040,2024,3,0.05834230035543442
11040,2024,4,0.11663670837879181
11047,2024,1,0.0014509542379528284
11047,2024,2,0.0009969936218112707
11047,2024,3,0.0004262460570316762
11047,2024,4,0.0009452160447835922
11067,2024,1,0.005840371362864971
11067,2024,2,0.004579566884785891
11067,2024,3,0.001664711395278573
11067,2024,4,0.0037871389649808407
11068,2024,1,0.0018204444786533713
11068,2024,2,0.0012796198716387153
11068,2024,3,0.000531176570802927
11068,2024,4,0.0011856877245008945
11074,2024,1,0.17492829263210297
11074,2024,2,0.17766635119915009
11074,2024,3,0.059398017823696136
11074,2024,4,0.1183709129691124
11075,2024,1,0.13597509264945984
11075,2024,2,0.13814261555671692
11075,2024,3,0.04138481989502907
11075,2024,4,0.08929741382598877
11081,2024,1,0.007922126911580563
11081,2024,2,0.006392538547515869
11081,2024,3,0.0022420219611376524
11081,2024,4,0.005129588767886162
11083,2024,1,0.0033036665990948677
11083,2024,2,0.0024579595774412155
11083,2024,3,0.0009507095674052835
11083,2024,4,0.002144354861229658
11101,2024,1,0.5199523568153381
11101,2024,2,0.5201398134231567
11101,2024,3,0.28343966603279114
11101,2024,4,0.40693235397338867
11108,2024,1,0.15441007912158966
11108,2024,2,0.15699544548988342
11108,2024,3,0.04947817325592041
11108,2024,4,0.10204938054084778
11125,2024,1,0.0018279955256730318
11125,2024,2,0.0012862500734627247
11125,2024,3,0.0005324706435203552
11125,2024,4,0.0011899229139089584
11129,2024,1,0.6346470713615417
11129,2024,2,0.6375912427902222
11129,2024,3,0.37697359919548035
11129,2024,4,0.518212080001831
11145,2024,1,0.0013954543974250555
11145,2024,2,0.0009556992445141077
11145,2024,3,0.0004097765777260065
11145,2024,4,0.0009088999358937144
11149,2024,1,0.0018086524214595556
11149,2024,2,0.0012690565781667829
11149,2024,3,0.0005290552508085966
11149,2024,4,0.0011777313193306327
11151,2024,1,0.0019824206829071045
11151,2024,2,0.0014049800811335444
11151,2024,3,0.0005769729614257812
11151,2024,4,0.001289178617298603
11164,2024,1,0.004856765735894442
11164,2024,2,0.003738309256732464
11164,2024,3,0.0013945624232292175
11164,2024,4,0.0031559630297124386
11177,2024,1,0.0027311036828905344
11177,2024,2,0.00199357932433486
11177,2024,3,0.0007909734849818051
11177,2024,4,0.001775969984009862
11193,2024,1,0.19489526748657227
11193,2024,2,0.19759541749954224
11193,2024,3,0.06905536353588104
11193,2024,4,0.13195927441120148
11210,2024,1,0.0025035557337105274
11210,2024,2,0.001812618225812912
11210,2024,3,0.0007269587949849665
11210,2024,4,0.0016289904015138745
11224,2024,1,0.001993481069803238
11224,2024,2,0.0014119595289230347
11224,2024,3,0.0005816022749058902
11224,2024,4,0.001297453185543418
11226,2024,1,0.003612337401136756
11226,2024,2,0.0027078085113316774
11226,2024,3,0.0010406356304883957
11226,2024,4,0.0023475068155676126
11240,2024,1,0.0034318072721362114
11240,2024,2,0.0025595189072191715
11240,2024,3,0.00099096167832613
11240,2024,4,0.002231401391327381
11247,2024,1,0.003409789642319083
11247,2024,2,0.0025433481205254793
11247,2024,3,0.0009802936110645533
11247,2024,4,0.002213061321526766
11251,2024,1,0.0015807165764272213
11251,2024,2,0.0010948159033432603
11251,2024,3,0.0004640298429876566
11251,2024,4,0.0010300620924681425
11254,2024,1,0.002548323944211006
11254,2024,2,0.001836853101849556
11254,2024,3,0.0007508881390094757
11254,2024,4,0.0016614221967756748
11257,2024,1,0.16101127862930298
11257,2024,2,0.16256853938102722
11257,2024,3,0.052878815680742264
11257,2024,4,0.10751553624868393
11271,2024,1,0.43983742594718933
11271,2024,2,0.44468364119529724
11271,2024,3,0.22060199081897736
11271,2024,4,0.33571064472198486
11272,2024,1,0.3531185984611511
11272,2024,2,0.35931965708732605
11272,2024,3,0.16013087332248688
11272,2024,4,0.26022911071777344
11277,2024,1,0.0018396819941699505
11277,2024,2,0.0012937980936840177
11277,2024,3,0.0005374087486416101
11277,2024,4,0.001197843230329454
11279,2024,1,0.002808146644383669
11279,2024,2,0.0020550780463963747
11279,2024,3,0.0008135582320392132
11279,2024,4,0.0018263787496834993
11288,2024,1,0.0019555233884602785
11288,2024,2,0.0013825616333633661
11288,2024,3,0.0005716534797102213
11288,2024,4,0.0012740595266222954
11296,2024,1,0.00206910353153944
11296,2024,2,0.0014681951142847538
11296,2024,3,0.0006046461057849228
11296,2024,4,0.0013466005912050605
11298,2024,1,0.0020431566517800093
11298,2024,2,0.001451064832508564
11298,2024,3,0.0005952244391664863
11298,2024,4,0.0013293430674821138
11300,2024,1,0.0015008802292868495
11300,2024,2,0.001033138483762741
11300,2024,3,0.0004424319486133754
11300,2024,4,0.000978468218818307
11302,2024,1,0.18637435138225555
11302,2024,2,0.1904740333557129
11302,2024,3,0.06464894860982895
11302,2024,4,0.1267082691192627
11306,2024,1,0.0022074857261031866
11306,2024,2,0.0015800932887941599
11306,2024,3,0.0006414844538085163
11306,2024,4,0.0014360849745571613
11310,2024,1,0.002857677172869444
11310,2024,2,0.0020948881283402443
11310,2024,3,0.0008275724248960614
11310,2024,4,0.0018582209013402462
11312,2024,1,0.1357918679714203
11312,2024,2,0.13795708119869232
11312,2024,3,0.04130531847476959
11312,2024,4,0.08916199207305908
11320,2024,1,0.0016642555128782988
11320,2024,2,0.0011585948523133993
11320,2024,3,0.00048774160677567124
11320,2024,4,0.0010840821778401732
11323,2024,1,0.0031736271921545267
11323,2024,2,0.0023447927087545395
11323,2024,3,0.0009216547477990389
11323,2024,4,0.0020640254952013493
11351,2024,1,0.0018631244311109185
11351,2024,2,0.001310300431214273
11351,2024,3,0.0005461287219077349
11351,2024,4,0.0012144988868385553
11352,2024,1,0.0024372113402932882
11352,2024,2,0.0017578713595867157
11352,2024,3,0.000710282358340919
11352,2024,4,0.0015860993880778551
11365,2024,1,0.18565982580184937
11365,2024,2,0.1865251660346985
11365,2024,3,0.065471351146698
11365,2024,4,0.12610408663749695
11368,2024,1,0.002365405671298504
11368,2024,2,0.0017033355543389916
11368,2024,3,0.0006873771781101823
11368,2024,4,0.0015387637540698051
11384,2024,1,0.2047838717699051
11384,2024,2,0.20838826894760132
11384,2024,3,0.07365795969963074
11384,2024,4,0.13960345089435577
11386,2024,1,0.4556849002838135
11386,2024,2,0.4580400586128235
11386,2024,3,0.23399412631988525
11386,2024,4,0.3493831753730774
11397,2024,1,0.002401980571448803
11397,2024,2,0.0017315968871116638
11397,2024,3,0.0006988946115598083
11397,2024,4,0.0015633599832654
11404,2024,1,0.005176427774131298
11404,2024,2,0.004012483172118664
11404,2024,3,0.0014815551694482565
11404,2024,4,0.0033604376949369907
11408,2024,1,0.3793562054634094
11408,2024,2,0.3851787745952606
11408,2024,3,0.1779179871082306
11408,2024,4,0.2826893925666809
11409,2024,1,0.1716698706150055
11409,2024,2,0.17465007305145264
11409,2024,3,0.057700615376234055
11409,2024,4,0.11566783487796783
11422,2024,1,0.004835860803723335
11422,2024,2,0.0037243086844682693
11422,2024,3,0.0013854072894901037
11422,2024,4,0.0031386776827275753
11425,2024,1,0.19918838143348694
11425,2024,2,0.20196610689163208
11425,2024,3,0.07151639461517334
11425,2024,4,0.1370614767074585
11433,2024,1,0.003337056376039982
11433,2024,2,0.002481060801073909
11433,2024,3,0.0009637004695832729
11433,2024,4,0.0021696898620575666
11434,2024,1,0.0024812594056129456
11434,2024,2,0.0017867556307464838
11434,2024,3,0.000729295308701694
11434,2024,4,0.0016174149932339787
11440,2024,1,0.3264772295951843
11440,2024,2,0.3294375538825989
11440,2024,3,0.1445629596710205
11440,2024,4,0.23860353231430054
11448,2024,1,0.004875956103205681
11448,2024,2,0.003787832800298929
11448,2024,3,0.00137903552968055
11448,2024,4,0.003164455993101001
11453,2024,1,0.0015741881215944886
11453,2024,2,0.0010965652763843536
11453,2024,3,0.0004556489293463528
11453,2024,4,0.001024245168082416
11458,2024,1,0.1359514594078064
11458,2024,2,0.13811922073364258
11458,2024,3,0.04137495160102844
11458,2024,4,0.0892813503742218
11459,2024,1,0.13603097200393677
11459,2024,2,0.13819974660873413
11459,2024,3,0.041409797966480255
11459,2024,4,0.08934159576892853
11475,2024,1,0.15818530321121216
11475,2024,2,0.1604040563106537
11475,2024,3,0.05133593827486038
11475,2024,4,0.1056642010807991
11477,2024,1,0.0013815389247611165
11477,2024,2,0.0009453728562220931
11477,2024,3,0.0004055755562148988
11477,2024,4,0.0008997786790132523
11481,2024,1,0.0016424218192696571
11481,2024,2,0.001139311003498733
11481,2024,3,0.0004830331017728895
11481,2024,4,0.0010682588908821344
11487,2024,1,0.13556590676307678
11487,2024,2,0.13772550225257874
11487,2024,3,0.04120621085166931
11487,2024,4,0.08898778259754181
11489,2024,1,0.0032797297462821007
11489,2024,2,0.00243365322239697
11489,2024,3,0.0009492987883277237
11489,2024,4,0.0021328425500541925
11492,2024,1,0.0019645276479423046
11492,2024,2,0.001390483696013689
11492,2024,3,0.0005730150733143091
11492,2024,4,0.001279346877709031
11493,2024,1,0.16867901384830475
11493,2024,2,0.17055124044418335
11493,2024,3,0.0563906654715538
11493,2024,4,0.11234534531831741
11495,2024,1,0.13619406521320343
11495,2024,2,0.13836656510829926
11495,2024,3,0.04148038476705551
11495,2024,4,0.08946213126182556
11500,2024,1,0.19516143202781677
11500,2024,2,0.1991376280784607
11500,2024,3,0.06896226108074188
11500,2024,4,0.13327515125274658
11502,2024,1,0.2563535273075104
11502,2024,2,0.26090770959854126
11502,2024,3,0.10205423831939697
11502,2024,4,0.18157008290290833
11504,2024,1,0.0014902225229889154
11504,2024,2,0.0010266149183735251
11504,2024,3,0.00043767859460785985
11504,2024,4,0.0009707354474812746
11509,2024,1,0.002487950026988983
11509,2024,2,0.001800793339498341
11509,2024,3,0.0007216365193016827
11509,2024,4,0.0016180728562176228
11527,2024,1,0.36486345529556274
11527,2024,2,0.3719022274017334
11527,2024,3,0.16764652729034424
11527,2024,4,0.2716209292411804
11529,2024,1,0.006874398328363895
11529,2024,2,0.005489913746714592
11529,2024,3,0.0019661264959722757
11529,2024,4,0.004465727135539055
11539,2024,1,0.21242550015449524
11539,2024,2,0.21420252323150635
11539,2024,3,0.07800068706274033
11539,2024,4,0.14478027820587158
11542,2024,1,0.0021759981755167246
11542,2024,2,0.0015543787740170956
11542,2024,3,0.0006342670531012118
11542,2024,4,0.0014169315109029412
11559,2024,1,0.0020269635133445263
11559,2024,2,0.0014402555534616113
11559,2024,3,0.0005896682851016521
11559,2024,4,0.0013197747757658362
11560,2024,1,0.0029194753151386976
11560,2024,2,0.002144607249647379
11560,2024,3,0.0008453099289909005
11560,2024,4,0.0018981555476784706
11566,2024,1,0.26120537519454956
11566,2024,2,0.26560455560684204
11566,2024,3,0.10477641969919205
11566,2024,4,0.18530772626399994
11567,2024,1,0.0035270662046968937
11567,2024,2,0.0026413430459797382
11567,2024,3,0.0010159964440390468
11567,2024,4,0.002292373450472951
11573,2024,1,0.30941200256347656
11573,2024,2,0.3137039542198181
11573,2024,3,0.13357700407505035
11573,2024,4,0.22440364956855774
11574,2024,1,0.0013181573012843728
11574,2024,2,0.0008969970513135195
11574,2024,3,0.0003880808944813907
11574,2024,4,0.0008585829054936767
11575,2024,1,0.135065495967865
11575,2024,2,0.1372053176164627
11575,2024,3,0.04099007323384285
11575,2024,4,0.08862224221229553
11583,2024,1,0.003255086252465844
11583,2024,2,0.0024210275150835514
11583,2024,3,0.0009431922808289528
11583,2024,4,0.0021271302830427885
11588,2024,1,0.0022628940641880035
11588,2024,2,0.001622120849788189
11588,2024,3,0.0006593583384528756
11588,2024,4,0.0014732731506228447
11602,2024,1,0.0016214943025261164
11602,2024,2,0.0011256957659497857
11602,2024,3,0.00047765468480065465
11602,2024,4,0.001059865579009056
11611,2024,1,0.0029492340981960297
11611,2024,2,0.0021683592349290848
11611,2024,3,0.0008543257717974484
11611,2024,4,0.001918642083182931
11613,2024,1,0.00401586527004838
11613,2024,2,0.0030388054437935352
11613,2024,3,0.001155175967141986
11613,2024,4,0.0026079979725182056
11618,2024,1,0.28526532649993896
11618,2024,2,0.2906298041343689
11618,2024,3,0.1183842271566391
11618,2024,4,0.2045818567276001
11620,2024,1,0.002569925971329212
11620,2024,2,0.0018651580903679132
11620,2024,3,0.0007460544584318995
11620,2024,4,0.0016720707062631845
11624,2024,1,0.0023350066039711237
11624,2024,2,0.0016799597069621086
11624,2024,3,0.0006776980590075254
11624,2024,4,0.0015183633659034967
11642,2024,1,0.1943504810333252
11642,2024,2,0.19887584447860718
11642,2024,3,0.06854265928268433
11642,2024,4,0.13311615586280823
11653,2024,1,0.0023669207002967596
11653,2024,2,0.001704337541013956
11653,2024,3,0.0006887019262649119
11653,2024,4,0.0015414648223668337
11658,2024,1,0.0009970093378797174
11658,2024,2,0.0006610934506170452
11658,2024,3,0.00029475719202309847
11658,2024,4,0.0006497418507933617
11668,2024,1,0.0021354707423597574
11668,2024,2,0.0015219731722027063
11668,2024,3,0.0006237324560061097
11668,2024,4,0.0013912972062826157
11670,2024,1,0.0028250461909919977
11670,2024,2,0.002069122390821576
11670,2024,3,0.0008177482523024082
11670,2024,4,0.001836809329688549
11684,2024,1,0.1361832469701767
11684,2024,2,0.13835455477237701
11684,2024,3,0.04147586226463318
11684,2024,4,0.0894523337483406
11698,2024,1,0.0016381440218538046
11698,2024,2,0.0011383227538317442
11698,2024,3,0.00048106577014550567
11698,2024,4,0.0010681108105927706
11703,2024,1,0.0016606268472969532
11703,2024,2,0.0011559607228264213
11703,2024,3,0.00048683612840250134
11703,2024,4,0.0010821919422596693
11705,2024,1,0.004294572863727808
11705,2024,2,0.0032715166453272104
11705,2024,3,0.0012332735350355506
11705,2024,4,0.002789113437756896
11711,2024,1,0.004132525064051151
11711,2024,2,0.003134228987619281
11711,2024,3,0.0011920665856450796
11711,2024,4,0.0026882453821599483
11715,2024,1,0.0014605815522372723
11715,2024,2,0.001004633610136807
11715,2024,3,0.0004282163572497666
11715,2024,4,0.0009511093376204371
11716,2024,1,0.0013289819471538067
11716,2024,2,0.0009049161453731358
11716,2024,3,0.0003915065317414701
11716,2024,4,0.0008658335427753627
11720,2024,1,0.004212676547467709
11720,2024,2,0.0032047731801867485
11720,2024,3,0.0012087144423276186
11720,2024,4,0.0027356951031833887
11722,2024,1,0.0018267275299876928
11722,2024,2,0.0012831282801926136
11722,2024,3,0.0005340353236533701
11722,2024,4,0.0011892744805663824
11724,2024,1,0.00228219130076468
11724,2024,2,0.001641747890971601
11724,2024,3,0.0006606321549043059
11724,2024,4,0.001483063562773168
11735,2024,1,0.003738934639841318
11735,2024,2,0.0028107911348342896
11735,2024,3,0.001077453140169382
11735,2024,4,0.0024298946373164654
11761,2024,1,0.1358451545238495
11761,2024,2,0.13801145553588867
11761,2024,3,0.04132799804210663
11761,2024,4,0.08919991552829742
11762,2024,1,0.4945565462112427
11762,2024,2,0.49920082092285156
11762,2024,3,0.2611454129219055
11762,2024,4,0.3855319619178772
11763,2024,1,0.15125998854637146
11763,2024,2,0.15395841002464294
11763,2024,3,0.04803713411092758
11763,2024,4,0.09980925172567368
11767,2024,1,0.19231440126895905
11767,2024,2,0.19502046704292297
11767,2024,3,0.06795674562454224
11767,2024,4,0.13074859976768494
11768,2024,1,0.0036318162456154823
11768,2024,2,0.0027226023375988007
11768,2024,3,0.0010474511655047536
11768,2024,4,0.0023607402108609676
11770,2024,1,0.003659048117697239
11770,2024,2,0.002748226746916771
11770,2024,3,0.0010516662150621414
11770,2024,4,0.002377126133069396
11771,2024,1,0.19742435216903687
11771,2024,2,0.19949668645858765
11771,2024,3,0.07105948030948639
11771,2024,4,0.1362723857164383
11773,2024,1,0.00210706633515656
11773,2024,2,0.0015009198104962707
11773,2024,3,0.0006140697514638305
11773,2024,4,0.0013715623645111918
11776,2024,1,0.13932159543037415
11776,2024,2,0.14158666133880615
11776,2024,3,0.042727988213300705
11776,2024,4,0.09115315973758698
11781,2024,1,0.01264999434351921
11781,2024,2,0.010662146843969822
11781,2024,3,0.003537277225404978
11781,2024,4,0.008165741339325905
11785,2024,1,0.0016494219889864326
11785,2024,2,0.001146666007116437
11785,2024,3,0.0004838687018491328
11785,2024,4,0.0010744996834546328
11787,2024,1,0.13589461147785187
11787,2024,2,0.1380617916584015
11787,2024,3,0.04134931415319443
11787,2024,4,0.08923476934432983
11793,2024,1,0.0026968230959028006
11793,2024,2,0.001965000992640853
11793,2024,3,0.0007834501448087394
11793,2024,4,0.0017549889162182808
11794,2024,1,0.0011331273708492517
11794,2024,2,0.000760221213568002
11794,2024,3,0.0003348157333675772
11794,2024,4,0.0007388805970549583
11796,2024,1,0.001779605750925839
11796,2024,2,0.0012470874935388565
11796,2024,3,0.0005206346395425498
11796,2024,4,0.0011590985814109445
11832,2024,1,0.24901732802391052
11832,2024,2,0.24971583485603333
11832,2024,3,0.09882353246212006
11832,2024,4,0.17396551370620728
11839,2024,1,0.13560053706169128
11839,2024,2,0.13776160776615143
11839,2024,3,0.04122113808989525
11839,2024,4,0.0890132486820221
11840,2024,1,0.003149650292471051
11840,2024,2,0.002329678973183036
11840,2024,3,0.0009112745756283402
11840,2024,4,0.0020487464498728514
11841,2024,1,0.0017226467607542872
11841,2024,2,0.0012033479288220406
11841,2024,3,0.000504195224493742
11841,2024,4,0.0011217746650800109
11868,2024,1,0.005489102099090815
11868,2024,2,0.004272472113370895
11868,2024,3,0.001567082479596138
11868,2024,4,0.0035526473075151443
11869,2024,1,0.0008700408507138491
11869,2024,2,0.0005692756967619061
11869,2024,3,0.0002578161074779928
11869,2024,4,0.0005670376704074442
11872,2024,1,0.2100101113319397
11872,2024,2,0.21336966753005981
11872,2024,3,0.07697290182113647
11872,2024,4,0.14464245736598969
11884,2024,1,0.002581278793513775
11884,2024,2,0.001868563937023282
11884,2024,3,0.0007516504265367985
11884,2024,4,0.0016767263878136873
11903,2024,1,0.4911571145057678
11903,2024,2,0.49830785393714905
11903,2024,3,0.25853192806243896
11903,2024,4,0.3844534158706665
11908,2024,1,0.1840021312236786
11908,2024,2,0.189011812210083
11908,2024,3,0.0628737360239029
11908,2024,4,0.12462228536605835
11913,2024,1,0.44003644585609436
11913,2024,2,0.44810187816619873
11913,2024,3,0.21878235042095184
11913,2024,4,0.3364688754081726
11915,2024,1,0.16886919736862183
11915,2024,2,0.1713973730802536
11915,2024,3,0.05623124539852142
11915,2024,4,0.11368428170681
11919,2024,1,0.0021152282133698463
11919,2024,2,0.0015077567659318447
11919,2024,3,0.0006160411285236478
11919,2024,4,0.0013773581013083458
11920,2024,1,0.0030416566878557205
11920,2024,2,0.0022421826142817736
11920,2024,3,0.0008805416291579604
11920,2024,4,0.001977847656235099
11923,2024,1,0.25769612193107605
11923,2024,2,0.26225680112838745
11923,2024,3,0.10281333327293396
11923,2024,4,0.18215379118919373
11933,2024,1,0.0043035224080085754
11933,2024,2,0.0032821563072502613
11933,2024,3,0.0012326526921242476
11933,2024,4,0.0027939816936850548
11939,2024,1,0.16566936671733856
11939,2024,2,0.16787144541740417
11939,2024,3,0.05493505299091339
11939,2024,4,0.11168473958969116
11947,2024,1,0.0031462605111300945
11947,2024,2,0.002328635426238179
11947,2024,3,0.0009075788548216224
11947,2024,4,0.002042867708951235
11948,2024,1,0.0031266892328858376
11948,2024,2,0.0023076427169144154
11948,2024,3,0.0009056278504431248
11948,2024,4,0.0020321039482951164
11965,2024,1,0.1359737366437912
11965,2024,2,0.13814105093479156
11965,2024,3,0.04138339310884476
11965,2024,4,0.08929141610860825
11966,2024,1,0.13647320866584778
11966,2024,2,0.13864874839782715
11966,2024,3,0.04160257428884506
11966,2024,4,0.08967159688472748
11981,2024,1,0.13573944568634033
11981,2024,2,0.13790342211723328
11981,2024,3,0.04128200188279152
11981,2024,4,0.08912003040313721
11982,2024,1,0.001784804742783308
11982,2024,2,0.0012501621386036277
11982,2024,3,0.000522441987413913
11982,2024,4,0.001161406864412129
11993,2024,1,0.0015609209658578038
11993,2024,2,0.0010805707424879074
11993,2024,3,0.00045700627379119396
11993,2024,4,0.0010159704834222794
12001,2024,1,0.0024243772495537996
12001,2024,2,0.0017495299689471722
12001,2024,3,0.0007043466903269291
12001,2024,4,0.0015768930315971375
12004,2024,1,0.006195345893502235
12004,2024,2,0.004890728741884232
12004,2024,3,0.0017681366298347712
12004,2024,4,0.004031306132674217
12017,2024,1,0.0029213321395218372
12017,2024,2,0.0021351142786443233
12017,2024,3,0.0008566126925870776
12017,2024,4,0.0019055886659771204
12036,2024,1,0.001667033531703055
12036,2024,2,0.0011621856829151511
12036,2024,3,0.0004874558071605861
12036,2024,4,0.001085472060367465
12043,2024,1,0.3870798349380493
12043,2024,2,0.39120012521743774
12043,2024,3,0.18389752507209778
12043,2024,4,0.28885260224342346
12055,2024,1,0.0008018334629014134
12055,2024,2,0.0005199153092689812
12055,2024,3,0.00023828932899050415
12055,2024,4,0.0005223001353442669
12056,2024,1,0.001990030985325575
12056,2024,2,0.0014102202840149403
12056,2024,3,0.0005797183257527649
12056,2024,4,0.0012948524672538042
12059,2024,1,0.13566146790981293
12059,2024,2,0.13782408833503723
12059,2024,3,0.041247595101594925
12059,2024,4,0.08906011283397675
12067,2024,1,0.0015330463647842407
12067,2024,2,0.0010586288990452886
12067,2024,3,0.00045029388274997473
12067,2024,4,0.0009986887453123927
12069,2024,1,0.0033671872224658728
12069,2024,2,0.002507004886865616
12069,2024,3,0.0009721190435811877
12069,2024,4,0.0021891079377382994
12070,2024,1,0.0020655987318605185
12070,2024,2,0.0014675040729343891
12070,2024,3,0.0006018377025611699
12070,2024,4,0.0013438216410577297
12083,2024,1,0.003206920810043812
12083,2024,2,0.002375952899456024
12083,2024,3,0.0009282772080041468
12083,2024,4,0.002085895510390401
12088,2024,1,0.2531310021877289
12088,2024,2,0.2571844160556793
12088,2024,3,0.10018821805715561
12088,2024,4,0.1783982813358307
12089,2024,1,0.30012980103492737
12089,2024,2,0.3051121234893799
12089,2024,3,0.12735572457313538
12089,2024,4,0.21641314029693604
12090,2024,1,0.20293696224689484
12090,2024,2,0.20673096179962158
12090,2024,3,0.07292689383029938
12090,2024,4,0.13896697759628296
12099,2024,1,0.007177682127803564
12099,2024,2,0.005739293992519379
12099,2024,3,0.002035400364547968
12099,2024,4,0.004648820497095585
12130,2024,1,0.007577449083328247
12130,2024,2,0.006088999565690756
12130,2024,3,0.002148173749446869
12130,2024,4,0.00490897661074996
12140,2024,1,0.002066544257104397
12140,2024,2,0.0014696820871904492
12140,2024,3,0.0006020399159751832
12140,2024,4,0.0013454870786517859
12142,2024,1,0.13567760586738586
12142,2024,2,0.1378384828567505
12142,2024,3,0.041254132986068726
12142,2024,4,0.08906646072864532
12147,2024,1,0.002179055707529187
12147,2024,2,0.0015569700626656413
12147,2024,3,0.0006345281726680696
12147,2024,4,0.0014177376870065928
12148,2024,1,0.0037660831585526466
12148,2024,2,0.0028351398650556803
12148,2024,3,0.001082410803064704
12148,2024,4,0.002446273108944297
12151,2024,1,0.13608911633491516
12151,2024,2,0.13825754821300507
12151,2024,3,0.04143325611948967
12151,2024,4,0.08937404304742813
12152,2024,1,0.20012953877449036
12152,2024,2,0.20453301072120667
12152,2024,3,0.07141557335853577
12152,2024,4,0.13684502243995667
12157,2024,1,0.004893239587545395
12157,2024,2,0.003773041535168886
12157,2024,3,0.0014006637502461672
12157,2024,4,0.0031748772598803043
12158,2024,1,0.13600000739097595
12158,2024,2,0.13816608488559723
12158,2024,3,0.04139542952179909
12158,2024,4,0.08931270241737366
12164,2024,1,0.007543760817497969
12164,2024,2,0.006056714337319136
12164,2024,3,0.0021385671570897102
12164,2024,4,0.004885995760560036
12167,2024,1,0.1357652097940445
12167,2024,2,0.13792939484119415
12167,2024,3,0.04129274934530258
12167,2024,4,0.08913612365722656
12172,2024,1,0.008213168010115623
12172,2024,2,0.006651031784713268
12172,2024,3,0.0023233655374497175
12172,2024,4,0.005318809300661087
12175,2024,1,0.004850340075790882
12175,2024,2,0.003737970720976591
12175,2024,3,0.0013875304721295834
12175,2024,4,0.0031469236128032207
12183,2024,1,0.14904865622520447
12183,2024,2,0.1526378095149994
12183,2024,3,0.04705817997455597
12183,2024,4,0.09920193254947662
12185,2024,1,0.0013775699771940708
12185,2024,2,0.0009402649011462927
12185,2024,3,0.00040589479613117874
12185,2024,4,0.0008966096793301404
12186,2024,1,0.004228806123137474
12186,2024,2,0.003216954879462719
12186,2024,3,0.001214812509715557
12186,2024,4,0.002747640945017338
12190,2024,1,0.003195484634488821
12190,2024,2,0.0023677104618400335
12190,2024,3,0.0009232438169419765
12190,2024,4,0.0020774167496711016
12192,2024,1,0.00310724088922143
12192,2024,2,0.0022949674166738987
12192,2024,3,0.0009000615682452917
12192,2024,4,0.00202198582701385
12195,2024,1,0.14916501939296722
12195,2024,2,0.1515883356332779
12195,2024,3,0.04700827598571777
12195,2024,4,0.09831082820892334
12200,2024,1,0.0022747686598449945
12200,2024,2,0.0016312706284224987
12200,2024,3,0.0006628663977608085
12200,2024,4,0.0014807707630097866
12201,2024,1,0.1594659984111786
12201,2024,2,0.1620919108390808
12201,2024,3,0.05173829197883606
12201,2024,4,0.10592073202133179
12203,2024,1,0.1358220875263214
12203,2024,2,0.1379869133234024
12203,2024,3,0.04131682589650154
12203,2024,4,0.08917413651943207
12215,2024,1,0.0027098595164716244
12215,2024,2,0.001974856946617365
12215,2024,3,0.0007881283527240157
12215,2024,4,0.00176413101144135
12216,2024,1,0.0007810344686731696
12216,2024,2,0.0005050902254879475
12216,2024,3,0.00023277985746972263
12216,2024,4,0.0005095868837088346
12218,2024,1,0.0015399337280541658
12218,2024,2,0.0010641328990459442
12218,2024,3,0.0004519131616689265
12218,2024,4,0.0010031082201749086
12219,2024,1,0.3624476194381714
12219,2024,2,0.37051495909690857
12219,2024,3,0.16583293676376343
12219,2024,4,0.271501362323761
12221,2024,1,0.37545788288116455
12221,2024,2,0.37925049662590027
12221,2024,3,0.17615292966365814
12221,2024,4,0.2788091003894806
12227,2024,1,0.2430744767189026
12227,2024,2,0.24727362394332886
12227,2024,3,0.09471958875656128
12227,2024,4,0.1711692363023758
12230,2024,1,0.005612446926534176
12230,2024,2,0.004383614752441645
12230,2024,3,0.0016041358467191458
12230,2024,4,0.0036432836204767227
12246,2024,1,0.20796260237693787
12246,2024,2,0.21111109852790833
12246,2024,3,0.0758616253733635
12246,2024,4,0.14236001670360565
12247,2024,1,0.0011909599415957928
12247,2024,2,0.0008027612930163741
12247,2024,3,0.00035136262886226177
12247,2024,4,0.0007761467713862658
12250,2024,1,0.0008820504299364984
12250,2024,2,0.0005773716839030385
12250,2024,3,0.0002619157894514501
12250,2024,4,0.0005750060663558543
12253,2024,1,0.0016841068863868713
12253,2024,2,0.001175462268292904
12253,2024,3,0.0004908667178824544
12253,2024,4,0.0010951540898531675
12254,2024,1,0.002630475675687194
12254,2024,2,0.0019137744093313813
12254,2024,3,0.000763024901971221
12254,2024,4,0.001711442251689732
12262,2024,1,0.001982524059712887
12262,2024,2,0.0014036087086424232
12262,2024,3,0.0005789428832940757
12262,2024,4,0.0012910370714962482
12267,2024,1,0.004504235461354256
12267,2024,2,0.0034482195042073727
12267,2024,3,0.0012911856174468994
12267,2024,4,0.0029237482231110334
12268,2024,1,0.0018463254673406482
12268,2024,2,0.0012984542408958077
12268,2024,3,0.0005395562620833516
12268,2024,4,0.001202082959935069
12271,2024,1,0.003072255291044712
12271,2024,2,0.002267037983983755
12271,2024,3,0.0008897772058844566
12271,2024,4,0.001999257830902934
12273,2024,1,0.002244838746264577
12273,2024,2,0.0016079761553555727
12273,2024,3,0.0006539049791172147
12273,2024,4,0.0014613482635468245
12281,2024,1,0.2648453116416931
12281,2024,2,0.2669299244880676
12281,2024,3,0.10738982260227203
12281,2024,4,0.18739274144172668
12287,2024,1,0.4540334939956665
12287,2024,2,0.4594249129295349
12287,2024,3,0.2310619205236435
12287,2024,4,0.34982830286026
12289,2024,1,0.13625812530517578
12289,2024,2,0.13842768967151642
12289,2024,3,0.041508324444293976
12289,2024,4,0.08949464559555054
12292,2024,1,0.001980264438316226
12292,2024,2,0.0014016609638929367
12292,2024,3,0.0005786143592558801
12292,2024,4,0.0012900811852887273
12295,2024,1,0.0023183287121355534
12295,2024,2,0.0016661162953823805
12295,2024,3,0.0006765460129827261
12295,2024,4,0.0015121686737984419
12296,2024,1,0.0014325802912935615
12296,2024,2,0.0009838662808761
12296,2024,3,0.00042020034743472934
12296,2024,4,0.000933318049646914
12297,2024,1,0.20556174218654633
12297,2024,2,0.20816385746002197
12297,2024,3,0.07471849024295807
12297,2024,4,0.14120589196681976
12302,2024,1,0.17925092577934265
12302,2024,2,0.18300431966781616
12302,2024,3,0.06139247119426727
12302,2024,4,0.12221051752567291
12304,2024,1,0.1357361376285553
12304,2024,2,0.13789939880371094
12304,2024,3,0.041280388832092285
12304,2024,4,0.0891157016158104
12306,2024,1,0.1643195003271103
12306,2024,2,0.16564781963825226
12306,2024,3,0.054780904203653336
12306,2024,4,0.10957396030426025
12317,2024,1,0.0028100525960326195
12317,2024,2,0.0020564734004437923
12317,2024,3,0.0008147296030074358
12317,2024,4,0.001828247681260109
12319,2024,1,0.004717807285487652
12319,2024,2,0.003640761598944664
12319,2024,3,0.00134017295204103
12319,2024,4,0.003059722948819399
12329,2024,1,0.28522419929504395
12329,2024,2,0.2889581322669983
12329,2024,3,0.11946886777877808
12329,2024,4,0.20506079494953156
12330,2024,1,0.0036438386887311935
12330,2024,2,0.0027324645780026913
12330,2024,3,0.0010507539846003056
12330,2024,4,0.0023682552855461836
12331,2024,1,0.0024917323607951403
12331,2024,2,0.0018042527372017503
12331,2024,3,0.0007234124932438135
12331,2024,4,0.0016222699778154492
12334,2024,1,0.002820492023602128
12334,2024,2,0.002075551776215434
12334,2024,3,0.0008083022548817098
12334,2024,4,0.0018334373598918319
12340,2024,1,0.42125457525253296
12340,2024,2,0.42215120792388916
12340,2024,3,0.20922008156776428
12340,2024,4,0.31676024198532104
12345,2024,1,0.002867673058062792
12345,2024,2,0.002101097721606493
12345,2024,3,0.0008297993917949498
12345,2024,4,0.0018617386231198907
12350,2024,1,0.0014030041638761759
12350,2024,2,0.0009612406720407307
12350,2024,3,0.00041182164568454027
12350,2024,4,0.0009135948494076729
12358,2024,1,0.0025996980257332325
12358,2024,2,0.0018871984211727977
12358,2024,3,0.0007582115940749645
12358,2024,4,0.0016951162833720446
12359,2024,1,0.135930135846138
12359,2024,2,0.13809673488140106
12359,2024,3,0.04136503115296364
12359,2024,4,0.08925856649875641
12366,2024,1,0.13565707206726074
12366,2024,2,0.13781827688217163
12366,2024,3,0.041245102882385254
12366,2024,4,0.08905236423015594
12367,2024,1,0.005484086461365223
12367,2024,2,0.004274965729564428
12367,2024,3,0.0015660403296351433
12367,2024,4,0.003558120923116803
12368,2024,1,0.003116949461400509
12368,2024,2,0.002303970279172063
12368,2024,3,0.000902218627743423
12368,2024,4,0.0020279455929994583
12372,2024,1,0.1914316713809967
12372,2024,2,0.1943882405757904
12372,2024,3,0.06747797131538391
12372,2024,4,0.13087283074855804
12374,2024,1,0.20503991842269897
12374,2024,2,0.2090042233467102
12374,2024,3,0.07409702241420746
12374,2024,4,0.14075273275375366
12392,2024,1,0.0028790016658604145
12392,2024,2,0.0021104072220623493
12392,2024,3,0.0008356940234079957
12392,2024,4,0.0018734545446932316
12393,2024,1,0.13628347218036652
12393,2024,2,0.13845685124397278
12393,2024,3,0.04151962324976921
12393,2024,4,0.08952859789133072
12394,2024,1,0.0012359546963125467
12394,2024,2,0.0008358428021892905
12394,2024,3,0.00036501989234238863
12394,2024,4,0.0008059174288064241
12399,2024,1,0.1925593763589859
12399,2024,2,0.19516664743423462
12399,2024,3,0.06809297204017639
12399,2024,4,0.13108186423778534
12407,2024,1,0.1363978087902069
12407,2024,2,0.1385742574930191
12407,2024,3,0.04156921058893204
12407,2024,4,0.0896148681640625
12418,2024,1,0.216597318649292
12418,2024,2,0.22032643854618073
12418,2024,3,0.0802471786737442
12418,2024,4,0.1490735560655594
12426,2024,1,0.28497594594955444
12426,2024,2,0.2895515561103821
12426,2024,3,0.11886864900588989
12426,2024,4,0.20478442311286926
12432,2024,1,0.0019838260486721992
12432,2024,2,0.001404272043146193
12432,2024,3,0.0005792359006591141
12432,2024,4,0.0012914452236145735
12441,2024,1,0.002936184871941805
12441,2024,2,0.002159444149583578
12441,2024,3,0.0008490466279909015
12441,2024,4,0.0019094385206699371
12457,2024,1,0.0019993027672171593
12457,2024,2,0.0014169112546369433
12457,2024,3,0.000582875800319016
12457,2024,4,0.0013010241091251373
12464,2024,1,0.0011849455768242478
12464,2024,2,0.0007983079412952065
12464,2024,3,0.0003498513251543045
12464,2024,4,0.0007723817834630609
12485,2024,1,0.003996646031737328
12485,2024,2,0.003022928489372134
12485,2024,3,0.0011551578063517809
12485,2024,4,0.0026057083159685135
12489,2024,1,0.001888045109808445
12489,2024,2,0.001329286489635706
12489,2024,3,0.000553137855604291
12489,2024,4,0.0012302722316235304
12498,2024,1,0.0014829833526164293
12498,2024,2,0.0010214874055236578
12498,2024,3,0.00043468555668368936
12498,2024,4,0.0009653541492298245
12503,2024,1,0.0008931448101066053
12503,2024,2,0.0005847428692504764
12503,2024,3,0.0002659374149516225
12503,2024,4,0.0005829447763971984
12509,2024,1,0.00216325419023633
12509,2024,2,0.0015433666994795203
12509,2024,3,0.0006313787307590246
12509,2024,4,0.001408696174621582
12510,2024,1,0.004369551781564951
12510,2024,2,0.0033338190987706184
12510,2024,3,0.0012547101359814405
12510,2024,4,0.002837963867932558
12514,2024,1,0.0027375416830182076
12514,2024,2,0.001997377024963498
12514,2024,3,0.0007952926098369062
12514,2024,4,0.0017817521002143621
12517,2024,1,0.381695955991745
12517,2024,2,0.3910118043422699
12517,2024,3,0.17791776359081268
12517,2024,4,0.28676339983940125
12524,2024,1,0.0017152295913547277
12524,2024,2,0.0011983984149992466
12524,2024,3,0.0005010937456972897
12524,2024,4,0.0011159511050209403
12526,2024,1,0.16493424773216248
12526,2024,2,0.16560330986976624
12526,2024,3,0.05456924811005592
12526,2024,4,0.10877132415771484
12527,2024,1,0.22491085529327393
12527,2024,2,0.22786229848861694
12527,2024,3,0.085232675075531
12527,2024,4,0.15625333786010742
12528,2024,1,0.008016970008611679
12528,2024,2,0.006472465582191944
12528,2024,3,0.002268127864226699
12528,2024,4,0.005188290029764175
12529,2024,1,0.0015724225668236613
12529,2024,2,0.0010887803509831429
12529,2024,3,0.0004614825011231005
12529,2024,4,0.0010246825404465199
12530,2024,1,0.0006484034238383174
12530,2024,2,0.0004121463280171156
12530,2024,3,0.00019324745517224073
12530,2024,4,0.00042253226274624467
12535,2024,1,0.002966854255646467
12535,2024,2,0.0021801828406751156
12535,2024,3,0.0008611342636868358
12535,2024,4,0.0019301663851365447
12539,2024,1,0.002810064936056733
12539,2024,2,0.002056571189314127
12539,2024,3,0.0008142724982462823
12539,2024,4,0.0018275190377607942
12542,2024,1,0.0028612271416932344
12542,2024,2,0.0020947728771716356
12542,2024,3,0.0008315292652696371
12542,2024,4,0.00186118483543396
12560,2024,1,0.0012866661418229342
12560,2024,2,0.0008747951360419393
12560,2024,3,0.00037848070496693254
12560,2024,4,0.0008388967835344374
12561,2024,1,0.29912233352661133
12561,2024,2,0.30427640676498413
12561,2024,3,0.12753836810588837
12561,2024,4,0.2175590991973877
12566,2024,1,0.1800660490989685
12566,2024,2,0.18219900131225586
12566,2024,3,0.06186959147453308
12566,2024,4,0.12162269651889801
12577,2024,1,0.0032748845405876637
12577,2024,2,0.0024318634532392025
12577,2024,3,0.0009463930036872625
12577,2024,4,0.002129555679857731
12592,2024,1,0.004551917314529419
12592,2024,2,0.0034867513459175825
12592,2024,3,0.0013047551037743688
12592,2024,4,0.002955053932964802
12595,2024,1,0.13502851128578186
12595,2024,2,0.13717374205589294
12595,2024,3,0.04097392037510872
12595,2024,4,0.08859726786613464
12598,2024,1,0.004737204406410456
12598,2024,2,0.0036266364622861147
12598,2024,3,0.001384328817948699
12598,2024,4,0.0031032469123601913
12608,2024,1,0.0020218873396515846
12608,2024,2,0.0014325730735436082
12608,2024,3,0.0005917273228988051
12608,2024,4,0.0013169930316507816
12611,2024,1,0.0026012626476585865
12611,2024,2,0.001890493556857109
12611,2024,3,0.0007547774584963918
12611,2024,4,0.0016928514232859015
12618,2024,1,0.003129704389721155
12618,2024,2,0.002313711680471897
12618,2024,3,0.0009036255069077015
12618,2024,4,0.0020341752097010612
12625,2024,1,0.001739060739055276
12625,2024,2,0.0012157444143667817
12625,2024,3,0.0005093060899525881
12625,2024,4,0.0011327950051054358
12628,2024,1,0.0025930823758244514
12628,2024,2,0.0018832404166460037
12628,2024,3,0.0007529621943831444
12628,2024,4,0.0016872364794835448
12631,2024,1,0.0047583868727087975
12631,2024,2,0.00366223999299109
12631,2024,3,0.0013625352876260877
12631,2024,4,0.0030905648600310087
12636,2024,1,0.0023876489140093327
12636,2024,2,0.0017204922623932362
12636,2024,3,0.0006944389897398651
12636,2024,4,0.0015538654988631606
12641,2024,1,0.29658401012420654
12641,2024,2,0.3020443320274353
12641,2024,3,0.12492015212774277
12641,2024,4,0.21361303329467773
12644,2024,1,0.2120409905910492
12644,2024,2,0.2142023742198944
12644,2024,3,0.07792811095714569
12644,2024,4,0.14516940712928772
12646,2024,1,0.002095954492688179
12646,2024,2,0.0014929438475519419
12646,2024,3,0.0006099919555708766
12646,2024,4,0.0013639680109918118
12657,2024,1,0.47108814120292664
12657,2024,2,0.48261958360671997
12657,2024,3,0.2405725121498108
12657,2024,4,0.3696187138557434
12660,2024,1,0.0030503731686621904
12660,2024,2,0.0022506029345095158
12660,2024,3,0.0008816530462354422
12660,2024,4,0.001983331749215722
12670,2024,1,0.1361200213432312
12670,2024,2,0.13828818500041962
12670,2024,3,0.04144611954689026
12670,2024,4,0.08939310908317566
12672,2024,1,0.0014574385713785887
12672,2024,2,0.0010025242809206247
12672,2024,3,0.00042700121412053704
12672,2024,4,0.0009484929032623768
12683,2024,1,0.002390475943684578
12683,2024,2,0.0017229183577001095
12683,2024,3,0.000696403905749321
12683,2024,4,0.0015579627361148596
12692,2024,1,0.18086516857147217
12692,2024,2,0.18437765538692474
12692,2024,3,0.062013208866119385
12692,2024,4,0.1220996230840683
12704,2024,1,0.002212422899901867
12704,2024,2,0.001588280312716961
12704,2024,3,0.0006365081644617021
12704,2024,4,0.001432107063010335
12706,2024,1,0.0015945822233334184
12706,2024,2,0.001105831703171134
12706,2024,3,0.0004670674679800868
12706,2024,4,0.0010381642496213317
12707,2024,1,0.003251677844673395
12707,2024,2,0.002412513131275773
12707,2024,3,0.000940016470849514
12707,2024,4,0.0021144216880202293
12710,2024,1,0.2116720974445343
12710,2024,2,0.21459950506687164
12710,2024,3,0.07761678844690323
12710,2024,4,0.14498302340507507
12720,2024,1,0.0025024819187819958
12720,2024,2,0.0018110249657183886
12720,2024,3,0.0007279538549482822
12720,2024,4,0.0016289919149130583
12750,2024,1,0.005894807167351246
12750,2024,2,0.004627416376024485
12750,2024,3,0.0016779341967776418
12750,2024,4,0.0038209636695683002
12755,2024,1,0.0030357155483216047
12755,2024,2,0.002240350702777505
12755,2024,3,0.0008769998094066978
12755,2024,4,0.0019753598608076572
12757,2024,1,0.002529620425775647
12757,2024,2,0.0018263445235788822
12757,2024,3,0.000739981303922832
12757,2024,4,0.0016439269529655576
12759,2024,1,0.0019686990417540073
12759,2024,2,0.001393775688484311
12759,2024,3,0.0005742570501752198
12759,2024,4,0.001282298006117344
12770,2024,1,0.17762453854084015
12770,2024,2,0.18028712272644043
12770,2024,3,0.06057468801736832
12770,2024,4,0.12003551423549652
12772,2024,1,0.1416967362165451
12772,2024,2,0.14275331795215607
12772,2024,3,0.044211674481630325
12772,2024,4,0.09250575304031372
12773,2024,1,0.20050844550132751
12773,2024,2,0.20425371825695038
12773,2024,3,0.0718524232506752
12773,2024,4,0.13764627277851105
12775,2024,1,0.0014198883436620235
12775,2024,2,0.0009737320942804217
12775,2024,3,0.0004169677849858999
12775,2024,4,0.0009247103007510304
12779,2024,1,0.1649494171142578
12779,2024,2,0.16868534684181213
12779,2024,3,0.05437028408050537
12779,2024,4,0.11075781285762787
12782,2024,1,0.0023486698046326637
12782,2024,2,0.0016906959936022758
12782,2024,3,0.0006829412886872888
12782,2024,4,0.0015285214176401496
12783,2024,1,0.0017673169495537877
12783,2024,2,0.0012367626186460257
12783,2024,3,0.0005178861902095377
12783,2024,4,0.0011510642943903804
12786,2024,1,0.0017136409878730774
12786,2024,2,0.0011960772098973393
12786,2024,3,0.0005032251938246191
12786,2024,4,0.0011174640385434031
12794,2024,1,0.36652660369873047
12794,2024,2,0.3705132007598877
12794,2024,3,0.17007744312286377
12794,2024,4,0.27087992429733276
12820,2024,1,0.13575398921966553
12820,2024,2,0.13791611790657043
12820,2024,3,0.041287124156951904
12820,2024,4,0.0891226977109909
12823,2024,1,0.00364128639921546
12823,2024,2,0.0027302983216941357
12823,2024,3,0.0010502273216843605
12823,2024,4,0.0023671085946261883
12825,2024,1,0.002635851502418518
12825,2024,2,0.0019157325150445104
12825,2024,3,0.0007662017596885562
12825,2024,4,0.001714362995699048
12834,2024,1,0.38611117005348206
12834,2024,2,0.3901420831680298
12834,2024,3,0.18328753113746643
12834,2024,4,0.2885780930519104
12835,2024,1,0.13637876510620117
12835,2024,2,0.13855382800102234
12835,2024,3,0.04156108573079109
12835,2024,4,0.08959974348545074
12836,2024,1,0.20942342281341553
12836,2024,2,0.21137550473213196
12836,2024,3,0.07670150697231293
12836,2024,4,0.14298176765441895
12845,2024,1,0.3228071928024292
12845,2024,2,0.32902514934539795
12845,2024,3,0.14119401574134827
12845,2024,4,0.23622262477874756
12848,2024,1,0.004091345239430666
12848,2024,2,0.0031001046299934387
12848,2024,3,0.0011782761430367827
12848,2024,4,0.0026579145342111588
12858,2024,1,0.0026093856431543827
12858,2024,2,0.0019094222225248814
12858,2024,3,0.0007534432224929333
12858,2024,4,0.0017124527366831899
12880,2024,1,0.1356533020734787
12880,2024,2,0.13781489431858063
12880,2024,3,0.04124428704380989
12880,2024,4,0.08905310928821564
12888,2024,1,0.13614773750305176
12888,2024,2,0.13831891119480133
12888,2024,3,0.041459497064352036
12888,2024,4,0.08942390233278275
12909,2024,1,0.0017805707175284624
12909,2024,2,0.00124755734577775
12909,2024,3,0.0005210312083363533
12909,2024,4,0.001159551669843495
12916,2024,1,0.0036373187322169542
12916,2024,2,0.002730586100369692
12916,2024,3,0.001046022167429328
12916,2024,4,0.0023600610438734293
12919,2024,1,0.13566026091575623
12919,2024,2,0.13782277703285217
12919,2024,3,0.04124706611037254
12919,2024,4,0.08905799686908722
12925,2024,1,0.0041216774843633175
12925,2024,2,0.0031276585068553686
12925,2024,3,0.0011838198406621814
12925,2024,4,0.0026767554227262735
12926,2024,1,0.0014788422267884016
12926,2024,2,0.0010178482625633478
12926,2024,3,0.00043431049562059343
12926,2024,4,0.0009624466765671968
12929,2024,1,0.0018870868952944875
12929,2024,2,0.0013297201367095113
12929,2024,3,0.0005514443037100136
12929,2024,4,0.0012287711724638939
12932,2024,1,0.003754562698304653
12932,2024,2,0.002824040362611413
12932,2024,3,0.0010811110259965062
12932,2024,4,0.0024392562918365
12936,2024,1,0.0041175466030836105
12936,2024,2,0.003123487811535597
12936,2024,3,0.0011840872466564178
12936,2024,4,0.002674490213394165
12937,2024,1,0.002030033618211746
12937,2024,2,0.0014398260973393917
12937,2024,3,0.0005932365893386304
12937,2024,4,0.001322261057794094
12938,2024,1,0.0023885800037533045
12938,2024,2,0.001720168860629201
12938,2024,3,0.0006942091858945787
12938,2024,4,0.001551769208163023
12940,2024,1,0.0033137076534330845
12940,2024,2,0.002462700940668583
12940,2024,3,0.000957696873228997
12940,2024,4,0.0021544897463172674
12952,2024,1,0.0029591070488095284
12952,2024,2,0.0021728621795773506
12952,2024,3,0.0008606247138231993
12952,2024,4,0.0019258377142250538
12962,2024,1,0.001941025722771883
12962,2024,2,0.0013742641313001513
12962,2024,3,0.000566795642953366
12962,2024,4,0.0012694034958258271
12963,2024,1,0.004897827282547951
12963,2024,2,0.0037789989728480577
12963,2024,3,0.0014013363979756832
12963,2024,4,0.0031804749742150307
12967,2024,1,0.41440126299858093
12967,2024,2,0.4168790578842163
12967,2024,3,0.20473021268844604
12967,2024,4,0.3113196790218353
12968,2024,1,0.17065110802650452
12968,2024,2,0.17411042749881744
12968,2024,3,0.05706874281167984
12968,2024,4,0.11535945534706116
12977,2024,1,0.13621562719345093
12977,2024,2,0.1383880078792572
12977,2024,3,0.04148988425731659
12977,2024,4,0.08947828412055969
12987,2024,1,0.002304432447999716
12987,2024,2,0.0016545047983527184
12987,2024,3,0.0006716731004416943
12987,2024,4,0.0015006966423243284
12993,2024,1,0.007483446970582008
12993,2024,2,0.0060114129446446896
12993,2024,3,0.0021208827383816242
12993,2024,4,0.004853532183915377
12997,2024,1,0.0014814211754128337
12997,2024,2,0.001019555376842618
12997,2024,3,0.0004352722899056971
12997,2024,4,0.0009652303415350616
13003,2024,1,0.005407657474279404
13003,2024,2,0.004209824837744236
13003,2024,3,0.0015423956792801619
13003,2024,4,0.003504741471260786
13019,2024,1,0.00928331259638071
13019,2024,2,0.007594620808959007
13019,2024,3,0.002624616725370288
13019,2024,4,0.006009160075336695
13022,2024,1,0.003831019625067711
13022,2024,2,0.00288885785266757
13022,2024,3,0.0011016267817467451
13022,2024,4,0.0024891425855457783
13024,2024,1,0.20936229825019836
13024,2024,2,0.21199633181095123
13024,2024,3,0.07691732794046402
13024,2024,4,0.1445988565683365
13033,2024,1,0.001415560021996498
13033,2024,2,0.0009701173985376954
13033,2024,3,0.0004161755205132067
13033,2024,4,0.0009223446249961853
13040,2024,1,0.0018128727097064257
13040,2024,2,0.0012783678248524666
13040,2024,3,0.0005256750737316906
13040,2024,4,0.0011801955988630652
13041,2024,1,0.001165894791483879
13041,2024,2,0.0007843086495995522
13041,2024,3,0.0003440377186052501
13041,2024,4,0.0007598233642056584
13042,2024,1,0.0019336845725774765
13042,2024,2,0.001365527743473649
13042,2024,3,0.0005650118691846728
13042,2024,4,0.0012590417172759771
13047,2024,1,0.002919232938438654
13047,2024,2,0.002146984450519085
13047,2024,3,0.0008434484479948878
13047,2024,4,0.0018995861755684018
13052,2024,1,0.0018321797251701355
13052,2024,2,0.0012888683704659343
13052,2024,3,0.0005345023819245398
13052,2024,4,0.0011922739213332534
13060,2024,1,0.01199737936258316
13060,2024,2,0.010066485963761806
13060,2024,3,0.0033568646758794785
13060,2024,4,0.007748193107545376
13063,2024,1,0.0023894007317721844
13063,2024,2,0.0017237002030014992
13063,2024,3,0.000692925532348454
13063,2024,4,0.00155350542627275
13068,2024,1,0.0011843504616990685
13068,2024,2,0.000797969929408282
13068,2024,3,0.00034934532595798373
13068,2024,4,0.0007717378903180361
13075,2024,1,0.002215296495705843
13075,2024,2,0.0015861346619203687
13075,2024,3,0.0006444146274589002
13075,2024,4,0.0014415786135941744
13081,2024,1,0.0036941603757441044
13081,2024,2,0.0027886517345905304
13081,2024,3,0.0010574925690889359
13081,2024,4,0.002410080749541521
13082,2024,1,0.006318695843219757
13082,2024,2,0.004988947883248329
13082,2024,3,0.001803097897209227
13082,2024,4,0.00410153903067112
13087,2024,1,0.0011835332261398435
13087,2024,2,0.000797105603851378
13087,2024,3,0.0003494394477456808
13087,2024,4,0.0007714250823482871
13094,2024,1,0.0033300556242465973
13094,2024,2,0.0024783050175756216
13094,2024,3,0.0009598160395398736
13094,2024,4,0.00216407491825521
13097,2024,1,0.1361408829689026
13097,2024,2,0.13831138610839844
13097,2024,3,0.04145733639597893
13097,2024,4,0.08942191302776337
13104,2024,1,0.0022662472911179066
13104,2024,2,0.0016255642985925078
13104,2024,3,0.0006589903496205807
13104,2024,4,0.0014744856161996722
13110,2024,1,0.005047271028161049
13110,2024,2,0.0039034299552440643
13110,2024,3,0.0014477489748969674
13110,2024,4,0.003280677367001772
13113,2024,1,0.13553081452846527
13113,2024,2,0.13768960535526276
13113,2024,3,0.04119030013680458
13113,2024,4,0.08895808458328247
13120,2024,1,0.0019351650262251496
13120,2024,2,0.0013668050523847342
13120,2024,3,0.0005651382962241769
13120,2024,4,0.0012597369495779276
13137,2024,1,0.0014432198368012905
13137,2024,2,0.0009904417674988508
13137,2024,3,0.00042498798575252295
13137,2024,4,0.0009405018645338714
13140,2024,1,0.0022764839231967926
13140,2024,2,0.0016336769331246614
13140,2024,3,0.0006607222603634
13140,2024,4,0.0014798049814999104
13155,2024,1,0.003823906648904085
13155,2024,2,0.0028835227712988853
13155,2024,3,0.0010985631961375475
13155,2024,4,0.002483427058905363
13158,2024,1,0.1358836144208908
13158,2024,2,0.13805076479911804
13158,2024,3,0.04134500026702881
13158,2024,4,0.08923021703958511
13165,2024,1,0.002906855195760727
13165,2024,2,0.0021339664235711098
13165,2024,3,0.0008415794582106173
13165,2024,4,0.0018902901792898774
13174,2024,1,0.0030743214301764965
13174,2024,2,0.0022719961125403643
13174,2024,3,0.0008867543656378984
13174,2024,4,0.0019984706304967403
13193,2024,1,0.002456295769661665
13193,2024,2,0.0017732665874063969
13193,2024,3,0.0007162718684412539
13193,2024,4,0.0016002107877284288
13195,2024,1,0.15829329192638397
13195,2024,2,0.16112340986728668
13195,2024,3,0.051340218633413315
13195,2024,4,0.10497336089611053
13202,2024,1,0.16269627213478088
13202,2024,2,0.16507379710674286
13202,2024,3,0.053426533937454224
13202,2024,4,0.10910693556070328
13206,2024,1,0.0026303445920348167
13206,2024,2,0.0019156612688675523
13206,2024,3,0.0007606259314343333
13206,2024,4,0.0017105578444898129
13208,2024,1,0.002920979168266058
13208,2024,2,0.002146701095625758
13208,2024,3,0.0008450096356682479
13208,2024,4,0.0018992272671312094
13212,2024,1,0.0017782703507691622
13212,2024,2,0.001247480744495988
13212,2024,3,0.0005192130338400602
13212,2024,4,0.0011580188293009996
13213,2024,1,0.006565465591847897
13213,2024,2,0.005204607266932726
13213,2024,3,0.0018694816390052438
13213,2024,4,0.004257895052433014
13220,2024,1,0.16040253639221191
13220,2024,2,0.16553252935409546
13220,2024,3,0.05175352841615677
13220,2024,4,0.10696806013584137
13226,2024,1,0.44249361753463745
13226,2024,2,0.4468059837818146
13226,2024,3,0.2229020595550537
13226,2024,4,0.3379412889480591
13229,2024,1,0.0029901345260441303
13229,2024,2,0.0022011823020875454
13229,2024,3,0.0008655251003801823
13229,2024,4,0.0019446423975750804
13250,2024,1,0.1364554464817047
13250,2024,2,0.1386309266090393
13250,2024,3,0.041594505310058594
13250,2024,4,0.08965526521205902
13253,2024,1,0.001517520984634757
13253,2024,2,0.001047095051035285
13253,2024,3,0.00044543511467054486
13253,2024,4,0.0009886226616799831
13255,2024,1,0.0009290682501159608
13255,2024,2,0.0006113213021308184
13255,2024,3,0.00027565378695726395
13255,2024,4,0.0006058483268134296
13257,2024,1,0.13607025146484375
13257,2024,2,0.13823984563350677
13257,2024,3,0.041425034403800964
13257,2024,4,0.08936283737421036
13265,2024,1,0.0064001865684986115
13265,2024,2,0.005063577555119991
13265,2024,3,0.0018192859133705497
13265,2024,4,0.004149502143263817
13282,2024,1,0.1356164515018463
13282,2024,2,0.13777871429920197
13282,2024,3,0.04122670739889145
13282,2024,4,0.08902232348918915
13290,2024,1,0.001922073308378458
13290,2024,2,0.0013570524752140045
13290,2024,3,0.0005609964719042182
13290,2024,4,0.0012512620305642486
13291,2024,1,0.001122420420870185
13291,2024,2,0.0007526634726673365
13291,2024,3,0.0003308531304355711
13291,2024,4,0.0007310513174161315
13295,2024,1,0.47263026237487793
13295,2024,2,0.478910356760025
13295,2024,3,0.2444395124912262
13295,2024,4,0.36771830916404724
13297,2024,1,0.002323926892131567
13297,2024,2,0.0016717228572815657
13297,2024,3,0.0006751264445483685
13297,2024,4,0.0015121675096452236
13311,2024,1,0.15995246171951294
13311,2024,2,0.16282692551612854
13311,2024,3,0.052273206412792206
13311,2024,4,0.1071246862411499
13314,2024,1,0.0017004582332447171
13314,2024,2,0.0011868150904774666
13314,2024,3,0.0004973343457095325
13314,2024,4,0.00110710843000561
13320,2024,1,0.14369721710681915
13320,2024,2,0.14616632461547852
13320,2024,3,0.044753968715667725
13320,2024,4,0.09432071447372437
13323,2024,1,0.0010567804565653205
13323,2024,2,0.0007043787045404315
13323,2024,3,0.00031221722019836307
13323,2024,4,0.0006886404007673264
13346,2024,1,0.0022009778767824173
13346,2024,2,0.0015725678531453013
13346,2024,3,0.0006419846322387457
13346,2024,4,0.001431914046406746
13364,2024,1,0.0019628675654530525
13364,2024,2,0.001389307901263237
13364,2024,3,0.0005716364248655736
13364,2024,4,0.0012767135631293058
13366,2024,1,0.3109504282474518
13366,2024,2,0.3151508569717407
13366,2024,3,0.13457544147968292
13366,2024,4,0.22550907731056213
13376,2024,1,0.13533897697925568
13376,2024,2,0.1374947428703308
13376,2024,3,0.04110686480998993
13376,2024,4,0.08881526440382004
13379,2024,1,0.16543346643447876
13379,2024,2,0.1674138605594635
13379,2024,3,0.05479804426431656
13379,2024,4,0.11011350154876709
13384,2024,1,0.002254129620268941
13384,2024,2,0.0016148298745974898
13384,2024,3,0.0006572349229827523
13384,2024,4,0.0014674700796604156
13391,2024,1,0.2057589292526245
13391,2024,2,0.2102629393339157
13391,2024,3,0.07442625612020493
13391,2024,4,0.1411799192428589
13410,2024,1,0.002672551665455103
13410,2024,2,0.0019427393563091755
13410,2024,3,0.0007742923335172236
13410,2024,4,0.0017327717505395412
13426,2024,1,0.15716905891895294
13426,2024,2,0.16043893992900848
13426,2024,3,0.05075373500585556
13426,2024,4,0.10508298873901367
13429,2024,1,0.0019368494395166636
13429,2024,2,0.0013686345191672444
13429,2024,3,0.0005649360246025026
13429,2024,4,0.0012605268275365233
13432,2024,1,0.002664480824023485
13432,2024,2,0.0019400035962462425
13432,2024,3,0.0007734348764643073
13432,2024,4,0.0017336340388283134
13436,2024,1,0.0019628156442195177
13436,2024,2,0.0013885220978409052
13436,2024,3,0.0005726859089918435
13436,2024,4,0.0012776294024661183
13440,2024,1,0.14884215593338013
13440,2024,2,0.1515217423439026
13440,2024,3,0.047077909111976624
13440,2024,4,0.09887265413999557
13443,2024,1,0.2555193603038788
13443,2024,2,0.25938451290130615
13443,2024,3,0.1015864759683609
13443,2024,4,0.18041777610778809
13444,2024,1,0.0021384123247116804
13444,2024,2,0.001523873652331531
13444,2024,3,0.0006239823997020721
13444,2024,4,0.001391598954796791
13447,2024,1,0.0010085662361234426
13447,2024,2,0.0006690680747851729
13447,2024,3,0.0002982016303576529
13447,2024,4,0.0006570260156877339
13449,2024,1,0.13579295575618744
13449,2024,2,0.1379576176404953
13449,2024,3,0.041304513812065125
13449,2024,4,0.08915568143129349
13455,2024,1,0.002259644214063883
13455,2024,2,0.001619818969629705
13455,2024,3,0.0006579537875950336
13455,2024,4,0.001471049152314663
13459,2024,1,0.0007270111236721277
13459,2024,2,0.00046727305743843317
13459,2024,3,0.0002161698357667774
13459,2024,4,0.000473549822345376
13461,2024,1,0.002067113760858774
13461,2024,2,0.0014683430781587958
13461,2024,3,0.0006043875473551452
13461,2024,4,0.00134667893871665
13464,2024,1,0.0017683622427284718
13464,2024,2,0.001237286371178925
13464,2024,3,0.0005172168603166938
13464,2024,4,0.001150564756244421
13467,2024,1,0.1358707696199417
13467,2024,2,0.1380363553762436
13467,2024,3,0.041339211165905
13467,2024,4,0.08921721577644348
13480,2024,1,0.001293285982683301
13480,2024,2,0.0008788246777839959
13480,2024,3,0.0003808664041571319
13480,2024,4,0.0008427812717854977
13485,2024,1,0.0018346719443798065
13485,2024,2,0.001289309118874371
13485,2024,3,0.0005367344710975885
13485,2024,4,0.0011951172491535544
13486,2024,1,0.1750914603471756
13486,2024,2,0.17854423820972443
13486,2024,3,0.05941317230463028
13486,2024,4,0.11932390928268433
13495,2024,1,0.2532208263874054
13495,2024,2,0.25601762533187866
13495,2024,3,0.10037688910961151
13495,2024,4,0.17783701419830322
13504,2024,1,0.0034742564894258976
13504,2024,2,0.0025974633172154427
13504,2024,3,0.0009984279749915004
13504,2024,4,0.002256173873320222
13507,2024,1,0.0037346414756029844
13507,2024,2,0.0028040846809744835
13507,2024,3,0.0010850680992007256
13507,2024,4,0.002440148964524269
13521,2024,1,0.331218957901001
13521,2024,2,0.33723196387290955
13521,2024,3,0.14673656225204468
13521,2024,4,0.24256449937820435
13529,2024,1,0.3836400806903839
13529,2024,2,0.392973929643631
13529,2024,3,0.17910060286521912
13529,2024,4,0.28746604919433594
13534,2024,1,0.0018259254284203053
13534,2024,2,0.0012821843847632408
13534,2024,3,0.0005342400399968028
13534,2024,4,0.00118912139441818
13539,2024,1,0.0026320903562009335
13539,2024,2,0.0019145843107253313
13539,2024,3,0.0007637199596501887
13539,2024,4,0.0017123385332524776
13543,2024,1,0.0019344016909599304
13543,2024,2,0.001365814357995987
13543,2024,3,0.0005658195586875081
13543,2024,4,0.0012599023757502437
13544,2024,1,0.001955431653186679
13544,2024,2,0.0013834713026881218
13544,2024,3,0.0005699206376448274
13544,2024,4,0.0012726704590022564
13556,2024,1,0.0015157265588641167
13556,2024,2,0.0010465399827808142
13556,2024,3,0.00044456636533141136
13556,2024,4,0.0009877970442175865
13558,2024,1,0.002123398007825017
13558,2024,2,0.001512274146080017
13558,2024,3,0.00061980722239241
13558,2024,4,0.001382242888212204
13567,2024,1,0.0022066335659474134
13567,2024,2,0.0015777843073010445
13567,2024,3,0.0006445072358474135
13567,2024,4,0.0014379008207470179
13583,2024,1,0.001426953123882413
13583,2024,2,0.000978640397079289
13583,2024,3,0.00041943296673707664
13583,2024,4,0.0009293671464547515
13587,2024,1,0.002125794067978859
13587,2024,2,0.001511166337877512
13587,2024,3,0.0006198136834427714
13587,2024,4,0.0013808382209390402
13594,2024,1,0.13619951903820038
13594,2024,2,0.1383703649044037
13594,2024,3,0.041482482105493546
13594,2024,4,0.08946336805820465
13602,2024,1,0.12166304141283035
13602,2024,2,0.12449911236763
13602,2024,3,0.035184912383556366
13602,2024,4,0.0799928605556488
13615,2024,1,0.25648123025894165
13615,2024,2,0.2608531415462494
13615,2024,3,0.10206378996372223
13615,2024,4,0.18104451894760132
13622,2024,1,0.0024725059047341347
13622,2024,2,0.00178816937841475
13622,2024,3,0.0007180992979556322
13622,2024,4,0.0016080187633633614
13623,2024,1,0.0032804147340357304
13623,2024,2,0.002435587579384446
13623,2024,3,0.0009485568152740598
13623,2024,4,0.002133703324943781
13626,2024,1,0.16285890340805054
13626,2024,2,0.16535025835037231
13626,2024,3,0.053240325301885605
13626,2024,4,0.10849462449550629
13630,2024,1,0.002474458422511816
13630,2024,2,0.0017893698532134295
13630,2024,3,0.0007185214781202376
13630,2024,4,0.0016094045713543892
13638,2024,1,0.2455737441778183
13638,2024,2,0.2518134117126465
13638,2024,3,0.09584294259548187
13638,2024,4,0.1734275072813034
13639,2024,1,0.1643102914094925
13639,2024,2,0.16721302270889282
13639,2024,3,0.054236866533756256
13639,2024,4,0.11041496694087982
13656,2024,1,0.002528616925701499
13656,2024,2,0.0018337757792323828
13656,2024,3,0.000732607557438314
13656,2024,4,0.0016444469802081585
13661,2024,1,0.13599157333374023
13661,2024,2,0.1381596475839615
13661,2024,3,0.04139100760221481
13661,2024,4,0.08930481225252151
13671,2024,1,0.2508496642112732
13671,2024,2,0.25426989793777466
13671,2024,3,0.09920243918895721
13671,2024,4,0.1769942343235016
13676,2024,1,0.0021283631213009357
13676,2024,2,0.0015169103862717748
13676,2024,3,0.0006205647950991988
13676,2024,4,0.0013854894787073135
13679,2024,1,0.1357167661190033
13679,2024,2,0.1378794014453888
13679,2024,3,0.04127136245369911
13679,2024,4,0.08909976482391357
13683,2024,1,0.2150098830461502
13683,2024,2,0.21781152486801147
13683,2024,3,0.07977895438671112
13683,2024,4,0.14811933040618896
13691,2024,1,0.00214012386277318
13691,2024,2,0.0015310647431761026
13691,2024,3,0.0006201428477652371
13691,2024,4,0.0013942928053438663
13697,2024,1,0.001838222611695528
13697,2024,2,0.0012921602465212345
13697,2024,3,0.0005374619504436851
13697,2024,4,0.0011972230859100819
13705,2024,1,0.3013925552368164
13705,2024,2,0.3063717484474182
13705,2024,3,0.12841686606407166
13705,2024,4,0.21813079714775085
13709,2024,1,0.002356516197323799
13709,2024,2,0.0016966722905635834
13709,2024,3,0.0006846535834483802
13709,2024,4,0.0015328451991081238
13717,2024,1,0.0020414702594280243
13717,2024,2,0.0014486458385363221
13717,2024,3,0.0005965364398434758
13717,2024,4,0.0013296373654156923
13725,2024,1,0.0018921868177130818
13725,2024,2,0.0013351461384445429
13725,2024,3,0.0005519704427570105
13725,2024,4,0.001232740469276905
13726,2024,1,0.16108566522598267
13726,2024,2,0.16298741102218628
13726,2024,3,0.052678197622299194
13726,2024,4,0.10711918026208878
13732,2024,1,0.16309517621994019
13732,2024,2,0.16461382806301117
13732,2024,3,0.05382600426673889
13732,2024,4,0.10884621739387512
13750,2024,1,0.004966136068105698
13750,2024,2,0.0038348622620105743
13750,2024,3,0.001421481603756547
13750,2024,4,0.003223234787583351
13762,2024,1,0.0014124591834843159
13762,2024,2,0.0009681405499577522
13762,2024,3,0.0004157719959039241
13762,2024,4,0.0009212943841703236
13764,2024,1,0.001640937989577651
13764,2024,2,0.001140778185799718
13764,2024,3,0.0004808134981431067
13764,2024,4,0.001068512094207108
13770,2024,1,0.0006405453896149993
13770,2024,2,0.0004063854576088488
13770,2024,3,0.00019126912229694426
13770,2024,4,0.0004175326903350651
13778,2024,1,0.005206191912293434
13778,2024,2,0.004036935046315193
13778,2024,3,0.001489865593612194
13778,2024,4,0.003379024798050523
13781,2024,1,0.002137718489393592
13781,2024,2,0.0015231966972351074
13781,2024,3,0.0006242879317142069
13781,2024,4,0.0013920346973463893
13789,2024,1,0.003029956016689539
13789,2024,2,0.00223405659198761
13789,2024,3,0.000878767401445657
13789,2024,4,0.0019714506343007088
13792,2024,1,0.0029656770639121532
13792,2024,2,0.0021827223245054483
13792,2024,3,0.0008575586834922433
13792,2024,4,0.001928466372191906
13803,2024,1,0.0037288391031324863
13803,2024,2,0.002804590854793787
13803,2024,3,0.0010720278369262815
13803,2024,4,0.0024219700135290623
13806,2024,1,0.004689850844442844
13806,2024,2,0.0036034733057022095
13806,2024,3,0.001342305215075612
13806,2024,4,0.0030433139763772488
13825,2024,1,0.003583050798624754
13825,2024,2,0.002683718455955386
13825,2024,3,0.0010323697933927178
13825,2024,4,0.002328495727851987
13833,2024,1,0.0011916296789422631
13833,2024,2,0.0008035553037188947
13833,2024,3,0.0003510912647470832
13833,2024,4,0.0007762229070067406
13844,2024,1,0.0027221557684242725
13844,2024,2,0.0019869543612003326
13844,2024,3,0.0007886443054303527
13844,2024,4,0.0017704714555293322
13845,2024,1,0.2698943316936493
13845,2024,2,0.2728896141052246
13845,2024,3,0.1100148856639862
13845,2024,4,0.1918811798095703
13847,2024,1,0.0017478789668530226
13847,2024,2,0.0012236298061907291
13847,2024,3,0.0005094273947179317
13847,2024,4,0.0011360137723386288
13860,2024,1,0.4901431202888489
13860,2024,2,0.4937964677810669
13860,2024,3,0.25900524854660034
13860,2024,4,0.38033759593963623
13872,2024,1,0.13603873550891876
13872,2024,2,0.13820680975914001
13872,2024,3,0.04141140729188919
13872,2024,4,0.08933905512094498
13873,2024,1,0.13597533106803894
13873,2024,2,0.13814401626586914
13873,2024,3,0.041383981704711914
13873,2024,4,0.08929236978292465
13875,2024,1,0.002850898075848818
13875,2024,2,0.0020941735710948706
13875,2024,3,0.0008219376904889941
13875,2024,4,0.001854487112723291
13880,2024,1,0.003433206584304571
13880,2024,2,0.0025598967913538218
13880,2024,3,0.0009918115101754665
13880,2024,4,0.0022323140874505043
13887,2024,1,0.3888714015483856
13887,2024,2,0.39301806688308716
13887,2024,3,0.18540635704994202
13887,2024,4,0.29021912813186646
13896,2024,1,0.0015772299375385046
13896,2024,2,0.00109204463660717
13896,2024,3,0.00046330163604579866
13896,2024,4,0.001028127153404057
13900,2024,1,0.0050821732729673386
13900,2024,2,0.003934447653591633
13900,2024,3,0.0014520511031150818
13900,2024,4,0.003296816721558571
13923,2024,1,0.0013731506187468767
13923,2024,2,0.0009387774625793099
13923,2024,3,0.000403691636165604
13923,2024,4,0.0008946105372160673
13928,2024,1,0.46242833137512207
13928,2024,2,0.4664521813392639
13928,2024,3,0.23613235354423523
13928,2024,4,0.35438090562820435
13929,2024,1,0.17861133813858032
13929,2024,2,0.18206892907619476
13929,2024,3,0.06092242896556854
13929,2024,4,0.12066642194986343
13952,2024,1,0.0048264749348163605
13952,2024,2,0.003716666717082262
13952,2024,3,0.0013818619772791862
13952,2024,4,0.00313182407990098
13961,2024,1,0.13575977087020874
13961,2024,2,0.1379229873418808
13961,2024,3,0.041290465742349625
13961,2024,4,0.0891323834657669
13962,2024,1,0.001687380950897932
13962,2024,2,0.0011750892736017704
13962,2024,3,0.0004961146041750908
13962,2024,4,0.0011002440005540848
13966,2024,1,0.15567681193351746
13966,2024,2,0.1600782722234726
13966,2024,3,0.04985693097114563
13966,2024,4,0.10457975417375565
13973,2024,1,0.32629507780075073
13973,2024,2,0.33050602674484253
13973,2024,3,0.144056499004364
13973,2024,4,0.2379072606563568
13979,2024,1,0.498640239238739
13979,2024,2,0.5063390135765076
13979,2024,3,0.264322429895401
13979,2024,4,0.39233002066612244
13980,2024,1,0.004360831808298826
13980,2024,2,0.003325530793517828
13980,2024,3,0.0012522233882918954
13980,2024,4,0.0028310820925980806
13982,2024,1,0.2437082827091217
13982,2024,2,0.24794337153434753
13982,2024,3,0.0946272611618042
13982,2024,4,0.1714673638343811
13988,2024,1,0.0015174370491877198
13988,2024,2,0.0010465980740264058
13988,2024,3,0.0004445333615876734
13988,2024,4,0.0009858713019639254
13990,2024,1,0.1357688009738922
13990,2024,2,0.1379328817129135
13990,2024,3,0.04129452630877495
13990,2024,4,0.08914025127887726
13998,2024,1,0.0037394119426608086
13998,2024,2,0.002811624202877283
13998,2024,3,0.001076234388165176
13998,2024,4,0.0024291586596518755
14000,2024,1,0.004049503244459629
14000,2024,2,0.003067080629989505
14000,2024,3,0.0011660965392366052
14000,2024,4,0.002632412128150463
14004,2024,1,0.20064648985862732
14004,2024,2,0.20226708054542542
14004,2024,3,0.07209254801273346
14004,2024,4,0.13605719804763794
14006,2024,1,0.0021653338335454464
14006,2024,2,0.0015470111975446343
14006,2024,3,0.0006300407694652677
14006,2024,4,0.001408931682817638
14009,2024,1,0.13582780957221985
14009,2024,2,0.13799342513084412
14009,2024,3,0.04132109880447388
14009,2024,4,0.08918768167495728
14017,2024,1,0.0015043599996715784
14017,2024,2,0.0010373604018241167
14017,2024,3,0.0004413691640365869
14017,2024,4,0.0009798199171200395
14033,2024,1,0.0022353201638907194
14033,2024,2,0.0016003974014893174
14033,2024,3,0.000651414564345032
14033,2024,4,0.0014551025815308094
14041,2024,1,0.15657737851142883
14041,2024,2,0.16040366888046265
14041,2024,3,0.05040270835161209
14041,2024,4,0.10489186644554138
14045,2024,1,0.0017966998275369406
14045,2024,2,0.0012603276409208775
14045,2024,3,0.0005253612762317061
14045,2024,4,0.0011700715404003859
14048,2024,1,0.0032649501226842403
14048,2024,2,0.002426119986921549
14048,2024,3,0.0009405292803421617
14048,2024,4,0.002122386358678341
14050,2024,1,0.0035246002953499556
14050,2024,2,0.002635006560012698
14050,2024,3,0.0010171104222536087
14050,2024,4,0.002291204174980521
14053,2024,1,0.0024890033528208733
14053,2024,2,0.0018039245624095201
14053,2024,3,0.0007241218700073659
14053,2024,4,0.0016251110937446356
14063,2024,1,0.0020818118937313557
14063,2024,2,0.001480097882449627
14063,2024,3,0.0006068248185329139
14063,2024,4,0.0013544394169002771
14073,2024,1,0.0017962891142815351
14073,2024,2,0.0012605399824678898
14073,2024,3,0.000524845439940691
14073,2024,4,0.0011700520990416408
14090,2024,1,0.29095712304115295
14090,2024,2,0.29550397396087646
14090,2024,3,0.12249469757080078
14090,2024,4,0.2096344232559204
14094,2024,1,0.135695219039917
14094,2024,2,0.13785798847675323
14094,2024,3,0.041262708604335785
14094,2024,4,0.08908623456954956
14099,2024,1,0.0023989228066056967
14099,2024,2,0.001729305600747466
14099,2024,3,0.0006975518772378564
14099,2024,4,0.0015608719550073147
14111,2024,1,0.00187073671258986
14111,2024,2,0.0013162067625671625
14111,2024,3,0.0005476659862324595
14111,2024,4,0.0012181035708636045
14134,2024,1,0.3496699929237366
14134,2024,2,0.35755735635757446
14134,2024,3,0.15879027545452118
14134,2024,4,0.2612319588661194
14140,2024,1,0.008059225976467133
14140,2024,2,0.006515927147120237
14140,2024,3,0.0022768606431782246
14140,2024,4,0.005216589663177729
14170,2024,1,0.0024957330897450447
14170,2024,2,0.001804411644116044
14170,2024,3,0.0007278559496626258
14170,2024,4,0.001625892473384738
14176,2024,1,0.00097872712649405
14176,2024,2,0.0006472120294347405
14176,2024,3,0.0002899950195569545
14176,2024,4,0.0006380939157679677
14178,2024,1,0.005636099725961685
14178,2024,2,0.0044102719984948635
14178,2024,3,0.0016036120941862464
14178,2024,4,0.0036541279405355453
14180,2024,1,0.0018684017704799771
14180,2024,2,0.0013156303903087974
14180,2024,3,0.0005458163795992732
14180,2024,4,0.0012167255626991391
14186,2024,1,0.0016441186890006065
14186,2024,2,0.0011432650499045849
14186,2024,3,0.0004818027373403311
14186,2024,4,0.0010708135087043047
14192,2024,1,0.0032523791305720806
14192,2024,2,0.002412727102637291
14192,2024,3,0.0009370994521304965
14192,2024,4,0.0021114270202815533
14196,2024,1,0.02472979947924614
14196,2024,2,0.02216125652194023
14196,2024,3,0.006806589663028717
14196,2024,4,0.015887415036559105
14214,2024,1,0.13568946719169617
14214,2024,2,0.1378518044948578
14214,2024,3,0.04125943407416344
14214,2024,4,0.08907833695411682
14219,2024,1,0.13571201264858246
14219,2024,2,0.1378747671842575
14219,2024,3,0.04126901924610138
14219,2024,4,0.089093416929245
14227,2024,1,0.2091432809829712
14227,2024,2,0.21185868978500366
14227,2024,3,0.0762963518500328
14227,2024,4,0.14373242855072021
14232,2024,1,0.0028566461987793446
14232,2024,2,0.0020936152432113886
14232,2024,3,0.000828052288852632
14232,2024,4,0.0018584727076813579
14238,2024,1,0.1359173059463501
14238,2024,2,0.1380840241909027
14238,2024,3,0.041358888149261475
14238,2024,4,0.0892498642206192
14241,2024,1,0.0033726792316883802
14241,2024,2,0.002509325509890914
14241,2024,3,0.0009754468337632716
14241,2024,4,0.0021928511559963226
14243,2024,1,0.37066739797592163
14243,2024,2,0.3740277588367462
14243,2024,3,0.17281711101531982
14243,2024,4,0.2746380865573883
14274,2024,1,0.00278199790045619
14274,2024,2,0.0020350241102278233
14274,2024,3,0.000805635005235672
14274,2024,4,0.0018089136574417353
14275,2024,1,0.002046858426183462
14275,2024,2,0.0014530939515680075
14275,2024,3,0.0005975139210931957
14275,2024,4,0.0013325003674253821
14283,2024,1,0.0014438843354582787
14283,2024,2,0.000991731183603406
14283,2024,3,0.00042381678940728307
14283,2024,4,0.0009401175193488598
14285,2024,1,0.0010609265882521868
14285,2024,2,0.0007071352447383106
14285,2024,3,0.0003136066079605371
14285,2024,4,0.0006912609096616507
14287,2024,1,0.004352107644081116
14287,2024,2,0.003306326689198613
14287,2024,3,0.0012579681351780891
14287,2024,4,0.0028236929792910814
14295,2024,1,0.0028944620862603188
14295,2024,2,0.00212294515222311
14295,2024,3,0.000838056264910847
14295,2024,4,0.0018810497131198645
14312,2024,1,0.007100400514900684
14312,2024,2,0.00566967623308301
14312,2024,3,0.002022181637585163
14312,2024,4,0.004609042778611183
14318,2024,1,0.001606680452823639
14318,2024,2,0.0011151556391268969
14318,2024,3,0.0004703352751675993
14318,2024,4,0.0010457615135237575
14324,2024,1,0.26184242963790894
14324,2024,2,0.2664988338947296
14324,2024,3,0.10546833276748657
14324,2024,4,0.18651863932609558
14328,2024,1,0.4747411012649536
14328,2024,2,0.47813987731933594
14328,2024,3,0.24727171659469604
14328,2024,4,0.3671417832374573
14329,2024,1,0.00177514529787004
14329,2024,2,0.0012440186692401767
14329,2024,3,0.0005189038347452879
14329,2024,4,0.0011556101962924004
14331,2024,1,0.452852725982666
14331,2024,2,0.4573526382446289
14331,2024,3,0.23018157482147217
14331,2024,4,0.3474733233451843
14335,2024,1,0.1640288233757019
14335,2024,2,0.16675961017608643
14335,2024,3,0.05406589061021805
14335,2024,4,0.10983765125274658
14336,2024,1,0.0018410999327898026
14336,2024,2,0.0012920297449454665
14336,2024,3,0.0005412994651123881
14336,2024,4,0.001201203791424632
14349,2024,1,0.0020719580352306366
14349,2024,2,0.0014746517408639193
14349,2024,3,0.0006023214082233608
14349,2024,4,0.001348002115264535
14357,2024,1,0.0021051070652902126
14357,2024,2,0.0014997979160398245
14357,2024,3,0.0006127249798737466
14357,2024,4,0.0013696227688342333
14361,2024,1,0.002285354770720005
14361,2024,2,0.0016388797666877508
14361,2024,3,0.0006665634573437274
14361,2024,4,0.0014878739602863789
14363,2024,1,0.13545702397823334
14363,2024,2,0.13761396706104279
14363,2024,3,0.04115724936127663
14363,2024,4,0.08889773488044739
14364,2024,1,0.214106947183609
14364,2024,2,0.21650537848472595
14364,2024,3,0.07917451858520508
14364,2024,4,0.14696060121059418
14366,2024,1,0.0024422467686235905
14366,2024,2,0.0017648465000092983
14366,2024,3,0.0007082012598402798
14366,2024,4,0.0015890276990830898
14372,2024,1,0.000768431811593473
14372,2024,2,0.0004966691485606134
14372,2024,3,0.0002282561908941716
14372,2024,4,0.000500769354403019
14383,2024,1,0.13560190796852112
14383,2024,2,0.13776199519634247
14383,2024,3,0.04122136905789375
14383,2024,4,0.08901175111532211
14392,2024,1,0.31883111596107483
14392,2024,2,0.32372987270355225
14392,2024,3,0.13932499289512634
14392,2024,4,0.2315789759159088
14394,2024,1,0.0015533564146608114
14394,2024,2,0.0010740042198449373
14394,2024,3,0.00045625967322848737
14394,2024,4,0.0010122391395270824
14403,2024,1,0.2787221074104309
14403,2024,2,0.28536877036094666
14403,2024,3,0.11445526778697968
14403,2024,4,0.20029938220977783
14414,2024,1,0.37876662611961365
14414,2024,2,0.3818792998790741
14414,2024,3,0.18003523349761963
14414,2024,4,0.2823905944824219
14415,2024,1,0.13567735254764557
14415,2024,2,0.13784094154834747
14415,2024,3,0.04125411435961723
14415,2024,4,0.08907051384449005
14417,2024,1,0.21396329998970032
14417,2024,2,0.2165236622095108
14417,2024,3,0.07899729907512665
14417,2024,4,0.1472426950931549
14420,2024,1,0.24836251139640808
14420,2024,2,0.2510834336280823
14420,2024,3,0.09840966761112213
14420,2024,4,0.17396438121795654
14423,2024,1,0.0015488640638068318
14423,2024,2,0.0010693591320887208
14423,2024,3,0.0004557055654004216
14423,2024,4,0.0010086107067763805
14424,2024,1,0.002950030844658613
14424,2024,2,0.0021700290963053703
14424,2024,3,0.0008523950818926096
14424,2024,4,0.001917478279210627
14426,2024,1,0.19149383902549744
14426,2024,2,0.19432051479816437
14426,2024,3,0.0672226995229721
14426,2024,4,0.12990817427635193
14427,2024,1,0.002751631662249565
14427,2024,2,0.0020106155425310135
14427,2024,3,0.0007968242280185223
14427,2024,4,0.0017893902258947492
14432,2024,1,0.002472513820976019
14432,2024,2,0.001787673681974411
14432,2024,3,0.0007185692666098475
14432,2024,4,0.001609066966921091
14448,2024,1,0.003934449050575495
14448,2024,2,0.0029632479418069124
14448,2024,3,0.0011432130122557282
14448,2024,4,0.0025654977653175592
14455,2024,1,0.0012158260215073824
14455,2024,2,0.0008212653337977827
14455,2024,3,0.000358434219378978
14455,2024,4,0.000792268430814147
14474,2024,1,0.1335996687412262
14474,2024,2,0.1361912190914154
14474,2024,3,0.04028814658522606
14474,2024,4,0.0876966044306755
14517,2024,1,0.0040138536132872105
14517,2024,2,0.0030378627125173807
14517,2024,3,0.0011556977406144142
14517,2024,4,0.0026093076448887587
14520,2024,1,0.0027687400579452515
14520,2024,2,0.0020243965554982424
14520,2024,3,0.0008012213511392474
14520,2024,4,0.001800179947167635
14529,2024,1,0.0024104444310069084
14529,2024,2,0.001738084014505148
14529,2024,3,0.000702343531884253
14529,2024,4,0.0015702634118497372
14530,2024,1,0.0017132037319242954
14530,2024,2,0.0011958213290199637
14530,2024,3,0.0005017665098421276
14530,2024,4,0.0011157082626596093
14540,2024,1,0.19881513714790344
14540,2024,2,0.2023216187953949
14540,2024,3,0.07070676982402802
14540,2024,4,0.13512542843818665
14541,2024,1,0.0017309908289462328
14541,2024,2,0.0012097700964659452
14541,2024,3,0.0005066387820988894
14541,2024,4,0.0011275995057076216
14544,2024,1,0.002058765385299921
14544,2024,2,0.0014626968186348677
14544,2024,3,0.0006006746552884579
14544,2024,4,0.0013405681820586324
14548,2024,1,0.002944034058600664
14548,2024,2,0.0021627163514494896
14548,2024,3,0.0008539737900719047
14548,2024,4,0.0019158523064106703
14552,2024,1,0.1365804523229599
14552,2024,2,0.1387607604265213
14552,2024,3,0.04165096953511238
14552,2024,4,0.08976146578788757
14554,2024,1,0.002859947271645069
14554,2024,2,0.0020959805697202682
14554,2024,3,0.0008291865233331919
14554,2024,4,0.0018606807570904493
14556,2024,1,0.006409280933439732
14556,2024,2,0.005070371553301811
14556,2024,3,0.0018225734820589423
14556,2024,4,0.0041544814594089985
14567,2024,1,0.15514156222343445
14567,2024,2,0.15824083983898163
14567,2024,3,0.04999984800815582
14567,2024,4,0.10321826487779617
14576,2024,1,0.0034613413736224174
14576,2024,2,0.0025818748399615288
14576,2024,3,0.0010009205434471369
14576,2024,4,0.0022508418187499046
14578,2024,1,0.0022670638281852007
14578,2024,2,0.0016287056496366858
14578,2024,3,0.0006591472192667425
14578,2024,4,0.0014766643289476633
14581,2024,1,0.0017945673316717148
14581,2024,2,0.00125771330203861
14581,2024,3,0.0005261360201984644
14581,2024,4,0.001169520546682179
14583,2024,1,0.0019232307095080614
14583,2024,2,0.0013576146448031068
14583,2024,3,0.0005611482192762196
14583,2024,4,0.0012518061557784677
14602,2024,1,0.005950546823441982
14602,2024,2,0.004672975745052099
14602,2024,3,0.001695603015832603
14602,2024,4,0.003857533447444439
14606,2024,1,0.23216509819030762
14606,2024,2,0.23664601147174835
14606,2024,3,0.08847447484731674
14606,2024,4,0.16212858259677887
14613,2024,1,0.0020736432634294033
14613,2024,2,0.0014752025017514825
14613,2024,3,0.0006040075095370412
14613,2024,4,0.0013497036416083574
14626,2024,1,0.4500827491283417
14626,2024,2,0.45141759514808655
14626,2024,3,0.23111140727996826
14626,2024,4,0.3438718020915985
14627,2024,1,0.1816924810409546
14627,2024,2,0.18400493264198303
14627,2024,3,0.06244058161973953
14627,2024,4,0.12242143601179123
14628,2024,1,0.28231093287467957
14628,2024,2,0.28650009632110596
14628,2024,3,0.11702381074428558
14628,2024,4,0.20107020437717438
14629,2024,1,0.0010700477287173271
14629,2024,2,0.0007144039263948798
14629,2024,3,0.0003155375015921891
14629,2024,4,0.0006969304522499442
14635,2024,1,0.18547090888023376
14635,2024,2,0.18904700875282288
14635,2024,3,0.06430752575397491
14635,2024,4,0.1258135885000229
14643,2024,1,0.002424552571028471
14643,2024,2,0.0017497802618891
14643,2024,3,0.0007046943064779043
14643,2024,4,0.00157750747166574
14647,2024,1,0.2874737083911896
14647,2024,2,0.2888981103897095
14647,2024,3,0.12136447429656982
14647,2024,4,0.2047676146030426
14648,2024,1,0.0026888372376561165
14648,2024,2,0.0019604433327913284
14648,2024,3,0.0007792004034854472
14648,2024,4,0.0017491746693849564
14651,2024,1,0.00288317515514791
14651,2024,2,0.002114183735102415
14651,2024,3,0.0008363600354641676
14651,2024,4,0.0018755968194454908
14657,2024,1,0.0016643907874822617
14657,2024,2,0.001159090781584382
14657,2024,3,0.0004871703567914665
14657,2024,4,0.0010835505090653896
14664,2024,1,0.001566944643855095
14664,2024,2,0.0010866059456020594
14664,2024,3,0.0004579200758598745
14664,2024,4,0.0010194584028795362
14669,2024,1,0.0011841030791401863
14669,2024,2,0.000798685010522604
14669,2024,3,0.0003482391475699842
14669,2024,4,0.00077066506491974
14672,2024,1,0.0019817736465483904
14672,2024,2,0.0014025593409314752
14672,2024,3,0.0005787135451100767
14672,2024,4,0.0012900324072688818
14686,2024,1,0.15679582953453064
14686,2024,2,0.15897509455680847
14686,2024,3,0.05097764730453491
14686,2024,4,0.1052631139755249
14688,2024,1,0.0035551274195313454
14688,2024,2,0.0026605473831295967
14688,2024,3,0.0010248662438243628
14688,2024,4,0.002310563810169697
14693,2024,1,0.0023486223071813583
14693,2024,2,0.001688813790678978
14693,2024,3,0.0006834263913333416
14693,2024,4,0.0015279809013009071
14697,2024,1,0.13584154844284058
14697,2024,2,0.13800659775733948
14697,2024,3,0.04132595658302307
14697,2024,4,0.08919331431388855
14699,2024,1,0.0024377573281526566
14699,2024,2,0.0017585906898602843
14699,2024,3,0.0007096697809174657
14699,2024,4,0.0015857404796406627
14701,2024,1,0.13589659333229065
14701,2024,2,0.13806237280368805
14701,2024,3,0.041349560022354126
14701,2024,4,0.0892324149608612
14707,2024,1,0.4606683850288391
14707,2024,2,0.46704989671707153
14707,2024,3,0.23560287058353424
14707,2024,4,0.3553362488746643
14708,2024,1,0.0024354513734579086
14708,2024,2,0.0017575060483068228
14708,2024,3,0.0007092335727065802
14708,2024,4,0.0015855515375733376
14712,2024,1,0.40673744678497314
14712,2024,2,0.41281890869140625
14712,2024,3,0.1968660056591034
14712,2024,4,0.30862680077552795
14715,2024,1,0.0023750721011310816
14715,2024,2,0.0017081585247069597
14715,2024,3,0.000693458248861134
14715,2024,4,0.00154668721370399
14725,2024,1,0.0038243490271270275
14725,2024,2,0.0028801809530705214
14725,2024,3,0.0011027599684894085
14725,2024,4,0.002485699951648712
14734,2024,1,0.0038417591713368893
14734,2024,2,0.002896099118515849
14734,2024,3,0.0011054908391088247
14734,2024,4,0.0024958308786153793
14752,2024,1,0.35882341861724854
14752,2024,2,0.36389169096946716
14752,2024,3,0.16477400064468384
14752,2024,4,0.26503896713256836
14756,2024,1,0.002734593115746975
14756,2024,2,0.001994019839912653
14756,2024,3,0.0007931124418973923
14756,2024,4,0.0017761485651135445
14765,2024,1,0.0023197808768600225
14765,2024,2,0.0016667419113218784
14765,2024,3,0.0006750836037099361
14765,2024,4,0.001508956542238593
14771,2024,1,0.0019512061262503266
14771,2024,2,0.001378863351419568
14771,2024,3,0.0005696566659025848
14771,2024,4,0.0012692433083429933
14780,2024,1,0.006800402421504259
14780,2024,2,0.0054145981557667255
14780,2024,3,0.0019231101032346487
14780,2024,4,0.004398618824779987
14800,2024,1,0.2817671597003937
14800,2024,2,0.28657767176628113
14800,2024,3,0.11657720804214478
14800,2024,4,0.2018561214208603
14815,2024,1,0.0028835004195570946
14815,2024,2,0.0021114367991685867
14815,2024,3,0.0008390161674469709
14815,2024,4,0.0018762578256428242
14831,2024,1,0.0023523864801973104
14831,2024,2,0.001691673300229013
14831,2024,3,0.0006864685565233231
14831,2024,4,0.0015323389088734984
14837,2024,1,0.0023501375690102577
14837,2024,2,0.0016915497835725546
14837,2024,3,0.0006833320949226618
14837,2024,4,0.001529549015685916
14841,2024,1,0.1354525238275528
14841,2024,2,0.13761119544506073
14841,2024,3,0.04115651175379753
14841,2024,4,0.08890153467655182
14849,2024,1,0.1704559326171875
14849,2024,2,0.17125800251960754
14849,2024,3,0.05733984708786011
14849,2024,4,0.1131507009267807
14861,2024,1,0.3162727653980255
14861,2024,2,0.32252687215805054
14861,2024,3,0.1365932822227478
14861,2024,4,0.23079121112823486
14872,2024,1,0.1505192220211029
14872,2024,2,0.15304440259933472
14872,2024,3,0.04789421707391739
14872,2024,4,0.09993074834346771
14873,2024,1,0.0019857545848935843
14873,2024,2,0.0014070793986320496
14873,2024,3,0.0005790353170596063
14873,2024,4,0.0012933717807754874
14904,2024,1,0.23230278491973877
14904,2024,2,0.2369987815618515
14904,2024,3,0.08852062374353409
14904,2024,4,0.16404512524604797
14912,2024,1,0.0023246135096997023
14912,2024,2,0.001671966747380793
14912,2024,3,0.0006765973521396518
14912,2024,4,0.001513845520094037
14913,2024,1,0.008244195953011513
14913,2024,2,0.0066720861941576
14913,2024,3,0.002336558187380433
14913,2024,4,0.0053403787314891815
14918,2024,1,0.0011886159190908074
14918,2024,2,0.0008008647128008306
14918,2024,3,0.00035087086143903434
14918,2024,4,0.0007747175404801965
14922,2024,1,0.29909107089042664
14922,2024,2,0.3036087155342102
14922,2024,3,0.12710878252983093
14922,2024,4,0.21568220853805542
14929,2024,1,0.002494086977094412
14929,2024,2,0.0018048251513391733
14929,2024,3,0.0007251130882650614
14929,2024,4,0.0016230768524110317
14942,2024,1,0.00512342806905508
14942,2024,2,0.003953893203288317
14942,2024,3,0.00147822848521173
14942,2024,4,0.0033278889022767544
14968,2024,1,0.0012952402466908097
14968,2024,2,0.0008799091447144747
14968,2024,3,0.0003817260731011629
14968,2024,4,0.0008438661461696029
14970,2024,1,0.002055757213383913
14970,2024,2,0.0014609035570174456
14970,2024,3,0.0005990122444927692
14970,2024,4,0.0013379277661442757
14975,2024,1,0.26496678590774536
14975,2024,2,0.26899152994155884
14975,2024,3,0.10707899928092957
14975,2024,4,0.18781769275665283
14976,2024,1,0.19215622544288635
14976,2024,2,0.19679313898086548
14976,2024,3,0.06726919859647751
14976,2024,4,0.13099177181720734
14980,2024,1,0.13593919575214386
14980,2024,2,0.13810475170612335
14980,2024,3,0.04136863350868225
14980,2024,4,0.08926600217819214
14984,2024,1,0.002137714996933937
14984,2024,2,0.0015244196401908994
14984,2024,3,0.0006226656259968877
14984,2024,4,0.0013913256116211414
14988,2024,1,0.17236916720867157
14988,2024,2,0.17485591769218445
14988,2024,3,0.05806584656238556
14988,2024,4,0.11555215716362
14991,2024,1,0.0019730273634195328
14991,2024,2,0.0013950825668871403
14991,2024,3,0.0005774853052571416
14991,2024,4,0.0012851282954216003
15008,2024,1,0.0019214523490518332
15008,2024,2,0.0013555613113567233
15008,2024,3,0.000562329834792763
15008,2024,4,0.0012518091825768352
15015,2024,1,0.0012701516970992088
15015,2024,2,0.0008618212305009365
15015,2024,3,0.00037381023867055774
15015,2024,4,0.0008274108404293656
15018,2024,1,0.00821097381412983
15018,2024,2,0.006643218453973532
15018,2024,3,0.0023266456555575132
15018,2024,4,0.005321122705936432
15020,2024,1,0.003359692869707942
15020,2024,2,0.002499297494068742
15020,2024,3,0.0009715153137221932
15020,2024,4,0.0021842815913259983
15021,2024,1,0.1359025239944458
15021,2024,2,0.13807056844234467
15021,2024,3,0.0413535013794899
15021,2024,4,0.08924411237239838
15029,2024,1,0.1943584382534027
15029,2024,2,0.19682006537914276
15029,2024,3,0.06881529092788696
15029,2024,4,0.13281486928462982
15034,2024,1,0.15503203868865967
15034,2024,2,0.1576869785785675
15034,2024,3,0.04967524856328964
15034,2024,4,0.10274471342563629
15070,2024,1,0.0013447802048176527
15070,2024,2,0.0009185260278172791
15070,2024,3,0.0003945787320844829
15070,2024,4,0.0008760042837820947
15075,2024,1,0.002806949894875288
15075,2024,2,0.0020543208811432123
15075,2024,3,0.0008128845947794616
15075,2024,4,0.00182557781226933
15079,2024,1,0.0007624620920978487
15079,2024,2,0.0004924943204969168
15079,2024,3,0.0002264840732095763
15079,2024,4,0.000496892083901912
15087,2024,1,0.0028147234115749598
15087,2024,2,0.0020600000862032175
15087,2024,3,0.0008162844460457563
15087,2024,4,0.0018308596918359399
15092,2024,1,0.19099977612495422
15092,2024,2,0.19301758706569672
15092,2024,3,0.06735150516033173
15092,2024,4,0.12935110926628113
15105,2024,1,0.0017620711587369442
15105,2024,2,0.0012327394215390086
15105,2024,3,0.0005164663307368755
15105,2024,4,0.0011479659005999565
15108,2024,1,0.0016726449830457568
15108,2024,2,0.001164826680906117
15108,2024,3,0.0004904970992356539
15108,2024,4,0.0010897876927629113
15113,2024,1,0.0019443397177383304
15113,2024,2,0.0013744868338108063
15113,2024,3,0.00056715018581599
15113,2024,4,0.0012656906619668007
15122,2024,1,0.002779060509055853
15122,2024,2,0.002030832227319479
15122,2024,3,0.0008053922792896628
15122,2024,4,0.0018064893083646894
15125,2024,1,0.0010936351027339697
15125,2024,2,0.0007308109779842198
15125,2024,3,0.00032382033532485366
15125,2024,4,0.0007132618920877576
15138,2024,1,0.001154292025603354
15138,2024,2,0.0007749184151180089
15138,2024,3,0.0003426120965741575
15138,2024,4,0.0007543868850916624
15158,2024,1,0.0014173639938235283
15158,2024,2,0.0009720281814225018
15158,2024,3,0.00041680046706460416
15158,2024,4,0.000924533000215888
15159,2024,1,0.0008565466850996017
15159,2024,2,0.0005592216621153057
15159,2024,3,0.0002541225985623896
15159,2024,4,0.000558180792722851
15161,2024,1,0.002608262235298753
15161,2024,2,0.0018985015340149403
15161,2024,3,0.0007531875744462013
15161,2024,4,0.0016944520175457
15166,2024,1,0.0012854200322180986
15166,2024,2,0.0008726918022148311
15166,2024,3,0.00037918362068012357
15166,2024,4,0.0008381475345231593
15172,2024,1,0.0012231903383508325
15172,2024,2,0.0008270816761069
15172,2024,3,0.0003603911609388888
15172,2024,4,0.000797287211753428
15177,2024,1,0.36721962690353394
15177,2024,2,0.371040016412735
15177,2024,3,0.17165356874465942
15177,2024,4,0.27365511655807495
15179,2024,1,0.001670907367952168
15179,2024,2,0.001162994303740561
15179,2024,3,0.0004909785930067301
15179,2024,4,0.0010893165599554777
15185,2024,1,0.003102447371929884
15185,2024,2,0.002291026059538126
15185,2024,3,0.0008987399050965905
15185,2024,4,0.0020183497108519077
15217,2024,1,0.20646503567695618
15217,2024,2,0.2084800899028778
15217,2024,3,0.07509590685367584
15217,2024,4,0.1410549134016037
15229,2024,1,0.23923596739768982
15229,2024,2,0.24304883182048798
15229,2024,3,0.09264872223138809
15229,2024,4,0.16731369495391846
15232,2024,1,0.002150386804714799
15232,2024,2,0.0015337910735979676
15232,2024,3,0.0006268692668527365
15232,2024,4,0.0013995885383337736
15233,2024,1,0.0015212188009172678
15233,2024,2,0.0010495546739548445
15233,2024,3,0.0004458528128452599
15233,2024,4,0.0009905194165185094
15245,2024,1,0.0019762027077376842
15245,2024,2,0.0013983432436361909
15245,2024,3,0.0005770405987277627
15245,2024,4,0.00128624914214015
15251,2024,1,0.0015277968486770988
15251,2024,2,0.0010540400398895144
15251,2024,3,0.0004494013264775276
15251,2024,4,0.0009955016430467367
15268,2024,1,0.0014373185113072395
15268,2024,2,0.0009869220666587353
15268,2024,3,0.00042191764805465937
15268,2024,4,0.000935891701374203
15269,2024,1,0.0033594099804759026
15269,2024,2,0.0024989107623696327
15269,2024,3,0.0009710437152534723
15269,2024,4,0.0021838333923369646
15285,2024,1,0.3094896078109741
15285,2024,2,0.31331169605255127
15285,2024,3,0.13379472494125366
15285,2024,4,0.22396883368492126
15292,2024,1,0.0018999167950823903
15292,2024,2,0.001340422430075705
15292,2024,3,0.0005551372887566686
15292,2024,4,0.0012369120959192514
15300,2024,1,0.0024218768812716007
15300,2024,2,0.0017474389169365168
15300,2024,3,0.0007045206148177385
15300,2024,4,0.0015767820877954364
15317,2024,1,0.002620952669531107
15317,2024,2,0.001905518933199346
15317,2024,3,0.0007616964867338538
15317,2024,4,0.00170701346360147
15332,2024,1,0.002305474365130067
15332,2024,2,0.001656368374824524
15332,2024,3,0.0006698619690723717
15332,2024,4,0.0014998671831563115
15336,2024,1,0.36955833435058594
15336,2024,2,0.3749091625213623
15336,2024,3,0.17152053117752075
15336,2024,4,0.2746318280696869
15342,2024,1,0.0017153272638097405
15342,2024,2,0.0011978193651884794
15342,2024,3,0.0005020090029574931
15342,2024,4,0.0011170088546350598
15361,2024,1,0.0026023858226835728
15361,2024,2,0.00189063954167068
15361,2024,3,0.0007556955679319799
15361,2024,4,0.001693927450105548
15362,2024,1,0.14493978023529053
15362,2024,2,0.14708472788333893
15362,2024,3,0.04531557857990265
15362,2024,4,0.09607736766338348
15383,2024,1,0.0029873051680624485
15383,2024,2,0.0021801022812724113
15383,2024,3,0.000877347425557673
15383,2024,4,0.0019438074668869376
15389,2024,1,0.14077332615852356
15389,2024,2,0.14298273622989655
15389,2024,3,0.04349939152598381
15389,2024,4,0.09278693795204163
15390,2024,1,0.19289468228816986
15390,2024,2,0.19452998042106628
15390,2024,3,0.0682969018816948
15390,2024,4,0.13098828494548798
15393,2024,1,0.001412412733770907
15393,2024,2,0.0009688910795375705
15393,2024,3,0.0004139197990298271
15393,2024,4,0.0009192622965201735
15400,2024,1,0.005363844335079193
15400,2024,2,0.004171095788478851
15400,2024,3,0.0015346716390922666
15400,2024,4,0.0034816646948456764
15410,2024,1,0.0036440067924559116
15410,2024,2,0.0027502612210810184
15410,2024,3,0.001038418966345489
15410,2024,4,0.0023674198891967535
15420,2024,1,0.0016612577019259334
15420,2024,2,0.0011561501305550337
15420,2024,3,0.00048674846766516566
15420,2024,4,0.001081892754882574
15423,2024,1,0.0016044763615354896
15423,2024,2,0.0011134622618556023
15423,2024,3,0.0004696980176959187
15423,2024,4,0.001044297474436462
15426,2024,1,0.0017984658479690552
15426,2024,2,0.001260998658835888
15426,2024,3,0.0005266537773422897
15426,2024,4,0.0011713531566783786
15432,2024,1,0.0016697215614840388
15432,2024,2,0.0011629819637164474
15432,2024,3,0.0004886609967797995
15432,2024,4,0.0010870241094380617
15435,2024,1,0.13578438758850098
15435,2024,2,0.13794833421707153
15435,2024,3,0.04130123555660248
15435,2024,4,0.08915065228939056
15438,2024,1,0.0019612053874880075
15438,2024,2,0.0013864972861483693
15438,2024,3,0.000572982185985893
15438,2024,4,0.0012771037872880697
15440,2024,1,0.0022819964215159416
15440,2024,2,0.0016369004733860493
15440,2024,3,0.0006650780560448766
15440,2024,4,0.001485706539824605
15445,2024,1,0.011747651733458042
15445,2024,2,0.009824712760746479
15445,2024,3,0.0033013643696904182
15445,2024,4,0.007591648027300835
15451,2024,1,0.000725234393030405
15451,2024,2,0.0004659270925913006
15451,2024,3,0.00021591145195998251
15451,2024,4,0.00047294265823438764
15462,2024,1,0.25237512588500977
15462,2024,2,0.25778502225875854
15462,2024,3,0.09976779669523239
15462,2024,4,0.18038207292556763
15478,2024,1,0.002453953493386507
15478,2024,2,0.0017724130302667618
15478,2024,3,0.0007139635272324085
15478,2024,4,0.0015971977263689041
15484,2024,1,0.006439452059566975
15484,2024,2,0.0050881775096058846
15484,2024,3,0.0018371945479884744
15484,2024,4,0.004174322821199894
15489,2024,1,0.13880841434001923
15489,2024,2,0.14151571691036224
15489,2024,3,0.04250112548470497
15489,2024,4,0.09135295450687408
15493,2024,1,0.0033245135564357042
15493,2024,2,0.002478612819686532
15493,2024,3,0.000956105999648571
15493,2024,4,0.0021633084397763014
15496,2024,1,0.005769547075033188
15496,2024,2,0.004515158012509346
15496,2024,3,0.001651108730584383
15496,2024,4,0.003746299771592021
15504,2024,1,0.21812114119529724
15504,2024,2,0.22206835448741913
15504,2024,3,0.08113092184066772
15504,2024,4,0.15116053819656372
15507,2024,1,0.296889066696167
15507,2024,2,0.2996177673339844
15507,2024,3,0.12611596286296844
15507,2024,4,0.20999768376350403
15509,2024,1,0.3639819622039795
15509,2024,2,0.3725764751434326
15509,2024,3,0.1664922833442688
15509,2024,4,0.2718674838542938
15510,2024,1,0.18413183093070984
15510,2024,2,0.18732985854148865
15510,2024,3,0.0635916218161583
15510,2024,4,0.12487819045782089
15517,2024,1,0.23058947920799255
15517,2024,2,0.2337055802345276
15517,2024,3,0.08801086246967316
15517,2024,4,0.16045019030570984
15529,2024,1,0.25598400831222534
15529,2024,2,0.262766569852829
15529,2024,3,0.10101005434989929
15529,2024,4,0.182000070810318
15536,2024,1,0.0020051412284374237
15536,2024,2,0.0014194643590599298
15536,2024,3,0.0005863754777237773
15536,2024,4,0.0013054986484348774
15546,2024,1,0.002159629948437214
15546,2024,2,0.001541987992823124
15546,2024,3,0.0006287722499109805
15546,2024,4,0.0014054646017029881
15551,2024,1,0.1913330852985382
15551,2024,2,0.19377733767032623
15551,2024,3,0.06763622164726257
15551,2024,4,0.13027697801589966
15554,2024,1,0.00109386770054698
15554,2024,2,0.0007289290078915656
15554,2024,3,0.00032546973670832813
15554,2024,4,0.0007123097311705351
15564,2024,1,0.16282804310321808
15564,2024,2,0.16504128277301788
15564,2024,3,0.05368087440729141
15564,2024,4,0.10907743126153946
15565,2024,1,0.002824863651767373
15565,2024,2,0.0020710935350507498
15565,2024,3,0.000817154417745769
15565,2024,4,0.0018382592825219035
15568,2024,1,0.0017347563989460468
15568,2024,2,0.0012117460137233138
15568,2024,3,0.0005089135956950486
15568,2024,4,0.0011306132655590773
15569,2024,1,0.0030770450830459595
15569,2024,2,0.0022712054196745157
15569,2024,3,0.0008900826796889305
15569,2024,4,0.0020004347898066044
15576,2024,1,0.0030949257779866457
15576,2024,2,0.0022867608349770308
15576,2024,3,0.0008938052342273295
15576,2024,4,0.002011536154896021
15577,2024,1,0.20328935980796814
15577,2024,2,0.20792590081691742
15577,2024,3,0.07329699397087097
15577,2024,4,0.14053164422512054
15581,2024,1,0.1356959342956543
15581,2024,2,0.13785773515701294
15581,2024,3,0.04126177728176117
15581,2024,4,0.08907979726791382
15585,2024,1,0.0030697225593030453
15585,2024,2,0.0022660642862319946
15585,2024,3,0.0008870133315213025
15585,2024,4,0.0019952815491706133
15614,2024,1,0.1358674317598343
15614,2024,2,0.1380322128534317
15614,2024,3,0.04133669286966324
15614,2024,4,0.08920828253030777
15624,2024,1,0.0016524813836440444
15624,2024,2,0.001149759511463344
15624,2024,3,0.0004840340989176184
15624,2024,4,0.0010756355477496982
15629,2024,1,0.1695191115140915
15629,2024,2,0.17285171151161194
15629,2024,3,0.05636419355869293
15629,2024,4,0.11381404101848602
15630,2024,1,0.001689255703240633
15630,2024,2,0.0011781707871705294
15630,2024,3,0.0004945784457959235
15630,2024,4,0.0011005185078829527
15640,2024,1,0.2956705391407013
15640,2024,2,0.2994298040866852
15640,2024,3,0.12537133693695068
15640,2024,4,0.21303972601890564
15645,2024,1,0.002610023831948638
15645,2024,2,0.0018963320180773735
15645,2024,3,0.0007581360405310988
15645,2024,4,0.0016982733504846692
15656,2024,1,0.0014577775727957487
15656,2024,2,0.0010017452295869589
15656,2024,3,0.00042839132947847247
15656,2024,4,0.0009494126425124705
15657,2024,1,0.004031624644994736
15657,2024,2,0.0030570817179977894
15657,2024,3,0.0011573642259463668
15657,2024,4,0.0026209806092083454
15670,2024,1,0.0013505422975867987
15670,2024,2,0.0009221410728059709
15670,2024,3,0.0003967536613345146
15670,2024,4,0.0008799239876680076
15673,2024,1,0.22963640093803406
15673,2024,2,0.23368880152702332
15673,2024,3,0.08733619749546051
15673,2024,4,0.15961779654026031
15676,2024,1,0.00226566381752491
15676,2024,2,0.0016257832758128643
15676,2024,3,0.0006578664761036634
15676,2024,4,0.0014730803668498993
15681,2024,1,0.002611333504319191
15681,2024,2,0.0018955180421471596
15681,2024,3,0.0007592975161969662
15681,2024,4,0.0016993237659335136
15685,2024,1,0.002451647073030472
15685,2024,2,0.0017718779854476452
15685,2024,3,0.0007112864986993372
15685,2024,4,0.001594277797266841
15687,2024,1,0.0028790649957954884
15687,2024,2,0.0021124067716300488
15687,2024,3,0.0008330453420057893
15687,2024,4,0.0018714359030127525
15691,2024,1,0.15835081040859222
15691,2024,2,0.16003236174583435
15691,2024,3,0.051480598747730255
15691,2024,4,0.10490243136882782
15696,2024,1,0.002887182403355837
15696,2024,2,0.0021254299208521843
15696,2024,3,0.0008307768730446696
15696,2024,4,0.0018771934555843472
15697,2024,1,0.17949789762496948
15697,2024,2,0.18264985084533691
15697,2024,3,0.06147785857319832
15697,2024,4,0.12119686603546143
15699,2024,1,0.3496813178062439
15699,2024,2,0.3548717200756073
15699,2024,3,0.1585671603679657
15699,2024,4,0.25777772068977356
15703,2024,1,0.29280176758766174
15703,2024,2,0.2973009943962097
15703,2024,3,0.12337252497673035
15703,2024,4,0.21084405481815338
15705,2024,1,0.13577856123447418
15705,2024,2,0.13794627785682678
15705,2024,3,0.04129752889275551
15705,2024,4,0.08915281295776367
15706,2024,1,0.13574981689453125
15706,2024,2,0.13791660964488983
15706,2024,3,0.04128666967153549
15706,2024,4,0.0891343429684639
15722,2024,1,0.16643157601356506
15722,2024,2,0.17020946741104126
15722,2024,3,0.05480681359767914
15722,2024,4,0.11134035885334015
15725,2024,1,0.36377134919166565
15725,2024,2,0.36612772941589355
15725,2024,3,0.16961082816123962
15725,2024,4,0.2693251967430115
15730,2024,1,0.3658510446548462
15730,2024,2,0.3685055375099182
15730,2024,3,0.16853219270706177
15730,2024,4,0.2688482105731964
15737,2024,1,0.002820362336933613
15737,2024,2,0.002065422711893916
15737,2024,3,0.0008166631450876594
15737,2024,4,0.0018341073300689459
15739,2024,1,0.0021878571715205908
15739,2024,2,0.0015646007377654314
15739,2024,3,0.0006361849373206496
15739,2024,4,0.0014232774265110493
15740,2024,1,0.1951216161251068
15740,2024,2,0.19880440831184387
15740,2024,3,0.0690387636423111
15740,2024,4,0.13286638259887695
15756,2024,1,0.003890515537932515
15756,2024,2,0.002935998374596238
15756,2024,3,0.0011199454311281443
15756,2024,4,0.0025279438123106956
15761,2024,1,0.13600817322731018
15761,2024,2,0.13817502558231354
15761,2024,3,0.041398756206035614
15761,2024,4,0.08931746333837509
15765,2024,1,0.001330801984295249
15765,2024,2,0.0009069707011803985
15765,2024,3,0.00039130885852500796
15765,2024,4,0.0008664839551784098
15767,2024,1,0.13562524318695068
15767,2024,2,0.1377873569726944
15767,2024,3,0.041232816874980927
15767,2024,4,0.08903717249631882
15777,2024,1,0.0018168226815760136
15777,2024,2,0.0012757511576637626
15777,2024,3,0.0005312843713909388
15777,2024,4,0.0011832814197987318
15781,2024,1,0.0027898550033569336
15781,2024,2,0.00204070913605392
15781,2024,3,0.00080836471170187
15781,2024,4,0.00181477889418602
15785,2024,1,0.001762980129569769
15785,2024,2,0.0012341949623078108
15785,2024,3,0.0005161475855857134
15785,2024,4,0.0011487717274576426
15788,2024,1,0.0007281799335032701
15788,2024,2,0.00046786919119767845
15788,2024,3,0.00021696655312553048
15788,2024,4,0.00047469831770285964
15791,2024,1,0.0034300722181797028
15791,2024,2,0.002554657869040966
15791,2024,3,0.0009957641595974565
15791,2024,4,0.0022357443813234568
15798,2024,1,0.001864544115960598
15798,2024,2,0.0013119052164256573
15798,2024,3,0.0005456061335280538
15798,2024,4,0.0012145850341767073
15801,2024,1,0.17623281478881836
15801,2024,2,0.1799275130033493
15801,2024,3,0.05972181260585785
15801,2024,4,0.1184447854757309
15804,2024,1,0.0037490222603082657
15804,2024,2,0.0028148728888481855
15804,2024,3,0.0010855672881007195
15804,2024,4,0.0024389484897255898
15815,2024,1,0.0011476180516183376
15815,2024,2,0.0007727085612714291
15815,2024,3,0.0003364298609085381
15815,2024,4,0.0007467941613867879
15820,2024,1,0.0016119556967169046
15820,2024,2,0.0011191453086212277
15820,2024,3,0.0004729315987788141
15820,2024,4,0.0010504908859729767
15823,2024,1,0.15396825969219208
15823,2024,2,0.15589068830013275
15823,2024,3,0.04929632693529129
15823,2024,4,0.10198810696601868
15827,2024,1,0.13632333278656006
15827,2024,2,0.13849495351314545
15827,2024,3,0.04153720661997795
15827,2024,4,0.08954466879367828
15838,2024,1,0.004022418987005949
15838,2024,2,0.00304630259051919
15838,2024,3,0.0011549608316272497
15838,2024,4,0.002611926756799221
15844,2024,1,0.19022084772586823
15844,2024,2,0.19295525550842285
15844,2024,3,0.0669763833284378
15844,2024,4,0.12963207066059113
15847,2024,1,0.1363898068666458
15847,2024,2,0.1385646015405655
15847,2024,3,0.041565895080566406
15847,2024,4,0.08960334211587906
15852,2024,1,0.0016791638918220997
15852,2024,2,0.0011695194989442825
15852,2024,3,0.000492668419610709
15852,2024,4,0.0010941403452306986
15853,2024,1,0.002454172121360898
15853,2024,2,0.0017757825553417206
15853,2024,3,0.0007121960516087711
15853,2024,4,0.0015987339429557323
15861,2024,1,0.0013096658512949944
15861,2024,2,0.0008912717457860708
15861,2024,3,0.0003852183581329882
15861,2024,4,0.0008533388609066606
15862,2024,1,0.1344047486782074
15862,2024,2,0.13657042384147644
15862,2024,3,0.040703024715185165
15862,2024,4,0.08817126601934433
15866,2024,1,0.0032221153378486633
15866,2024,2,0.002391787711530924
15866,2024,3,0.000930476700887084
15866,2024,4,0.002095982898026705
15870,2024,1,0.0016243145801126957
15870,2024,2,0.0011272300034761429
15870,2024,3,0.00047621820704080164
15870,2024,4,0.0010575829073786736
15871,2024,1,0.0021849048789590597
15871,2024,2,0.0015603452920913696
15871,2024,3,0.000637540768366307
15871,2024,4,0.0014224109472706914
15874,2024,1,0.20243409276008606
15874,2024,2,0.2041364163160324
15874,2024,3,0.07328049838542938
15874,2024,4,0.13800302147865295
15889,2024,1,0.0010812710970640182
15889,2024,2,0.000722032506018877
15889,2024,3,0.0003197451587766409
15889,2024,4,0.000704760430380702
15892,2024,1,0.13585412502288818
15892,2024,2,0.13801798224449158
15892,2024,3,0.04133159667253494
15892,2024,4,0.08920246362686157
15919,2024,1,0.2307034730911255
15919,2024,2,0.2384229153394699
15919,2024,3,0.08697205781936646
15919,2024,4,0.16266512870788574
15926,2024,1,0.16486719250679016
15926,2024,2,0.1668975055217743
15926,2024,3,0.05461301654577255
15926,2024,4,0.11026021093130112
15940,2024,1,0.13598138093948364
15940,2024,2,0.1381482481956482
15940,2024,3,0.041387367993593216
15940,2024,4,0.08929775655269623
15942,2024,1,0.002960334299132228
15942,2024,2,0.002174855675548315
15942,2024,3,0.0008572681690566242
15942,2024,4,0.0019222397822886705
15954,2024,1,0.13577979803085327
15954,2024,2,0.13794271647930145
15954,2024,3,0.041300468146800995
15954,2024,4,0.08915510773658752
15955,2024,1,0.3737785220146179
15955,2024,2,0.37795424461364746
15955,2024,3,0.17496012151241302
15955,2024,4,0.27607959508895874
15968,2024,1,0.13593287765979767
15968,2024,2,0.13809986412525177
15968,2024,3,0.04136555641889572
15968,2024,4,0.08926129341125488
15980,2024,1,0.003834767732769251
15980,2024,2,0.002885563299059868
15980,2024,3,0.001110882731154561
15980,2024,4,0.002496218541637063
15992,2024,1,0.328022837638855
15992,2024,2,0.3317730724811554
15992,2024,3,0.14526915550231934
15992,2024,4,0.23838722705841064
15994,2024,1,0.15802979469299316
15994,2024,2,0.15882955491542816
15994,2024,3,0.05148937553167343
15994,2024,4,0.104488305747509
15999,2024,1,0.0006712658796459436
15999,2024,2,0.00042739801574498415
15999,2024,3,0.00020103951101191342
15999,2024,4,0.0004380122700240463
16006,2024,1,0.0021031242795288563
16006,2024,2,0.0014975926605984569
16006,2024,3,0.0006127618835307658
16006,2024,4,0.0013688765466213226
16013,2024,1,0.005436486564576626
16013,2024,2,0.004234569612890482
16013,2024,3,0.0015514595434069633
16013,2024,4,0.003526263404637575
16019,2024,1,0.3365154266357422
16019,2024,2,0.33948978781700134
16019,2024,3,0.14996327459812164
16019,2024,4,0.24425645172595978
16020,2024,1,0.002236165339127183
16020,2024,2,0.0016028875252231956
16020,2024,3,0.0006501381867565215
16020,2024,4,0.0014557424001395702
16031,2024,1,0.0024711850564926863
16031,2024,2,0.0017860033549368382
16031,2024,3,0.0007192472694441676
16031,2024,4,0.0016087241237983108
16032,2024,1,0.007775905542075634
16032,2024,2,0.006263925693929195
16032,2024,3,0.0022013408597558737
16032,2024,4,0.005034830886870623
16033,2024,1,0.0015938379801809788
16033,2024,2,0.0011048340238630772
16033,2024,3,0.0004678881959989667
16033,2024,4,0.0010386023204773664
16049,2024,1,0.000648779037874192
16049,2024,2,0.0004121813690289855
16049,2024,3,0.00019365499611012638
16049,2024,4,0.0004228665493428707
16062,2024,1,0.3955010175704956
16062,2024,2,0.40779727697372437
16062,2024,3,0.1857735514640808
16062,2024,4,0.3019227981567383
16080,2024,1,0.002497880719602108
16080,2024,2,0.0018063259776681662
16080,2024,3,0.0007275169482454658
16080,2024,4,0.0016259129624813795
16094,2024,1,0.004589402116835117
16094,2024,2,0.003505885135382414
16094,2024,3,0.0013241020496934652
16094,2024,4,0.002977341879159212
16095,2024,1,0.0028518266044557095
16095,2024,2,0.002089989371597767
16095,2024,3,0.0008261561160907149
16095,2024,4,0.0018548360094428062
16105,2024,1,0.003414604812860489
16105,2024,2,0.0025477400049567223
16105,2024,3,0.0009827485773712397
16105,2024,4,0.002217532368376851
16118,2024,1,0.0035213367082178593
16118,2024,2,0.002632441930472851
16118,2024,3,0.0010157793294638395
16118,2024,4,0.0022888428065925837
16124,2024,1,0.0011091683991253376
16124,2024,2,0.0007422138587571681
16124,2024,3,0.00032782478956505656
16124,2024,4,0.0007226170273497701
16125,2024,1,0.0027043758891522884
16125,2024,2,0.0019716843962669373
16125,2024,3,0.0007850251859053969
16125,2024,4,0.0017596607794985175
16141,2024,1,0.0010818776208907366
16141,2024,2,0.0007227781461551785
16141,2024,3,0.00031928365933708847
16141,2024,4,0.0007042193319648504
16150,2024,1,0.18770873546600342
16150,2024,2,0.19069337844848633
16150,2024,3,0.0655362606048584
16150,2024,4,0.12760110199451447
16151,2024,1,0.0015707986894994974
16151,2024,2,0.0010869830148294568
16151,2024,3,0.0004616457154043019
16151,2024,4,0.0010236812522634864
16152,2024,1,0.002248411998152733
16152,2024,2,0.0016123433597385883
16152,2024,3,0.0006531308172270656
16152,2024,4,0.0014628171920776367
16161,2024,1,0.003142070956528187
16161,2024,2,0.0023263907060027122
16161,2024,3,0.0009058109717443585
16161,2024,4,0.002042118925601244
16187,2024,1,0.2844427824020386
16187,2024,2,0.29227709770202637
16187,2024,3,0.11680243164300919
16187,2024,4,0.20682260394096375
16195,2024,1,0.003131607547402382
16195,2024,2,0.002315355697646737
16195,2024,3,0.000905814697034657
16195,2024,4,0.002036271383985877
16198,2024,1,0.0030389786697924137
16198,2024,2,0.002241163980215788
16198,2024,3,0.0008776563918218017
16198,2024,4,0.0019743922166526318
16201,2024,1,0.10756061226129532
16201,2024,2,0.10851471871137619
16201,2024,3,0.02979297563433647
16201,2024,4,0.06804025918245316
16207,2024,1,0.0027696434408426285
16207,2024,2,0.002023059641942382
16207,2024,3,0.0008049203315749764
16207,2024,4,0.0018030789215117693
16219,2024,1,0.002734876237809658
16219,2024,2,0.0019915886223316193
16219,2024,3,0.0007996545173227787
16219,2024,4,0.0017847723793238401
16232,2024,1,0.16523540019989014
16232,2024,2,0.1689877212047577
16232,2024,3,0.05457349121570587
16232,2024,4,0.1111040711402893
16239,2024,1,0.00407569482922554
16239,2024,2,0.00309049803763628
16239,2024,3,0.0011689870152622461
16239,2024,4,0.0026442096568644047
16240,2024,1,0.15220150351524353
16240,2024,2,0.15412063896656036
16240,2024,3,0.04849637672305107
16240,2024,4,0.10065774619579315
16241,2024,1,0.13577672839164734
16241,2024,2,0.13794046640396118
16241,2024,3,0.04129824414849281
16241,2024,4,0.08914633095264435
16243,2024,1,0.0016444309148937464
16243,2024,2,0.0011435078922659159
16243,2024,3,0.0004821310576517135
16243,2024,4,0.0010713156079873443
16263,2024,1,0.20075064897537231
16263,2024,2,0.2025662362575531
16263,2024,3,0.07233414053916931
16263,2024,4,0.13740913569927216
16277,2024,1,0.0020553150679916143
16277,2024,2,0.001460429048165679
16277,2024,3,0.0005995760438963771
16277,2024,4,0.0013380057644098997
16295,2024,1,0.0023794025182724
16295,2024,2,0.0017111310735344887
16295,2024,3,0.0006949449307285249
16295,2024,4,0.0015487076016142964
16301,2024,1,0.13586853444576263
16301,2024,2,0.13803498446941376
16301,2024,3,0.04133862629532814
16301,2024,4,0.0892191082239151
16305,2024,1,0.004202337469905615
16305,2024,2,0.0031967400573194027
16305,2024,3,0.0012062849709764123
16305,2024,4,0.002728467108681798
16308,2024,1,0.003658163594081998
16308,2024,2,0.0027326159179210663
16308,2024,3,0.0010580321541056037
16308,2024,4,0.0023675826378166676
16311,2024,1,0.2181827425956726
16311,2024,2,0.22036337852478027
16311,2024,3,0.0809868797659874
16311,2024,4,0.14779430627822876
16322,2024,1,0.27842095494270325
16322,2024,2,0.28268343210220337
16322,2024,3,0.1147904023528099
16322,2024,4,0.19838297367095947
16327,2024,1,0.18461182713508606
16327,2024,2,0.1876804530620575
16327,2024,3,0.06403492391109467
16327,2024,4,0.12514930963516235
16344,2024,1,0.003053218126296997
16344,2024,2,0.0022535566240549088
16344,2024,3,0.0008833649335429072
16344,2024,4,0.001986810239031911
16356,2024,1,0.0017975298687815666
16356,2024,2,0.0012604829389601946
16356,2024,3,0.0005261072656139731
16356,2024,4,0.0011704959906637669
16358,2024,1,0.0018072800012305379
16358,2024,2,0.001268346095457673
16358,2024,3,0.000528426724486053
16358,2024,4,0.0011769125703722239
16377,2024,1,0.004213014151901007
16377,2024,2,0.0032039217185229063
16377,2024,3,0.0012095882557332516
16377,2024,4,0.002735998248681426
16386,2024,1,0.0011867969296872616
16386,2024,2,0.0008002519025467336
16386,2024,3,0.00034954171860590577
16386,2024,4,0.0007724431925453246
16390,2024,1,0.0017107455059885979
16390,2024,2,0.0011948845349252224
16390,2024,3,0.0005004178383387625
16390,2024,4,0.001114008715376258
16400,2024,1,0.13567373156547546
16400,2024,2,0.13783486187458038
16400,2024,3,0.04125335067510605
16400,2024,4,0.08906905353069305
16401,2024,1,0.13529536128044128
16401,2024,2,0.13745127618312836
16401,2024,3,0.04108809679746628
16401,2024,4,0.08878341317176819
16412,2024,1,0.0012399135157465935
16412,2024,2,0.0008385520777665079
16412,2024,3,0.0003664509567897767
16412,2024,4,0.000808949873317033
16419,2024,1,0.20852330327033997
16419,2024,2,0.2118576020002365
16419,2024,3,0.07623907923698425
16419,2024,4,0.1435575932264328
16427,2024,1,0.1361059546470642
16427,2024,2,0.13827645778656006
16427,2024,3,0.0414419025182724
16427,2024,4,0.08939456939697266
16438,2024,1,0.0007194587960839272
16438,2024,2,0.00046193445450626314
16438,2024,3,0.0002142644952982664
16438,2024,4,0.0004689417837653309
16440,2024,1,0.0007891586283221841
16440,2024,2,0.0005112668732181191
16440,2024,3,0.00023444101680070162
16440,2024,4,0.0005143198068253696
16453,2024,1,0.0009107786463573575
16453,2024,2,0.0005983450682833791
16453,2024,3,0.0002697859890758991
16453,2024,4,0.0005935060908086598
16484,2024,1,0.003759779967367649
16484,2024,2,0.0028284911531955004
16484,2024,3,0.00108272023499012
16484,2024,4,0.0024424635339528322
16488,2024,1,0.0018610164988785982
16488,2024,2,0.0013090993743389845
16488,2024,3,0.0005446815630421042
16488,2024,4,0.0012122048065066338
16497,2024,1,0.008206852711737156
16497,2024,2,0.006640097126364708
16497,2024,3,0.002319156425073743
16497,2024,4,0.005307218991219997
16504,2024,1,0.0017691480461508036
16504,2024,2,0.0012384220026433468
16504,2024,3,0.0005182679160498083
16504,2024,4,0.0011523114517331123
16507,2024,1,0.23104041814804077
16507,2024,2,0.23470649123191833
16507,2024,3,0.0874757394194603
16507,2024,4,0.1600317358970642
16513,2024,1,0.0015745917335152626
16513,2024,2,0.0010900554480031133
16513,2024,3,0.00046244909754022956
16513,2024,4,0.0010259195696562529
16519,2024,1,0.0021012991201132536
16519,2024,2,0.001496515586040914
16519,2024,3,0.0006122385384514928
16519,2024,4,0.0013681529089808464
16524,2024,1,0.0012811324559152126
16524,2024,2,0.000869574723765254
16524,2024,3,0.00037754661752842367
16524,2024,4,0.0008348939591087401
16534,2024,1,0.004751848056912422
16534,2024,2,0.003658684901893139
16534,2024,3,0.0013602478429675102
16534,2024,4,0.00308950524777174
16545,2024,1,0.0019207377918064594
16545,2024,2,0.001354719395749271
16545,2024,3,0.0005615625996142626
16545,2024,4,0.0012509445659816265
16546,2024,1,0.0020339698530733585
16546,2024,2,0.0014437938807532191
16546,2024,3,0.0005930656334385276
16546,2024,4,0.0013238934334367514
16550,2024,1,0.0016341395676136017
16550,2024,2,0.001135542755946517
16550,2024,3,0.0004791638348251581
16550,2024,4,0.0010645065922290087
16554,2024,1,0.18751339614391327
16554,2024,2,0.1903180629014969
16554,2024,3,0.06555145233869553
16554,2024,4,0.12818878889083862
16556,2024,1,0.001943814568221569
16556,2024,2,0.001373382518067956
16556,2024,3,0.0005679471069015563
16556,2024,4,0.001265747006982565
16559,2024,1,0.0014230967499315739
16559,2024,2,0.0009755275677889585
16559,2024,3,0.0004180512623861432
16559,2024,4,0.0009263488464057446
16563,2024,1,0.1753126084804535
16563,2024,2,0.17826780676841736
16563,2024,3,0.05948888137936592
16563,2024,4,0.11832413077354431
16567,2024,1,0.003017272800207138
16567,2024,2,0.0022223410196602345
16567,2024,3,0.0008746456587687135
16567,2024,4,0.0019632121548056602
16587,2024,1,0.0016912862192839384
16587,2024,2,0.0011791029246523976
16587,2024,3,0.0004958415520377457
16587,2024,4,0.0011018876684829593
16592,2024,1,0.0035258480347692966
16592,2024,2,0.0026354617439210415
16592,2024,3,0.001014916691929102
16592,2024,4,0.002287699840962887
16598,2024,1,0.13657593727111816
16598,2024,2,0.13875550031661987
16598,2024,3,0.041647519916296005
16598,2024,4,0.08975164592266083
16601,2024,1,0.0023578405380249023
16601,2024,2,0.0016934610903263092
16601,2024,3,0.0006868524360470474
16601,2024,4,0.0015309322625398636
16604,2024,1,0.0019565823022276163
16604,2024,2,0.0013830587267875671
16604,2024,3,0.0005719582550227642
16604,2024,4,0.0012742860708385706
16642,2024,1,0.0024823928251862526
16642,2024,2,0.0017949645407497883
16642,2024,3,0.0007221712730824947
16642,2024,4,0.0016158930957317352
16648,2024,1,0.0027373181656003
16648,2024,2,0.001999216852709651
16648,2024,3,0.0007927719852887094
16648,2024,4,0.0017803581431508064
16650,2024,1,0.004633075091987848
16650,2024,2,0.003545020706951618
16650,2024,3,0.001339433714747429
16650,2024,4,0.003021765034645796
16663,2024,1,0.00452281953766942
16663,2024,2,0.0034627546556293964
16663,2024,3,0.0012973308330401778
16663,2024,4,0.0029377839528024197
16703,2024,1,0.1362987458705902
16703,2024,2,0.1384783536195755
16703,2024,3,0.04152414947748184
16703,2024,4,0.08953195065259933
16716,2024,1,0.15750285983085632
16716,2024,2,0.1605621576309204
16716,2024,3,0.05080561339855194
16716,2024,4,0.10470859706401825
16726,2024,1,0.0014873335603624582
16726,2024,2,0.001023228862322867
16726,2024,3,0.00043774774530902505
16726,2024,4,0.0009690355509519577
16729,2024,1,0.39636459946632385
16729,2024,2,0.40232008695602417
16729,2024,3,0.18991827964782715
16729,2024,4,0.2989858388900757
16744,2024,1,0.26892080903053284
16744,2024,2,0.2743895649909973
16744,2024,3,0.1092853844165802
16744,2024,4,0.1922377645969391
16746,2024,1,0.0030264402739703655
16746,2024,2,0.0022351297084242105
16746,2024,3,0.0008701403858140111
16746,2024,4,0.0019649816676974297
16748,2024,1,0.001122293178923428
16748,2024,2,0.0007525776163674891
16748,2024,3,0.0003311161417514086
16748,2024,4,0.0007313823443837464
16756,2024,1,0.13540200889110565
16756,2024,2,0.1375569999217987
16756,2024,3,0.04113312438130379
16756,2024,4,0.08885443210601807
16764,2024,1,0.18307912349700928
16764,2024,2,0.18596360087394714
16764,2024,3,0.06324983388185501
16764,2024,4,0.12392345815896988
16772,2024,1,0.0031525627709925175
16772,2024,2,0.0023318426683545113
16772,2024,3,0.0009107270743697882
16772,2024,4,0.002049085684120655
16777,2024,1,0.004559801891446114
16777,2024,2,0.0034916293807327747
16777,2024,3,0.0013091047294437885
16777,2024,4,0.0029612842481583357
16778,2024,1,0.13619911670684814
16778,2024,2,0.13837292790412903
16778,2024,3,0.04148213565349579
16778,2024,4,0.08946532756090164
16782,2024,1,0.004736084491014481
16782,2024,2,0.0036434289067983627
16782,2024,3,0.001354714622721076
16782,2024,4,0.003073951229453087
16788,2024,1,0.0017837407067418098
16788,2024,2,0.001249940600246191
16788,2024,3,0.0005222022300586104
16788,2024,4,0.001161844003945589
16795,2024,1,0.22672435641288757
16795,2024,2,0.22829347848892212
16795,2024,3,0.0860881507396698
16795,2024,4,0.15621092915534973
16798,2024,1,0.13524463772773743
16798,2024,2,0.13739700615406036
16798,2024,3,0.041064441204071045
16798,2024,4,0.0887359231710434
16802,2024,1,0.19243571162223816
16802,2024,2,0.19672276079654694
16802,2024,3,0.06774428486824036
16802,2024,4,0.13238321244716644
16807,2024,1,0.0013795725535601377
16807,2024,2,0.0009425196330994368
16807,2024,3,0.0004072173614986241
16807,2024,4,0.0008999005658552051
16822,2024,1,0.003908202052116394
16822,2024,2,0.0029503076802939177
16822,2024,3,0.0011256837751716375
16822,2024,4,0.0025393166579306126
16832,2024,1,0.14435938000679016
16832,2024,2,0.1469651162624359
16832,2024,3,0.04502623528242111
16832,2024,4,0.0954296663403511
16834,2024,1,0.3518938422203064
16834,2024,2,0.35478097200393677
16834,2024,3,0.16015693545341492
16834,2024,4,0.2574325501918793
16837,2024,1,0.1357496827840805
16837,2024,2,0.13791179656982422
16837,2024,3,0.04128507897257805
16837,2024,4,0.089119553565979
16846,2024,1,0.001326757250353694
16846,2024,2,0.000903216889128089
16846,2024,3,0.00039129192009568214
16846,2024,4,0.0008647827198728919
16857,2024,1,0.00570770213380456
16857,2024,2,0.004478306043893099
16857,2024,3,0.001615674700587988
16857,2024,4,0.0036966409534215927
16859,2024,1,0.0017958346288651228
16859,2024,2,0.0012593383435159922
16859,2024,3,0.000525560462847352
16859,2024,4,0.0011697274167090654
16866,2024,1,0.14002251625061035
16866,2024,2,0.1422089785337448
16866,2024,3,0.04316286742687225
16866,2024,4,0.09224030375480652
16871,2024,1,0.21133562922477722
16871,2024,2,0.2158873975276947
16871,2024,3,0.07718627899885178
16871,2024,4,0.1442999243736267
16877,2024,1,0.0015128152444958687
16877,2024,2,0.0010436216834932566
16877,2024,3,0.00044565158896148205
16877,2024,4,0.0009883454767987132
16879,2024,1,0.0019165205303579569
16879,2024,2,0.0013531894655898213
16879,2024,3,0.0005589955835603178
16879,2024,4,0.0012461913283914328
16884,2024,1,0.0022119488567113876
16884,2024,2,0.001583332079462707
16884,2024,3,0.0006442724261432886
16884,2024,4,0.001440346473827958
16896,2024,1,0.002168171340599656
16896,2024,2,0.0015473737148568034
16896,2024,3,0.0006326263537630439
16896,2024,4,0.0014119090046733618
16906,2024,1,0.001431040233001113
16906,2024,2,0.0009826807072386146
16906,2024,3,0.00042009606841020286
16906,2024,4,0.0009329019812867045
16908,2024,1,0.0020816787146031857
16908,2024,2,0.0014787378022447228
16908,2024,3,0.0006093875854276121
16908,2024,4,0.0013559398939833045
16919,2024,1,0.16110020875930786
16919,2024,2,0.16317632794380188
16919,2024,3,0.053149908781051636
16919,2024,4,0.10819277167320251
16937,2024,1,0.0015418380498886108
16937,2024,2,0.0010656946105882525
16937,2024,3,0.00045224884524941444
16937,2024,4,0.0010042381472885609
16943,2024,1,0.002002475317567587
16943,2024,2,0.0014187482884153724
16943,2024,3,0.0005851287860423326
16943,2024,4,0.0013035362353548408
16946,2024,1,0.004661989398300648
16946,2024,2,0.0035808465909212828
16946,2024,3,0.0013330120127648115
16946,2024,4,0.003023629542440176
16950,2024,1,0.004395246505737305
16950,2024,2,0.0033514623064547777
16950,2024,3,0.001264504506252706
16950,2024,4,0.002854072954505682
16951,2024,1,0.1361309289932251
16951,2024,2,0.13830053806304932
16951,2024,3,0.04145197942852974
16951,2024,4,0.08940961956977844
16954,2024,1,0.002163176191970706
16954,2024,2,0.00154219102114439
16954,2024,3,0.000632143986877054
16954,2024,4,0.0014077769592404366
16964,2024,1,0.0005970653146505356
16964,2024,2,0.0003764480643440038
16964,2024,3,0.00017827234114520252
16964,2024,4,0.0003891747328452766
16977,2024,1,0.002822327893227339
16977,2024,2,0.0020664785988628864
16977,2024,3,0.0008169858483597636
16977,2024,4,0.0018346968572586775
16980,2024,1,0.0034456730354577303
16980,2024,2,0.0025696803350001574
16980,2024,3,0.0010018519824370742
16980,2024,4,0.0022509614937007427
16982,2024,1,0.0021799474488943815
16982,2024,2,0.0015579131431877613
16982,2024,3,0.0006342402193695307
16982,2024,4,0.001418546075001359
16983,2024,1,0.007091897074133158
16983,2024,2,0.005662931594997644
16983,2024,3,0.002011330332607031
16983,2024,4,0.00459214486181736
16991,2024,1,0.0025259889662265778
16991,2024,2,0.0018283941317349672
16991,2024,3,0.0007394843851216137
16991,2024,4,0.001655257772654295
16993,2024,1,0.13606974482536316
16993,2024,2,0.13823774456977844
16993,2024,3,0.04142722487449646
16993,2024,4,0.08937288820743561
16997,2024,1,0.003385382005944848
16997,2024,2,0.0025230678729712963
16997,2024,3,0.0009755687788128853
16997,2024,4,0.002199981128796935
17003,2024,1,0.0019659448880702257
17003,2024,2,0.0013902192004024982
17003,2024,3,0.0005748953553847969
17003,2024,4,0.0012802262790501118
17005,2024,1,0.2780942916870117
17005,2024,2,0.28068676590919495
17005,2024,3,0.11521413922309875
17005,2024,4,0.1982192099094391
17014,2024,1,0.2412165403366089
17014,2024,2,0.2450956106185913
17014,2024,3,0.09338906407356262
17014,2024,4,0.16891220211982727
17017,2024,1,0.002376461634412408
17017,2024,2,0.0017118346877396107
17017,2024,3,0.000691141583956778
17017,2024,4,0.0015466564800590277
17019,2024,1,0.15461787581443787
17019,2024,2,0.15798695385456085
17019,2024,3,0.049531690776348114
17019,2024,4,0.1023850217461586
17024,2024,1,0.003406568430364132
17024,2024,2,0.0025403855834156275
17024,2024,3,0.0009814199293032289
17024,2024,4,0.0022138229105621576
17026,2024,1,0.002811674028635025
17026,2024,2,0.002059808000922203
17026,2024,3,0.0008134854724630713
17026,2024,4,0.0018291533924639225
17028,2024,1,0.0019192516338080168
17028,2024,2,0.0013533150777220726
17028,2024,3,0.0005623830948024988
17028,2024,4,0.0012506296625360847
17032,2024,1,0.14100882411003113
17032,2024,2,0.1441313922405243
17032,2024,3,0.043426696211099625
17032,2024,4,0.0926746353507042
17048,2024,1,0.0015628610271960497
17048,2024,2,0.0010821543401107192
17048,2024,3,0.0004588219744618982
17048,2024,4,0.0010195347713306546
17053,2024,1,0.0021190333645790815
17053,2024,2,0.001510536065325141
17053,2024,3,0.0006171594141051173
17053,2024,4,0.0013780428562313318
17072,2024,1,0.17629371583461761
17072,2024,2,0.17950192093849182
17072,2024,3,0.05968152731657028
17072,2024,4,0.11856771260499954
17075,2024,1,0.0021731897722929716
17075,2024,2,0.0015509602380916476
17075,2024,3,0.000633884803391993
17075,2024,4,0.0014145269524306059
17076,2024,1,0.0025234627537429333
17076,2024,2,0.0018266470870003104
17076,2024,3,0.0007334115216508508
17076,2024,4,0.0016418792074546218
17081,2024,1,0.13578063249588013
17081,2024,2,0.13794520497322083
17081,2024,3,0.04129955917596817
17081,2024,4,0.08914858102798462
17101,2024,1,0.21790924668312073
17101,2024,2,0.22124727070331573
17101,2024,3,0.08114536106586456
17101,2024,4,0.15052847564220428
17116,2024,1,0.0016427685040980577
17116,2024,2,0.0011419514194130898
17116,2024,3,0.0004819970636162907
17116,2024,4,0.001070251571945846
17124,2024,1,0.00198575877584517
17124,2024,2,0.0014061181573197246
17124,2024,3,0.0005796949262730777
17124,2024,4,0.0012929916847497225
17129,2024,1,0.00426709558814764
17129,2024,2,0.0032509146258234978
17129,2024,3,0.001223134808242321
17129,2024,4,0.002771354978904128
17131,2024,1,0.0015732860192656517
17131,2024,2,0.0010905909584835172
17131,2024,3,0.00046083549386821687
17131,2024,4,0.001025534700602293
17139,2024,1,0.005498370621353388
17139,2024,2,0.004286040551960468
17139,2024,3,0.0015712855383753777
17139,2024,4,0.0035684662871062756
17141,2024,1,0.2269483059644699
17141,2024,2,0.2320065200328827
17141,2024,3,0.08594037592411041
17141,2024,4,0.15860633552074432
17144,2024,1,0.002753305481746793
17144,2024,2,0.00201207771897316
17144,2024,3,0.0007972019957378507
17144,2024,4,0.001790317241102457
17146,2024,1,0.3376273512840271
17146,2024,2,0.3407483398914337
17146,2024,3,0.1517968475818634
17146,2024,4,0.24665167927742004
17148,2024,1,0.002183071803301573
17148,2024,2,0.0015591455157846212
17148,2024,3,0.0006369468756020069
17148,2024,4,0.001421624794602394
17149,2024,1,0.0023210919462144375
17149,2024,2,0.0016687751049175858
17149,2024,3,0.0006751049077138305
17149,2024,4,0.001511685666628182
17150,2024,1,0.13614003360271454
17150,2024,2,0.13831087946891785
17150,2024,3,0.04145723953843117
17150,2024,4,0.08942404389381409
17153,2024,1,0.13581648468971252
17153,2024,2,0.1379806399345398
17153,2024,3,0.04131488502025604
17153,2024,4,0.08917401731014252
17158,2024,1,0.13575874269008636
17158,2024,2,0.13792423903942108
17158,2024,3,0.04129084199666977
17158,2024,4,0.08913695067167282
17162,2024,1,0.004259062930941582
17162,2024,2,0.003241949947550893
17162,2024,3,0.001222891383804381
17162,2024,4,0.0027656806632876396
17169,2024,1,0.006136829033493996
17169,2024,2,0.004833705257624388
17169,2024,3,0.0017472791951149702
17169,2024,4,0.003977872896939516
17173,2024,1,0.0028654709458351135
17173,2024,2,0.0021074959076941013
17173,2024,3,0.0008227078942582011
17173,2024,4,0.0018563051708042622
17177,2024,1,0.21076220273971558
17177,2024,2,0.21421140432357788
17177,2024,3,0.07734334468841553
17177,2024,4,0.14552655816078186
17206,2024,1,0.002978747710585594
17206,2024,2,0.002193873981013894
17206,2024,3,0.000860435189679265
17206,2024,4,0.0019367695786058903
17210,2024,1,0.001570850028656423
17210,2024,2,0.0010877128224819899
17210,2024,3,0.0004605614813044667
17210,2024,4,0.0010231414344161749
17211,2024,1,0.002042685868218541
17211,2024,2,0.0014499444514513016
17211,2024,3,0.0005959437694400549
17211,2024,4,0.001329338178038597
17218,2024,1,0.20129209756851196
17218,2024,2,0.20550628006458282
17218,2024,3,0.07238346338272095
17218,2024,4,0.13816337287425995
17221,2024,1,0.0021881258580833673
17221,2024,2,0.0015630410052835941
17221,2024,3,0.0006379952537827194
17221,2024,4,0.001424445305019617
17230,2024,1,0.0026469735894352198
17230,2024,2,0.0019263885915279388
17230,2024,3,0.0007678495021536946
17230,2024,4,0.0017218634020537138
17253,2024,1,0.13576319813728333
17253,2024,2,0.1379285752773285
17253,2024,3,0.04129241779446602
17253,2024,4,0.08913880586624146
17255,2024,1,0.16580812633037567
17255,2024,2,0.16746555268764496
17255,2024,3,0.055049214512109756
17255,2024,4,0.11001048237085342
17286,2024,1,0.003312628250569105
17286,2024,2,0.0024595637805759907
17286,2024,3,0.0009635236347094178
17286,2024,4,0.0021593566052615643
17287,2024,1,0.0022060254123061895
17287,2024,2,0.001580029958859086
17287,2024,3,0.0006402572616934776
17287,2024,4,0.001435240264981985
17295,2024,1,0.006218479014933109
17295,2024,2,0.004905284848064184
17295,2024,3,0.0017692350083962083
17295,2024,4,0.0040308102034032345
17300,2024,1,0.003105015493929386
17300,2024,2,0.0022973064333200455
17300,2024,3,0.0008948220638558269
17300,2024,4,0.0020185397006571293
17316,2024,1,0.00358889764174819
17316,2024,2,0.002687932690605521
17316,2024,3,0.00103310018312186
17316,2024,4,0.002330024028196931
17317,2024,1,0.0026903392281383276
17317,2024,2,0.0019422790501266718
17317,2024,3,0.0007992044556885958
17317,2024,4,0.001756975892931223
17334,2024,1,0.0027939784340560436
17334,2024,2,0.0020429897122085094
17334,2024,3,0.0008103243308141828
17334,2024,4,0.0018187626264989376
17358,2024,1,0.27223461866378784
17358,2024,2,0.277741014957428
17358,2024,3,0.11088991910219193
17358,2024,4,0.1958165317773819
17366,2024,1,0.0017855186015367508
17366,2024,2,0.0012515184935182333
17366,2024,3,0.0005222596228122711
17366,2024,4,0.00116267753764987
17372,2024,1,0.1356993466615677
17372,2024,2,0.1378622204065323
17372,2024,3,0.041264522820711136
17372,2024,4,0.08909045159816742
17389,2024,1,0.0023272649850696325
17389,2024,2,0.0016684995498508215
17389,2024,3,0.0006827160832472146
17389,2024,4,0.0015182729111984372
17393,2024,1,0.0021379573736339808
17393,2024,2,0.0015254388563334942
17393,2024,3,0.0006227704579941928
17393,2024,4,0.001392620848491788
17397,2024,1,0.0023564929142594337
17397,2024,2,0.0016961635556071997
17397,2024,3,0.0006854762905277312
17397,2024,4,0.001533574191853404
17404,2024,1,0.0021157804876565933
17404,2024,2,0.0015078750438988209
17404,2024,3,0.0006159341428428888
17404,2024,4,0.0013764111790806055
17415,2024,1,0.004152858164161444
17415,2024,2,0.0031549781560897827
17415,2024,3,0.0011913134949281812
17415,2024,4,0.002696129959076643
17421,2024,1,0.006046517286449671
17421,2024,2,0.004758396651595831
17421,2024,3,0.0017201303271576762
17421,2024,4,0.0039187222719192505
17432,2024,1,0.13578830659389496
17432,2024,2,0.13795162737369537
17432,2024,3,0.041302379220724106
17432,2024,4,0.08914978802204132
17442,2024,1,0.0029204513411968946
17442,2024,2,0.002143620979040861
17442,2024,3,0.0008455841452814639
17442,2024,4,0.0018988659139722586
17443,2024,1,0.0031838584691286087
17443,2024,2,0.002360246842727065
17443,2024,3,0.0009179214830510318
17443,2024,4,0.0020694173872470856
17452,2024,1,0.22082620859146118
17452,2024,2,0.22403661906719208
17452,2024,3,0.08264116942882538
17452,2024,4,0.1530788093805313
17456,2024,1,0.001226743683218956
17456,2024,2,0.0008286628290079534
17456,2024,3,0.00036225057556293905
17456,2024,4,0.0007992777973413467
17459,2024,1,0.002408174565061927
17459,2024,2,0.0017372574657201767
17459,2024,3,0.0006995591102167964
17459,2024,4,0.0015668191481381655
17466,2024,1,0.0016323677264153957
17466,2024,2,0.001132996752858162
17466,2024,3,0.00048020249232649803
17466,2024,4,0.0010644318535923958
17483,2024,1,0.0015745420241728425
17483,2024,2,0.0010905798990279436
17483,2024,3,0.0004616711812559515
17483,2024,4,0.0010256380774080753
17501,2024,1,0.001853907946497202
17501,2024,2,0.0013028030516579747
17501,2024,3,0.0005442056572064757
17501,2024,4,0.001209641108289361
17503,2024,1,0.0014184676110744476
17503,2024,2,0.0009721484966576099
17503,2024,3,0.0004170941829215735
17503,2024,4,0.0009240542422048748
17504,2024,1,0.13550139963626862
17504,2024,2,0.13765975832939148
17504,2024,3,0.04117763042449951
17504,2024,4,0.08893665671348572
17515,2024,1,0.1986709088087082
17515,2024,2,0.20231246948242188
17515,2024,3,0.07106058299541473
17515,2024,4,0.1349511444568634
17524,2024,1,0.0029216709081083536
17524,2024,2,0.0021464473102241755
17524,2024,3,0.0008454660419374704
17524,2024,4,0.0018997930455952883
17526,2024,1,0.0031480558682233095
17526,2024,2,0.0023274384438991547
17526,2024,3,0.00091118726413697
17526,2024,4,0.0020466793794184923
17528,2024,1,0.0022671243641525507
17528,2024,2,0.0016258922405540943
17528,2024,3,0.0006590476259589195
17528,2024,4,0.0014741832856088877
17537,2024,1,0.2983296513557434
17537,2024,2,0.3028283715248108
17537,2024,3,0.12668147683143616
17537,2024,4,0.21488162875175476
17540,2024,1,0.003921611234545708
17540,2024,2,0.002962482161819935
17540,2024,3,0.0011277401354163885
17540,2024,4,0.0025493083521723747
17541,2024,1,0.21274544298648834
17541,2024,2,0.21670325100421906
17541,2024,3,0.07836227864027023
17541,2024,4,0.14691376686096191
17553,2024,1,0.2581532597541809
17553,2024,2,0.263419508934021
17553,2024,3,0.10284273326396942
17553,2024,4,0.18270032107830048
17554,2024,1,0.001586957136169076
17554,2024,2,0.0010988946305587888
17554,2024,3,0.0004666143795475364
17554,2024,4,0.0010342415189370513
17558,2024,1,0.002762080170214176
17558,2024,2,0.0020171869546175003
17558,2024,3,0.0008019959786906838
17558,2024,4,0.0017974391812458634
17561,2024,1,0.13542988896369934
17561,2024,2,0.13758744299411774
17561,2024,3,0.04114649444818497
17561,2024,4,0.08888359367847443
17562,2024,1,0.40804487466812134
17562,2024,2,0.41302070021629333
17562,2024,3,0.19661147892475128
17562,2024,4,0.30718308687210083
17565,2024,1,0.0005594367976300418
17565,2024,2,0.0003505735076032579
17565,2024,3,0.00016721444262657315
17565,2024,4,0.0003646744880825281
17568,2024,1,0.0022501186467707157
17568,2024,2,0.0016124770045280457
17568,2024,3,0.0006551578990183771
17568,2024,4,0.0014647002099081874
17571,2024,1,0.25485947728157043
17571,2024,2,0.25720328092575073
17571,2024,3,0.10201408714056015
17571,2024,4,0.1794925332069397
17580,2024,1,0.002241339534521103
17580,2024,2,0.0016009104438126087
17580,2024,3,0.000654293573461473
17580,2024,4,0.0014572239015251398
17591,2024,1,0.0031224710401147604
17591,2024,2,0.002306796610355377
17591,2024,3,0.0009044373291544616
17591,2024,4,0.002030829433351755
17596,2024,1,0.28778713941574097
17596,2024,2,0.29386937618255615
17596,2024,3,0.12021076679229736
17596,2024,4,0.20887702703475952
17597,2024,1,0.001165999798104167
17597,2024,2,0.0007839230238460004
17597,2024,3,0.00034467416116967797
17597,2024,4,0.000760135124437511
17614,2024,1,0.0022313136141747236
17614,2024,2,0.001597845577634871
17614,2024,3,0.0006496735149994493
17614,2024,4,0.0014528249157592654
17623,2024,1,0.0022848425433039665
17623,2024,2,0.0016390839591622353
17623,2024,3,0.0006659487262368202
17623,2024,4,0.0014877135399729013
17630,2024,1,0.0021960758604109287
17630,2024,2,0.0015699525829404593
17630,2024,3,0.0006402512663044035
17630,2024,4,0.0014296944718807936
17631,2024,1,0.1366843432188034
17631,2024,2,0.13886407017707825
17631,2024,3,0.041693996638059616
17631,2024,4,0.08982659131288528
17635,2024,1,0.0012826778693124652
17635,2024,2,0.0008710818365216255
17635,2024,3,0.00037757231621071696
17635,2024,4,0.0008355609024874866
17676,2024,1,0.0011053454363718629
17676,2024,2,0.0007396290311589837
17676,2024,3,0.00032665321487002075
17676,2024,4,0.0007204775465652347
17684,2024,1,0.002444329671561718
17684,2024,2,0.0017689333762973547
17684,2024,3,0.000708036299329251
17684,2024,4,0.001591771375387907
17690,2024,1,0.18423698842525482
17690,2024,2,0.18742839992046356
17690,2024,3,0.06376761198043823
17690,2024,4,0.12461068481206894
17698,2024,1,0.0023114830255508423
17698,2024,2,0.0016588607104495168
17698,2024,3,0.0006748214364051819
17698,2024,4,0.001505513908341527
17705,2024,1,0.151750385761261
17705,2024,2,0.1530745029449463
17705,2024,3,0.0485403947532177
17705,2024,4,0.0993528813123703
17725,2024,1,0.21108248829841614
17725,2024,2,0.21608565747737885
17725,2024,3,0.0772017389535904
17725,2024,4,0.14617013931274414
17728,2024,1,0.001525525702163577
17728,2024,2,0.0010527513222768903
17728,2024,3,0.00044878030894324183
17728,2024,4,0.0009946816135197878
17731,2024,1,0.005749296396970749
17731,2024,2,0.004497065208852291
17731,2024,3,0.0016435659490525723
17731,2024,4,0.003730584867298603
17733,2024,1,0.003054356202483177
17733,2024,2,0.0022546411491930485
17733,2024,3,0.0008827500860206783
17733,2024,4,0.0019867182709276676
17736,2024,1,0.202854186296463
17736,2024,2,0.20623666048049927
17736,2024,3,0.07301262766122818
17736,2024,4,0.13880419731140137
17746,2024,1,0.19382306933403015
17746,2024,2,0.19692343473434448
17746,2024,3,0.06860573589801788
17746,2024,4,0.1321851909160614
17751,2024,1,0.1908569037914276
17751,2024,2,0.19354338943958282
17751,2024,3,0.06704732030630112
17751,2024,4,0.12885349988937378
17756,2024,1,0.0019266775343567133
17756,2024,2,0.0013601009268313646
17756,2024,3,0.0005632379907183349
17756,2024,4,0.0012546625221148133
17770,2024,1,0.5019111037254333
17770,2024,2,0.5066218376159668
17770,2024,3,0.26695314049720764
17770,2024,4,0.3929462730884552
17771,2024,1,0.2526348829269409
17771,2024,2,0.2568437457084656
17771,2024,3,0.1001175194978714
17771,2024,4,0.1787342131137848
17772,2024,1,0.001353518571704626
17772,2024,2,0.0009234516764990985
17772,2024,3,0.0003985537332482636
17772,2024,4,0.0008820790681056678
17773,2024,1,0.2335236370563507
17773,2024,2,0.2366247922182083
17773,2024,3,0.08949057012796402
17773,2024,4,0.16245724260807037
17791,2024,1,0.28331315517425537
17791,2024,2,0.286283016204834
17791,2024,3,0.1177661195397377
17791,2024,4,0.20151039958000183
17793,2024,1,0.0029164375737309456
17793,2024,2,0.0021528201177716255
17793,2024,3,0.0008350459975190461
17793,2024,4,0.0018963885959237814
17798,2024,1,0.0036888038739562035
17798,2024,2,0.002770159626379609
17798,2024,3,0.0010630710748955607
17798,2024,4,0.002397778443992138
17802,2024,1,0.29464802145957947
17802,2024,2,0.2986335754394531
17802,2024,3,0.12462162971496582
17802,2024,4,0.21233442425727844
17803,2024,1,0.0028808503411710262
17803,2024,2,0.0021132836118340492
17803,2024,3,0.0008347545517608523
17803,2024,4,0.0018738005310297012
17805,2024,1,0.36231744289398193
17805,2024,2,0.3681700527667999
17805,2024,3,0.1666860580444336
17805,2024,4,0.26840895414352417
17806,2024,1,0.002828801516443491
17806,2024,2,0.002071208553388715
17806,2024,3,0.0008205225458368659
17806,2024,4,0.0018408220494166017
17808,2024,1,0.0065198978409171104
17808,2024,2,0.00516027957201004
17808,2024,3,0.0018619645852595568
17808,2024,4,0.00423456309363246
17812,2024,1,0.13596798479557037
17812,2024,2,0.1381339281797409
17812,2024,3,0.04137977957725525
17812,2024,4,0.08927673101425171
17814,2024,1,0.0040549710392951965
17814,2024,2,0.003073905361816287
17814,2024,3,0.001165986992418766
17814,2024,4,0.002637092024087906
17816,2024,1,0.3044169843196869
17816,2024,2,0.3097248673439026
17816,2024,3,0.1305592656135559
17816,2024,4,0.22271040081977844
17820,2024,1,0.0011833372991532087
17820,2024,2,0.0007968470454216003
17820,2024,3,0.00034947742824442685
17820,2024,4,0.0007716871914453804
17821,2024,1,0.0037733607459813356
17821,2024,2,0.0028387918137013912
17821,2024,3,0.0010866587981581688
17821,2024,4,0.0024502042215317488
17824,2024,1,0.17194566130638123
17824,2024,2,0.17554771900177002
17824,2024,3,0.058401480317115784
17824,2024,4,0.1172519102692604
17835,2024,1,0.0031835506670176983
17835,2024,2,0.0023600889835506678
17835,2024,3,0.0009159878827631474
17835,2024,4,0.002066123764961958
17837,2024,1,0.0016051018610596657
17837,2024,2,0.0011139016132801771
17837,2024,3,0.0004701585858128965
17837,2024,4,0.0010451560374349356
17839,2024,1,0.003149384167045355
17839,2024,2,0.002329267095774412
17839,2024,3,0.0009114594431594014
17839,2024,4,0.0020484747365117073
17841,2024,1,0.002168890554457903
17841,2024,2,0.001548134838230908
17841,2024,3,0.0006327468436211348
17841,2024,4,0.0014121618587523699
17846,2024,1,0.0015744142001494765
17846,2024,2,0.0010907179675996304
17846,2024,3,0.00046105418005026877
17846,2024,4,0.0010252066422253847
17856,2024,1,0.003403925336897373
17856,2024,2,0.002534732222557068
17856,2024,3,0.0009853820083662868
17856,2024,4,0.0022142771631479263
17857,2024,1,0.003793303854763508
17857,2024,2,0.0028572953306138515
17857,2024,3,0.0010910622077062726
17857,2024,4,0.0024646723177284002
17870,2024,1,0.001814455958083272
17870,2024,2,0.0012738063232973218
17870,2024,3,0.0005304977530613542
17870,2024,4,0.0011810315772891045
17871,2024,1,0.002883399836719036
17871,2024,2,0.002115707378834486
17871,2024,3,0.000835490704048425
17871,2024,4,0.0018764176638796926
17880,2024,1,0.0017942322883754969
17880,2024,2,0.001256682793609798
17880,2024,3,0.0005267190281301737
17880,2024,4,0.0011701596667990088
17884,2024,1,0.27612364292144775
17884,2024,2,0.27979761362075806
17884,2024,3,0.11352512240409851
17884,2024,4,0.19672846794128418
17896,2024,1,0.3623571991920471
17896,2024,2,0.3675878047943115
17896,2024,3,0.16716542840003967
17896,2024,4,0.2688635587692261
17902,2024,1,0.0025700770784169436
17902,2024,2,0.0018656537868082523
17902,2024,3,0.0007458088221028447
17902,2024,4,0.0016719623235985637
17903,2024,1,0.003415062092244625
17903,2024,2,0.002546590054407716
17903,2024,3,0.0009845448657870293
17903,2024,4,0.0022192457690835
17905,2024,1,0.0008085149456746876
17905,2024,2,0.0005247498629614711
17905,2024,3,0.00024068536004051566
17905,2024,4,0.0005275455769151449
17924,2024,1,0.002464182209223509
17924,2024,2,0.0017817068146541715
17924,2024,3,0.000715188158210367
17924,2024,4,0.0016027316451072693
17935,2024,1,0.0013092013541609049
17935,2024,2,0.0008909828611649573
17935,2024,3,0.0003850194625556469
17935,2024,4,0.0008527652826160192
17942,2024,1,0.0009217091137543321
17942,2024,2,0.0006073519471101463
17942,2024,3,0.00027299660723656416
17942,2024,4,0.0006037695566192269
17946,2024,1,0.0016906124074012041
17946,2024,2,0.0011790106073021889
17946,2024,3,0.0004950565053150058
17946,2024,4,0.0011014544870704412
17956,2024,1,0.0018831102643162012
17956,2024,2,0.0013256046222522855
17956,2024,3,0.0005514625809155405
17956,2024,4,0.0012267169076949358
17968,2024,1,0.00257298955693841
17968,2024,2,0.0018729204311966896
17968,2024,3,0.0007415216532535851
17968,2024,4,0.0016713280929252505
17975,2024,1,0.13614673912525177
17975,2024,2,0.13831746578216553
17975,2024,3,0.04145804047584534
17975,2024,4,0.08941510319709778
17977,2024,1,0.1355729103088379
17977,2024,2,0.1377323865890503
17977,2024,3,0.04120893403887749
17977,2024,4,0.08899155259132385
17978,2024,1,0.0006630867137573659
17978,2024,2,0.0004218689282424748
17978,2024,3,0.00019838724983856082
17978,2024,4,0.00043264712439849973
17982,2024,1,0.17084769904613495
17982,2024,2,0.17319674789905548
17982,2024,3,0.057459793984889984
17982,2024,4,0.11488081514835358
17985,2024,1,0.2677459716796875
17985,2024,2,0.26918089389801025
17985,2024,3,0.10913999378681183
17985,2024,4,0.18808749318122864
17994,2024,1,0.16196507215499878
17994,2024,2,0.16339613497257233
17994,2024,3,0.05337921530008316
17994,2024,4,0.10741642862558365
17996,2024,1,0.0021525092888623476
17996,2024,2,0.001536519848741591
17996,2024,3,0.0006276039639487863
17996,2024,4,0.0014024979900568724
18002,2024,1,0.004074859898537397
18002,2024,2,0.003089222591370344
18002,2024,3,0.001170779694803059
18002,2024,4,0.0026465088594704866
18006,2024,1,0.14021798968315125
18006,2024,2,0.14242416620254517
18006,2024,3,0.04322536289691925
18006,2024,4,0.09232904762029648
18007,2024,1,0.13583502173423767
18007,2024,2,0.13799986243247986
18007,2024,3,0.04132412001490593
18007,2024,4,0.08919329941272736
18009,2024,1,0.0036966740153729916
18009,2024,2,0.0027799189556390047
18009,2024,3,0.0010616257786750793
18009,2024,4,0.0024015086237341166
18019,2024,1,0.0019052632851526141
18019,2024,2,0.0013454753207042813
18019,2024,3,0.0005549252964556217
18019,2024,4,0.0012400096748024225
18023,2024,1,0.20489507913589478
18023,2024,2,0.2065073847770691
18023,2024,3,0.07466230541467667
18023,2024,4,0.13985341787338257
18025,2024,1,0.13509617745876312
18025,2024,2,0.13724251091480255
18025,2024,3,0.041004449129104614
18025,2024,4,0.08864961564540863
18036,2024,1,0.13658717274665833
18036,2024,2,0.13876542448997498
18036,2024,3,0.041652046144008636
18036,2024,4,0.08975602686405182
18038,2024,1,0.0027340869419276714
18038,2024,2,0.0019963576924055815
18038,2024,3,0.000792028964497149
18038,2024,4,0.0017782815266400576
18041,2024,1,0.0016426334623247385
18041,2024,2,0.0011419071815907955
18041,2024,3,0.00048180227167904377
18041,2024,4,0.0010702082654461265
18044,2024,1,0.0016845471691340208
18044,2024,2,0.0011733460705727339
18044,2024,3,0.000494616397190839
18044,2024,4,0.0010979346698150039
18065,2024,1,0.13576845824718475
18065,2024,2,0.13793154060840607
18065,2024,3,0.041293915361166
18065,2024,4,0.08913783729076385
18066,2024,1,0.4031822681427002
18066,2024,2,0.4078065752983093
18066,2024,3,0.195069819688797
18066,2024,4,0.30286574363708496
18075,2024,1,0.0037668119184672832
18075,2024,2,0.0028278823010623455
18075,2024,3,0.00109042227268219
18075,2024,4,0.0024529555812478065
18084,2024,1,0.0021074682008475065
18084,2024,2,0.0015009467024356127
18084,2024,3,0.0006135002477094531
18084,2024,4,0.001371351070702076
18091,2024,1,0.0017887457506731153
18091,2024,2,0.0012542529730126262
18091,2024,3,0.000522838905453682
18091,2024,4,0.0011645522899925709
18096,2024,1,0.19928890466690063
18096,2024,2,0.19997359812259674
18096,2024,3,0.07168755680322647
18096,2024,4,0.1352187991142273
18100,2024,1,0.0034458660520613194
18100,2024,2,0.002570506650954485
18100,2024,3,0.0009940043091773987
18100,2024,4,0.002239348366856575
18101,2024,1,0.15966850519180298
18101,2024,2,0.1612783968448639
18101,2024,3,0.05200876295566559
18101,2024,4,0.10571032017469406
18103,2024,1,0.004288922995328903
18103,2024,2,0.003266917308792472
18103,2024,3,0.0012316389475017786
18103,2024,4,0.0027859583497047424
18105,2024,1,0.5331813097000122
18105,2024,2,0.5388708114624023
18105,2024,3,0.2912134826183319
18105,2024,4,0.42418020963668823
18122,2024,1,0.003463778644800186
18122,2024,2,0.002599577186629176
18122,2024,3,0.000989977503195405
18122,2024,4,0.002253871178254485
18124,2024,1,0.18200214207172394
18124,2024,2,0.18497827649116516
18124,2024,3,0.06269281357526779
18124,2024,4,0.12334351241588593
18125,2024,1,0.0010187707375735044
18125,2024,2,0.0006757552619092166
18125,2024,3,0.00030208920361474156
18125,2024,4,0.0006641060463152826
18130,2024,1,0.00392576027661562
18130,2024,2,0.002965642139315605
18130,2024,3,0.001129235839471221
18130,2024,4,0.0025488119572401047
18138,2024,1,0.37342867255210876
18138,2024,2,0.37990087270736694
18138,2024,3,0.1749744713306427
18138,2024,4,0.28103065490722656
18146,2024,1,0.19748809933662415
18146,2024,2,0.20037031173706055
18146,2024,3,0.07055855542421341
18146,2024,4,0.13515254855155945
18147,2024,1,0.004010233096778393
18147,2024,2,0.0030349635053426027
18147,2024,3,0.0011542997090145946
18147,2024,4,0.002606299240142107
18149,2024,1,0.00300773442722857
18149,2024,2,0.00221456540748477
18149,2024,3,0.0008702681516297162
18149,2024,4,0.0019547485280781984
18151,2024,1,0.15742483735084534
18151,2024,2,0.1610492467880249
18151,2024,3,0.05068992078304291
18151,2024,4,0.10485273599624634
18163,2024,1,0.1353340744972229
18163,2024,2,0.13748736679553986
18163,2024,3,0.04110497981309891
18163,2024,4,0.08881145715713501
18186,2024,1,0.0016069043194875121
18186,2024,2,0.001115260412916541
18186,2024,3,0.00047091030864976346
18186,2024,4,0.0010470065753906965
18187,2024,1,0.14409026503562927
18187,2024,2,0.14675331115722656
18187,2024,3,0.04511590674519539
18187,2024,4,0.09619341790676117
18188,2024,1,0.0017386428080499172
18188,2024,2,0.0012160498881712556
18188,2024,3,0.0005079435650259256
18188,2024,4,0.0011316329473629594
18192,2024,1,0.0024488759227097034
18192,2024,2,0.0017660738667473197
18192,2024,3,0.0007141605019569397
18192,2024,4,0.001594250206835568
18201,2024,1,0.1558609902858734
18201,2024,2,0.1597723513841629
18201,2024,3,0.05038498342037201
18201,2024,4,0.1053142100572586
18211,2024,1,0.1361171454191208
18211,2024,2,0.1382874995470047
18211,2024,3,0.0414462685585022
18211,2024,4,0.0894017219543457
18233,2024,1,0.002415998140349984
18233,2024,2,0.0017452137544751167
18233,2024,3,0.0007008001557551324
18233,2024,4,0.001572709297761321
18245,2024,1,0.006586434319615364
18245,2024,2,0.005223470740020275
18245,2024,3,0.0018722491804510355
18245,2024,4,0.004269320052117109
18251,2024,1,0.1601671576499939
18251,2024,2,0.16192975640296936
18251,2024,3,0.05228680744767189
18251,2024,4,0.10641209781169891
18255,2024,1,0.0016361721791327
18255,2024,2,0.0011384430108591914
18255,2024,3,0.00047823897330090404
18255,2024,4,0.0010648570023477077
18257,2024,1,0.001577578717842698
18257,2024,2,0.0010933326557278633
18257,2024,3,0.0004615606740117073
18257,2024,4,0.0010268546175211668
18264,2024,1,0.0021310027223080397
18264,2024,2,0.0015184596413746476
18264,2024,3,0.0006215593894012272
18264,2024,4,0.0013870398979634047
18277,2024,1,0.13637681305408478
18277,2024,2,0.1385529339313507
18277,2024,3,0.04156143218278885
18277,2024,4,0.08960537612438202
18282,2024,1,0.0036742561496794224
18282,2024,2,0.0027566640637815
18282,2024,3,0.0010609193705022335
18282,2024,4,0.0023881567176431417
18289,2024,1,0.001719207502901554
18289,2024,2,0.0011996731627732515
18289,2024,3,0.0005044619902037084
18289,2024,4,0.0011204131878912449
18292,2024,1,0.0031479010358452797
18292,2024,2,0.0023287541698664427
18292,2024,3,0.0009100513998419046
18292,2024,4,0.0020469133742153645
18308,2024,1,0.0013416383881121874
18308,2024,2,0.0009150011464953423
18308,2024,3,0.00039463728899136186
18308,2024,4,0.0008740588091313839
18315,2024,1,0.0025303938891738653
18315,2024,2,0.001830394845455885
18315,2024,3,0.0007370468229055405
18315,2024,4,0.0016451235860586166
18320,2024,1,0.0031823639292269945
18320,2024,2,0.002357260324060917
18320,2024,3,0.0009191299322992563
18320,2024,4,0.0020690334495157003
18327,2024,1,0.2047121524810791
18327,2024,2,0.2073875367641449
18327,2024,3,0.07403050363063812
18327,2024,4,0.14014220237731934
18333,2024,1,0.13535800576210022
18333,2024,2,0.13751362264156342
18333,2024,3,0.04111433029174805
18333,2024,4,0.08882541954517365
18335,2024,1,0.15059703588485718
18335,2024,2,0.15331406891345978
18335,2024,3,0.04772306978702545
18335,2024,4,0.09931167960166931
18340,2024,1,0.143392875790596
18340,2024,2,0.14757035672664642
18340,2024,3,0.04390696436166763
18340,2024,4,0.09356693923473358
18350,2024,1,0.30571597814559937
18350,2024,2,0.30852004885673523
18350,2024,3,0.13171261548995972
18350,2024,4,0.21904054284095764
18351,2024,1,0.007736519910395145
18351,2024,2,0.0062333387322723866
18351,2024,3,0.0021945445332676172
18351,2024,4,0.00502114137634635
18365,2024,1,0.21383079886436462
18365,2024,2,0.21716651320457458
18365,2024,3,0.0788934975862503
18365,2024,4,0.1476149708032608
18376,2024,1,0.002230498008430004
18376,2024,2,0.0015971122775226831
18376,2024,3,0.0006498488364741206
18376,2024,4,0.0014524022117257118
18395,2024,1,0.0044441064819693565
18395,2024,2,0.0034016945865005255
18395,2024,3,0.0012759811943396926
18395,2024,4,0.002888765651732683
18411,2024,1,0.0026715979911386967
18411,2024,2,0.0019455311121419072
18411,2024,3,0.0007755199912935495
18411,2024,4,0.001738178776577115
18425,2024,1,0.1358208805322647
18425,2024,2,0.13798438012599945
18425,2024,3,0.04131685197353363
18425,2024,4,0.08917565643787384
18426,2024,1,0.27640610933303833
18426,2024,2,0.2824743092060089
18426,2024,3,0.11293202638626099
18426,2024,4,0.1980370730161667
18431,2024,1,0.00319574773311615
18431,2024,2,0.002367062261328101
18431,2024,3,0.0009237705962732434
18431,2024,4,0.0020777767058461905
18444,2024,1,0.48270511627197266
18444,2024,2,0.49020904302597046
18444,2024,3,0.2526223659515381
18444,2024,4,0.3736570477485657
18445,2024,1,0.002344653941690922
18445,2024,2,0.001685812952928245
18445,2024,3,0.0006832139915786684
18445,2024,4,0.0015263378154486418
18449,2024,1,0.002999278251081705
18449,2024,2,0.002208840101957321
18449,2024,3,0.0008672509575262666
18449,2024,4,0.0019496527966111898
18465,2024,1,0.002439155476167798
18465,2024,2,0.0017638461431488395
18465,2024,3,0.0007058953633531928
18465,2024,4,0.0015851280186325312
18469,2024,1,0.002149199601262808
18469,2024,2,0.0015345988795161247
18469,2024,3,0.000625013723038137
18469,2024,4,0.0013976669870316982
18472,2024,1,0.0024385182186961174
18472,2024,2,0.0017590753268450499
18472,2024,3,0.0007095183245837688
18472,2024,4,0.0015857642283663154
18488,2024,1,0.00359814683906734
18488,2024,2,0.002692598383873701
18488,2024,3,0.0010390756651759148
18488,2024,4,0.002337788697332144
18492,2024,1,0.0011669343803077936
18492,2024,2,0.0007846152293495834
18492,2024,3,0.00034520134795457125
18492,2024,4,0.0007611388573423028
18504,2024,1,0.0025605643168091774
18504,2024,2,0.0018570497632026672
18504,2024,3,0.0007444507791660726
18504,2024,4,0.00166688347235322
18507,2024,1,0.3742852210998535
18507,2024,2,0.37919461727142334
18507,2024,3,0.17490819096565247
18507,2024,4,0.27821946144104004
18510,2024,1,0.002724357647821307
18510,2024,2,0.001987143885344267
18510,2024,3,0.0007915557362139225
18510,2024,4,0.0017733596032485366
18516,2024,1,0.1370617151260376
18516,2024,2,0.13925516605377197
18516,2024,3,0.041855309158563614
18516,2024,4,0.09009066224098206
18522,2024,1,0.16228961944580078
18522,2024,2,0.1643851399421692
18522,2024,3,0.05328741669654846
18522,2024,4,0.10729321837425232
18525,2024,1,0.0023613718803972006
18525,2024,2,0.0016998245846480131
18525,2024,3,0.000687071296852082
18525,2024,4,0.001536860829219222
18528,2024,1,0.1369381994009018
18528,2024,2,0.1391354501247406
18528,2024,3,0.04180080443620682
18528,2024,4,0.08998987078666687
18546,2024,1,0.1273937076330185
18546,2024,2,0.12896324694156647
18546,2024,3,0.0377252995967865
18546,2024,4,0.0824740082025528
18560,2024,1,0.0018638113979250193
18560,2024,2,0.001311733853071928
18560,2024,3,0.0005446758586913347
18560,2024,4,0.0012134413700550795
18562,2024,1,0.0020083594135940075
18562,2024,2,0.0014229288790374994
18562,2024,3,0.0005866709398105741
18562,2024,4,0.0013074255548417568
18566,2024,1,0.13580361008644104
18566,2024,2,0.1379670947790146
18566,2024,3,0.04130983352661133
18566,2024,4,0.08916530013084412
18567,2024,1,0.3159158229827881
18567,2024,2,0.32104581594467163
18567,2024,3,0.13733048737049103
18567,2024,4,0.22960644960403442
18573,2024,1,0.0009100050665438175
18573,2024,2,0.0005978718400001526
18573,2024,3,0.0002694115974009037
18573,2024,4,0.0005928218015469611
18581,2024,1,0.002067016903311014
18581,2024,2,0.0014675722923129797
18581,2024,3,0.0006041114684194326
18581,2024,4,0.0013452420243993402
18587,2024,1,0.13591362535953522
18587,2024,2,0.13808131217956543
18587,2024,3,0.041358184069395065
18587,2024,4,0.08925312757492065
18591,2024,1,0.0019878249149769545
18591,2024,2,0.001408643089234829
18591,2024,3,0.0005796979530714452
18591,2024,4,0.0012943539768457413
18594,2024,1,0.1657644808292389
18594,2024,2,0.16797222197055817
18594,2024,3,0.05510400980710983
18594,2024,4,0.11154181510210037
18603,2024,1,0.2803839147090912
18603,2024,2,0.2839941084384918
18603,2024,3,0.11629416048526764
18603,2024,4,0.20070317387580872
18607,2024,1,0.003603757359087467
18607,2024,2,0.0026928179431706667
18607,2024,3,0.0010468318359926343
18607,2024,4,0.0023451054003089666
18614,2024,1,0.1360330730676651
18614,2024,2,0.13820324838161469
18614,2024,3,0.041410207748413086
18614,2024,4,0.08934109658002853
18615,2024,1,0.16588130593299866
18615,2024,2,0.1675015240907669
18615,2024,3,0.05518079549074173
18615,2024,4,0.11143388599157333
18616,2024,1,0.0014203032478690147
18616,2024,2,0.0009735735366120934
18616,2024,3,0.00041858028271235526
18616,2024,4,0.0009267210261896253
18619,2024,1,0.0011684165801852942
18619,2024,2,0.0007863044156692922
18619,2024,3,0.00034473463892936707
18619,2024,4,0.0007614895002916455
18628,2024,1,0.14319370687007904
18628,2024,2,0.1452561914920807
18628,2024,3,0.04455295950174332
18628,2024,4,0.09386557340621948
18632,2024,1,0.0020637204870581627
18632,2024,2,0.0014655200066044927
18632,2024,3,0.0006036078557372093
18632,2024,4,0.0013445354998111725
18633,2024,1,0.0008507400052621961
18633,2024,2,0.0005550635396502912
18633,2024,3,0.00025268926401622593
18633,2024,4,0.0005546983447857201
18637,2024,1,0.23966096341609955
18637,2024,2,0.24465666711330414
18637,2024,3,0.09255357086658478
18637,2024,4,0.16836443543434143
18638,2024,1,0.44140544533729553
18638,2024,2,0.4490298330783844
18638,2024,3,0.22152996063232422
18638,2024,4,0.3403584957122803
18641,2024,1,0.5130288004875183
18641,2024,2,0.5146952271461487
18641,2024,3,0.2772485911846161
18641,2024,4,0.3994290232658386
18642,2024,1,0.003023446537554264
18642,2024,2,0.002225880976766348
18642,2024,3,0.0008784781093709171
18642,2024,4,0.001969088800251484
18644,2024,1,0.23023360967636108
18644,2024,2,0.23361140489578247
18644,2024,3,0.08760516345500946
18644,2024,4,0.1589663028717041
18645,2024,1,0.4581007957458496
18645,2024,2,0.45978134870529175
18645,2024,3,0.23587550222873688
18645,2024,4,0.3529512882232666
18648,2024,1,0.1785464882850647
18648,2024,2,0.17990238964557648
18648,2024,3,0.06129083037376404
18648,2024,4,0.11985772848129272
18659,2024,1,0.23027998208999634
18659,2024,2,0.23565448820590973
18659,2024,3,0.08692006766796112
18659,2024,4,0.16130122542381287
18663,2024,1,0.0017462230753153563
18663,2024,2,0.001218090415932238
18663,2024,3,0.0005217071739025414
18663,2024,4,0.0011535689700394869
18669,2024,1,0.0028486764058470726
18669,2024,2,0.0020908720325678587
18669,2024,3,0.0008246276411227882
18669,2024,4,0.0018550276290625334
18670,2024,1,0.0026209112256765366
18670,2024,2,0.0019051695708185434
18670,2024,3,0.0007607520092278719
18670,2024,4,0.0017049253219738603
18673,2024,1,0.002358923899009824
18673,2024,2,0.0016988803399726748
18673,2024,3,0.0006846518372185528
18673,2024,4,0.0015340105164796114
18675,2024,1,0.16090834140777588
18675,2024,2,0.16415512561798096
18675,2024,3,0.05253645032644272
18675,2024,4,0.10755141079425812
18676,2024,1,0.004263799171894789
18676,2024,2,0.0032444398384541273
18676,2024,3,0.0012244742829352617
18676,2024,4,0.0027676201425492764
18688,2024,1,0.001695660874247551
18688,2024,2,0.0011824923567473888
18688,2024,3,0.000496639113407582
18688,2024,4,0.0011050687171518803
18697,2024,1,0.13558092713356018
18697,2024,2,0.13774211704730988
18697,2024,3,0.04121231287717819
18697,2024,4,0.08899770677089691
18709,2024,1,0.400518000125885
18709,2024,2,0.4056571125984192
18709,2024,3,0.19255022704601288
18709,2024,4,0.300518274307251
18711,2024,1,0.001598144881427288
18711,2024,2,0.0011089793406426907
18711,2024,3,0.00046789925545454025
18711,2024,4,0.0010406543733552098
18713,2024,1,0.25734949111938477
18713,2024,2,0.25863736867904663
18713,2024,3,0.10399601608514786
18713,2024,4,0.18237704038619995
18718,2024,1,0.0036765846889466047
18718,2024,2,0.002780990907922387
18718,2024,3,0.001038496964611113
18718,2024,4,0.002378889825195074
18723,2024,1,0.2973015010356903
18723,2024,2,0.30286547541618347
18723,2024,3,0.1262350082397461
18723,2024,4,0.2141081690788269
18738,2024,1,0.002855476923286915
18738,2024,2,0.0020935703068971634
18738,2024,3,0.0008265685173682868
18738,2024,4,0.0018565785139799118
18750,2024,1,0.33058786392211914
18750,2024,2,0.3352002203464508
18750,2024,3,0.14656123518943787
18750,2024,4,0.24132373929023743
18759,2024,1,0.18668293952941895
18759,2024,2,0.19101865589618683
18759,2024,3,0.06474114954471588
18759,2024,4,0.1269957721233368
18761,2024,1,0.0014612982049584389
18761,2024,2,0.0010046202223747969
18761,2024,3,0.0004293911042623222
18761,2024,4,0.0009516867576166987
18764,2024,1,0.19187673926353455
18764,2024,2,0.1969004124403
18764,2024,3,0.06709593534469604
18764,2024,4,0.13100366294384003
18779,2024,1,0.001990225398913026
18779,2024,2,0.0014101177221164107
18779,2024,3,0.0005800710641779006
18779,2024,4,0.001295275753363967
18782,2024,1,0.0016662110574543476
18782,2024,2,0.0011598700657486916
18782,2024,3,0.000488925026729703
18782,2024,4,0.0010858826572075486
18797,2024,1,0.22714903950691223
18797,2024,2,0.23191553354263306
18797,2024,3,0.08602886646986008
18797,2024,4,0.15878717601299286
18805,2024,1,0.0032364497892558575
18805,2024,2,0.002393932081758976
18805,2024,3,0.0009409455815330148
18805,2024,4,0.0021060467697679996
18807,2024,1,0.0030958298593759537
18807,2024,2,0.0022873254492878914
18807,2024,3,0.0008945023873820901
18807,2024,4,0.002013311255723238
18812,2024,1,0.0023235578555613756
18812,2024,2,0.0016702148132026196
18812,2024,3,0.0006762815173715353
18812,2024,4,0.0015125215286388993
18826,2024,1,0.14869603514671326
18826,2024,2,0.15082910656929016
18826,2024,3,0.047127917408943176
18826,2024,4,0.09907650947570801
18828,2024,1,0.37180790305137634
18828,2024,2,0.3788445293903351
18828,2024,3,0.17283973097801208
18828,2024,4,0.277095228433609
18829,2024,1,0.13543802499771118
18829,2024,2,0.13759487867355347
18829,2024,3,0.041150033473968506
18829,2024,4,0.08888912200927734
18833,2024,1,0.0014640698209404945
18833,2024,2,0.0010064251255244017
18833,2024,3,0.00043049073428846896
18833,2024,4,0.0009539134334772825
18834,2024,1,0.34972989559173584
18834,2024,2,0.355252206325531
18834,2024,3,0.15882070362567902
18834,2024,4,0.25933659076690674
18835,2024,1,0.14388275146484375
18835,2024,2,0.14727087318897247
18835,2024,3,0.044778451323509216
18835,2024,4,0.09539395570755005
18837,2024,1,0.004471694119274616
18837,2024,2,0.00342921307310462
18837,2024,3,0.001273806905373931
18837,2024,4,0.002902183448895812
18838,2024,1,0.18691453337669373
18838,2024,2,0.18870575726032257
18838,2024,3,0.06515941768884659
18838,2024,4,0.12654563784599304
18841,2024,1,0.000725418096408248
18841,2024,2,0.0004660598642658442
18841,2024,3,0.00021602977358270437
18841,2024,4,0.0004729817737825215
18862,2024,1,0.001418490195646882
18862,2024,2,0.0009725192794576287
18862,2024,3,0.00041719601722434163
18862,2024,4,0.0009244594839401543
18874,2024,1,0.0017642178572714329
18874,2024,2,0.001238405704498291
18874,2024,3,0.0005133990198373795
18874,2024,4,0.0011495366925373673
18879,2024,1,0.0012080147862434387
18879,2024,2,0.0008157158736139536
18879,2024,3,0.0003560106852091849
18879,2024,4,0.0007871747948229313
18881,2024,1,0.00295073539018631
18881,2024,2,0.002169478451833129
18881,2024,3,0.0008539574919268489
18881,2024,4,0.001918715424835682
18893,2024,1,0.0017384786624461412
18893,2024,2,0.0012155459262430668
18893,2024,3,0.000508970464579761
18893,2024,4,0.0011326553067192435
18896,2024,1,0.28860190510749817
18896,2024,2,0.29518741369247437
18896,2024,3,0.11981937289237976
18896,2024,4,0.20814348757266998
18907,2024,1,0.35888659954071045
18907,2024,2,0.3669922351837158
18907,2024,3,0.16346505284309387
18907,2024,4,0.26668429374694824
18912,2024,1,0.0032867942936718464
18912,2024,2,0.002440927317366004
18912,2024,3,0.0009486028575338423
18912,2024,4,0.0021356106735765934
18919,2024,1,0.0027955216355621815
18919,2024,2,0.002036468591541052
18919,2024,3,0.0008187616476789117
18919,2024,4,0.0018214756855741143
18921,2024,1,0.002838024403899908
18921,2024,2,0.0020791380666196346
18921,2024,3,0.0008225951460190117
18921,2024,4,0.0018473470117896795
18922,2024,1,0.004489627201110125
18922,2024,2,0.003432096913456917
18922,2024,3,0.0012879561400040984
18922,2024,4,0.002913168165832758
18924,2024,1,0.0017429068684577942
18924,2024,2,0.0012188812252134085
18924,2024,3,0.0005101551068946719
18924,2024,4,0.0011350549757480621
18925,2024,1,0.006997358985245228
18925,2024,2,0.005567057523876429
18925,2024,3,0.0019921469502151012
18925,2024,4,0.0045273383148014545
18927,2024,1,0.001968423603102565
18927,2024,2,0.0013920762576162815
18927,2024,3,0.0005754337180405855
18927,2024,4,0.0012819899711757898
18928,2024,1,0.0016175471246242523
18928,2024,2,0.0011223785113543272
18928,2024,3,0.00047521578380838037
18928,2024,4,0.0010541409719735384
18930,2024,1,0.004254159051924944
18930,2024,2,0.0032341720070689917
18930,2024,3,0.0012270610313862562
18930,2024,4,0.002766286488622427
18932,2024,1,0.0018464889144524932
18932,2024,2,0.0012984063941985369
18932,2024,3,0.0005396971828304231
18932,2024,4,0.0012021878501400352
18934,2024,1,0.0038380534388124943
18934,2024,2,0.002886400558054447
18934,2024,3,0.0011136968387290835
18934,2024,4,0.0024938860442489386
18954,2024,1,0.0036358358338475227
18954,2024,2,0.0027106553316116333
18954,2024,3,0.001052614999935031
18954,2024,4,0.00235728919506073
18964,2024,1,0.16019704937934875
18964,2024,2,0.16319096088409424
18964,2024,3,0.052154093980789185
18964,2024,4,0.10697544366121292
18965,2024,1,0.0014895119238644838
18965,2024,2,0.0010262386640533805
18965,2024,3,0.0004374264972284436
18965,2024,4,0.0009705012198537588
18973,2024,1,0.0024722651578485966
18973,2024,2,0.001787605811841786
18973,2024,3,0.0007177083753049374
18973,2024,4,0.0016076373867690563
18977,2024,1,0.0028861677274107933
18977,2024,2,0.0021205965895205736
18977,2024,3,0.0008331412682309747
18977,2024,4,0.0018768984591588378
18980,2024,1,0.15204767882823944
18980,2024,2,0.15437589585781097
18980,2024,3,0.04861491173505783
18980,2024,4,0.10084818303585052
18982,2024,1,0.3692454695701599
18982,2024,2,0.3754434585571289
18982,2024,3,0.17208920419216156
18982,2024,4,0.2728703022003174
18992,2024,1,0.13591478765010834
18992,2024,2,0.13808396458625793
18992,2024,3,0.04135945066809654
18992,2024,4,0.08925764262676239
19019,2024,1,0.16127195954322815
19019,2024,2,0.16541527211666107
19019,2024,3,0.0526716448366642
19019,2024,4,0.10900036990642548
19036,2024,1,0.0026604633312672377
19036,2024,2,0.001938370754942298
19036,2024,3,0.0007708698976784945
19036,2024,4,0.0017305740620940924
19039,2024,1,0.002179468981921673
19039,2024,2,0.0015563193010166287
19039,2024,3,0.0006352498312480748
19039,2024,4,0.0014186848420649767
19044,2024,1,0.0017584217712283134
19044,2024,2,0.0012312495382502675
19044,2024,3,0.0005141259171068668
19044,2024,4,0.00114512350410223
19051,2024,1,0.004563010297715664
19051,2024,2,0.0034966389648616314
19051,2024,3,0.001307270023971796
19051,2024,4,0.0029617296531796455
19058,2024,1,0.002252794336527586
19058,2024,2,0.0016133383614942431
19058,2024,3,0.0006581132765859365
19058,2024,4,0.0014685757923871279
19059,2024,1,0.0020405638497322798
19059,2024,2,0.0014491397887468338
19059,2024,3,0.0005943775759078562
19059,2024,4,0.0013277572579681873
19072,2024,1,0.13553355634212494
19072,2024,2,0.13769268989562988
19072,2024,3,0.04119236394762993
19072,2024,4,0.08896413445472717
19085,2024,1,0.428528368473053
19085,2024,2,0.4304139316082001
19085,2024,3,0.21459856629371643
19085,2024,4,0.32464563846588135
19087,2024,1,0.0016572775784879923
19087,2024,2,0.001153249992057681
19087,2024,3,0.0004857152234762907
19087,2024,4,0.001079559326171875
19090,2024,1,0.002409490291029215
19090,2024,2,0.0017390919383615255
19090,2024,3,0.0006982845952734351
19090,2024,4,0.0015663712983950973
19093,2024,1,0.0025180361699312925
19093,2024,2,0.0018242598744109273
19093,2024,3,0.0007310650544241071
19093,2024,4,0.0016381783643737435
19101,2024,1,0.2362748682498932
19101,2024,2,0.23944437503814697
19101,2024,3,0.09085172414779663
19101,2024,4,0.16396981477737427
19104,2024,1,0.0019394713453948498
19104,2024,2,0.0013742665760219097
19104,2024,3,0.0005616939743049443
19104,2024,4,0.001260280143469572
19107,2024,1,0.0016245003789663315
19107,2024,2,0.0011285695945844054
19107,2024,3,0.00047558784717693925
19107,2024,4,0.0010575740598142147
19112,2024,1,0.008714880794286728
19112,2024,2,0.0070923129096627235
19112,2024,3,0.0024625384248793125
19112,2024,4,0.00564097985625267
19116,2024,1,0.15554778277873993
19116,2024,2,0.15933650732040405
19116,2024,3,0.04966222867369652
19116,2024,4,0.10338681191205978
19169,2024,1,0.006295223720371723
19169,2024,2,0.004953768569976091
19169,2024,3,0.001799695543013513
19169,2024,4,0.004072845913469791
19172,2024,1,0.0024687149561941624
19172,2024,2,0.0017845130059868097
19172,2024,3,0.00071694579673931
19172,2024,4,0.0016054955776780844
19176,2024,1,0.0035900236107409
19176,2024,2,0.0026915695052593946
19176,2024,3,0.0010318128624930978
19176,2024,4,0.002331460826098919
19198,2024,1,0.16710859537124634
19198,2024,2,0.17106415331363678
19198,2024,3,0.055337660014629364
19198,2024,4,0.11268915235996246
19206,2024,1,0.39243271946907043
19206,2024,2,0.39552149176597595
19206,2024,3,0.18811015784740448
19206,2024,4,0.2936222553253174
19210,2024,1,0.14710208773612976
19210,2024,2,0.14988553524017334
19210,2024,3,0.04608108848333359
19210,2024,4,0.09724092483520508
19232,2024,1,0.17911067605018616
19232,2024,2,0.18272821605205536
19232,2024,3,0.061071641743183136
19232,2024,4,0.12087353318929672
19254,2024,1,0.0026002265512943268
19254,2024,2,0.0018885207828134298
19254,2024,3,0.000755721761379391
19254,2024,4,0.0016927975229918957
19257,2024,1,0.0024697796907275915
19257,2024,2,0.0017877558711916208
19257,2024,3,0.000716016220394522
19257,2024,4,0.001605799188837409
19260,2024,1,0.0018109255470335484
19260,2024,2,0.0012709121219813824
19260,2024,3,0.0005297862226143479
19260,2024,4,0.001179299782961607
19278,2024,1,0.0018747771391645074
19278,2024,2,0.0013202608097344637
19278,2024,3,0.0005478606326505542
19278,2024,4,0.0012205110397189856
19284,2024,1,0.0017537111416459084
19284,2024,2,0.0012276514898985624
19284,2024,3,0.0005123409209772944
19284,2024,4,0.0011414781911298633
19293,2024,1,0.18743246793746948
19293,2024,2,0.19450406730175018
19293,2024,3,0.06482204794883728
19293,2024,4,0.12972167134284973
19298,2024,1,0.0017434683395549655
19298,2024,2,0.0012194747105240822
19298,2024,3,0.0005101957358419895
19298,2024,4,0.0011355087626725435
19302,2024,1,0.0060491543263196945
19302,2024,2,0.004757339600473642
19302,2024,3,0.001718707848340273
19302,2024,4,0.00391231756657362
19304,2024,1,0.0018811416812241077
19304,2024,2,0.0013292244402691722
19304,2024,3,0.0005538357654586434
19304,2024,4,0.0012372942874208093
19322,2024,1,0.002068582456558943
19322,2024,2,0.0014706139918416739
19322,2024,3,0.0006030924268998206
19322,2024,4,0.0013464740477502346
19323,2024,1,0.00190802663564682
19323,2024,2,0.0013459452893584967
19323,2024,3,0.0005572391673922539
19323,2024,4,0.0012424580054357648
19343,2024,1,0.22216230630874634
19343,2024,2,0.2263299971818924
19343,2024,3,0.08323251456022263
19343,2024,4,0.1544652134180069
19345,2024,1,0.0026539277750998735
19345,2024,2,0.0019321807194501162
19345,2024,3,0.0007700751884840429
19345,2024,4,0.0017268586670979857
19350,2024,1,0.1592225283384323
19350,2024,2,0.16336750984191895
19350,2024,3,0.05159066244959831
19350,2024,4,0.10679533332586288
19351,2024,1,0.13590267300605774
19351,2024,2,0.13806864619255066
19351,2024,3,0.04135270416736603
19351,2024,4,0.08923882246017456
19356,2024,1,0.001648384379222989
19356,2024,2,0.0011472702026367188
19356,2024,3,0.0004821903130505234
19356,2024,4,0.0010733159724622965
19363,2024,1,0.0017417549388483167
19363,2024,2,0.0012188754044473171
19363,2024,3,0.000508888449985534
19363,2024,4,0.0011337831383571029
19378,2024,1,0.0009708288125693798
19378,2024,2,0.0006417546537704766
19378,2024,3,0.0002873206976801157
19378,2024,4,0.0006326803704723716
19383,2024,1,0.1892407238483429
19383,2024,2,0.193394735455513
19383,2024,3,0.06635946780443192
19383,2024,4,0.12910154461860657
19389,2024,1,0.22874313592910767
19389,2024,2,0.23191258311271667
19389,2024,3,0.0870480015873909
19389,2024,4,0.1593550741672516
19391,2024,1,0.001737745013087988
19391,2024,2,0.0012134250719100237
19391,2024,3,0.0005091439816169441
19391,2024,4,0.0011309791589155793
19392,2024,1,0.0037075935397297144
19392,2024,2,0.002785910153761506
19392,2024,3,0.0010671684285625815
19392,2024,4,0.00240857875905931
19405,2024,1,0.0007621729164384305
19405,2024,2,0.0004920439096167684
19405,2024,3,0.0002266981464345008
19405,2024,4,0.0004967843997292221
19408,2024,1,0.004488145466893911
19408,2024,2,0.0034335870295763016
19408,2024,3,0.001285571837797761
19408,2024,4,0.0029118149541318417
19418,2024,1,0.0038378937169909477
19418,2024,2,0.0028886492364108562
19418,2024,3,0.0011083430144935846
19418,2024,4,0.002494947984814644
19431,2024,1,0.002200597897171974
19431,2024,2,0.0015770107274875045
19431,2024,3,0.0006375325028784573
19431,2024,4,0.0014309410471469164
19435,2024,1,0.002117893658578396
19435,2024,2,0.0015089872758835554
19435,2024,3,0.0006174544105306268
19435,2024,4,0.0013786009512841702
19436,2024,1,0.0016616759821772575
19436,2024,2,0.0011569412890821695
19436,2024,3,0.00048648557276465
19436,2024,4,0.0010820224415510893
19439,2024,1,0.0019978960044682026
19439,2024,2,0.001417079009115696
19439,2024,3,0.000581958971451968
19439,2024,4,0.001300512463785708
19445,2024,1,0.002276967978104949
19445,2024,2,0.0016341340960934758
19445,2024,3,0.0006619180785492063
19445,2024,4,0.0014816181501373649
19456,2024,1,0.15254563093185425
19456,2024,2,0.15539905428886414
19456,2024,3,0.04886312410235405
19456,2024,4,0.10203255712985992
19458,2024,1,0.001638876972720027
19458,2024,2,0.001134064281359315
19458,2024,3,0.0004872875870205462
19458,2024,4,0.0010716812685132027
19467,2024,1,0.001848446554504335
19467,2024,2,0.001301248325034976
19467,2024,3,0.0005393233150243759
19467,2024,4,0.0012033318635076284
19471,2024,1,0.0032616229727864265
19471,2024,2,0.0024317484349012375
19471,2024,3,0.0009334172355011106
19471,2024,4,0.002118198201060295
19477,2024,1,0.0018142558401450515
19477,2024,2,0.001271861488930881
19477,2024,3,0.0005321958451531827
19477,2024,4,0.0011818928178399801
19482,2024,1,0.0041238609701395035
19482,2024,2,0.003127850592136383
19482,2024,3,0.0011864813277497888
19482,2024,4,0.002678958000615239
19487,2024,1,0.0014193272218108177
19487,2024,2,0.0009731482132337987
19487,2024,3,0.0004171024193055928
19487,2024,4,0.0009247557609342039
19491,2024,1,0.0030532185919582844
19491,2024,2,0.0022530287969857454
19491,2024,3,0.000882074935361743
19491,2024,4,0.0019841878674924374
19492,2024,1,0.0030161759350448847
19492,2024,2,0.0022225268185138702
19492,2024,3,0.0008725717198103666
19492,2024,4,0.0019613923504948616
19495,2024,1,0.00255896570160985
19495,2024,2,0.0018566395156085491
19495,2024,3,0.0007425185758620501
19495,2024,4,0.001664442359469831
19499,2024,1,0.0014292566338554025
19499,2024,2,0.000980148557573557
19499,2024,3,0.00042044854490086436
19499,2024,4,0.0009311899775639176
19503,2024,1,0.136564701795578
19503,2024,2,0.13874106109142303
19503,2024,3,0.04164234176278114
19503,2024,4,0.08973773568868637
19508,2024,1,0.007197877392172813
19508,2024,2,0.005746990907937288
19508,2024,3,0.0020539695397019386
19508,2024,4,0.004672996234148741
19526,2024,1,0.002851865254342556
19526,2024,2,0.002089553279802203
19526,2024,3,0.0008273491403087974
19526,2024,4,0.0018558672163635492
19540,2024,1,0.0019644855055958033
19540,2024,2,0.001392163336277008
19540,2024,3,0.0005700797191821039
19540,2024,4,0.001277111703529954
19549,2024,1,0.004147334024310112
19549,2024,2,0.003154890611767769
19549,2024,3,0.0011882102116942406
19549,2024,4,0.002695763949304819
19552,2024,1,0.0015004476299509406
19552,2024,2,0.0010324061149731278
19552,2024,3,0.00044105754932388663
19552,2024,4,0.0009756728541105986
19555,2024,1,0.0017430175794288516
19555,2024,2,0.0012193600414320827
19555,2024,3,0.0005098000401630998
19555,2024,4,0.0011350836139172316
19556,2024,1,0.4766913950443268
19556,2024,2,0.47769710421562195
19556,2024,3,0.2508246898651123
19556,2024,4,0.36772191524505615
19557,2024,1,0.3166433572769165
19557,2024,2,0.32097309827804565
19557,2024,3,0.13734948635101318
19557,2024,4,0.22963331639766693
19558,2024,1,0.12106804549694061
19558,2024,2,0.12223377823829651
19558,2024,3,0.035117119550704956
19558,2024,4,0.07863520085811615
19576,2024,1,0.006136074662208557
19576,2024,2,0.004835930652916431
19576,2024,3,0.0017454985063523054
19576,2024,4,0.003978768829256296
19578,2024,1,0.21096673607826233
19578,2024,2,0.21457678079605103
19578,2024,3,0.07730826735496521
19578,2024,4,0.14463184773921967
19581,2024,1,0.13644836843013763
19581,2024,2,0.13862620294094086
19581,2024,3,0.04159250855445862
19581,2024,4,0.08965997397899628
19582,2024,1,0.6744099855422974
19582,2024,2,0.6771162748336792
19582,2024,3,0.4091905951499939
19582,2024,4,0.5571048855781555
19586,2024,1,0.0021752854809165
19586,2024,2,0.0015528101939707994
19586,2024,3,0.0006346027366816998
19586,2024,4,0.0014159197453409433
19591,2024,1,0.2761964797973633
19591,2024,2,0.2785894572734833
19591,2024,3,0.11418768763542175
19591,2024,4,0.19561126828193665
19605,2024,1,0.0013241712003946304
19605,2024,2,0.0009030259097926319
19605,2024,3,0.0003879948635585606
19605,2024,4,0.0008616117993369699
19615,2024,1,0.0016223747516050935
19615,2024,2,0.0011267955414950848
19615,2024,3,0.0004750950902234763
19615,2024,4,0.0010561676463112235
19636,2024,1,0.001919052330777049
19636,2024,2,0.0013542619999498129
19636,2024,3,0.0005606237682513893
19636,2024,4,0.001249457709491253
19646,2024,1,0.0024309540167450905
19646,2024,2,0.0017553262878209352
19646,2024,3,0.0007062890799716115
19646,2024,4,0.0015812532510608435
19659,2024,1,0.0034542276989668608
19659,2024,2,0.0025786496698856354
19659,2024,3,0.000995742273516953
19659,2024,4,0.002245202660560608
19662,2024,1,0.13583548367023468
19662,2024,2,0.13799968361854553
19662,2024,3,0.041323527693748474
19662,2024,4,0.08918808400630951
19680,2024,1,0.0014948828611522913
19680,2024,2,0.001029906328767538
19680,2024,3,0.0004389685927890241
19680,2024,4,0.0009740600362420082
19699,2024,1,0.13588392734527588
19699,2024,2,0.1380511075258255
19699,2024,3,0.04134506732225418
19699,2024,4,0.08922933787107468
19701,2024,1,0.13494804501533508
19701,2024,2,0.13708235323429108
19701,2024,3,0.0409410297870636
19701,2024,4,0.0885452926158905
19708,2024,1,0.004461872391402721
19708,2024,2,0.003409578697755933
19708,2024,3,0.0012825424782931805
19708,2024,4,0.002899054903537035
19722,2024,1,0.004233768209815025
19722,2024,2,0.0032206675969064236
19722,2024,3,0.0012171361595392227
19722,2024,4,0.0027516779955476522
19723,2024,1,0.13572345674037933
19723,2024,2,0.13788580894470215
19723,2024,3,0.0412755012512207
19723,2024,4,0.0891089215874672
19728,2024,1,0.16766616702079773
19728,2024,2,0.1685304343700409
19728,2024,3,0.05593496561050415
19728,2024,4,0.11257095634937286
19745,2024,1,0.0020685673225671053
19745,2024,2,0.0014699487946927547
19745,2024,3,0.0006042809691280127
19745,2024,4,0.0013473520521074533
19746,2024,1,0.00355400238186121
19746,2024,2,0.0026578300166875124
19746,2024,3,0.0010257239919155836
19746,2024,4,0.00230816169641912
19747,2024,1,0.3986981511116028
19747,2024,2,0.4028196334838867
19747,2024,3,0.19070586562156677
19747,2024,4,0.3003310561180115
19756,2024,1,0.0013018602039664984
19756,2024,2,0.0008868882432579994
19756,2024,3,0.0003819995326921344
19756,2024,4,0.0008474673377349973
19759,2024,1,0.1356455534696579
19759,2024,2,0.1378057599067688
19759,2024,3,0.04123973101377487
19759,2024,4,0.08904150128364563
19768,2024,1,0.001760590821504593
19768,2024,2,0.0012299123918637633
19768,2024,3,0.0005179847357794642
19768,2024,4,0.001146385446190834
19773,2024,1,0.15553699433803558
19773,2024,2,0.15858934819698334
19773,2024,3,0.049887120723724365
19773,2024,4,0.10361205041408539
19775,2024,1,0.002536860993131995
19775,2024,2,0.0018373301718384027
19775,2024,3,0.0007376369321718812
19775,2024,4,0.0016499189659953117
19777,2024,1,0.0026717018336057663
19777,2024,2,0.0019463172648102045
19777,2024,3,0.0007754189427942038
19777,2024,4,0.001738599967211485
19783,2024,1,0.569062352180481
19783,2024,2,0.571906566619873
19783,2024,3,0.32244452834129333
19783,2024,4,0.4571181833744049
19784,2024,1,0.2242593616247177
19784,2024,2,0.22858712077140808
19784,2024,3,0.08419178426265717
19784,2024,4,0.15651649236679077
19786,2024,1,0.0009093099506571889
19786,2024,2,0.0005972464568912983
19786,2024,3,0.00026963016716763377
19786,2024,4,0.0005928138270974159
19792,2024,1,0.13599148392677307
19792,2024,2,0.13815878331661224
19792,2024,3,0.041391246020793915
19792,2024,4,0.08930488675832748
19815,2024,1,0.0041871992871165276
19815,2024,2,0.0031829385552555323
19815,2024,3,0.0012017579283565283
19815,2024,4,0.0027187466621398926
19821,2024,1,0.004470601677894592
19821,2024,2,0.003415541723370552
19821,2024,3,0.001285288017243147
19821,2024,4,0.002903352491557598
19823,2024,1,0.0025820634327828884
19823,2024,2,0.0018748759757727385
19823,2024,3,0.000748939230106771
19823,2024,4,0.001679327804595232
19824,2024,1,0.4815753102302551
19824,2024,2,0.485618531703949
19824,2024,3,0.25010839104652405
19824,2024,4,0.3711097240447998
19849,2024,1,0.00871006865054369
19849,2024,2,0.007089141756296158
19849,2024,3,0.002462024101987481
19849,2024,4,0.005637827329337597
19856,2024,1,0.0034708520397543907
19856,2024,2,0.0025917459279298782
19856,2024,3,0.001002039760351181
19856,2024,4,0.002257196232676506
19895,2024,1,0.002597092418000102
19895,2024,2,0.0018867363687604666
19895,2024,3,0.0007535412441939116
19895,2024,4,0.0016892720013856888
19913,2024,1,0.0039045484736561775
19913,2024,2,0.0029468266293406487
19913,2024,3,0.001123409136198461
19913,2024,4,0.0025351746007800102
19921,2024,1,0.0013098269701004028
19921,2024,2,0.0008914137724786997
19921,2024,3,0.0003853669040836394
19921,2024,4,0.0008534156950190663
19925,2024,1,0.2399950474500656
19925,2024,2,0.2408474087715149
19925,2024,3,0.09364728629589081
19925,2024,4,0.16761159896850586
19945,2024,1,0.2602199912071228
19945,2024,2,0.26579105854034424
19945,2024,3,0.10382837802171707
19945,2024,4,0.18519872426986694
19947,2024,1,0.18198153376579285
19947,2024,2,0.18454371392726898
19947,2024,3,0.06271357834339142
19947,2024,4,0.1230664849281311
19958,2024,1,0.1527816504240036
19958,2024,2,0.15563403069972992
19958,2024,3,0.04888032004237175
19958,2024,4,0.10170190781354904
19971,2024,1,0.0008751426357775927
19971,2024,2,0.0005730823613703251
19971,2024,3,0.0002589439682196826
19971,2024,4,0.0005700489273294806
19973,2024,1,0.003293731715530157
19973,2024,2,0.002440678421407938
19973,2024,3,0.0009553555282764137
19973,2024,4,0.00214053294621408
19986,2024,1,0.004048021975904703
19986,2024,2,0.0030637027230113745
19986,2024,3,0.0011681762989610434
19986,2024,4,0.0026325841899961233
19990,2024,1,0.003865919541567564
19990,2024,2,0.0029183588922023773
19990,2024,3,0.0011129396734759212
19990,2024,4,0.0025156252086162567
22005,2024,1,0.13611911237239838
22005,2024,2,0.13828915357589722
22005,2024,3,0.04144776239991188
22005,2024,4,0.08940574526786804
22043,2024,1,0.003754887729883194
22043,2024,2,0.002822404494509101
22043,2024,3,0.0010834489949047565
22043,2024,4,0.002439409727230668
25008,2024,1,0.0017890245653688908
25008,2024,2,0.0012542421463876963
25008,2024,3,0.0005230580572970212
25008,2024,4,0.0011647512437775731
25023,2024,1,0.33439719676971436
25023,2024,2,0.340593159198761
25023,2024,3,0.14799299836158752
25023,2024,4,0.2445926070213318
25025,2024,1,0.0023136939853429794
25025,2024,2,0.0016676229424774647
25025,2024,3,0.0006684907712042332
25025,2024,4,0.0015039336867630482
25050,2024,1,0.0027470255736261606
25050,2024,2,0.00200610957108438
25050,2024,3,0.0007967569399625063
25050,2024,4,0.0017876168712973595
25053,2024,1,0.0018686510156840086
25053,2024,2,0.001315759844146669
25053,2024,3,0.0005455800564959645
25053,2024,4,0.0012164234649389982
25071,2024,1,0.002105915453284979
25071,2024,2,0.0015050896909087896
25071,2024,3,0.0006181406788527966
25071,2024,4,0.0013822622131556273
25074,2024,1,0.13543421030044556
25074,2024,2,0.1375919133424759
25074,2024,3,0.041148293763399124
25074,2024,4,0.08888591080904007
25076,2024,1,0.13560271263122559
25076,2024,2,0.13776236772537231
25076,2024,3,0.04122192785143852
25076,2024,4,0.08901368081569672
25083,2024,1,0.3000892996788025
25083,2024,2,0.30371367931365967
25083,2024,3,0.12787234783172607
25083,2024,4,0.2155560553073883
25088,2024,1,0.002435519825667143
25088,2024,2,0.0017493553459644318
25088,2024,3,0.0007147822761908174
25088,2024,4,0.0015844572335481644
25095,2024,1,0.004361291415989399
25095,2024,2,0.003307252423837781
25095,2024,3,0.0012545086210593581
25095,2024,4,0.002811197191476822
25108,2024,1,0.0023454418405890465
25108,2024,2,0.0016871278639882803
25108,2024,3,0.0006825636955909431
25108,2024,4,0.0015265285037457943
25120,2024,1,0.17971724271774292
25120,2024,2,0.18296046555042267
25120,2024,3,0.06165105476975441
25120,2024,4,0.1211615800857544
25121,2024,1,0.15630844235420227
25121,2024,2,0.15768244862556458
25121,2024,3,0.05056501179933548
25121,2024,4,0.10340628772974014
25136,2024,1,0.0026936670765280724
25136,2024,2,0.0019641383551061153
25136,2024,3,0.0007801892934367061
25136,2024,4,0.0017513708444312215
25143,2024,1,0.14999428391456604
25143,2024,2,0.15244758129119873
25143,2024,3,0.04758843779563904
25143,2024,4,0.09960396587848663
25146,2024,1,0.13983571529388428
25146,2024,2,0.14232245087623596
25146,2024,3,0.042932458221912384
25146,2024,4,0.09221993386745453
25154,2024,1,0.0024410905316472054
25154,2024,2,0.001762882457114756
25154,2024,3,0.0007094129687175155
25154,2024,4,0.001588299055583775
25162,2024,1,0.27194488048553467
25162,2024,2,0.27923867106437683
25162,2024,3,0.11051657795906067
25162,2024,4,0.19456396996974945
25165,2024,1,0.13585612177848816
25165,2024,2,0.13802234828472137
25165,2024,3,0.0413331463932991
25165,2024,4,0.08920919895172119
25170,2024,1,0.13536480069160461
25170,2024,2,0.13752086460590363
25170,2024,3,0.04111824184656143
25170,2024,4,0.08883452415466309
25174,2024,1,0.005339670926332474
25174,2024,2,0.0041470713913440704
25174,2024,3,0.0015400960110127926
25174,2024,4,0.0034858081489801407
25183,2024,1,0.004009547643363476
25183,2024,2,0.003027865896001458
25183,2024,3,0.0011703248601406813
25183,2024,4,0.0026261918246746063
25193,2024,1,0.0013691158965229988
25193,2024,2,0.0009358677198179066
25193,2024,3,0.00040126818930730224
25193,2024,4,0.0008903534617275
25201,2024,1,0.0011595557443797588
25201,2024,2,0.0007782867178320885
25201,2024,3,0.00034550996497273445
25201,2024,4,0.0007579874945804477
25213,2024,1,0.0024124584160745144
25213,2024,2,0.0017402926459908485
25213,2024,3,0.0007011348498053849
25213,2024,4,0.0015694857574999332
25215,2024,1,0.001236728741787374
25215,2024,2,0.0008331416174769402
25215,2024,3,0.00036631428520195186
25215,2024,4,0.0008052989142015576
25217,2024,1,0.13607481122016907
25217,2024,2,0.13824468851089478
25217,2024,3,0.041428204625844955
25217,2024,4,0.08937086164951324
25226,2024,1,0.0018410426564514637
25226,2024,2,0.0012951241806149483
25226,2024,3,0.0005375921027734876
25226,2024,4,0.0011995279928669333
25232,2024,1,0.35136473178863525
25232,2024,2,0.35563981533050537
25232,2024,3,0.159054234623909
25232,2024,4,0.2585875391960144
25242,2024,1,0.0025227300357073545
25242,2024,2,0.0018280833028256893
25242,2024,3,0.0007322497549466789
25242,2024,4,0.0016410746611654758
25247,2024,1,0.0025786771439015865
25247,2024,2,0.001870364765636623
25247,2024,3,0.0007503816159442067
25247,2024,4,0.0016781878657639027
25266,2024,1,0.12307305634021759
25266,2024,2,0.12571626901626587
25266,2024,3,0.03579036891460419
25266,2024,4,0.0803299993276596
25268,2024,1,0.0032666600309312344
25268,2024,2,0.002425283193588257
25268,2024,3,0.000943130231462419
25268,2024,4,0.002123543294146657
25270,2024,1,0.3061157464981079
25270,2024,2,0.31241732835769653
25270,2024,3,0.13126477599143982
25270,2024,4,0.2236666977405548
25273,2024,1,0.0016327222110703588
25273,2024,2,0.0011339765042066574
25273,2024,3,0.00047959451330825686
25273,2024,4,0.0010640739928930998
25276,2024,1,0.2546590566635132
25276,2024,2,0.2591092586517334
25276,2024,3,0.10095956921577454
25276,2024,4,0.17966146767139435
25278,2024,1,0.5030396580696106
25278,2024,2,0.5131354331970215
25278,2024,3,0.2652379870414734
25278,2024,4,0.3994244933128357
25288,2024,1,0.00872326735407114
25288,2024,2,0.007095378823578358
25288,2024,3,0.002467429731041193
25288,2024,4,0.005644855089485645
25301,2024,1,0.36778515577316284
25301,2024,2,0.3739878535270691
25301,2024,3,0.17023995518684387
25301,2024,4,0.27384620904922485
25313,2024,1,0.1358698606491089
25313,2024,2,0.13803163170814514
25313,2024,3,0.041338298469781876
25313,2024,4,0.08920693397521973
25317,2024,1,0.0029199488926678896
25317,2024,2,0.002143026562407613
25317,2024,3,0.0008480269461870193
25317,2024,4,0.0019005649955943227
25318,2024,1,0.0016908985562622547
25318,2024,2,0.0011790303979068995
25318,2024,3,0.00049504020716995
25318,2024,4,0.001101572415791452
25321,2024,1,0.3830149173736572
25321,2024,2,0.3866407871246338
25321,2024,3,0.18131273984909058
25321,2024,4,0.2846228778362274
25323,2024,1,0.3357730507850647
25323,2024,2,0.3396255671977997
25323,2024,3,0.15032118558883667
25323,2024,4,0.24583010375499725
25325,2024,1,0.1930379867553711
25325,2024,2,0.1959686577320099
25325,2024,3,0.06847382336854935
25325,2024,4,0.131520614027977
25337,2024,1,0.0028433569241315126
25337,2024,2,0.002082795836031437
25337,2024,3,0.0008235600544139743
25337,2024,4,0.0018489595968276262
25341,2024,1,0.00179631682112813
25341,2024,2,0.0012586148222908378
25341,2024,3,0.0005272937705740333
25341,2024,4,0.001170870615169406
25343,2024,1,0.0019535745959728956
25343,2024,2,0.0013803422916680574
25343,2024,3,0.0005700811743736267
25343,2024,4,0.0012711528688669205
25344,2024,1,0.003086451208218932
25344,2024,2,0.002278619911521673
25344,2024,3,0.0008933398057706654
25344,2024,4,0.0020074534695595503
25346,2024,1,0.24219396710395813
25346,2024,2,0.24709106981754303
25346,2024,3,0.09333828091621399
25346,2024,4,0.16878274083137512
25353,2024,1,0.2528597414493561
25353,2024,2,0.25953394174575806
25353,2024,3,0.10002349317073822
25353,2024,4,0.18215800821781158
25358,2024,1,0.1540386974811554
25358,2024,2,0.15607793629169464
25358,2024,3,0.0496315099298954
25358,2024,4,0.10210735350847244
25365,2024,1,0.29901763796806335
25365,2024,2,0.3031027019023895
25365,2024,3,0.12719449400901794
25365,2024,4,0.21515482664108276
25370,2024,1,0.004049212671816349
25370,2024,2,0.0030671190470457077
25370,2024,3,0.0011635362170636654
25370,2024,4,0.0026289564557373524
25372,2024,1,0.0023440616205334663
25372,2024,2,0.0016870867693796754
25372,2024,3,0.0006819380214437842
25372,2024,4,0.001526059815660119
25373,2024,1,0.0031469003297388554
25373,2024,2,0.0023281280882656574
25373,2024,3,0.0009092693217098713
25373,2024,4,0.0020452304743230343
25378,2024,1,0.0024025170132517815
25378,2024,2,0.001732546603307128
25378,2024,3,0.0006983605562709272
25378,2024,4,0.001563390949741006
25380,2024,1,0.003973248414695263
25380,2024,2,0.003003674792125821
25380,2024,3,0.0011429123114794493
25380,2024,4,0.0025806669145822525
25390,2024,1,0.010130278766155243
25390,2024,2,0.008334114216268063
25390,2024,3,0.002882984932512045
25390,2024,4,0.006570105906575918
25431,2024,1,0.36060166358947754
25431,2024,2,0.3651679754257202
25431,2024,3,0.1647568941116333
25431,2024,4,0.2648925483226776
25462,2024,1,0.0028731096535921097
25462,2024,2,0.002105833264067769
25462,2024,3,0.0008340307977050543
25462,2024,4,0.0018701303051784635
25473,2024,1,0.1359887719154358
25473,2024,2,0.1381571739912033
25473,2024,3,0.041390836238861084
25473,2024,4,0.08930744230747223
25492,2024,1,0.0054415930062532425
25492,2024,2,0.004233524203300476
25492,2024,3,0.0015552964759990573
25492,2024,4,0.0035278620198369026
25497,2024,1,0.13552802801132202
25497,2024,2,0.13768716156482697
25497,2024,3,0.041188325732946396
25497,2024,4,0.08895258605480194
25499,2024,1,0.003469910239800811
25499,2024,2,0.0025918707251548767
25499,2024,3,0.0009997920133173466
25499,2024,4,0.002254755236208439
25503,2024,1,0.0008074092911556363
25503,2024,2,0.0005241056205704808
25503,2024,3,0.00023994818911887705
25503,2024,4,0.0005262689664959908
25507,2024,1,0.0034791911020874977
25507,2024,2,0.0025984356179833412
25507,2024,3,0.0010037146275863051
25507,2024,4,0.0022615985944867134
25524,2024,1,0.0019201370887458324
25524,2024,2,0.0013560876250267029
25524,2024,3,0.0005598317366093397
25524,2024,4,0.0012499047443270683
25529,2024,1,0.003360422095283866
25529,2024,2,0.00250140018761158
25529,2024,3,0.0009711360326036811
25529,2024,4,0.0021852352656424046
25534,2024,1,0.24572965502738953
25534,2024,2,0.24654588103294373
25534,2024,3,0.09672720730304718
25534,2024,4,0.1709344983100891
25548,2024,1,0.001844528829678893
25548,2024,2,0.001295234076678753
25548,2024,3,0.0005416030180640519
25548,2024,4,0.001202296931296587
25550,2024,1,0.0021793802734464407
25550,2024,2,0.0015567120863124728
25550,2024,3,0.0006355145014822483
25550,2024,4,0.0014190352521836758
25553,2024,1,0.24627089500427246
25553,2024,2,0.25118425488471985
25553,2024,3,0.09641745686531067
25553,2024,4,0.1736750602722168
25566,2024,1,0.0015111471293494105
25566,2024,2,0.0010423858184367418
25566,2024,3,0.0004435002338141203
25566,2024,4,0.000984308891929686
25570,2024,1,0.0028302124701440334
25570,2024,2,0.0020702581387013197
25570,2024,3,0.0008217988070100546
25570,2024,4,0.0018413582583889365
25573,2024,1,0.35397347807884216
25573,2024,2,0.3570164442062378
25573,2024,3,0.1631820648908615
25573,2024,4,0.26046323776245117
25579,2024,1,0.0030602645128965378
25579,2024,2,0.0022606253623962402
25579,2024,3,0.0008840617956593633
25579,2024,4,0.0019918899051845074
25581,2024,1,0.0026910738088190556
25581,2024,2,0.0019597806967794895
25581,2024,3,0.000784135889261961
25581,2024,4,0.001752904849126935
25587,2024,1,0.0012144068023189902
25587,2024,2,0.0008200581069104373
25587,2024,3,0.0003583062207326293
25587,2024,4,0.0007914286106824875
25592,2024,1,0.0019070268608629704
25592,2024,2,0.0013447392266243696
25592,2024,3,0.0005574360257014632
25592,2024,4,0.0012415333185344934
25601,2024,1,0.0037884931080043316
25601,2024,2,0.002853832207620144
25601,2024,3,0.0010897840838879347
25601,2024,4,0.002461028518155217
25630,2024,1,0.1766589879989624
25630,2024,2,0.17979547381401062
25630,2024,3,0.06023118272423744
25630,2024,4,0.11916850507259369
25640,2024,1,0.2071664035320282
25640,2024,2,0.21071688830852509
25640,2024,3,0.07560540735721588
25640,2024,4,0.1427001953125
25645,2024,1,0.1354750245809555
25645,2024,2,0.137626513838768
25645,2024,3,0.0411691851913929
25645,2024,4,0.08894073963165283
25648,2024,1,0.1764952689409256
25648,2024,2,0.17945721745491028
25648,2024,3,0.06000683456659317
25648,2024,4,0.11957866698503494
25667,2024,1,0.29443758726119995
25667,2024,2,0.29855722188949585
25667,2024,3,0.1244441568851471
25667,2024,4,0.2117544412612915
25669,2024,1,0.0027573839761316776
25669,2024,2,0.0020142963621765375
25669,2024,3,0.0007988048018887639
25669,2024,4,0.0017926670843735337
25677,2024,1,0.0026332521811127663
25677,2024,2,0.0019140527583658695
25677,2024,3,0.0007651374908164144
25677,2024,4,0.0017128568142652512
25679,2024,1,0.0038364906795322895
25679,2024,2,0.0028927598614245653
25679,2024,3,0.0011032877955585718
25679,2024,4,0.0024921572767198086
25693,2024,1,0.0012784309219568968
25693,2024,2,0.000868330942466855
25693,2024,3,0.00037630947190336883
25693,2024,4,0.0008335397578775883
25695,2024,1,0.16716903448104858
25695,2024,2,0.1710347831249237
25695,2024,3,0.05525077134370804
25695,2024,4,0.11224139481782913
25697,2024,1,0.0032537411898374557
25697,2024,2,0.002414845861494541
25697,2024,3,0.0009399744449183345
25697,2024,4,0.0021159311290830374
25721,2024,1,0.18835043907165527
25721,2024,2,0.18859975039958954
25721,2024,3,0.06604862213134766
25721,2024,4,0.12692193686962128
25735,2024,1,0.0019289044430479407
25735,2024,2,0.001363273710012436
25735,2024,3,0.0005623534671030939
25735,2024,4,0.0012558012967929244
25736,2024,1,0.001693186815828085
25736,2024,2,0.0011813001474365592
25736,2024,3,0.0004951023729518056
25736,2024,4,0.001102388952858746
25742,2024,1,0.0008975527598522604
25742,2024,2,0.0005893463967368007
25742,2024,3,0.00026530888862907887
25742,2024,4,0.0005845840787515044
25769,2024,1,0.1671934425830841
25769,2024,2,0.1695163995027542
25769,2024,3,0.05568712204694748
25769,2024,4,0.11215788871049881
25772,2024,1,0.2194969803094864
25772,2024,2,0.22280871868133545
25772,2024,3,0.0818268209695816
25772,2024,4,0.1515960991382599
25774,2024,1,0.518588125705719
25774,2024,2,0.5262298583984375
25774,2024,3,0.278374582529068
25774,2024,4,0.40816593170166016
25783,2024,1,0.0030950719956308603
25783,2024,2,0.0022857440635561943
25783,2024,3,0.0008948962786234915
25783,2024,4,0.0020122257992625237
25791,2024,1,0.3348318338394165
25791,2024,2,0.33936405181884766
25791,2024,3,0.14941273629665375
25791,2024,4,0.24562782049179077
25793,2024,1,0.004526480101048946
25793,2024,2,0.003464396810159087
25793,2024,3,0.0013004662469029427
25793,2024,4,0.0029411944560706615
25796,2024,1,0.0013538941275328398
25796,2024,2,0.0009236126206815243
25796,2024,3,0.0003991287376265973
25796,2024,4,0.0008826105622574687
25800,2024,1,0.20085136592388153
25800,2024,2,0.20450249314308167
25800,2024,3,0.07197422534227371
25800,2024,4,0.1379454880952835
25801,2024,1,0.0013444251380860806
25801,2024,2,0.000917576253414154
25801,2024,3,0.0003947561199311167
25801,2024,4,0.0008754453738220036
25804,2024,1,0.3279109001159668
25804,2024,2,0.3328205347061157
25804,2024,3,0.1446712166070938
25804,2024,4,0.24038586020469666
25813,2024,1,0.13596303761005402
25813,2024,2,0.13812951743602753
25813,2024,3,0.0413782000541687
25813,2024,4,0.08927999436855316
25824,2024,1,0.0023247594945132732
25824,2024,2,0.0016707335598766804
25824,2024,3,0.0006773364148102701
25824,2024,4,0.0015139710158109665
25825,2024,1,0.15271303057670593
25825,2024,2,0.15582720935344696
25825,2024,3,0.04875350371003151
25825,2024,4,0.10156454145908356
25841,2024,1,0.16442003846168518
25841,2024,2,0.16702118515968323
25841,2024,3,0.05431528389453888
25841,2024,4,0.1101774126291275
25845,2024,1,0.20631226897239685
25845,2024,2,0.20968972146511078
25845,2024,3,0.07495790719985962
25845,2024,4,0.14153394103050232
25861,2024,1,0.0006563387578353286
25861,2024,2,0.0004176920047029853
25861,2024,3,0.00019548599084373564
25861,2024,4,0.00042755811591632664
25862,2024,1,0.13608777523040771
25862,2024,2,0.13825716078281403
25862,2024,3,0.04143413156270981
25862,2024,4,0.0893823653459549
25867,2024,1,0.13589900732040405
25867,2024,2,0.13806617259979248
25867,2024,3,0.04135209321975708
25867,2024,4,0.08924311399459839
25870,2024,1,0.002600211650133133
25870,2024,2,0.0018891928484663367
25870,2024,3,0.0007542991079390049
25870,2024,4,0.0016911497805267572
25879,2024,1,0.0018547738436609507
25879,2024,2,0.001305260811932385
25879,2024,3,0.0005414094193838537
25879,2024,4,0.0012073038378730416
25883,2024,1,0.0027365637943148613
25883,2024,2,0.001998550957068801
25883,2024,3,0.0007923213997855783
25883,2024,4,0.0017795544117689133
25886,2024,1,0.38189011812210083
25886,2024,2,0.3874436020851135
25886,2024,3,0.17994214594364166
25886,2024,4,0.2853612005710602
25887,2024,1,0.3694501519203186
25887,2024,2,0.3753085732460022
25887,2024,3,0.17066065967082977
25887,2024,4,0.2728734016418457
25889,2024,1,0.3408549129962921
25889,2024,2,0.349251389503479
25889,2024,3,0.15184837579727173
25889,2024,4,0.2525007426738739
25890,2024,1,0.23023581504821777
25890,2024,2,0.2348812073469162
25890,2024,3,0.08749701082706451
25890,2024,4,0.16162154078483582
25891,2024,1,0.43033766746520996
25891,2024,2,0.4354636073112488
25891,2024,3,0.21456754207611084
25891,2024,4,0.3275362253189087
25912,2024,1,0.1603047251701355
25912,2024,2,0.16268427670001984
25912,2024,3,0.05255245417356491
25912,2024,4,0.10726916790008545
25916,2024,1,0.0024745361879467964
25916,2024,2,0.0017868697177618742
25916,2024,3,0.0007199643878266215
25916,2024,4,0.0016094468301162124
25925,2024,1,0.1356746256351471
25925,2024,2,0.13783535361289978
25925,2024,3,0.041252102702856064
25925,2024,4,0.08906158804893494
25944,2024,1,0.1362597793340683
25944,2024,2,0.13843350112438202
25944,2024,3,0.041510358452796936
25944,2024,4,0.08951752632856369
25950,2024,1,0.13569767773151398
25950,2024,2,0.13785983622074127
25950,2024,3,0.041263263672590256
25950,2024,4,0.08908626437187195
25953,2024,1,0.4173409342765808
25953,2024,2,0.4251035749912262
25953,2024,3,0.20378533005714417
25953,2024,4,0.31786108016967773
25955,2024,1,0.0017963952850550413
25955,2024,2,0.001259412500075996
25955,2024,3,0.0005253899726085365
25955,2024,4,0.001169508439488709
25960,2024,1,0.13552209734916687
25960,2024,2,0.13768117129802704
25960,2024,3,0.04118717461824417
25960,2024,4,0.08895490318536758
25961,2024,1,0.0011025562416762114
25961,2024,2,0.0007393182604573667
25961,2024,3,0.0003240813093725592
25961,2024,4,0.0007178455125540495
25979,2024,1,0.13569538295269012
25979,2024,2,0.13785909116268158
25979,2024,3,0.04126284271478653
25979,2024,4,0.0890866219997406
25981,2024,1,0.0034723696298897266
25981,2024,2,0.0025914472062140703
25981,2024,3,0.0010030322009697556
25981,2024,4,0.0022578712087124586
25990,2024,1,0.00241426145657897
25990,2024,2,0.0017429079161956906
25990,2024,3,0.0007009787950664759
25990,2024,4,0.0015709265135228634
25996,2024,1,0.2620394229888916
25996,2024,2,0.26712799072265625
25996,2024,3,0.10550382733345032
25996,2024,4,0.1867665797472
26001,2024,1,0.002822956070303917
26001,2024,2,0.0020664436742663383
26001,2024,3,0.0008182619349099696
26001,2024,4,0.0018357571680098772
26032,2024,1,0.6424975395202637
26032,2024,2,0.6435168385505676
26032,2024,3,0.38363635540008545
26032,2024,4,0.5234134793281555
26033,2024,1,0.17026439309120178
26033,2024,2,0.17280784249305725
26033,2024,3,0.056973736733198166
26033,2024,4,0.11388982832431793
26036,2024,1,0.0021453623194247484
26036,2024,2,0.0015305483248084784
26036,2024,3,0.0006249418365769088
26036,2024,4,0.0013962818775326014
26037,2024,1,0.0020304068457335234
26037,2024,2,0.0014428601134568453
26037,2024,3,0.0005913087516091764
26037,2024,4,0.0013221980771049857
26048,2024,1,0.0011615299154073
26048,2024,2,0.0007810272509232163
26048,2024,3,0.0003429347416386008
26048,2024,4,0.0007571221794933081
26049,2024,1,0.0027993458788841963
26049,2024,2,0.0020483725238591433
26049,2024,3,0.0008148205815814435
26049,2024,4,0.0018274448812007904
26052,2024,1,0.22097435593605042
26052,2024,2,0.2247491478919983
26052,2024,3,0.08264075964689255
26052,2024,4,0.1531609445810318
26055,2024,1,0.0007171505712904036
26055,2024,2,0.0004598616505973041
26055,2024,3,0.00021396481315605342
26055,2024,4,0.0004676169774029404
26063,2024,1,0.13604696094989777
26063,2024,2,0.13821643590927124
26063,2024,3,0.04141648858785629
26063,2024,4,0.08935236930847168
26075,2024,1,0.003211064264178276
26075,2024,2,0.002379963407292962
26075,2024,3,0.0009276136988773942
26075,2024,4,0.0020873623434454203
26077,2024,1,0.0021583233028650284
26077,2024,2,0.0015399768017232418
26077,2024,3,0.0006295982748270035
26077,2024,4,0.0014051551697775722
26080,2024,1,0.002009107731282711
26080,2024,2,0.001423297100700438
26080,2024,3,0.0005869191372767091
26080,2024,4,0.0013079831842333078
26086,2024,1,0.1355849653482437
26086,2024,2,0.1377447545528412
26086,2024,3,0.04121467471122742
26086,2024,4,0.0890030711889267
26094,2024,1,0.13622425496578217
26094,2024,2,0.13839581608772278
26094,2024,3,0.04149346798658371
26094,2024,4,0.08948242664337158
26107,2024,1,0.304294228553772
26107,2024,2,0.308385968208313
26107,2024,3,0.1304495930671692
26107,2024,4,0.21966448426246643
26109,2024,1,0.0020677056163549423
26109,2024,2,0.0014699132880195975
26109,2024,3,0.0006031751399859786
26109,2024,4,0.0013460097834467888
26110,2024,1,0.13537749648094177
26110,2024,2,0.13753299415111542
26110,2024,3,0.04112287610769272
26110,2024,4,0.08883953094482422
26111,2024,1,0.0022752766963094473
26111,2024,2,0.0016321172006428242
26111,2024,3,0.0006621748907491565
26111,2024,4,0.001480528386309743
26116,2024,1,0.0013395979767665267
26116,2024,2,0.0009121113689616323
26116,2024,3,0.0003949326346628368
26116,2024,4,0.0008723568171262741
26125,2024,1,0.0031127342954277992
26125,2024,2,0.002299350220710039
26125,2024,3,0.0009008492343127728
26125,2024,4,0.0020238542929291725
26126,2024,1,0.0017894059419631958
26126,2024,2,0.0012550504179671407
26126,2024,3,0.0005225492059253156
26126,2024,4,0.0011647720821201801
26127,2024,1,0.0034823082387447357
26127,2024,2,0.0026012409944087267
26127,2024,3,0.0010045274393633008
26127,2024,4,0.002263648435473442
26130,2024,1,0.0017061980906873941
26130,2024,2,0.0011903124395757914
26130,2024,3,0.0005003365804441273
26130,2024,4,0.0011117389658465981
26149,2024,1,0.16551905870437622
26149,2024,2,0.16840283572673798
26149,2024,3,0.054674506187438965
26149,2024,4,0.11087485402822495
26151,2024,1,0.25902047753334045
26151,2024,2,0.2598329186439514
26151,2024,3,0.1047956719994545
26151,2024,4,0.180884450674057
26154,2024,1,0.13531029224395752
26154,2024,2,0.13746638596057892
26154,2024,3,0.04109366238117218
26154,2024,4,0.08878900110721588
26159,2024,1,0.40591558814048767
26159,2024,2,0.4110035300254822
26159,2024,3,0.19741907715797424
26159,2024,4,0.30682528018951416
26172,2024,1,0.1397773027420044
26172,2024,2,0.1425638198852539
26172,2024,3,0.04301875829696655
26172,2024,4,0.09224016219377518
26175,2024,1,0.13527844846248627
26175,2024,2,0.1374327540397644
26175,2024,3,0.04107920825481415
26175,2024,4,0.08876366913318634
26180,2024,1,0.0013148351572453976
26180,2024,2,0.0008965902379713953
26180,2024,3,0.0003853414091281593
26180,2024,4,0.000855868449434638
26183,2024,1,0.005239169113337994
26183,2024,2,0.004071399103850126
26183,2024,3,0.0014990773051977158
26183,2024,4,0.0034095910377800465
26190,2024,1,0.006145133636891842
26190,2024,2,0.004840098321437836
26190,2024,3,0.0017503348644822836
26190,2024,4,0.003984235227108002
26203,2024,1,0.13569939136505127
26203,2024,2,0.13785973191261292
26203,2024,3,0.04126343876123428
26203,2024,4,0.08908185362815857
26204,2024,1,0.0014532854547724128
26204,2024,2,0.0010004788637161255
26204,2024,3,0.000425003410782665
26204,2024,4,0.0009456829866394401
26206,2024,1,0.0024852671194821596
26206,2024,2,0.001798678538762033
26206,2024,3,0.0007206220179796219
26206,2024,4,0.0016160932136699557
26215,2024,1,0.22404745221138
26215,2024,2,0.2280881404876709
26215,2024,3,0.08419062197208405
26215,2024,4,0.1559586524963379
26230,2024,1,0.32191595435142517
26230,2024,2,0.327512264251709
26230,2024,3,0.14046159386634827
26230,2024,4,0.2336733639240265
26239,2024,1,0.0020463247783482075
26239,2024,2,0.0014529107138514519
26239,2024,3,0.0005973762599751353
26239,2024,4,0.0013323683524504304
26269,2024,1,0.0028383880853652954
26269,2024,2,0.002076471922919154
26269,2024,3,0.0008277679444290698
26269,2024,4,0.0018509633373469114
26289,2024,1,0.0023564498405903578
26289,2024,2,0.0016957181505858898
26289,2024,3,0.0006865045288577676
26289,2024,4,0.0015346875879913568
26311,2024,1,0.5345379710197449
26311,2024,2,0.5395897626876831
26311,2024,3,0.29175347089767456
26311,2024,4,0.4240032434463501
26313,2024,1,0.002235040534287691
26313,2024,2,0.0016002405900508165
26313,2024,3,0.0006509406375698745
26313,2024,4,0.001454406650736928
26321,2024,1,0.0043420931324362755
26321,2024,2,0.0033141940366476774
26321,2024,3,0.0012442354345694184
26321,2024,4,0.0028177639469504356
26330,2024,1,0.1359778493642807
26330,2024,2,0.1381453573703766
26330,2024,3,0.04138549789786339
26330,2024,4,0.08929796516895294
26348,2024,1,0.13573414087295532
26348,2024,2,0.13789629936218262
26348,2024,3,0.0412789061665535
26348,2024,4,0.08911043405532837
26361,2024,1,0.13554160296916962
26361,2024,2,0.13770142197608948
26361,2024,3,0.04119590297341347
26361,2024,4,0.08897101879119873
26363,2024,1,0.0018830792978405952
26363,2024,2,0.0013275344390422106
26363,2024,3,0.0005496079684235156
26363,2024,4,0.0012262407690286636
26367,2024,1,0.18219247460365295
26367,2024,2,0.18495771288871765
26367,2024,3,0.06263712793588638
26367,2024,4,0.12309285998344421
26370,2024,1,0.0014486417640000582
26370,2024,2,0.0009948036167770624
26370,2024,3,0.0004264060116838664
26370,2024,4,0.0009442922309972346
26380,2024,1,0.3255007266998291
26380,2024,2,0.3299633264541626
26380,2024,3,0.14317123591899872
26380,2024,4,0.23776084184646606
26401,2024,1,0.286305695772171
26401,2024,2,0.29025399684906006
26401,2024,3,0.11966953426599503
26401,2024,4,0.20543938875198364
26414,2024,1,0.1397683322429657
26414,2024,2,0.14281240105628967
26414,2024,3,0.042853254824876785
26414,2024,4,0.09222610294818878
26417,2024,1,0.003967254422605038
26417,2024,2,0.002999725751578808
26417,2024,3,0.0011405118275433779
26417,2024,4,0.0025758291594684124
26418,2024,1,0.13622112572193146
26418,2024,2,0.13839471340179443
26418,2024,3,0.04149172082543373
26418,2024,4,0.08947979658842087
26422,2024,1,0.004172652028501034
26422,2024,2,0.003171045333147049
26422,2024,3,0.0011973341461271048
26422,2024,4,0.002709250897169113
26423,2024,1,0.001555909402668476
26423,2024,2,0.0010763672180473804
26423,2024,3,0.0004563738766591996
26423,2024,4,0.0010134575422853231
26443,2024,1,0.0015037490520626307
26443,2024,2,0.0010367865907028317
26443,2024,3,0.0004413838032633066
26443,2024,4,0.0009796535596251488
26446,2024,1,0.1424596607685089
26446,2024,2,0.1449478417634964
26446,2024,3,0.044057246297597885
26446,2024,4,0.09374292939901352
26447,2024,1,0.13586005568504333
26447,2024,2,0.13802634179592133
26447,2024,3,0.0413350909948349
26447,2024,4,0.08921260386705399
26450,2024,1,0.011249284259974957
26450,2024,2,0.009375425055623055
26450,2024,3,0.0031577805057168007
26450,2024,4,0.007268985733389854
26452,2024,1,0.0021773031912744045
26452,2024,2,0.0015560875181108713
26452,2024,3,0.000633395160548389
26452,2024,4,0.0014166884357109666
26457,2024,1,0.0006872769445180893
26457,2024,2,0.0004393411218188703
26457,2024,3,0.00020465167472139
26457,2024,4,0.00044788699597120285
26462,2024,1,0.001135839382186532
26462,2024,2,0.0007621951517648995
26462,2024,3,0.00033525237813591957
26462,2024,4,0.0007403865456581116
26468,2024,1,0.001559181371703744
26468,2024,2,0.0010786986676976085
26468,2024,3,0.00045749585842713714
26468,2024,4,0.0010157647775486112
26469,2024,1,0.0017338113393634558
26469,2024,2,0.0012116129510104656
26469,2024,3,0.0005076446104794741
26469,2024,4,0.0011292462004348636
26487,2024,1,0.25166425108909607
26487,2024,2,0.25521937012672424
26487,2024,3,0.09970705211162567
26487,2024,4,0.17765730619430542
26504,2024,1,0.0011402650270611048
26504,2024,2,0.0007642552955076098
26504,2024,3,0.0003375557716935873
26504,2024,4,0.0007428094977512956
26531,2024,1,0.0026815729215741158
26531,2024,2,0.0019538514316082
26531,2024,3,0.0007778791477903724
26531,2024,4,0.0017445445992052555
26544,2024,1,0.00716771837323904
26544,2024,2,0.005728777498006821
26544,2024,3,0.002033984987065196
26544,2024,4,0.004642987158149481
26547,2024,1,0.1780882030725479
26547,2024,2,0.1804475635290146
26547,2024,3,0.06081430986523628
26547,2024,4,0.11884830892086029
26555,2024,1,0.30318331718444824
26555,2024,2,0.30938437581062317
26555,2024,3,0.12940213084220886
26555,2024,4,0.2200751006603241
26556,2024,1,0.00141427805647254
26556,2024,2,0.000969608430750668
26556,2024,3,0.00041506020352244377
26556,2024,4,0.0009206273825839162
26561,2024,1,0.2042243927717209
26561,2024,2,0.20819596946239471
26561,2024,3,0.07367989420890808
26561,2024,4,0.1397968828678131
26563,2024,1,0.003631905885413289
26563,2024,2,0.0027256174944341183
26563,2024,3,0.0010441812919452786
26563,2024,4,0.0023595355451107025
26567,2024,1,0.004693725146353245
26567,2024,2,0.0036122906021773815
26567,2024,3,0.0013399214949458838
26567,2024,4,0.003046908415853977
26568,2024,1,0.13609419763088226
26568,2024,2,0.13826289772987366
26568,2024,3,0.04143627732992172
26568,2024,4,0.0893838107585907
26570,2024,1,0.003579898737370968
26570,2024,2,0.002688185777515173
26570,2024,3,0.0010309802601113915
26570,2024,4,0.0023355400189757347
26572,2024,1,0.0014400598593056202
26572,2024,2,0.0009890724904835224
26572,2024,3,0.0004225198063068092
26572,2024,4,0.0009375818772241473
26577,2024,1,0.20448844134807587
26577,2024,2,0.20765402913093567
26577,2024,3,0.07412049919366837
26577,2024,4,0.14028269052505493
26578,2024,1,0.0018174966098740697
26578,2024,2,0.0012764002894982696
26578,2024,3,0.0005313323927111924
26578,2024,4,0.0011835545301437378
26593,2024,1,0.00233193626627326
26593,2024,2,0.0016706370515748858
26593,2024,3,0.0006785825826227665
26593,2024,4,0.0015093287220224738
26634,2024,1,0.0035142202395945787
26634,2024,2,0.002626575995236635
26634,2024,3,0.0010139947989955544
26634,2024,4,0.002284485148265958
26646,2024,1,0.17196892201900482
26646,2024,2,0.17565153539180756
26646,2024,3,0.057557594031095505
26646,2024,4,0.11587626487016678
26650,2024,1,0.004352092742919922
26650,2024,2,0.0033199936151504517
26650,2024,3,0.0012485042680054903
26650,2024,4,0.002825576812028885
26653,2024,1,0.0031081708148121834
26653,2024,2,0.002295546466484666
26653,2024,3,0.0008997083641588688
26653,2024,4,0.002021030057221651
26654,2024,1,0.002259278204292059
26654,2024,2,0.0016199036035686731
26654,2024,3,0.0006578353350050747
26654,2024,4,0.0014698905870318413
26657,2024,1,0.29712605476379395
26657,2024,2,0.3025011718273163
26657,2024,3,0.12581464648246765
26657,2024,4,0.21360456943511963
26658,2024,1,0.13636451959609985
26658,2024,2,0.1385400891304016
26658,2024,3,0.041555363684892654
26658,2024,4,0.08959376066923141
26660,2024,1,0.1363174468278885
26660,2024,2,0.13849006593227386
26660,2024,3,0.04153546690940857
26660,2024,4,0.08955855667591095
26662,2024,1,0.0031712264753878117
26662,2024,2,0.0023455971386283636
26662,2024,3,0.000918970035854727
26662,2024,4,0.0020627551712095737
26664,2024,1,0.19730590283870697
26664,2024,2,0.20084504783153534
26664,2024,3,0.07020619511604309
26664,2024,4,0.13468867540359497
26666,2024,1,0.005672721657902002
26666,2024,2,0.0044348109513521194
26666,2024,3,0.0016211350448429585
26666,2024,4,0.0036832799669355154
26667,2024,1,0.0020472672767937183
26667,2024,2,0.0014540993142873049
26667,2024,3,0.0005969779449515045
26667,2024,4,0.001332731917500496
26674,2024,1,0.0022474888246506453
26674,2024,2,0.0016051543643698096
26674,2024,3,0.000658053788356483
26674,2024,4,0.0014622861053794622
26680,2024,1,0.0015322990948334336
26680,2024,2,0.001062429859302938
26680,2024,3,0.00044761563185602427
26680,2024,4,0.001001603901386261
26684,2024,1,0.002263070782646537
26684,2024,2,0.0016159065999090672
26684,2024,3,0.0006637859041802585
26684,2024,4,0.0014774086885154247
26693,2024,1,0.002236919477581978
26693,2024,2,0.001602907432243228
26693,2024,3,0.0006502587348222733
26693,2024,4,0.0014552988577634096
26703,2024,1,0.0035450884606689215
26703,2024,2,0.0026561140548437834
26703,2024,3,0.0010172711918130517
26703,2024,4,0.0023009018041193485
26706,2024,1,0.14222382009029388
26706,2024,2,0.14442119002342224
26706,2024,3,0.044138915836811066
26706,2024,4,0.09384725987911224
26716,2024,1,0.13621056079864502
26716,2024,2,0.1383843868970871
26716,2024,3,0.04148805886507034
26716,2024,4,0.08947572112083435
26719,2024,1,0.16598016023635864
26719,2024,2,0.16814646124839783
26719,2024,3,0.055082473903894424
26719,2024,4,0.11117522418498993
26720,2024,1,0.20249399542808533
26720,2024,2,0.20640292763710022
26720,2024,3,0.0729728639125824
26720,2024,4,0.139095738530159
26721,2024,1,0.23812466859817505
26721,2024,2,0.2424120008945465
26721,2024,3,0.09182651340961456
26721,2024,4,0.16632235050201416
26735,2024,1,0.1355656385421753
26735,2024,2,0.1377241313457489
26735,2024,3,0.04120462387800217
26735,2024,4,0.08897990733385086
26743,2024,1,0.002085259184241295
26743,2024,2,0.0014836812624707818
26743,2024,3,0.0006080928724259138
26743,2024,4,0.0013578003272414207
26750,2024,1,0.13649164140224457
26750,2024,2,0.13866955041885376
26750,2024,3,0.041611723601818085
26750,2024,4,0.08969315141439438
26752,2024,1,0.27332186698913574
26752,2024,2,0.27817487716674805
26752,2024,3,0.11173412203788757
26752,2024,4,0.19480960071086884
26757,2024,1,0.28330790996551514
26757,2024,2,0.28759732842445374
26757,2024,3,0.1175290197134018
26757,2024,4,0.20226512849330902
26760,2024,1,0.35875582695007324
26760,2024,2,0.359401673078537
26760,2024,3,0.1671631634235382
26760,2024,4,0.2636663019657135
26761,2024,1,0.3304888904094696
26761,2024,2,0.33792877197265625
26761,2024,3,0.1446540355682373
26761,2024,4,0.23981544375419617
26762,2024,1,0.1355593353509903
26762,2024,2,0.13771787285804749
26762,2024,3,0.04120234400033951
26762,2024,4,0.08897712826728821
26766,2024,1,0.0021425066515803337
26766,2024,2,0.00152899872045964
26766,2024,3,0.0006232473533600569
26766,2024,4,0.0013938844203948975
26767,2024,1,0.002960524056106806
26767,2024,2,0.0021806047298014164
26767,2024,3,0.0008539276896044612
26767,2024,4,0.0019232286140322685
26769,2024,1,0.13532604277133942
26769,2024,2,0.1374906599521637
26769,2024,3,0.041102420538663864
26769,2024,4,0.0888262689113617
26770,2024,1,0.1679537296295166
26770,2024,2,0.17040061950683594
26770,2024,3,0.0557958222925663
26770,2024,4,0.11240793019533157
26771,2024,1,0.5027489066123962
26771,2024,2,0.5045769214630127
26771,2024,3,0.27075451612472534
26771,2024,4,0.39310503005981445
26772,2024,1,0.1363607496023178
26772,2024,2,0.1394333839416504
26772,2024,3,0.041381485760211945
26772,2024,4,0.08929729461669922
26780,2024,1,0.1756821572780609
26780,2024,2,0.1772090345621109
26780,2024,3,0.05964720994234085
26780,2024,4,0.11723098158836365
26809,2024,1,0.17080649733543396
26809,2024,2,0.1732022762298584
26809,2024,3,0.05746268853545189
26809,2024,4,0.11530093848705292
26813,2024,1,0.13604766130447388
26813,2024,2,0.13821586966514587
26813,2024,3,0.04141547158360481
26813,2024,4,0.08934591710567474
26816,2024,1,0.13541176915168762
26816,2024,2,0.13756752014160156
26816,2024,3,0.041137270629405975
26816,2024,4,0.08886274695396423
26840,2024,1,0.13643315434455872
26840,2024,2,0.1386106312274933
26840,2024,3,0.04158603399991989
26840,2024,4,0.08964879810810089
26852,2024,1,0.22389328479766846
26852,2024,2,0.22439171373844147
26852,2024,3,0.08452284336090088
26852,2024,4,0.15411897003650665
26853,2024,1,0.21469774842262268
26853,2024,2,0.21885518729686737
26853,2024,3,0.07919546216726303
26853,2024,4,0.14853690564632416
26862,2024,1,0.5781930685043335
26862,2024,2,0.5847818851470947
26862,2024,3,0.3262554407119751
26862,2024,4,0.4659820795059204
26866,2024,1,0.0014270285610109568
26866,2024,2,0.0009782396955415606
26866,2024,3,0.0004197381203994155
26866,2024,4,0.0009294771589338779
26875,2024,1,0.0014856501948088408
26875,2024,2,0.0010229639010503888
26875,2024,3,0.0004359240410849452
26875,2024,4,0.0009671420557424426
26893,2024,1,0.002915835939347744
26893,2024,2,0.002143212826922536
26893,2024,3,0.0008441401878371835
26893,2024,4,0.0018988095689564943
26901,2024,1,0.29963791370391846
26901,2024,2,0.30496644973754883
26901,2024,3,0.12734703719615936
26901,2024,4,0.21760615706443787
26905,2024,1,0.16945341229438782
26905,2024,2,0.1728486269712448
26905,2024,3,0.05649197846651077
26905,2024,4,0.1140676885843277
26915,2024,1,0.002804815536364913
26915,2024,2,0.0020560012198984623
26915,2024,3,0.0008129008347168565
26915,2024,4,0.0018315194174647331
26947,2024,1,0.41075432300567627
26947,2024,2,0.4188814163208008
26947,2024,3,0.19964861869812012
26947,2024,4,0.3147669732570648
26952,2024,1,0.002490030601620674
26952,2024,2,0.00180140626616776
26952,2024,3,0.0007238436955958605
26952,2024,4,0.0016208246815949678
26970,2024,1,0.13572636246681213
26970,2024,2,0.13788989186286926
26970,2024,3,0.04127604141831398
26970,2024,4,0.08910857886075974
26971,2024,1,0.13587290048599243
26971,2024,2,0.13804063200950623
26971,2024,3,0.04134086146950722
26971,2024,4,0.08922365307807922
26975,2024,1,0.17920249700546265
26975,2024,2,0.18186551332473755
26975,2024,3,0.06160556524991989
26975,2024,4,0.12138918042182922
26976,2024,1,0.2525748610496521
26976,2024,2,0.2562093138694763
26976,2024,3,0.09963680803775787
26976,2024,4,0.17723026871681213
26979,2024,1,0.0018965834751725197
26979,2024,2,0.0013362627942115068
26979,2024,3,0.0005555154639296234
26979,2024,4,0.0012358694802969694
26980,2024,1,0.0032505812123417854
26980,2024,2,0.0024135999847203493
26980,2024,3,0.00093818549066782
26980,2024,4,0.0021137569565325975
26982,2024,1,0.0022574926260858774
26982,2024,2,0.0016181188402697444
26982,2024,3,0.000658671953715384
26982,2024,4,0.0014693598495796323
26984,2024,1,0.0018804953433573246
26984,2024,2,0.0013243453577160835
26984,2024,3,0.0005493987118825316
26984,2024,4,0.0012240028008818626
26987,2024,1,0.13585983216762543
26987,2024,2,0.13802361488342285
26987,2024,3,0.04133426770567894
26987,2024,4,0.08920812606811523
26995,2024,1,0.0012557969894260168
26995,2024,2,0.0008505578734911978
26995,2024,3,0.0003706333227455616
26995,2024,4,0.0008186667691916227
26998,2024,1,0.00279023265466094
26998,2024,2,0.0020412863232195377
26998,2024,3,0.0008077679667621851
26998,2024,4,0.0018130199750885367
27001,2024,1,0.004857752472162247
27001,2024,2,0.003742511849850416
27001,2024,3,0.0013924792874604464
27001,2024,4,0.003153970930725336
27004,2024,1,0.13526421785354614
27004,2024,2,0.13741560280323029
27004,2024,3,0.041075076907873154
27004,2024,4,0.0887630432844162
27006,2024,1,0.0006447733612731099
27006,2024,2,0.00040941196493804455
27006,2024,3,0.00019249721663072705
27006,2024,4,0.00042037671664729714
27010,2024,1,0.16236530244350433
27010,2024,2,0.1656492054462433
27010,2024,3,0.05333349108695984
27010,2024,4,0.10956938564777374
27024,2024,1,0.2779257297515869
27024,2024,2,0.2826300263404846
27024,2024,3,0.11427991837263107
27024,2024,4,0.19921737909317017
27035,2024,1,0.0026643099263310432
27035,2024,2,0.0019395672716200352
27035,2024,3,0.0007730007637292147
27035,2024,4,0.0017331005074083805
27037,2024,1,0.30486711859703064
27037,2024,2,0.3094661235809326
27037,2024,3,0.13096870481967926
27037,2024,4,0.22077828645706177
27042,2024,1,0.0017627514898777008
27042,2024,2,0.0012343245325610042
27042,2024,3,0.0005149811040610075
27042,2024,4,0.0011468682205304503
27043,2024,1,0.1359153836965561
27043,2024,2,0.138082355260849
27043,2024,3,0.04135848581790924
27043,2024,4,0.08924981951713562
27049,2024,1,0.0010309591889381409
27049,2024,2,0.0006856894469819963
27049,2024,3,0.0003044679178856313
27049,2024,4,0.0006718366057612002
27063,2024,1,0.0029398181941360235
27063,2024,2,0.0021599826868623495
27063,2024,3,0.0008526191813871264
27063,2024,4,0.001913572777993977
27072,2024,1,0.1565699428319931
27072,2024,2,0.15982839465141296
27072,2024,3,0.050364717841148376
27072,2024,4,0.10492722690105438
27078,2024,1,0.5929641723632812
27078,2024,2,0.6010535955429077
27078,2024,3,0.3390199840068817
27078,2024,4,0.4793580174446106
27081,2024,1,0.2114235758781433
27081,2024,2,0.2151924967765808
27081,2024,3,0.07723443955183029
27081,2024,4,0.14589735865592957
27082,2024,1,0.004162601660937071
27082,2024,2,0.0031623190734535456
27082,2024,3,0.0011950712651014328
27082,2024,4,0.0027027300093322992
27091,2024,1,0.0034166579134762287
27091,2024,2,0.0025481285993009806
27091,2024,3,0.0009856449905782938
27091,2024,4,0.002220947528257966
27096,2024,1,0.0017179448623210192
27096,2024,2,0.0012006371980533004
27096,2024,3,0.0005020451499149203
27096,2024,4,0.0011187698692083359
28008,2024,1,0.3626819849014282
28008,2024,2,0.36949920654296875
28008,2024,3,0.16639572381973267
28008,2024,4,0.2697077989578247
28011,2024,1,0.15082307159900665
28011,2024,2,0.153831347823143
28011,2024,3,0.047945231199264526
28011,2024,4,0.10031416267156601
28021,2024,1,0.001136400387622416
28021,2024,2,0.0007648951141163707
28021,2024,3,0.0003329236642457545
28021,2024,4,0.0007396446308121085
28024,2024,1,0.002682751975953579
28024,2024,2,0.0019560714717954397
28024,2024,3,0.0007780799060128629
28024,2024,4,0.0017458399524912238
28034,2024,1,0.7909746170043945
28034,2024,2,0.7891618609428406
28034,2024,3,0.5198286175727844
28034,2024,4,0.6725760698318481
28035,2024,1,0.0020964094437658787
28035,2024,2,0.0014924845891073346
28035,2024,3,0.0006113378331065178
28035,2024,4,0.0013648798922076821
28050,2024,1,0.1358758956193924
28050,2024,2,0.13804151117801666
28050,2024,3,0.04134068638086319
28050,2024,4,0.08921727538108826
28053,2024,1,0.002615964272990823
28053,2024,2,0.001896343776024878
28053,2024,3,0.0007609196472913027
28053,2024,4,0.0016993924509733915
28059,2024,1,0.1357801854610443
28059,2024,2,0.13794493675231934
28059,2024,3,0.04129987210035324
28059,2024,4,0.0891508013010025
28063,2024,1,0.33205512166023254
28063,2024,2,0.33946478366851807
28063,2024,3,0.1475561261177063
28063,2024,4,0.24472525715827942
28067,2024,1,0.1366017758846283
28067,2024,2,0.13878440856933594
28067,2024,3,0.04165772721171379
28067,2024,4,0.08976275473833084
28078,2024,1,0.0014233739348128438
28078,2024,2,0.0009759666281752288
28078,2024,3,0.00041855155723169446
28078,2024,4,0.0009273672476410866
28090,2024,1,0.0014913056511431932
28090,2024,2,0.0010265314485877752
28090,2024,3,0.0004386233049444854
28090,2024,4,0.0009714389452710748
28094,2024,1,0.0029408782720565796
28094,2024,2,0.002161724027246237
28094,2024,3,0.0008508190512657166
28094,2024,4,0.0019120760262012482
28098,2024,1,0.0015951483510434628
28098,2024,2,0.0011065269354730844
28098,2024,3,0.00046681100502610207
28098,2024,4,0.0010383641347289085
28105,2024,1,0.0009187376126646996
28105,2024,2,0.0006040987209416926
28105,2024,3,0.00027205669903196394
28105,2024,4,0.0005986496689729393
28115,2024,1,0.002058993559330702
28115,2024,2,0.0014630925143137574
28115,2024,3,0.0006003848393447697
28115,2024,4,0.001340685412287712
28119,2024,1,0.00446205073967576
28119,2024,2,0.003413361730054021
28119,2024,3,0.0012780947145074606
28119,2024,4,0.002895885147154331
28122,2024,1,0.0020000545773655176
28122,2024,2,0.00141766550950706
28122,2024,3,0.0005819349898956716
28122,2024,4,0.0013008574023842812
28124,2024,1,0.002040813211351633
28124,2024,2,0.0014492026530206203
28124,2024,3,0.0005953778163529932
28124,2024,4,0.001328999176621437
28127,2024,1,0.003456349950283766
28127,2024,2,0.002579573541879654
28127,2024,3,0.0009959535673260689
28127,2024,4,0.0022448250092566013
28132,2024,1,0.0007298095733858645
28132,2024,2,0.0004691594804171473
28132,2024,3,0.00021733866014983505
28132,2024,4,0.0004755764384754002
28144,2024,1,0.002966027706861496
28144,2024,2,0.0021816801745444536
28144,2024,3,0.0008588984492234886
28144,2024,4,0.0019289313349872828
28145,2024,1,0.000945066858548671
28145,2024,2,0.0006232776213437319
28145,2024,3,0.0002796991902869195
28145,2024,4,0.0006157621974125504
28152,2024,1,0.002153939800336957
28152,2024,2,0.0015373650239780545
28152,2024,3,0.0006270956946536899
28152,2024,4,0.0014016185887157917
28153,2024,1,0.0037145542446523905
28153,2024,2,0.002796508837491274
28153,2024,3,0.0010682684369385242
28153,2024,4,0.0024171534460037947
28157,2024,1,0.006921644322574139
28157,2024,2,0.005525466986000538
28157,2024,3,0.0019543019589036703
28157,2024,4,0.0044769346714019775
28159,2024,1,0.16085393726825714
28159,2024,2,0.16479726135730743
28159,2024,3,0.052371472120285034
28159,2024,4,0.10811413079500198
28160,2024,1,0.1358819156885147
28160,2024,2,0.1380486637353897
28160,2024,3,0.0413440465927124
28160,2024,4,0.08922594040632248
28161,2024,1,0.002807150362059474
28161,2024,2,0.0020546382293105125
28161,2024,3,0.0008129103225655854
28161,2024,4,0.0018253264715895057
28163,2024,1,0.002552344463765621
28163,2024,2,0.0018501600716263056
28163,2024,3,0.0007419957546517253
28163,2024,4,0.0016609681770205498
28168,2024,1,0.0020526291336864233
28168,2024,2,0.0014568350743502378
28168,2024,3,0.0006008445052430034
28168,2024,4,0.0013380831805989146
28171,2024,1,0.002832252997905016
28171,2024,2,0.002075992291793227
28171,2024,3,0.0008196852868422866
28171,2024,4,0.0018423076253384352
28172,2024,1,0.0021970225498080254
28172,2024,2,0.0015707563143223524
28172,2024,3,0.0006400704151019454
28172,2024,4,0.0014302923809736967
28175,2024,1,0.32027149200439453
28175,2024,2,0.325312077999115
28175,2024,3,0.1401238739490509
28175,2024,4,0.23367440700531006
28178,2024,1,0.0015191512648016214
28178,2024,2,0.0010487181134521961
28178,2024,3,0.0004459917836356908
28178,2024,4,0.0009899630676954985
28184,2024,1,0.1891108602285385
28184,2024,2,0.1918317824602127
28184,2024,3,0.0663570910692215
28184,2024,4,0.12816771864891052
28193,2024,1,0.326909601688385
28193,2024,2,0.3333030939102173
28193,2024,3,0.14429308474063873
28193,2024,4,0.24164815247058868
28195,2024,1,0.0030554556287825108
28195,2024,2,0.002254297723993659
28195,2024,3,0.0008834893815219402
28195,2024,4,0.001986573450267315
28197,2024,1,0.31178995966911316
28197,2024,2,0.31635063886642456
28197,2024,3,0.13498450815677643
28197,2024,4,0.22621038556098938
28198,2024,1,0.002201296389102936
28198,2024,2,0.0015738208312541246
28198,2024,3,0.0006415770621970296
28198,2024,4,0.0014329473488032818
28208,2024,1,0.13583874702453613
28208,2024,2,0.13800227642059326
28208,2024,3,0.041324932128190994
28208,2024,4,0.0891907811164856
28218,2024,1,0.001783507876098156
28218,2024,2,0.0012586468365043402
28218,2024,3,0.0005143441376276314
28218,2024,4,0.0011610068613663316
28226,2024,1,0.19538399577140808
28226,2024,2,0.19758173823356628
28226,2024,3,0.0696081668138504
28226,2024,4,0.13312941789627075
28229,2024,1,0.0030516216065734625
28229,2024,2,0.0022510478738695383
28229,2024,3,0.000883178086951375
28229,2024,4,0.0019851119723170996
28237,2024,1,0.003990109544247389
28237,2024,2,0.0030220388434827328
28237,2024,3,0.0011454657651484013
28237,2024,4,0.0025935089215636253
28259,2024,1,0.18089985847473145
28259,2024,2,0.18406322598457336
28259,2024,3,0.062149107456207275
28259,2024,4,0.12189684063196182
28268,2024,1,0.1357504278421402
28268,2024,2,0.1379140019416809
28268,2024,3,0.041287049651145935
28268,2024,4,0.0891285166144371
28271,2024,1,0.003467399161309004
28271,2024,2,0.0025896825827658176
28271,2024,3,0.0009993095882236958
28271,2024,4,0.002253092359751463
28285,2024,1,0.28251078724861145
28285,2024,2,0.2888181507587433
28285,2024,3,0.11612143367528915
28285,2024,4,0.20256739854812622
28304,2024,1,0.0027537676505744457
28304,2024,2,0.0020108658354729414
28304,2024,3,0.0007986647542566061
28304,2024,4,0.0017914511263370514
28319,2024,1,0.00426959153264761
28319,2024,2,0.00324671296402812
28319,2024,3,0.0012302560498937964
28319,2024,4,0.0027748863212764263
28321,2024,1,0.002783631905913353
28321,2024,2,0.0020359791815280914
28321,2024,3,0.0008061060798354447
28321,2024,4,0.0018102920148521662
28323,2024,1,0.0032740398310124874
28323,2024,2,0.002431756816804409
28323,2024,3,0.000944301369599998
28323,2024,4,0.002127127954736352
28331,2024,1,0.002034624107182026
28331,2024,2,0.0014377187471836805
28331,2024,3,0.000604969565756619
28331,2024,4,0.0013383965706452727
28339,2024,1,0.0015671155415475368
28339,2024,2,0.0010843793861567974
28339,2024,3,0.00046012678649276495
28339,2024,4,0.0010209946194663644
28341,2024,1,0.21480867266654968
28341,2024,2,0.21940715610980988
28341,2024,3,0.07888970524072647
28341,2024,4,0.14908862113952637
28342,2024,1,0.0034885434433817863
28342,2024,2,0.002604412380605936
28342,2024,3,0.0010065112728625536
28342,2024,4,0.0022656286600977182
28344,2024,1,0.0016455398872494698
28344,2024,2,0.0011442899703979492
28344,2024,3,0.0004821603652089834
28344,2024,4,0.0010717068798840046
28346,2024,1,0.0017515821382403374
28346,2024,2,0.0012243969831615686
28346,2024,3,0.0005132247461006045
28346,2024,4,0.0011406793491914868
28349,2024,1,0.003777600359171629
28349,2024,2,0.002846462419256568
28349,2024,3,0.001086267177015543
28349,2024,4,0.002456716261804104
28354,2024,1,0.004254323896020651
28354,2024,2,0.003241346450522542
28354,2024,3,0.0012161051854491234
28354,2024,4,0.0027571478858590126
28356,2024,1,0.0016007337253540754
28356,2024,2,0.0011075467336922884
28356,2024,3,0.000471978128189221
28356,2024,4,0.0010438266908749938
28359,2024,1,0.001732967677526176
28359,2024,2,0.001210570684634149
28359,2024,3,0.000508010620251298
28359,2024,4,0.001129085198044777
28360,2024,1,0.00074100645724684
28360,2024,2,0.0004771485400851816
28360,2024,3,0.00022033409914001822
28360,2024,4,0.0004829020763281733
28362,2024,1,0.002698278520256281
28362,2024,2,0.001967368181794882
28362,2024,3,0.0007827212102711201
28362,2024,4,0.0017556496895849705
28365,2024,1,0.0018198753241449594
28365,2024,2,0.001278889481909573
28365,2024,3,0.0005307432729750872
28365,2024,4,0.001184239867143333
28373,2024,1,0.002189934253692627
28373,2024,2,0.0015667874831706285
28373,2024,3,0.0006368874455802143
28373,2024,4,0.001425877446308732
28390,2024,1,0.002471782034263015
28390,2024,2,0.0017869350267574191
28390,2024,3,0.000718602619599551
28390,2024,4,0.0016086420509964228
28393,2024,1,0.3154727816581726
28393,2024,2,0.3198278248310089
28393,2024,3,0.13716986775398254
28393,2024,4,0.2289057970046997
28415,2024,1,0.001710600801743567
28415,2024,2,0.0011937831295654178
28415,2024,3,0.0005011370521970093
28415,2024,4,0.0011139202397316694
28450,2024,1,0.0023639961145818233
28450,2024,2,0.0016990492586046457
28450,2024,3,0.0006907407660037279
28450,2024,4,0.0015389517648145556
28454,2024,1,0.001953449100255966
28454,2024,2,0.0013814483536407351
28454,2024,3,0.000569439958781004
28454,2024,4,0.0012710458831861615
28478,2024,1,0.13601192831993103
28478,2024,2,0.1381797343492508
28478,2024,3,0.04140011966228485
28478,2024,4,0.08932037651538849
28480,2024,1,0.0025033350102603436
28480,2024,2,0.0018123812042176723
28480,2024,3,0.0007270239875651896
28480,2024,4,0.001628767466172576
28483,2024,1,0.0010405813809484243
28483,2024,2,0.0006922261090949178
28483,2024,3,0.0003079810121562332
28483,2024,4,0.0006784341530874372
28484,2024,1,0.0032572271302342415
28484,2024,2,0.0024172691628336906
28484,2024,3,0.0009404793381690979
28484,2024,4,0.002115716692060232
28489,2024,1,0.2596572935581207
28489,2024,2,0.26359543204307556
28489,2024,3,0.10461089015007019
28489,2024,4,0.1841779202222824
28492,2024,1,0.0019886961672455072
28492,2024,2,0.0014077582163736224
28492,2024,3,0.0005815782933495939
28492,2024,4,0.0012955234851688147
28493,2024,1,0.006197282113134861
28493,2024,2,0.004883549176156521
28493,2024,3,0.0017672029789537191
28493,2024,4,0.0040177153423428535
28496,2024,1,0.0007466742536053061
28496,2024,2,0.0004829738463740796
28496,2024,3,0.00021967623615637422
28496,2024,4,0.00048505820450372994
28507,2024,1,0.13565443456172943
28507,2024,2,0.13781502842903137
28507,2024,3,0.041243914514780045
28507,2024,4,0.08904993534088135
28508,2024,1,0.0035680343862622976
28508,2024,2,0.002665582811459899
28508,2024,3,0.0010307421907782555
28508,2024,4,0.002321328967809677
28512,2024,1,0.0017736924346536398
28512,2024,2,0.0012428585905581713
28512,2024,3,0.0005181768792681396
28512,2024,4,0.0011540839914232492
28516,2024,1,0.0017546580638736486
28516,2024,2,0.0012281243689358234
28516,2024,3,0.000513109378516674
28516,2024,4,0.0011424695840105414
28520,2024,1,0.13684816658496857
28520,2024,2,0.13903215527534485
28520,2024,3,0.04176734760403633
28520,2024,4,0.08995960652828217
28543,2024,1,0.0028937021270394325
28543,2024,2,0.0021250753197818995
28543,2024,3,0.0008362990338355303
28543,2024,4,0.00188048358540982
28548,2024,1,0.006121521349996328
28548,2024,2,0.004812000319361687
28548,2024,3,0.0017508098389953375
28548,2024,4,0.003969683311879635
28549,2024,1,0.0022349893115460873
28549,2024,2,0.0016001592157408595
28549,2024,3,0.0006514561246149242
28549,2024,4,0.0014552583452314138
28553,2024,1,0.2829667031764984
28553,2024,2,0.2871300280094147
28553,2024,3,0.11757463961839676
28553,2024,4,0.20239689946174622
28555,2024,1,0.0033990952651947737
28555,2024,2,0.0025335936807096004
28555,2024,3,0.0009809366893023252
28555,2024,4,0.002209581434726715
28561,2024,1,0.13606858253479004
28561,2024,2,0.1382373571395874
28561,2024,3,0.04142452031373978
28561,2024,4,0.08936169743537903
28566,2024,1,0.16039498150348663
28566,2024,2,0.16216695308685303
28566,2024,3,0.052435167133808136
28566,2024,4,0.10671979188919067
28581,2024,1,0.0017511501209810376
28581,2024,2,0.0012228777632117271
28581,2024,3,0.0005147241754457355
28581,2024,4,0.001140999374911189
28585,2024,1,0.13584470748901367
28585,2024,2,0.13801096379756927
28585,2024,3,0.041327957063913345
28585,2024,4,0.08919849991798401
28586,2024,1,0.002421861980110407
28586,2024,2,0.001749902730807662
28586,2024,3,0.0007018236792646348
28586,2024,4,0.001575653557665646
28597,2024,1,0.14160576462745667
28597,2024,2,0.14793410897254944
28597,2024,3,0.04347895085811615
28597,2024,4,0.09650354087352753
28600,2024,1,0.0028153983876109123
28600,2024,2,0.0020608254708349705
28600,2024,3,0.0008162118610925972
28600,2024,4,0.0018316996283829212
28619,2024,1,0.0006427836488001049
28619,2024,2,0.0004082357627339661
28619,2024,3,0.00019169790903106332
28619,2024,4,0.0004190573818050325
28623,2024,1,0.17149126529693604
28623,2024,2,0.17424465715885162
28623,2024,3,0.05766567960381508
28623,2024,4,0.11524374783039093
28627,2024,1,0.0015079800505191088
28627,2024,2,0.0010410493705421686
28627,2024,3,0.00044071004958823323
28627,2024,4,0.0009804144501686096
28630,2024,1,0.0013013419229537249
28630,2024,2,0.0008848430006764829
28630,2024,3,0.00038310326635837555
28630,2024,4,0.0008479060488753021
28637,2024,1,0.00204590056091547
28637,2024,2,0.0014526245649904013
28637,2024,3,0.0005964948795735836
28637,2024,4,0.0013317319098860025
28638,2024,1,0.1940353661775589
28638,2024,2,0.1972891241312027
28638,2024,3,0.06879917532205582
28638,2024,4,0.1334109902381897
28649,2024,1,0.0027605565264821053
28649,2024,2,0.002019306877627969
28649,2024,3,0.0008016567444428802
28649,2024,4,0.0018011827487498522
28653,2024,1,0.0028125313110649586
28653,2024,2,0.0020535066723823547
28653,2024,3,0.0008191745728254318
28653,2024,4,0.0018298706272616982
28654,2024,1,0.0028218692168593407
28654,2024,2,0.002067051362246275
28654,2024,3,0.000816099694930017
28654,2024,4,0.0018337778747081757
28669,2024,1,0.13584688305854797
28669,2024,2,0.13801316916942596
28669,2024,3,0.041328467428684235
28669,2024,4,0.08919939398765564
28679,2024,1,0.004593008663505316
28679,2024,2,0.003523737657815218
28679,2024,3,0.001313268207013607
28679,2024,4,0.0029793810099363327
28684,2024,1,0.001701274886727333
28684,2024,2,0.0011869717855006456
28684,2024,3,0.000498252222314477
28684,2024,4,0.0011077318340539932
28693,2024,1,0.0015671775909140706
28693,2024,2,0.0010869326069951057
28693,2024,3,0.00045778340427204967
28693,2024,4,0.0010209620231762528
28697,2024,1,0.13617229461669922
28697,2024,2,0.13834278285503387
28697,2024,3,0.041470203548669815
28697,2024,4,0.08944171667098999
28703,2024,1,0.012302396818995476
28703,2024,2,0.010336027480661869
28703,2024,3,0.003455878933891654
28703,2024,4,0.007957189343869686
28707,2024,1,0.001728493021801114
28707,2024,2,0.0012073781108483672
28707,2024,3,0.0005062081618234515
28707,2024,4,0.0011254727141931653
28721,2024,1,0.45218992233276367
28721,2024,2,0.4560488164424896
28721,2024,3,0.23024098575115204
28721,2024,4,0.346266508102417
28723,2024,1,0.22138524055480957
28723,2024,2,0.22624331712722778
28723,2024,3,0.08268795907497406
28723,2024,4,0.15435928106307983
28733,2024,1,0.004846314899623394
28733,2024,2,0.003735465230420232
28733,2024,3,0.00138853641692549
28733,2024,4,0.0031477934680879116
28744,2024,1,0.44588837027549744
28744,2024,2,0.45039817690849304
28744,2024,3,0.22579027712345123
28744,2024,4,0.3425378203392029
28745,2024,1,0.17692208290100098
28745,2024,2,0.1807214617729187
28745,2024,3,0.059964120388031006
28745,2024,4,0.11795483529567719
28747,2024,1,0.0008671280811540782
28747,2024,2,0.000566339585930109
28747,2024,3,0.00025774529785849154
28747,2024,4,0.0005653852131217718
28749,2024,1,0.16780996322631836
28749,2024,2,0.1709621548652649
28749,2024,3,0.05592582747340202
28749,2024,4,0.11272206902503967
28752,2024,1,0.0023865033872425556
28752,2024,2,0.0017193735111504793
28752,2024,3,0.0006939501035958529
28752,2024,4,0.0015527056530117989
28755,2024,1,0.0017721394542604685
28755,2024,2,0.0012409663759171963
28755,2024,3,0.0005169276264496148
28755,2024,4,0.001150880241766572
28756,2024,1,0.16806036233901978
28756,2024,2,0.17153635621070862
28756,2024,3,0.05583551526069641
28756,2024,4,0.11274562776088715
28775,2024,1,0.17278192937374115
28775,2024,2,0.1744983196258545
28775,2024,3,0.05841407924890518
28775,2024,4,0.11576982587575912
28780,2024,1,0.0029924032278358936
28780,2024,2,0.0022048575337976217
28780,2024,3,0.0008645340567454696
28780,2024,4,0.0019456488080322742
28809,2024,1,0.15508398413658142
28809,2024,2,0.15978284180164337
28809,2024,3,0.04962701350450516
28809,2024,4,0.1049322783946991
28823,2024,1,0.0022165931295603514
28823,2024,2,0.001586299273185432
28823,2024,3,0.0006451900699175894
28823,2024,4,0.0014423936372622848
28832,2024,1,0.19499345123767853
28832,2024,2,0.19634298980236053
28832,2024,3,0.06987200677394867
28832,2024,4,0.13301891088485718
28833,2024,1,0.0041204397566616535
28833,2024,2,0.003123646602034569
28833,2024,3,0.0011869976297020912
28833,2024,4,0.0026776916347444057
28840,2024,1,0.0015774925705045462
28840,2024,2,0.0010926369577646255
28840,2024,3,0.00046252895845100284
28840,2024,4,0.0010272362269461155
28857,2024,1,0.3637092113494873
28857,2024,2,0.3700900971889496
28857,2024,3,0.16744618117809296
28857,2024,4,0.27122583985328674
28859,2024,1,0.15670180320739746
28859,2024,2,0.15928269922733307
28859,2024,3,0.05055917799472809
28859,2024,4,0.10414152592420578
28860,2024,1,0.27001532912254333
28860,2024,2,0.2743997275829315
28860,2024,3,0.10985977947711945
28860,2024,4,0.19250041246414185
28872,2024,1,0.0016631681937724352
28872,2024,2,0.0011575312819331884
28872,2024,3,0.0004877897445112467
28872,2024,4,0.0010834254790097475
28878,2024,1,0.0014633734244853258
28878,2024,2,0.0010080564534291625
28878,2024,3,0.00042845209827646613
28878,2024,4,0.0009542666375637054
28882,2024,1,0.0017435218906030059
28882,2024,2,0.0012188215041533113
28882,2024,3,0.00051156833069399
28882,2024,4,0.0011371803702786565
28884,2024,1,0.001659656991250813
28884,2024,2,0.0011552763171494007
28884,2024,3,0.0004861565539613366
28884,2024,4,0.0010808426886796951
28906,2024,1,0.0028359047137200832
28906,2024,2,0.0020763101056218147
28906,2024,3,0.0008233045227825642
28906,2024,4,0.001846017548814416
28911,2024,1,0.0019042319618165493
28911,2024,2,0.0013436871813610196
28911,2024,3,0.0005558582488447428
28911,2024,4,0.0012396681122481823
28932,2024,1,0.0026732683181762695
28932,2024,2,0.001949042547494173
28932,2024,3,0.0007734186365269125
28932,2024,4,0.00173774897120893
28938,2024,1,0.0019246549345552921
28938,2024,2,0.0013581470120698214
28938,2024,3,0.0005630146479234099
28938,2024,4,0.0012536866124719381
28949,2024,1,0.0035001051146537066
28949,2024,2,0.0026061495300382376
28949,2024,3,0.0010211848421022296
28949,2024,4,0.0022823174949735403
28955,2024,1,0.36396706104278564
28955,2024,2,0.3696247339248657
28955,2024,3,0.16765668988227844
28955,2024,4,0.2699567973613739
28963,2024,1,0.0019579275976866484
28963,2024,2,0.0013886898523196578
28963,2024,3,0.000569078023545444
28963,2024,4,0.0012753910850733519
28967,2024,1,0.41522932052612305
28967,2024,2,0.41634130477905273
28967,2024,3,0.20515677332878113
28967,2024,4,0.3109785318374634
28968,2024,1,0.0021107837092131376
28968,2024,2,0.0015040470752865076
28968,2024,3,0.0006143362261354923
28968,2024,4,0.0013732280349358916
28977,2024,1,0.0037905829958617687
28977,2024,2,0.0028495548758655787
28977,2024,3,0.0010954375611618161
28977,2024,4,0.0024639107286930084
29003,2024,1,0.002131957095116377
29003,2024,2,0.001519280718639493
29003,2024,3,0.0006210643914528191
29003,2024,4,0.0013870238326489925
29028,2024,1,0.001651201630011201
29028,2024,2,0.0011482490226626396
29028,2024,3,0.0004848763346672058
29028,2024,4,0.0010762341553345323
29029,2024,1,0.1361987292766571
29029,2024,2,0.13837116956710815
29029,2024,3,0.04148288071155548
29029,2024,4,0.08946703374385834
29031,2024,1,0.1356770396232605
29031,2024,2,0.1378381997346878
29031,2024,3,0.041253603994846344
29031,2024,4,0.08906577527523041
29038,2024,1,0.3578861355781555
29038,2024,2,0.36932337284088135
29038,2024,3,0.16239149868488312
29038,2024,4,0.2697601616382599
29044,2024,1,0.004446156322956085
29044,2024,2,0.0033997150603681803
29044,2024,3,0.0012711613671854138
29044,2024,4,0.002882118336856365
29057,2024,1,0.006347990594804287
29057,2024,2,0.005019109696149826
29057,2024,3,0.0018066398333758116
29057,2024,4,0.004117803648114204
29063,2024,1,0.002383788116276264
29063,2024,2,0.001723762834444642
29063,2024,3,0.0006863269954919815
29063,2024,4,0.0015501284506171942
29070,2024,1,0.1359158307313919
29070,2024,2,0.13808083534240723
29070,2024,3,0.041358642280101776
29070,2024,4,0.08924809098243713
29077,2024,1,0.1588033139705658
29077,2024,2,0.16243356466293335
29077,2024,3,0.0513676218688488
29077,2024,4,0.10635551810264587
29084,2024,1,0.002996431663632393
29084,2024,2,0.0022055143490433693
29084,2024,3,0.0008685548091307282
29084,2024,4,0.0019494881853461266
29090,2024,1,0.0017117505194619298
29090,2024,2,0.0011944470461457968
29090,2024,3,0.0005020882235839963
29090,2024,4,0.001115503255277872
29103,2024,1,0.0026266637723892927
29103,2024,2,0.0019092329312115908
29103,2024,3,0.0007635984220542014
29103,2024,4,0.0017095634248107672
29106,2024,1,0.005227648187428713
29106,2024,2,0.004056879319250584
29106,2024,3,0.0014945466537028551
29106,2024,4,0.003392196260392666
29127,2024,1,0.0015570231480523944
29127,2024,2,0.0010768785141408443
29127,2024,3,0.00045711369602940977
29127,2024,4,0.001014405395835638
29129,2024,1,0.0015028262278065085
29129,2024,2,0.0010355673730373383
29129,2024,3,0.00044157510274089873
29129,2024,4,0.0009788466850295663
29132,2024,1,0.002993831178173423
29132,2024,2,0.002202564850449562
29132,2024,3,0.0008684635395184159
29132,2024,4,0.0019477088935673237
29161,2024,1,0.003939742222428322
29161,2024,2,0.002975772600620985
29161,2024,3,0.0011352597502991557
29161,2024,4,0.002560908440500498
29194,2024,1,0.000572581950109452
29194,2024,2,0.00035938507062382996
29194,2024,3,0.00017134397057816386
29194,2024,4,0.0003733192279469222
29201,2024,1,0.00198205909691751
29201,2024,2,0.0014024231350049376
29201,2024,3,0.0005798916099593043
29201,2024,4,0.0012913361424580216
29202,2024,1,0.0018863142468035221
29202,2024,2,0.0013285833410918713
29202,2024,3,0.0005520260310731828
29202,2024,4,0.001228890847414732
29221,2024,1,0.1627633273601532
29221,2024,2,0.16541369259357452
29221,2024,3,0.05340307205915451
29221,2024,4,0.10882648825645447
29228,2024,1,0.0019137895433232188
29228,2024,2,0.001349985715933144
29228,2024,3,0.0005592326051555574
29228,2024,4,0.0012460658326745033
29231,2024,1,0.30097252130508423
29231,2024,2,0.30614495277404785
29231,2024,3,0.12807704508304596
29231,2024,4,0.2170327603816986
29241,2024,1,0.32798147201538086
29241,2024,2,0.333071768283844
29241,2024,3,0.1444370448589325
29241,2024,4,0.23974552750587463
29249,2024,1,0.0030044098384678364
29249,2024,2,0.002209590980783105
29249,2024,3,0.0008732568239793181
29249,2024,4,0.0019555033650249243
29252,2024,1,0.1689915955066681
29252,2024,2,0.17128005623817444
29252,2024,3,0.05676811933517456
29252,2024,4,0.1127605140209198
29256,2024,1,0.002447753679007292
29256,2024,2,0.0017680356977507472
29256,2024,3,0.0007120231748558581
29256,2024,4,0.0015935162082314491
29267,2024,1,0.23078183829784393
29267,2024,2,0.2369297295808792
29267,2024,3,0.0871879905462265
29267,2024,4,0.16288980841636658
29270,2024,1,0.0023223357275128365
29270,2024,2,0.0016652279300615191
29270,2024,3,0.0006780888652428985
29270,2024,4,0.001505109015852213
29272,2024,1,0.0018385581206530333
29272,2024,2,0.0012924530310556293
29272,2024,3,0.0005372629966586828
29272,2024,4,0.001196961384266615
29276,2024,1,0.2341691255569458
29276,2024,2,0.23686832189559937
29276,2024,3,0.09016196429729462
29276,2024,4,0.16247907280921936
29277,2024,1,0.0017676097340881824
29277,2024,2,0.001237922115251422
29277,2024,3,0.000517128559295088
29277,2024,4,0.0011510245967656374
29281,2024,1,0.15725275874137878
29281,2024,2,0.15975633263587952
29281,2024,3,0.05096379667520523
29281,2024,4,0.10512104630470276
29284,2024,1,0.5160551071166992
29284,2024,2,0.5198849439620972
29284,2024,3,0.2798118591308594
29284,2024,4,0.4038412868976593
29287,2024,1,0.0016553730238229036
29287,2024,2,0.0011521164560690522
29287,2024,3,0.0004846409137826413
29287,2024,4,0.0010779219446703792
29288,2024,1,0.0022570528090000153
29288,2024,2,0.00161830335855484
29288,2024,3,0.0006560318870469928
29288,2024,4,0.0014682421460747719
29289,2024,1,0.005364734213799238
29289,2024,2,0.004171270877122879
29289,2024,3,0.0015347390435636044
29289,2024,4,0.0034815692342817783
29296,2024,1,0.0019146825652569532
29296,2024,2,0.001351413200609386
29296,2024,3,0.0005588249186985195
29296,2024,4,0.0012463706079870462
29305,2024,1,0.0018196613527834415
29305,2024,2,0.001277473638765514
29305,2024,3,0.0005322356591932476
29305,2024,4,0.0011847252026200294
29308,2024,1,0.0033550059888511896
29308,2024,2,0.0024967696517705917
29308,2024,3,0.0009686920093372464
29308,2024,4,0.0021809758618474007
29321,2024,1,0.32228896021842957
29321,2024,2,0.3289608359336853
29321,2024,3,0.1402471661567688
29321,2024,4,0.2363821268081665
29322,2024,1,0.0023698806762695312
29322,2024,2,0.001708713360130787
29322,2024,3,0.0006885073962621391
29322,2024,4,0.001542466226965189
29323,2024,1,0.196682408452034
29323,2024,2,0.19991591572761536
29323,2024,3,0.07049492746591568
29323,2024,4,0.1349688470363617
29327,2024,1,0.2839513421058655
29327,2024,2,0.2888492941856384
29327,2024,3,0.11791165173053741
29327,2024,4,0.20339003205299377
29331,2024,1,0.4643760919570923
29331,2024,2,0.4664488136768341
29331,2024,3,0.2410522848367691
29331,2024,4,0.35762539505958557
29332,2024,1,0.1633332222700119
29332,2024,2,0.16380344331264496
29332,2024,3,0.05394502356648445
29332,2024,4,0.10818743705749512
29333,2024,1,0.17198708653450012
29333,2024,2,0.1724053919315338
29333,2024,3,0.05807254835963249
29333,2024,4,0.11437448114156723
29343,2024,1,0.0020082956179976463
29343,2024,2,0.0014266754733398557
29343,2024,3,0.000583467073738575
29343,2024,4,0.0013075729366391897
29362,2024,1,0.0035176395904272795
29362,2024,2,0.0026313671842217445
29362,2024,3,0.001013861270621419
29362,2024,4,0.002286382718011737
29366,2024,1,0.0023302999325096607
29366,2024,2,0.001675692037679255
29366,2024,3,0.0006776509108021855
29366,2024,4,0.0015167046803981066
29375,2024,1,0.0014556129463016987
29375,2024,2,0.0010007938835769892
29375,2024,3,0.0004271241487003863
29375,2024,4,0.0009479480213485658
29379,2024,1,0.0020499643869698048
29379,2024,2,0.001455056481063366
29379,2024,3,0.0005981926806271076
29379,2024,4,0.0013342630118131638
29390,2024,1,0.0017060947138816118
29390,2024,2,0.001190671813674271
29390,2024,3,0.0004994086339138448
29390,2024,4,0.0011110864579677582
29397,2024,1,0.0015281655360013247
29397,2024,2,0.0010534434113651514
29397,2024,3,0.0004501897201407701
29397,2024,4,0.0009959553135558963
29400,2024,1,0.1357218325138092
29400,2024,2,0.1378842294216156
29400,2024,3,0.041274577379226685
29400,2024,4,0.08910682797431946
29407,2024,1,0.0027770448941737413
29407,2024,2,0.0020224188920110464
29407,2024,3,0.0008110057096928358
29407,2024,4,0.0018117872532457113
29416,2024,1,0.005074572749435902
29416,2024,2,0.003925876226276159
29416,2024,3,0.0014510953333228827
29416,2024,4,0.003292487468570471
29423,2024,1,0.13570190966129303
29423,2024,2,0.1378633677959442
29423,2024,3,0.04126425459980965
29423,2024,4,0.08908279240131378
29432,2024,1,0.001470396644435823
29432,2024,2,0.0010123238898813725
29432,2024,3,0.0004311503726057708
29432,2024,4,0.0009578067110851407
29440,2024,1,0.0013767923228442669
29440,2024,2,0.0009410849306732416
29440,2024,3,0.00040495445136912167
29440,2024,4,0.0008970120688900352
29502,2024,1,0.17656758427619934
29502,2024,2,0.18062558770179749
29502,2024,3,0.05978793650865555
29502,2024,4,0.11926088482141495
29507,2024,1,0.0008353113662451506
29507,2024,2,0.0005433073383755982
29507,2024,3,0.00024905154714360833
29507,2024,4,0.000544991169590503
29519,2024,1,0.0022328835912048817
29519,2024,2,0.0015988998347893357
29519,2024,3,0.0006501751486212015
29519,2024,4,0.0014532665954902768
29526,2024,1,0.0015967626823112369
29526,2024,2,0.0011070797918364406
29526,2024,3,0.0004683358420152217
29526,2024,4,0.0010400288738310337
29530,2024,1,0.001532386289909482
29530,2024,2,0.0010590417077764869
29530,2024,3,0.0004493160522542894
29530,2024,4,0.000998624716885388
29533,2024,1,0.15312471985816956
29533,2024,2,0.15423575043678284
29533,2024,3,0.04907171428203583
29533,2024,4,0.10064386576414108
29545,2024,1,0.1362859606742859
29545,2024,2,0.13846220076084137
29545,2024,3,0.041519783437252045
29545,2024,4,0.08952382206916809
29555,2024,1,0.0020493122283369303
29555,2024,2,0.0014519169926643372
29555,2024,3,0.0006036250269971788
29555,2024,4,0.001339534530416131
29556,2024,1,0.26375454664230347
29556,2024,2,0.270379900932312
29556,2024,3,0.10537537932395935
29556,2024,4,0.1904408484697342
29558,2024,1,0.1323186755180359
29558,2024,2,0.13442406058311462
29558,2024,3,0.039810314774513245
29558,2024,4,0.08666190505027771
29559,2024,1,0.0027129193767905235
29559,2024,2,0.0019782695453613997
29559,2024,3,0.0007876373128965497
29559,2024,4,0.0017653298564255238
29560,2024,1,0.28507471084594727
29560,2024,2,0.2892354428768158
29560,2024,3,0.11881303042173386
29560,2024,4,0.2040511667728424
29563,2024,1,0.5981672406196594
29563,2024,2,0.5980809926986694
29563,2024,3,0.34917765855789185
29563,2024,4,0.4804134964942932
29565,2024,1,0.16622421145439148
29565,2024,2,0.16964110732078552
29565,2024,3,0.05502140522003174
29565,2024,4,0.1117904931306839
29576,2024,1,0.29418766498565674
29576,2024,2,0.2954593896865845
29576,2024,3,0.12523427605628967
29576,2024,4,0.20969611406326294
29580,2024,1,0.14186173677444458
29580,2024,2,0.14427874982357025
29580,2024,3,0.04395894706249237
29580,2024,4,0.09322071075439453
29589,2024,1,0.3302290141582489
29589,2024,2,0.33390718698501587
29589,2024,3,0.14613498747348785
29589,2024,4,0.23908407986164093
29604,2024,1,0.00461923610419035
29604,2024,2,0.0035573067143559456
29604,2024,3,0.0013144476106390357
29604,2024,4,0.0029986524023115635
29609,2024,1,0.0014257226139307022
29609,2024,2,0.0009781001135706902
29609,2024,3,0.0004187679151073098
29609,2024,4,0.0009286552085541189
29611,2024,1,0.1357513666152954
29611,2024,2,0.13791340589523315
29611,2024,3,0.04128655418753624
29611,2024,4,0.08912355452775955
29624,2024,1,0.002767881378531456
29624,2024,2,0.002021223306655884
29624,2024,3,0.0008046742295846343
29624,2024,4,0.0018025505123659968
29642,2024,1,0.3972102999687195
29642,2024,2,0.40259286761283875
29642,2024,3,0.19080579280853271
29642,2024,4,0.2981623709201813
29660,2024,1,0.0012118126032873988
29660,2024,2,0.0008187565254047513
29660,2024,3,0.00035678420681506395
29660,2024,4,0.0007893795846030116
29702,2024,1,0.004685348831117153
29702,2024,2,0.003597069066017866
29702,2024,3,0.0013443747302517295
29702,2024,4,0.0030427072197198868
29710,2024,1,0.0026847016997635365
29710,2024,2,0.0019561389926820993
29710,2024,3,0.0007793505792506039
29710,2024,4,0.0017470174934715033
29726,2024,1,0.0015281494706869125
29726,2024,2,0.001055140164680779
29726,2024,3,0.0004487500118557364
29726,2024,4,0.0009957158472388983
29734,2024,1,0.0014133630320429802
29734,2024,2,0.0009684623219072819
29734,2024,3,0.0004157028452027589
29734,2024,4,0.0009208869887515903
29737,2024,1,0.001918187364935875
29737,2024,2,0.0013557398924604058
29737,2024,3,0.0005578313721343875
29737,2024,4,0.0012476537376642227
29754,2024,1,0.0011541626881808043
29754,2024,2,0.0007859307806938887
29754,2024,3,0.00033103261375799775
29754,2024,4,0.0007512134616263211
29757,2024,1,0.0026365735102444887
29757,2024,2,0.0019164783880114555
29757,2024,3,0.0007648203754797578
29757,2024,4,0.001712921541184187
29760,2024,1,0.0011102317366749048
29760,2024,2,0.0007433627033606172
29760,2024,3,0.00032807764364406466
29760,2024,4,0.0007236631354317069
29765,2024,1,0.0024730940349400043
29765,2024,2,0.001787432236596942
29765,2024,3,0.0007200363324955106
29765,2024,4,0.0016102329827845097
29769,2024,1,0.0038141803815960884
29769,2024,2,0.0028732274658977985
29769,2024,3,0.0010977827478200197
29769,2024,4,0.0024778626393526793
29777,2024,1,0.0019808507058769464
29777,2024,2,0.0014030332677066326
29777,2024,3,0.0005772770382463932
29777,2024,4,0.0012892428785562515
29779,2024,1,0.14361757040023804
29779,2024,2,0.1465134471654892
29779,2024,3,0.04465572535991669
29779,2024,4,0.0951368659734726
29783,2024,1,0.28710389137268066
29783,2024,2,0.29197272658348083
29783,2024,3,0.11971159279346466
29783,2024,4,0.20610114932060242
29798,2024,1,0.003236598800867796
29798,2024,2,0.002400496741756797
29798,2024,3,0.000935043441131711
29798,2024,4,0.0021038330160081387
29801,2024,1,0.0039864834398031235
29801,2024,2,0.003017718903720379
29801,2024,3,0.0011445151176303625
29801,2024,4,0.00258855102583766
29806,2024,1,0.004341373685747385
29806,2024,2,0.0033120312727987766
29806,2024,3,0.0012449041241779923
29806,2024,4,0.0028188994619995356
29807,2024,1,0.0022790192160755396
29807,2024,2,0.0016376106068491936
29807,2024,3,0.0006617555045522749
29807,2024,4,0.0014847521670162678
29827,2024,1,0.0011117288377135992
29827,2024,2,0.0007494468591175973
29827,2024,3,0.00032386434031650424
29827,2024,4,0.0007245634915307164
29836,2024,1,0.002490946091711521
29836,2024,2,0.0018025930039584637
29836,2024,3,0.0007234224467538297
29836,2024,4,0.0016209323657676578
29842,2024,1,0.002062375657260418
29842,2024,2,0.0014656492276117206
29842,2024,3,0.0006015037070028484
29842,2024,4,0.0013428220991045237
29849,2024,1,0.01055375300347805
29849,2024,2,0.008742301724851131
29849,2024,3,0.0029665071051567793
29849,2024,4,0.006819586269557476
29853,2024,1,0.0016086290124803782
29853,2024,2,0.0011176987318322062
29853,2024,3,0.0004702112637460232
29853,2024,4,0.0010473603615537286
29858,2024,1,0.13625559210777283
29858,2024,2,0.13842907547950745
29858,2024,3,0.04150791093707085
29858,2024,4,0.08951091766357422
29875,2024,1,0.20204326510429382
29875,2024,2,0.2048265039920807
29875,2024,3,0.072878398001194
29875,2024,4,0.13816051185131073
29884,2024,1,0.0030938819982111454
29884,2024,2,0.0022862490732222795
29884,2024,3,0.000893603079020977
29884,2024,4,0.0020114637445658445
29899,2024,1,0.1361297369003296
29899,2024,2,0.1383013129234314
29899,2024,3,0.04145283252000809
29899,2024,4,0.08941664546728134
29902,2024,1,0.00468965619802475
29902,2024,2,0.0035904806572943926
29902,2024,3,0.0013501951470971107
29902,2024,4,0.0030415027868002653
29916,2024,1,0.0018035584362223744
29916,2024,2,0.0012651262804865837
29916,2024,3,0.0005277317832224071
29916,2024,4,0.0011746033560484648
29917,2024,1,0.0032343692146241665
29917,2024,2,0.0023991651833057404
29917,2024,3,0.0009344318532384932
29917,2024,4,0.0021034234669059515
29945,2024,1,0.2978059947490692
29945,2024,2,0.30548423528671265
29945,2024,3,0.12494979798793793
29945,2024,4,0.21549293398857117
29959,2024,1,0.13547062873840332
29959,2024,2,0.13762938976287842
29959,2024,3,0.041164882481098175
29959,2024,4,0.08891836553812027
29960,2024,1,0.1361827850341797
29960,2024,2,0.13835541903972626
29960,2024,3,0.04147540032863617
29960,2024,4,0.08945365250110626
29963,2024,1,0.002699534874409437
29963,2024,2,0.001967702992260456
29963,2024,3,0.0007836153963580728
29963,2024,4,0.0017560574924573302
29966,2024,1,0.5002290606498718
29966,2024,2,0.5078616738319397
29966,2024,3,0.26435351371765137
29966,2024,4,0.3919016718864441
29972,2024,1,0.1361527293920517
29972,2024,2,0.13832427561283112
29972,2024,3,0.041461795568466187
29972,2024,4,0.08942670375108719
29977,2024,1,0.002940730657428503
29977,2024,2,0.00216302159242332
29977,2024,3,0.0008499476825818419
29977,2024,4,0.001912629115395248
29996,2024,1,0.35198715329170227
29996,2024,2,0.3565078377723694
29996,2024,3,0.16034723818302155
29996,2024,4,0.2588341534137726
29997,2024,1,0.19663207232952118
29997,2024,2,0.19917720556259155
29997,2024,3,0.06996272504329681
29997,2024,4,0.13413271307945251
30007,2024,1,0.004065953195095062
30007,2024,2,0.003081761533394456
30007,2024,3,0.001168634626083076
30007,2024,4,0.0026411486323922873
30008,2024,1,0.005746903363615274
30008,2024,2,0.004500252660363913
30008,2024,3,0.001638268819078803
30008,2024,4,0.003727003000676632
30019,2024,1,0.2352299988269806
30019,2024,2,0.238739013671875
30019,2024,3,0.09036391973495483
30019,2024,4,0.16367551684379578
30033,2024,1,0.18650951981544495
30033,2024,2,0.19095905125141144
30033,2024,3,0.0644458457827568
30033,2024,4,0.12687326967716217
30038,2024,1,0.0017404083628207445
30038,2024,2,0.0012179192854091525
30038,2024,3,0.0005087118479423225
30038,2024,4,0.0011338603217154741
30058,2024,1,0.1360773742198944
30058,2024,2,0.13824637234210968
30058,2024,3,0.041428662836551666
30058,2024,4,0.08936992287635803
30070,2024,1,0.002690589986741543
30070,2024,2,0.0019619592931121588
30070,2024,3,0.0007796045392751694
30070,2024,4,0.0017499165842309594
30071,2024,1,0.001862586010247469
30071,2024,2,0.001311626983806491
30071,2024,3,0.0005432653124444187
30071,2024,4,0.0012118509039282799
30079,2024,1,0.0017483232077211142
30079,2024,2,0.0012225075624883175
30079,2024,3,0.0005124749150127172
30079,2024,4,0.00113911391235888
30080,2024,1,0.13602657616138458
30080,2024,2,0.1381949633359909
30080,2024,3,0.04140692949295044
30080,2024,4,0.08933334052562714
30082,2024,1,0.003492889227345586
30082,2024,2,0.0026063802652060986
30082,2024,3,0.0010104799875989556
30082,2024,4,0.0022711155470460653
30092,2024,1,0.0012902967864647508
30092,2024,2,0.0008768506813794374
30092,2024,3,0.00037981721106916666
30092,2024,4,0.0008408494177274406
30096,2024,1,0.002188311656937003
30096,2024,2,0.0015642502112314105
30096,2024,3,0.0006362278363667428
30096,2024,4,0.0014227858046069741
30126,2024,1,0.020562326535582542
30126,2024,2,0.018109075725078583
30126,2024,3,0.005697622895240784
30126,2024,4,0.013241216540336609
30131,2024,1,0.0023291681427508593
30131,2024,2,0.0016746011096984148
30131,2024,3,0.0006772283813916147
30131,2024,4,0.0015154737047851086
30135,2024,1,0.004530258476734161
30135,2024,2,0.0034645881969481707
30135,2024,3,0.0013004434294998646
30135,2024,4,0.0029388698749244213
30139,2024,1,0.14503547549247742
30139,2024,2,0.1475927084684372
30139,2024,3,0.04523888975381851
30139,2024,4,0.09568750858306885
30142,2024,1,0.0026806113310158253
30142,2024,2,0.0019531764555722475
30142,2024,3,0.0007772967219352722
30142,2024,4,0.0017434798646718264
30150,2024,1,0.0027122790925204754
30150,2024,2,0.001980746164917946
30150,2024,3,0.0007839783793315291
30150,2024,4,0.0017630911897867918
30151,2024,1,0.001755397068336606
30151,2024,2,0.001228397712111473
30151,2024,3,0.0005136106628924608
30151,2024,4,0.001143042929470539
30166,2024,1,0.0018908280180767179
30166,2024,2,0.0013320804573595524
30166,2024,3,0.0005520303966477513
30166,2024,4,0.0012300218222662807
30169,2024,1,0.1511552929878235
30169,2024,2,0.1536400318145752
30169,2024,3,0.048389848321676254
30169,2024,4,0.10091136395931244
30177,2024,1,0.1354544758796692
30177,2024,2,0.13761098682880402
30177,2024,3,0.041156891733407974
30177,2024,4,0.08889918774366379
30188,2024,1,0.2490924596786499
30188,2024,2,0.2538696527481079
30188,2024,3,0.09776396304368973
30188,2024,4,0.17474520206451416
30193,2024,1,0.00207980046980083
30193,2024,2,0.001481959130614996
30193,2024,3,0.0006054672412574291
30193,2024,4,0.0013563069514930248
30199,2024,1,0.0034182732924818993
30199,2024,2,0.00254881102591753
30199,2024,3,0.0009856821270659566
30199,2024,4,0.002220952184870839
30206,2024,1,0.1510661095380783
30206,2024,2,0.15382343530654907
30206,2024,3,0.048118624836206436
30206,2024,4,0.10085011273622513
30213,2024,1,0.21051247417926788
30213,2024,2,0.21378585696220398
30213,2024,3,0.07709023356437683
30213,2024,4,0.14453820884227753
30214,2024,1,0.25686439871788025
30214,2024,2,0.25859564542770386
30214,2024,3,0.1029563695192337
30214,2024,4,0.17977184057235718
30220,2024,1,0.0012486285995692015
30220,2024,2,0.0008447030559182167
30220,2024,3,0.0003679190995171666
30220,2024,4,0.0008132332004606724
30222,2024,1,0.0035109417513012886
30222,2024,2,0.0026245261542499065
30222,2024,3,0.0010123358806595206
30222,2024,4,0.0022804848849773407
30225,2024,1,0.13576048612594604
30225,2024,2,0.13792511820793152
30225,2024,3,0.04129164665937424
30225,2024,4,0.08913807570934296
30252,2024,1,0.13542711734771729
30252,2024,2,0.13758394122123718
30252,2024,3,0.04114525765180588
30252,2024,4,0.08888088166713715
30256,2024,1,0.003994284197688103
30256,2024,2,0.003022294957190752
30256,2024,3,0.0011479967506602407
30256,2024,4,0.0025942064821720123
30264,2024,1,0.002622978063300252
30264,2024,2,0.0019078897312283516
30264,2024,3,0.0007602759869769216
30264,2024,4,0.0017058595549315214
30273,2024,1,0.13642197847366333
30273,2024,2,0.13859879970550537
30273,2024,3,0.04158002510666847
30273,2024,4,0.08963488042354584
30276,2024,1,0.0017058394150808454
30276,2024,2,0.0011899361852556467
30276,2024,3,0.0005000828532502055
30276,2024,4,0.0011109475744888186
30284,2024,1,0.002690006047487259
30284,2024,2,0.0019628815352916718
30284,2024,3,0.0007778253057040274
30284,2024,4,0.0017488454468548298
30320,2024,1,0.0029780149925500154
30320,2024,2,0.0021920218132436275
30320,2024,3,0.0008612816454842687
30320,2024,4,0.0019361915765330195
30328,2024,1,0.0015189669793471694
30328,2024,2,0.0010479324264451861
30328,2024,3,0.000446346472017467
30328,2024,4,0.0009897135896608233
30336,2024,1,0.0022695157676935196
30336,2024,2,0.0016271492931991816
30336,2024,3,0.0006609085248783231
30336,2024,4,0.0014768188120797276
30345,2024,1,0.0018167146481573582
30345,2024,2,0.001275529619306326
30345,2024,3,0.0005306538078002632
30345,2024,4,0.0011821702355518937
30376,2024,1,0.004337412305176258
30376,2024,2,0.0033089087810367346
30376,2024,3,0.0012417056132107973
30376,2024,4,0.002812662161886692
30380,2024,1,0.002134708222001791
30380,2024,2,0.0015242616645991802
30380,2024,3,0.0006226573023013771
30380,2024,4,0.001393195940181613
30390,2024,1,0.15992113947868347
30390,2024,2,0.16254961490631104
30390,2024,3,0.051994308829307556
30390,2024,4,0.10706520825624466
30396,2024,1,0.001995351631194353
30396,2024,2,0.0014134949306026101
30396,2024,3,0.0005823308601975441
30396,2024,4,0.001298912218771875
30416,2024,1,0.003342921147122979
30416,2024,2,0.0024882119614630938
30416,2024,3,0.0009635503520257771
30416,2024,4,0.0021716738119721413
30418,2024,1,0.1362006515264511
30418,2024,2,0.13837407529354095
30418,2024,3,0.04148375242948532
30418,2024,4,0.08946990221738815
30428,2024,1,0.30320578813552856
30428,2024,2,0.31051966547966003
30428,2024,3,0.1285734474658966
30428,2024,4,0.2218194603919983
30440,2024,1,0.0010724723106250167
30440,2024,2,0.0007159840315580368
30440,2024,3,0.0003169926640111953
30440,2024,4,0.0006994754076004028
30451,2024,1,0.0024204477667808533
30451,2024,2,0.0017458430957049131
30451,2024,3,0.0007041669450700283
30451,2024,4,0.001575195463374257
30463,2024,1,0.27791452407836914
30463,2024,2,0.28560298681259155
30463,2024,3,0.11321118474006653
30463,2024,4,0.19867387413978577
30464,2024,1,0.3943879008293152
30464,2024,2,0.39963671565055847
30464,2024,3,0.18877866864204407
30464,2024,4,0.2980395555496216
30465,2024,1,0.24845972657203674
30465,2024,2,0.253046452999115
30465,2024,3,0.09725724160671234
30465,2024,4,0.17548532783985138
30471,2024,1,0.0021325587294995785
30471,2024,2,0.0015178167959675193
30471,2024,3,0.0006237460765987635
30471,2024,4,0.0013892212882637978
30472,2024,1,0.4061948359012604
30472,2024,2,0.4130731225013733
30472,2024,3,0.19584554433822632
30472,2024,4,0.3106679916381836
30473,2024,1,0.4143810570240021
30473,2024,2,0.4212697446346283
30473,2024,3,0.2013665735721588
30473,2024,4,0.31394821405410767
30476,2024,1,0.0025476268492639065
30476,2024,2,0.0018493854440748692
30476,2024,3,0.000737435941118747
30476,2024,4,0.0016559571959078312
30477,2024,1,0.1666245460510254
30477,2024,2,0.16777724027633667
30477,2024,3,0.05554444342851639
30477,2024,4,0.11155951023101807
30480,2024,1,0.003579222597181797
30480,2024,2,0.0026797328609973192
30480,2024,3,0.0010318176355212927
30480,2024,4,0.0023259022273123264
30481,2024,1,0.002342041814699769
30481,2024,2,0.0016846933867782354
30481,2024,3,0.0006811785860918462
30481,2024,4,0.0015241227811202407
30482,2024,1,0.29107585549354553
30482,2024,2,0.2965788245201111
30482,2024,3,0.12218139320611954
30482,2024,4,0.20954051613807678
30483,2024,1,0.001989828422665596
30483,2024,2,0.0014085901202633977
30483,2024,3,0.0005814768373966217
30483,2024,4,0.0012954837875440717
30485,2024,1,0.1891002357006073
30485,2024,2,0.19170808792114258
30485,2024,3,0.06636186689138412
30485,2024,4,0.1287240982055664
30498,2024,1,0.0037670531310141087
30498,2024,2,0.0028506629168987274
30498,2024,3,0.0010744869941845536
30498,2024,4,0.002449476160109043
30502,2024,1,0.13649840652942657
30502,2024,2,0.1386752426624298
30502,2024,3,0.04161303490400314
30502,2024,4,0.08968806266784668
30508,2024,1,0.004352931398898363
30508,2024,2,0.003317534923553467
30508,2024,3,0.0012533236294984818
30508,2024,4,0.002830027136951685
30513,2024,1,0.13673242926597595
30513,2024,2,0.1389324963092804
30513,2024,3,0.04171118512749672
30513,2024,4,0.0898398905992508
30518,2024,1,0.2646878957748413
30518,2024,2,0.26725709438323975
30518,2024,3,0.10728734731674194
30518,2024,4,0.18822288513183594
30520,2024,1,0.20796775817871094
30520,2024,2,0.21180516481399536
30520,2024,3,0.07576557993888855
30520,2024,4,0.1430886685848236
30560,2024,1,0.0035889497958123684
30560,2024,2,0.002688982989639044
30560,2024,3,0.0010330062359571457
30560,2024,4,0.0023309264797717333
30571,2024,1,0.0022488879039883614
30571,2024,2,0.0016098831547424197
30571,2024,3,0.0006551474798470736
30571,2024,4,0.0014629517681896687
30576,2024,1,0.0020788037218153477
30576,2024,2,0.0014786376850679517
30576,2024,3,0.0006061418098397553
30576,2024,4,0.0013529992429539561
30577,2024,1,0.0021095615811645985
30577,2024,2,0.0015030985232442617
30577,2024,3,0.0006137260352261364
30577,2024,4,0.001371682737953961
30591,2024,1,0.0016384293558076024
30591,2024,2,0.0011393316090106964
30591,2024,3,0.0004798815934918821
30591,2024,4,0.0010669368784874678
30606,2024,1,0.0027679838240146637
30606,2024,2,0.0020043659023940563
30606,2024,3,0.000811820151284337
30606,2024,4,0.0017956336960196495
30607,2024,1,0.13614211976528168
30607,2024,2,0.13831183314323425
30607,2024,3,0.041456859558820724
30607,2024,4,0.08941739052534103
30614,2024,1,0.0014829589053988457
30614,2024,2,0.0010208992753177881
30614,2024,3,0.0004358487785793841
30614,2024,4,0.0009665735997259617
30620,2024,1,0.0030458583496510983
30620,2024,2,0.002246120711788535
30620,2024,3,0.0008808322018012404
30620,2024,4,0.001979837194085121
30632,2024,1,0.14467555284500122
30632,2024,2,0.14618194103240967
30632,2024,3,0.04528063163161278
30632,2024,4,0.09514610469341278
30636,2024,1,0.004578557331115007
30636,2024,2,0.003507079556584358
30636,2024,3,0.0013155648484826088
30636,2024,4,0.0029751902911812067
30638,2024,1,0.0019658165983855724
30638,2024,2,0.001390998251736164
30638,2024,3,0.0005732915597036481
30638,2024,4,0.0012793736532330513
30653,2024,1,0.4234856367111206
30653,2024,2,0.42654451727867126
30653,2024,3,0.20927008986473083
30653,2024,4,0.3211798667907715
30659,2024,1,0.005884826648980379
30659,2024,2,0.00461776927113533
30659,2024,3,0.0016782681923359632
30659,2024,4,0.003817794844508171
30663,2024,1,0.002491874387487769
30663,2024,2,0.0018050202634185553
30663,2024,3,0.0007247786270454526
30663,2024,4,0.0016217840602621436
30670,2024,1,0.366352915763855
30670,2024,2,0.37161925435066223
30670,2024,3,0.169642835855484
30670,2024,4,0.27186331152915955
30672,2024,1,0.005492415279150009
30672,2024,2,0.004277119413018227
30672,2024,3,0.0015765288844704628
30672,2024,4,0.003568706102669239
30679,2024,1,0.001596843940205872
30679,2024,2,0.0011083571007475257
30679,2024,3,0.00046780757838860154
30679,2024,4,0.0010407213121652603
30681,2024,1,0.1908244788646698
30681,2024,2,0.19355781376361847
30681,2024,3,0.06721773743629456
30681,2024,4,0.13010002672672272
30686,2024,1,0.0024512694217264652
30686,2024,2,0.0017707811202853918
30686,2024,3,0.00071239989483729
30686,2024,4,0.001595095731317997
30695,2024,1,0.0013323994353413582
30695,2024,2,0.0009082391625270247
30695,2024,3,0.0003917900030501187
30695,2024,4,0.0008679610909894109
30704,2024,1,0.001971789635717869
30704,2024,2,0.0013952641747891903
30704,2024,3,0.0005762178334407508
30704,2024,4,0.0012839959235861897
30708,2024,1,0.00270675728097558
30708,2024,2,0.001974572194740176
30708,2024,3,0.0007835971191525459
30708,2024,4,0.0017592674121260643
30717,2024,1,0.004791948013007641
30717,2024,2,0.0036863498389720917
30717,2024,3,0.0013749011559411883
30717,2024,4,0.003112480277195573
30721,2024,1,0.17998680472373962
30721,2024,2,0.18309102952480316
30721,2024,3,0.06163778156042099
30721,2024,4,0.12152038514614105
30725,2024,1,0.0030465044546872377
30725,2024,2,0.0022489281836897135
30725,2024,3,0.00087883195374161
30725,2024,4,0.0019798383582383394
30726,2024,1,0.003767606569454074
30726,2024,2,0.002835694933310151
30726,2024,3,0.0010844176867976785
30726,2024,4,0.002448669169098139
30732,2024,1,0.003499615006148815
30732,2024,2,0.002628717105835676
30732,2024,3,0.0009984105126932263
30732,2024,4,0.0022738829720765352
30734,2024,1,0.004019039683043957
30734,2024,2,0.0030429319012910128
30734,2024,3,0.0011557932011783123
30734,2024,4,0.002611391246318817
30736,2024,1,0.135774627327919
30736,2024,2,0.13793861865997314
30736,2024,3,0.04129587486386299
30736,2024,4,0.08913981914520264
30738,2024,1,0.13594192266464233
30738,2024,2,0.1381080150604248
30738,2024,3,0.04137009382247925
30738,2024,4,0.08926936984062195
30745,2024,1,0.0034892752300947905
30745,2024,2,0.002606502501294017
30745,2024,3,0.0010063450317829847
30745,2024,4,0.0022674892097711563
30747,2024,1,0.0029196632094681263
30747,2024,2,0.002144651720300317
30747,2024,3,0.0008449683664366603
30747,2024,4,0.0018984030466526747
30755,2024,1,0.0011904544662684202
30755,2024,2,0.0008023399859666824
30755,2024,3,0.00035127834416925907
30755,2024,4,0.0007758117280900478
30770,2024,1,0.003323326585814357
30770,2024,2,0.002464237157255411
30770,2024,3,0.0009700057562440634
30770,2024,4,0.0021679140627384186
30782,2024,1,0.0021029263734817505
30782,2024,2,0.0014970263000577688
30782,2024,3,0.0006139420438557863
30782,2024,4,0.0013701277785003185
30789,2024,1,0.22550976276397705
30789,2024,2,0.23020689189434052
30789,2024,3,0.08495202660560608
30789,2024,4,0.15717995166778564
30807,2024,1,0.0054189953953027725
30807,2024,2,0.004219443537294865
30807,2024,3,0.001547158695757389
30807,2024,4,0.0035152235068380833
30814,2024,1,0.00374202081002295
30814,2024,2,0.002825131407007575
30814,2024,3,0.0010687930043786764
30814,2024,4,0.0024338695220649242
30820,2024,1,0.0018809483153745532
30820,2024,2,0.0013253074139356613
30820,2024,3,0.0005492024938575923
30820,2024,4,0.0012244180543348193
30823,2024,1,0.00213381415233016
30823,2024,2,0.0015207851538434625
30823,2024,3,0.0006228357669897377
30823,2024,4,0.0013898706529289484
30840,2024,1,0.0022418610751628876
30840,2024,2,0.0016059941845014691
30840,2024,3,0.0006525064236484468
30840,2024,4,0.001459062797948718
30857,2024,1,0.0016757219564169645
30857,2024,2,0.0011665982892736793
30857,2024,3,0.0004910741117782891
30857,2024,4,0.001090706093236804
30870,2024,1,0.1358051300048828
30870,2024,2,0.137968972325325
30870,2024,3,0.041309766471385956
30870,2024,4,0.08916404098272324
30871,2024,1,0.001746577094309032
30871,2024,2,0.0012220568023622036
30871,2024,3,0.0005105168092995882
30871,2024,4,0.001137063023634255
30873,2024,1,0.009828552603721619
30873,2024,2,0.00807061418890953
30873,2024,3,0.002776641398668289
30873,2024,4,0.006353276781737804
30877,2024,1,0.0027039367705583572
30877,2024,2,0.001970902783796191
30877,2024,3,0.0007854645373299718
30877,2024,4,0.0017597523983567953
30879,2024,1,0.2678937315940857
30879,2024,2,0.27226102352142334
30879,2024,3,0.10837776958942413
30879,2024,4,0.1902731955051422
30881,2024,1,0.17281244695186615
30881,2024,2,0.17399094998836517
30881,2024,3,0.05822915956377983
30881,2024,4,0.1157604232430458
30888,2024,1,0.14779570698738098
30888,2024,2,0.1502998322248459
30888,2024,3,0.04687713086605072
30888,2024,4,0.097696453332901
30890,2024,1,0.0011239422019571066
30890,2024,2,0.0007533558527939022
30890,2024,3,0.00033217156305909157
30890,2024,4,0.0007326534832827747
30891,2024,1,0.1358874887228012
30891,2024,2,0.1380552351474762
30891,2024,3,0.04134654626250267
30891,2024,4,0.08923179656267166
30898,2024,1,0.14063847064971924
30898,2024,2,0.14379175007343292
30898,2024,3,0.04341006278991699
30898,2024,4,0.09302831441164017
30899,2024,1,0.3631478250026703
30899,2024,2,0.366718053817749
30899,2024,3,0.1681959480047226
30899,2024,4,0.268756628036499
30900,2024,1,0.25090301036834717
30900,2024,2,0.25527846813201904
30900,2024,3,0.09901491552591324
30900,2024,4,0.1770816445350647
30901,2024,1,0.14131110906600952
30901,2024,2,0.14312291145324707
30901,2024,3,0.04381963238120079
30901,2024,4,0.09288057684898376
30910,2024,1,0.002942177467048168
30910,2024,2,0.0021627680398523808
30910,2024,3,0.0008515949593856931
30910,2024,4,0.0019130936125293374
30915,2024,1,0.014795925468206406
30915,2024,2,0.01265160646289587
30915,2024,3,0.00411571841686964
30915,2024,4,0.009533766657114029
30922,2024,1,0.00408602599054575
30922,2024,2,0.0030956859700381756
30922,2024,3,0.0011749048717319965
30922,2024,4,0.002652667462825775
30927,2024,1,0.003357144072651863
30927,2024,2,0.0024981393944472075
30927,2024,3,0.0009694553446024656
30927,2024,4,0.002182723255828023
30931,2024,1,0.002271767007187009
30931,2024,2,0.0016293448861688375
30931,2024,3,0.0006619736668653786
30931,2024,4,0.0014796211617067456
30946,2024,1,0.004654180258512497
30946,2024,2,0.0035728574730455875
30946,2024,3,0.001332256942987442
30946,2024,4,0.0030202444177120924
30951,2024,1,0.237942636013031
30951,2024,2,0.24245478212833405
30951,2024,3,0.0912625640630722
30951,2024,4,0.1662573218345642
30954,2024,1,0.0028870683163404465
30954,2024,2,0.002119341166689992
30954,2024,3,0.0008350223652087152
30954,2024,4,0.0018771265167742968
30956,2024,1,0.1772601306438446
30956,2024,2,0.18117445707321167
30956,2024,3,0.06037478521466255
30956,2024,4,0.11986488103866577
30957,2024,1,0.00566436443477869
30957,2024,2,0.004438490606844425
30957,2024,3,0.0016046471428126097
30957,2024,4,0.003657789435237646
30961,2024,1,0.3250570297241211
30961,2024,2,0.3288346230983734
30961,2024,3,0.14441357553005219
30961,2024,4,0.23795221745967865
30962,2024,1,0.16804558038711548
30962,2024,2,0.17023777961730957
30962,2024,3,0.05607496201992035
30962,2024,4,0.11207030713558197
30964,2024,1,0.002657945267856121
30964,2024,2,0.0019097599433735013
30964,2024,3,0.0007768868235871196
30964,2024,4,0.0016998175997287035
30975,2024,1,0.002419775817543268
30975,2024,2,0.0017468670848757029
30975,2024,3,0.0006956506986171007
30975,2024,4,0.001562373829074204
31000,2024,1,0.0016663065180182457
31000,2024,2,0.00116106984205544
31000,2024,3,0.0004871859564445913
31000,2024,4,0.0010847263038158417
31005,2024,1,0.16040223836898804
31005,2024,2,0.1625235378742218
31005,2024,3,0.052432671189308167
31005,2024,4,0.1063387393951416
31007,2024,1,0.0020472777541726828
31007,2024,2,0.0014553051441907883
31007,2024,3,0.0005953888758085668
31007,2024,4,0.0013315442483872175
31009,2024,1,0.28306928277015686
31009,2024,2,0.2870692014694214
31009,2024,3,0.1176954135298729
31009,2024,4,0.2021031677722931
31010,2024,1,0.0015562876360490918
31010,2024,2,0.0010762125020846725
31010,2024,3,0.00045632250839844346
31010,2024,4,0.0010135001502931118
31023,2024,1,0.002753527369350195
31023,2024,2,0.0020101829431951046
31023,2024,3,0.0007999306544661522
31023,2024,4,0.001791920280084014
31026,2024,1,0.29557371139526367
31026,2024,2,0.29684364795684814
31026,2024,3,0.12566781044006348
31026,2024,4,0.21119622886180878
31033,2024,1,0.001991899684071541
31033,2024,2,0.0014108143514022231
31033,2024,3,0.0005814605392515659
31033,2024,4,0.0012967388611286879
31036,2024,1,0.1595035195350647
31036,2024,2,0.16265477240085602
31036,2024,3,0.052005574107170105
31036,2024,4,0.10802234709262848
31047,2024,1,0.002453247783705592
31047,2024,2,0.0017724961508065462
31047,2024,3,0.0007128161378204823
31047,2024,4,0.001596342888660729
31049,2024,1,0.0019812670070677996
31049,2024,2,0.0014019717928022146
31049,2024,3,0.0005791452713310719
31049,2024,4,0.001290263026021421
31053,2024,1,0.002608214970678091
31053,2024,2,0.0018954963888972998
31053,2024,3,0.0007574281189590693
31053,2024,4,0.0016973571619018912
31075,2024,1,0.0026978449895977974
31075,2024,2,0.0019662496633827686
31075,2024,3,0.0007833485724404454
31075,2024,4,0.001755938632413745
31080,2024,1,0.004320445004850626
31080,2024,2,0.0032930478919297457
31080,2024,3,0.0012407995527610183
31080,2024,4,0.0028059883043169975
31089,2024,1,0.33282917737960815
31089,2024,2,0.3375311493873596
31089,2024,3,0.14791478216648102
31089,2024,4,0.24370667338371277
31092,2024,1,0.003337547415867448
31092,2024,2,0.0024819946847856045
31092,2024,3,0.0009640255593694746
31092,2024,4,0.002169587416574359
31095,2024,1,0.13590866327285767
31095,2024,2,0.13807335495948792
31095,2024,3,0.04135553538799286
31095,2024,4,0.0892447680234909
31099,2024,1,0.003602607874199748
31099,2024,2,0.002697344869375229
31099,2024,3,0.0010393083794042468
31099,2024,4,0.0023406357504427433
31109,2024,1,0.003666585311293602
31109,2024,2,0.0027508754283189774
31109,2024,3,0.0010578493820503354
31109,2024,4,0.002383842598646879
31116,2024,1,0.0025925147347152233
31116,2024,2,0.0018833514768630266
31116,2024,3,0.0007521387888118625
31116,2024,4,0.0016864838544279337
31117,2024,1,0.4994807541370392
31117,2024,2,0.501543402671814
31117,2024,3,0.26829206943511963
31117,2024,4,0.38769274950027466
31123,2024,1,0.001623713644221425
31123,2024,2,0.0011282529449090362
31123,2024,3,0.00047499709762632847
31123,2024,4,0.0010568108409643173
31146,2024,1,0.18129780888557434
31146,2024,2,0.18328489363193512
31146,2024,3,0.06256511807441711
31146,2024,4,0.12248128652572632
31151,2024,1,0.13336539268493652
31151,2024,2,0.13551750779151917
31151,2024,3,0.04025746509432793
31151,2024,4,0.08743056654930115
31157,2024,1,0.0006179867195896804
31157,2024,2,0.00039108164492063224
31157,2024,3,0.00018412699864711612
31157,2024,4,0.00040257949149236083
31164,2024,1,0.23813804984092712
31164,2024,2,0.2432127743959427
31164,2024,3,0.09150340408086777
31164,2024,4,0.16706548631191254
31166,2024,1,0.000935703341383487
31166,2024,2,0.0006163364741951227
31166,2024,3,0.0002770276041701436
31166,2024,4,0.0006097388104535639
31174,2024,1,0.4630489647388458
31174,2024,2,0.4702640175819397
31174,2024,3,0.23520736396312714
31174,2024,4,0.35556674003601074
31176,2024,1,0.0036052390933036804
31176,2024,2,0.002693598158657551
31176,2024,3,0.00104178162291646
31176,2024,4,0.0023390664719045162
31189,2024,1,0.13482461869716644
31189,2024,2,0.13696381449699402
31189,2024,3,0.04088424891233444
31189,2024,4,0.08843536674976349
31205,2024,1,0.0026506176218390465
31205,2024,2,0.0019299050327390432
31205,2024,3,0.0007690874626860023
31205,2024,4,0.0017252403777092695
31207,2024,1,0.13620996475219727
31207,2024,2,0.1383814513683319
31207,2024,3,0.04148819297552109
31207,2024,4,0.08947643637657166
31211,2024,1,0.0013727066107094288
31211,2024,2,0.0009378288523294032
31211,2024,3,0.0004042000218760222
31211,2024,4,0.0008945746812969446
31212,2024,1,0.004191761836409569
31212,2024,2,0.003186030313372612
31212,2024,3,0.001204682164825499
31212,2024,4,0.002723377663642168
31214,2024,1,0.0032300313469022512
31214,2024,2,0.0023959772661328316
31214,2024,3,0.0009324399288743734
31214,2024,4,0.00209953635931015
31230,2024,1,0.1522497832775116
31230,2024,2,0.1555308699607849
31230,2024,3,0.048514436930418015
31230,2024,4,0.10159025341272354
31234,2024,1,0.0019174363696947694
31234,2024,2,0.001352830557152629
31234,2024,3,0.0005603090976364911
31234,2024,4,0.0012483360478654504
31249,2024,1,0.3692397475242615
31249,2024,2,0.3745638132095337
31249,2024,3,0.1714598834514618
31249,2024,4,0.27412867546081543
31267,2024,1,0.0030018005054444075
31267,2024,2,0.002192689571529627
31267,2024,3,0.000888290349394083
31267,2024,4,0.0019594007171690464
31272,2024,1,0.003788529895246029
31272,2024,2,0.0028521085623651743
31272,2024,3,0.0010909221600741148
31272,2024,4,0.002461572177708149
31276,2024,1,0.13696534931659698
31276,2024,2,0.13915805518627167
31276,2024,3,0.04181552678346634
31276,2024,4,0.09002722799777985
31288,2024,1,0.3886677920818329
31288,2024,2,0.39249423146247864
31288,2024,3,0.1843143105506897
31288,2024,4,0.28870391845703125
31299,2024,1,0.0025631263852119446
31299,2024,2,0.001863025943748653
31299,2024,3,0.0007423941278830171
31299,2024,4,0.0016695160884410143
31305,2024,1,0.002116464078426361
31305,2024,2,0.001508416491560638
31305,2024,3,0.000616153352893889
31305,2024,4,0.0013774170074611902
31318,2024,1,0.13617762923240662
31318,2024,2,0.13835039734840393
31318,2024,3,0.04147426038980484
31318,2024,4,0.08945533633232117
31321,2024,1,0.00464962562546134
31321,2024,2,0.003567837178707123
31321,2024,3,0.0013328994391486049
31321,2024,4,0.003018124494701624
31327,2024,1,0.002022383501753211
31327,2024,2,0.0014352829894050956
31327,2024,3,0.0005888866726309061
31327,2024,4,0.0013159450609236956
31334,2024,1,0.0031365109607577324
31334,2024,2,0.002317630685865879
31334,2024,3,0.000907884503249079
31334,2024,4,0.002038664184510708
31337,2024,1,0.002995825372636318
31337,2024,2,0.0022067329846322536
31337,2024,3,0.0008660322055220604
31337,2024,4,0.0019475852604955435
31340,2024,1,0.21112152934074402
31340,2024,2,0.21343103051185608
31340,2024,3,0.0776219516992569
31340,2024,4,0.1451498568058014
31352,2024,1,0.0024920993018895388
31352,2024,2,0.0018039245624095201
31352,2024,3,0.0007232314674183726
31352,2024,4,0.0016214292263612151
31358,2024,1,0.1419489085674286
31358,2024,2,0.1435125768184662
31358,2024,3,0.04400215297937393
31358,2024,4,0.09326786547899246
31370,2024,1,0.0016333026578649879
31370,2024,2,0.0011332945432513952
31370,2024,3,0.00047964847180992365
31370,2024,4,0.0010635191574692726
31371,2024,1,0.005796106066554785
31371,2024,2,0.004541281145066023
31371,2024,3,0.0016545515973120928
31371,2024,4,0.0037636375054717064
31374,2024,1,0.13578464090824127
31374,2024,2,0.137948140501976
31374,2024,3,0.04130040854215622
31374,2024,4,0.08914652466773987
31377,2024,1,0.004865387454628944
31377,2024,2,0.003746598493307829
31377,2024,3,0.0013970518484711647
31377,2024,4,0.0031595751643180847
31385,2024,1,0.6354032754898071
31385,2024,2,0.635567843914032
31385,2024,3,0.37368059158325195
31385,2024,4,0.5162755250930786
31394,2024,1,0.20684248208999634
31394,2024,2,0.20876836776733398
31394,2024,3,0.07572809606790543
31394,2024,4,0.1417977511882782
31397,2024,1,0.19830189645290375
31397,2024,2,0.20183366537094116
31397,2024,3,0.07090644538402557
31397,2024,4,0.13685353100299835
31403,2024,1,0.0011486674193292856
31403,2024,2,0.0007728241034783423
31403,2024,3,0.00033787250868044794
31403,2024,4,0.0007477912586182356
31406,2024,1,0.002431724686175585
31406,2024,2,0.001755432691425085
31406,2024,3,0.0007068409468047321
31406,2024,4,0.0015824318397790194
31413,2024,1,0.0015073411632329226
31413,2024,2,0.0010392828844487667
31413,2024,3,0.0004427019157446921
31413,2024,4,0.000981222139671445
31426,2024,1,0.0019249601755291224
31426,2024,2,0.0013588520232588053
31426,2024,3,0.0005622057360596955
31426,2024,4,0.0012530585518106818
31438,2024,1,0.004548192024230957
31438,2024,2,0.003463101340457797
31438,2024,3,0.0013242316199466586
31438,2024,4,0.002959735691547394
31439,2024,1,0.0025594085454940796
31439,2024,2,0.001855822978541255
31439,2024,3,0.0007443572394549847
31439,2024,4,0.0016658853273838758
31443,2024,1,0.1842052936553955
31443,2024,2,0.18605013191699982
31443,2024,3,0.06400234252214432
31443,2024,4,0.12433051317930222
31447,2024,1,0.2653944492340088
31447,2024,2,0.27265000343322754
31447,2024,3,0.10641054064035416
31447,2024,4,0.18897004425525665
31452,2024,1,0.002029804978519678
31452,2024,2,0.0014417330967262387
31452,2024,3,0.0005910196341574192
31452,2024,4,0.001321060350164771
31453,2024,1,0.13583892583847046
31453,2024,2,0.1380029320716858
31453,2024,3,0.041324686259031296
31453,2024,4,0.08918958157300949
31467,2024,1,0.007804879453033209
31467,2024,2,0.006286673713475466
31467,2024,3,0.002210961887612939
31467,2024,4,0.005053686443716288
31479,2024,1,0.1784127652645111
31479,2024,2,0.18018800020217896
31479,2024,3,0.061244554817676544
31479,2024,4,0.12130200862884521
31484,2024,1,0.002356232376769185
31484,2024,2,0.0016962618101388216
31484,2024,3,0.0006847718614153564
31484,2024,4,0.0015331219183281064
31491,2024,1,0.00183049775660038
31491,2024,2,0.0012862677685916424
31491,2024,3,0.0005351388826966286
31491,2024,4,0.001192200230434537
31500,2024,1,0.003009155159816146
31500,2024,2,0.002216929802671075
31500,2024,3,0.0008707789238542318
31500,2024,4,0.001956503838300705
31504,2024,1,0.13584333658218384
31504,2024,2,0.1380089521408081
31504,2024,3,0.041326653212308884
31504,2024,4,0.08919424563646317
31510,2024,1,0.1359565407037735
31510,2024,2,0.13812334835529327
31510,2024,3,0.041376203298568726
31510,2024,4,0.08927880227565765
31515,2024,1,0.23760256171226501
31515,2024,2,0.24205470085144043
31515,2024,3,0.09141885489225388
31515,2024,4,0.16642780601978302
31526,2024,1,0.13610954582691193
31526,2024,2,0.138279527425766
31526,2024,3,0.04144361987709999
31526,2024,4,0.08939790725708008
31532,2024,1,0.0036478235851973295
31532,2024,2,0.0027331337332725525
31532,2024,3,0.0010597914224490523
31532,2024,4,0.00238140020519495
31541,2024,1,0.18135753273963928
31541,2024,2,0.18202784657478333
31541,2024,3,0.06276920437812805
31541,2024,4,0.12074011564254761
31542,2024,1,0.0025041289627552032
31542,2024,2,0.0018128908704966307
31542,2024,3,0.0007292258087545633
31542,2024,4,0.001632150961086154
31545,2024,1,0.1601341962814331
31545,2024,2,0.1619235873222351
31545,2024,3,0.05250588804483414
31545,2024,4,0.10747507959604263
31548,2024,1,0.13607043027877808
31548,2024,2,0.13823935389518738
31548,2024,3,0.0414263941347599
31548,2024,4,0.08936749398708344
31553,2024,1,0.0012967035872861743
31553,2024,2,0.0008817395428195596
31553,2024,3,0.0003814298543147743
31553,2024,4,0.0008449328597635031
31560,2024,1,0.001972738653421402
31560,2024,2,0.001396514242514968
31560,2024,3,0.0005751334829255939
31560,2024,4,0.0012839299160987139
31561,2024,1,0.0026860390789806843
31561,2024,2,0.0019589692819863558
31561,2024,3,0.0007785462075844407
31561,2024,4,0.0017469890881329775
31562,2024,1,0.0012627221876755357
31562,2024,2,0.0008554427186027169
31562,2024,3,0.0003727913135662675
31562,2024,4,0.0008231040555983782
31565,2024,1,0.002781379735097289
31565,2024,2,0.0020342387724667788
31565,2024,3,0.0008054760983213782
31565,2024,4,0.0018088575452566147
31606,2024,1,0.003215558361262083
31606,2024,2,0.0023825757671147585
31606,2024,3,0.0009302787948399782
31606,2024,4,0.0020912415347993374
31611,2024,1,0.0020135557278990746
31611,2024,2,0.0014277101727202535
31611,2024,3,0.0005874444032087922
31611,2024,4,0.0013108198763802648
31615,2024,1,0.0019903723150491714
31615,2024,2,0.00140871771145612
31615,2024,3,0.0005821873201057315
31615,2024,4,0.0012964137131348252
31624,2024,1,0.18171316385269165
31624,2024,2,0.18538811802864075
31624,2024,3,0.06225663051009178
31624,2024,4,0.1229536160826683
31627,2024,1,0.005163245834410191
31627,2024,2,0.004002074245363474
31627,2024,3,0.0014760671183466911
31627,2024,4,0.003350135637447238
31633,2024,1,0.0017649780493229628
31633,2024,2,0.0012358586536720395
31633,2024,3,0.0005166257033124566
31633,2024,4,0.0011496986262500286
31634,2024,1,0.1856175661087036
31634,2024,2,0.19014886021614075
31634,2024,3,0.06426995992660522
31634,2024,4,0.1268380880355835
31643,2024,1,0.006290177349001169
31643,2024,2,0.004967741668224335
31643,2024,3,0.0017887403955683112
31643,2024,4,0.004076492972671986
31645,2024,1,0.0009732707403600216
31645,2024,2,0.0006434755050577223
31645,2024,3,0.0002880531828850508
31645,2024,4,0.0006341966800391674
31649,2024,1,0.343849241733551
31649,2024,2,0.3453429341316223
31649,2024,3,0.1563977599143982
31649,2024,4,0.2516371011734009
31662,2024,1,0.0036495490930974483
31662,2024,2,0.0027362818364053965
31662,2024,3,0.0010539442300796509
31662,2024,4,0.0023731468245387077
31669,2024,1,0.002238447777926922
31669,2024,2,0.0016025553923100233
31669,2024,3,0.000651460257358849
31669,2024,4,0.0014562536962330341
31670,2024,1,0.0017622809391468763
31670,2024,2,0.0012336206855252385
31670,2024,3,0.0005157837877050042
31670,2024,4,0.0011477175867184997
31671,2024,1,0.002777528017759323
31671,2024,2,0.002036859979853034
31671,2024,3,0.0008022960973903537
31671,2024,4,0.0018088354263454676
31682,2024,1,0.1811521351337433
31682,2024,2,0.18303555250167847
31682,2024,3,0.062264733016490936
31682,2024,4,0.1217040941119194
31685,2024,1,0.0017930371686816216
31685,2024,2,0.0012573524145409465
31685,2024,3,0.0005243420018814504
31685,2024,4,0.001167571172118187
31688,2024,1,0.002161643700674176
31688,2024,2,0.0015425467863678932
31688,2024,3,0.0006306571885943413
31688,2024,4,0.0014074570499360561
31697,2024,1,0.004152535926550627
31697,2024,2,0.0031538098119199276
31697,2024,3,0.0011945562437176704
31697,2024,4,0.0027000638656318188
31704,2024,1,0.0028608907014131546
31704,2024,2,0.0020986630115658045
31704,2024,3,0.0008265506476163864
31704,2024,4,0.001858998672105372
31705,2024,1,0.13550560176372528
31705,2024,2,0.1376601755619049
31705,2024,3,0.04118112102150917
31705,2024,4,0.08894763886928558
31723,2024,1,0.35834425687789917
31723,2024,2,0.36134594678878784
31723,2024,3,0.1645580679178238
31723,2024,4,0.26277244091033936
31725,2024,1,0.16308355331420898
31725,2024,2,0.16611617803573608
31725,2024,3,0.053508609533309937
31725,2024,4,0.10921250283718109
31727,2024,1,0.002234960440546274
31727,2024,2,0.0016004026401787996
31727,2024,3,0.0006512171821668744
31727,2024,4,0.0014556155074387789
31731,2024,1,0.0012611751444637775
31731,2024,2,0.000854114128742367
31731,2024,3,0.0003719952655956149
31731,2024,4,0.0008214821573346853
31736,2024,1,0.0038844028022140265
31736,2024,2,0.0029309475794434547
31736,2024,3,0.0011175527470186353
31736,2024,4,0.00252248952165246
31738,2024,1,0.23640736937522888
31738,2024,2,0.23926131427288055
31738,2024,3,0.09122730791568756
31738,2024,4,0.1643790602684021
31741,2024,1,0.0018531505484133959
31741,2024,2,0.0013052639551460743
31741,2024,3,0.0005400238442234695
31741,2024,4,0.001205496140755713
31745,2024,1,0.005108093377202749
31745,2024,2,0.003951607272028923
31745,2024,3,0.0014656997518613935
31745,2024,4,0.003317751456052065
31747,2024,1,0.0008721232879906893
31747,2024,2,0.0005704133654944599
31747,2024,3,0.0002587459166534245
31747,2024,4,0.0005684625939466059
31752,2024,1,0.0019875001162290573
31752,2024,2,0.0014052391052246094
31752,2024,3,0.0005822473904117942
31752,2024,4,0.001294927205890417
31757,2024,1,0.0014586136676371098
31757,2024,2,0.0010030166013166308
31757,2024,3,0.0004279234854038805
31757,2024,4,0.0009497955907136202
31760,2024,1,0.0038305004127323627
31760,2024,2,0.002887113718315959
31760,2024,3,0.0011019911617040634
31760,2024,4,0.00248915096744895
31778,2024,1,0.0028088935650885105
31778,2024,2,0.0020545634906738997
31778,2024,3,0.0008154817624017596
31778,2024,4,0.0018284404650330544
31779,2024,1,0.004281478002667427
31779,2024,2,0.0032591642811894417
31779,2024,3,0.001230569207109511
31779,2024,4,0.002780571114271879
31782,2024,1,0.2999492287635803
31782,2024,2,0.3040631413459778
31782,2024,3,0.12734746932983398
31782,2024,4,0.21511423587799072
31788,2024,1,0.0028976458124816418
31788,2024,2,0.002128075808286667
31788,2024,3,0.0008372406009584665
31788,2024,4,0.0018831274937838316
31790,2024,1,0.004195708781480789
31790,2024,2,0.0031892156694084406
31790,2024,3,0.0012048743665218353
31790,2024,4,0.002723999787122011
31791,2024,1,0.004270894452929497
31791,2024,2,0.003255704417824745
31791,2024,3,0.001225218758918345
31791,2024,4,0.0027741435915231705
31799,2024,1,0.0016866527730599046
31799,2024,2,0.0011757666943594813
31799,2024,3,0.000494033214636147
31799,2024,4,0.001098507083952427
31813,2024,1,0.003121315035969019
31813,2024,2,0.002307889284566045
31813,2024,3,0.000901518389582634
31813,2024,4,0.002028853865340352
31814,2024,1,0.0011564211454242468
31814,2024,2,0.0007779584266245365
31814,2024,3,0.0003406128380447626
31814,2024,4,0.0007534274482168257
31827,2024,1,0.0020674709230661392
31827,2024,2,0.0014698889572173357
31827,2024,3,0.0006025092443451285
31827,2024,4,0.0013453178107738495
31830,2024,1,0.0030870232731103897
31830,2024,2,0.002299393992871046
31830,2024,3,0.0008812029846012592
31830,2024,4,0.0020045735873281956
31834,2024,1,0.0017542368732392788
31834,2024,2,0.0012262455420568585
31834,2024,3,0.000514686107635498
31834,2024,4,0.0011430360609665513
31841,2024,1,0.2846606969833374
31841,2024,2,0.289678156375885
31841,2024,3,0.11840242147445679
31841,2024,4,0.2042352706193924
31860,2024,1,0.0013659324031323195
31860,2024,2,0.0009308228036388755
31860,2024,3,0.00040363523294217885
31860,2024,4,0.0008897037478163838
31861,2024,1,0.0015780751127749681
31861,2024,2,0.0010931221768260002
31861,2024,3,0.00046270526945590973
31861,2024,4,0.0010282165603712201
31862,2024,1,0.0034867008216679096
31862,2024,2,0.0025981494691222906
31862,2024,3,0.0010112689342349768
31862,2024,4,0.0022679970134049654
31863,2024,1,0.1532650589942932
31863,2024,2,0.15409398078918457
31863,2024,3,0.04890822619199753
31863,2024,4,0.10151773691177368
31868,2024,1,0.0013425505021587014
31868,2024,2,0.0009162814822047949
31868,2024,3,0.0003954352578148246
31868,2024,4,0.0008765069651417434
31869,2024,1,0.0033804229460656643
31869,2024,2,0.0025184848345816135
31869,2024,3,0.0009743815753608942
31869,2024,4,0.0021965201012790203
31874,2024,1,0.23265838623046875
31874,2024,2,0.23856094479560852
31874,2024,3,0.08854155242443085
31874,2024,4,0.16385018825531006
31879,2024,1,0.0036071990616619587
31879,2024,2,0.0027031446807086468
31879,2024,3,0.001040073810145259
31879,2024,4,0.0023448385763913393
31884,2024,1,0.0034508819226175547
31884,2024,2,0.0025792995002120733
31884,2024,3,0.0009922548197209835
31884,2024,4,0.0022431127727031708
31886,2024,1,0.13549944758415222
31886,2024,2,0.13766542077064514
31886,2024,3,0.04117847979068756
31886,2024,4,0.0889587551355362
31887,2024,1,0.0027586831711232662
31887,2024,2,0.0020145645830780268
31887,2024,3,0.0008000701200217009
31887,2024,4,0.001793672563508153
31902,2024,1,0.004435778129845858
31902,2024,2,0.003386607626453042
31902,2024,3,0.0012733861804008484
31902,2024,4,0.002878150437027216
31906,2024,1,0.13557711243629456
31906,2024,2,0.13773611187934875
31906,2024,3,0.04121043160557747
31906,2024,4,0.08899161964654922
31928,2024,1,0.0012623171787708998
31928,2024,2,0.0008563498267903924
31928,2024,3,0.0003714931954164058
31928,2024,4,0.0008223983459174633
31930,2024,1,0.002905529458075762
31930,2024,2,0.002132986206561327
31930,2024,3,0.0008417933131568134
31930,2024,4,0.001890437095426023
31931,2024,1,0.0017112198984250426
31931,2024,2,0.0011945613659918308
31931,2024,3,0.0005010872846469283
31931,2024,4,0.00111448357347399
31933,2024,1,0.0008957138634286821
31933,2024,2,0.000587534043006599
31933,2024,3,0.0002654226846061647
31933,2024,4,0.0005837089847773314
31934,2024,1,0.0031298594549298286
31934,2024,2,0.0023141629062592983
31934,2024,3,0.0009049753425642848
31934,2024,4,0.0020351242274045944
31941,2024,1,0.37597525119781494
31941,2024,2,0.3799305856227875
31941,2024,3,0.1762453019618988
31941,2024,4,0.2786075472831726
31943,2024,1,0.008860977366566658
31943,2024,2,0.00722323264926672
31943,2024,3,0.0025017503648996353
31943,2024,4,0.005733899772167206
31944,2024,1,0.0017965086735785007
31944,2024,2,0.0012588587123900652
31944,2024,3,0.0005256049917079508
31944,2024,4,0.0011690950486809015
31962,2024,1,0.0020985184237360954
31962,2024,2,0.0014945620205253363
31962,2024,3,0.0006109247915446758
31962,2024,4,0.0013658682582899928
31965,2024,1,0.0010504560777917504
31965,2024,2,0.0006992447888478637
31965,2024,3,0.0003111002151854336
31965,2024,4,0.0006849481724202633
31969,2024,1,0.0009055298287421465
31969,2024,2,0.0005943267024122179
31969,2024,3,0.0002685757935978472
31969,2024,4,0.0005900433752685785
31970,2024,1,0.0026883953250944614
31970,2024,2,0.001960081746801734
31970,2024,3,0.0007788331713527441
31970,2024,4,0.0017482171533629298
31972,2024,1,0.13591669499874115
31972,2024,2,0.1380830705165863
31972,2024,3,0.041358668357133865
31972,2024,4,0.08924935758113861
31984,2024,1,0.0023808428086340427
31984,2024,2,0.0017131480854004622
31984,2024,3,0.0006946966168470681
31984,2024,4,0.0015501808375120163
31987,2024,1,0.0017408640123903751
31987,2024,2,0.0012173017021268606
31987,2024,3,0.0005095073720440269
31987,2024,4,0.0011338230688124895
31988,2024,1,0.17730331420898438
31988,2024,2,0.18062865734100342
31988,2024,3,0.06034097447991371
31988,2024,4,0.12020273506641388
31991,2024,1,0.0030427887104451656
31991,2024,2,0.0022430806420743465
31991,2024,3,0.0008808605489321053
31991,2024,4,0.001978624612092972
31994,2024,1,0.162571519613266
31994,2024,2,0.16540244221687317
31994,2024,3,0.05333549529314041
31994,2024,4,0.10855216532945633
31998,2024,1,0.13593409955501556
31998,2024,2,0.13809989392757416
31998,2024,3,0.0413660854101181
31998,2024,4,0.08926088362932205
32005,2024,1,0.0016237380914390087
32005,2024,2,0.0011275311699137092
32005,2024,3,0.00047630880726501346
32005,2024,4,0.0010578343644738197
32013,2024,1,0.0023254663683474064
32013,2024,2,0.0016712655778974295
32013,2024,3,0.0006773661589249969
32013,2024,4,0.0015139100141823292
32034,2024,1,0.0021925661712884903
32034,2024,2,0.0015666433610022068
32034,2024,3,0.0006396276876330376
32034,2024,4,0.0014275892172008753
32066,2024,1,0.13575731217861176
32066,2024,2,0.1379225105047226
32066,2024,3,0.04129006713628769
32066,2024,4,0.08913497626781464
32069,2024,1,0.004651634953916073
32069,2024,2,0.003567738924175501
32069,2024,3,0.0013357189018279314
32069,2024,4,0.00302126188762486
32074,2024,1,0.0023719065356999636
32074,2024,2,0.0017077997326850891
32074,2024,3,0.0006902136374264956
32074,2024,4,0.0015435481909662485
32085,2024,1,0.004171403124928474
32085,2024,2,0.0031692509073764086
32085,2024,3,0.0011988652404397726
32085,2024,4,0.0027099258732050657
32086,2024,1,0.0017344001680612564
32086,2024,2,0.0012120847823098302
32086,2024,3,0.0005081990966573358
32086,2024,4,0.0011300669284537435
32097,2024,1,0.0022347006015479565
32097,2024,2,0.0015984285855665803
32097,2024,3,0.0006543829804286361
32097,2024,4,0.0014579083072021604
32105,2024,1,0.005402099806815386
32105,2024,2,0.004203869495540857
32105,2024,3,0.001544285798445344
32105,2024,4,0.003505619475618005
32107,2024,1,0.13574016094207764
32107,2024,2,0.13790276646614075
32107,2024,3,0.04128115251660347
32107,2024,4,0.08911339193582535
32118,2024,1,0.0022741572465747595
32118,2024,2,0.0016313685337081552
32118,2024,3,0.0006619950872845948
32118,2024,4,0.0014800147619098425
32124,2024,1,0.0024968115612864494
32124,2024,2,0.0018086093477904797
32124,2024,3,0.0007251829374581575
32124,2024,4,0.0016264577861875296
32129,2024,1,0.0019936703611165285
32129,2024,2,0.0014144332380965352
32129,2024,3,0.0005799814825877547
32129,2024,4,0.0012978585436940193
32155,2024,1,0.003839090932160616
32155,2024,2,0.0028916692826896906
32155,2024,3,0.0011072722263634205
32155,2024,4,0.0024958569556474686
32183,2024,1,0.13607874512672424
32183,2024,2,0.13824820518493652
32183,2024,3,0.04142991080880165
32183,2024,4,0.089373379945755
32193,2024,1,0.1592961847782135
32193,2024,2,0.16203227639198303
32193,2024,3,0.05180204659700394
32193,2024,4,0.1065479964017868
32200,2024,1,0.007855737581849098
32200,2024,2,0.006338977254927158
32200,2024,3,0.002217157743871212
32200,2024,4,0.005082621239125729
32202,2024,1,0.016635572537779808
32202,2024,2,0.014359400607645512
32202,2024,3,0.004644650500267744
32202,2024,4,0.01073525007814169
32227,2024,1,0.0018460057908669114
32227,2024,2,0.0012994608841836452
32227,2024,3,0.0005383191746659577
32227,2024,4,0.0012018935522064567
32245,2024,1,0.004428659565746784
32245,2024,2,0.0033845959696918726
32245,2024,3,0.0012726294808089733
32245,2024,4,0.0028794370591640472
32246,2024,1,0.0018423342844471335
32246,2024,2,0.001294049434363842
32246,2024,3,0.0005398476496338844
32246,2024,4,0.0012001495342701674
32256,2024,1,0.2951723039150238
32256,2024,2,0.29931336641311646
32256,2024,3,0.12496118247509003
32256,2024,4,0.21243387460708618
32257,2024,1,0.0028251088224351406
32257,2024,2,0.0020688141230493784
32257,2024,3,0.0008189092623069882
32257,2024,4,0.0018379729008302093
32260,2024,1,0.0027269977144896984
32260,2024,2,0.0019902517087757587
32260,2024,3,0.0007905653910711408
32260,2024,4,0.0017738521564751863
32261,2024,1,0.002519891131669283
32261,2024,2,0.0018259882926940918
32261,2024,3,0.0007316468982025981
32261,2024,4,0.0016408981755375862
32268,2024,1,0.004569857846945524
32268,2024,2,0.003496601479128003
32268,2024,3,0.0013169071171432734
32268,2024,4,0.002974418457597494
32278,2024,1,0.0018444455927237868
32278,2024,2,0.0013001072220504284
32278,2024,3,0.0005406444543041289
32278,2024,4,0.0012086667120456696
32280,2024,1,0.13612277805805206
32280,2024,2,0.13829314708709717
32280,2024,3,0.0414494127035141
32280,2024,4,0.08940860629081726
32287,2024,1,0.001167673384770751
32287,2024,2,0.0007862712955102324
32287,2024,3,0.0003436816914472729
32287,2024,4,0.0007608378073200583
32308,2024,1,0.003940209746360779
32308,2024,2,0.0029670337680727243
32308,2024,3,0.0011391488369554281
32308,2024,4,0.0025557985063642263
32314,2024,1,0.002431578701362014
32314,2024,2,0.0017554850783199072
32314,2024,3,0.0007063252851366997
32314,2024,4,0.0015819238033145666
32342,2024,1,0.003260115161538124
32342,2024,2,0.0024176081642508507
32342,2024,3,0.0009448603959754109
32342,2024,4,0.0021212692372500896
32378,2024,1,0.005552056711167097
32378,2024,2,0.004332990385591984
32378,2024,3,0.001584295416250825
32378,2024,4,0.003601002274081111
32385,2024,1,0.001863387180492282
32385,2024,2,0.001312454929575324
32385,2024,3,0.0005435170605778694
32385,2024,4,0.0012131482362747192
32386,2024,1,0.16042692959308624
32386,2024,2,0.16345106065273285
32386,2024,3,0.05243128538131714
32386,2024,4,0.10718006640672684
32409,2024,1,0.002679339610040188
32409,2024,2,0.0019522991497069597
32409,2024,3,0.0007768998621031642
32409,2024,4,0.001742789288982749
32413,2024,1,0.0050897421315312386
32413,2024,2,0.003943975083529949
32413,2024,3,0.0014527121093124151
32413,2024,4,0.0033026253804564476
32415,2024,1,0.0014024623669683933
32415,2024,2,0.0009602000354789197
32415,2024,3,0.0004124815750401467
32415,2024,4,0.0009136315202340484
32425,2024,1,0.0019385793711990118
32425,2024,2,0.0013683917932212353
32425,2024,3,0.0005678449524566531
32425,2024,4,0.001263163983821869
32428,2024,1,0.29077503085136414
32428,2024,2,0.2969839870929718
32428,2024,3,0.12106451392173767
32428,2024,4,0.2104286253452301
32434,2024,1,0.004091219045221806
32434,2024,2,0.0031116418540477753
32434,2024,3,0.0011683825869113207
32434,2024,4,0.0026580560952425003
32448,2024,1,0.13581374287605286
32448,2024,2,0.137978196144104
32448,2024,3,0.04131421446800232
32448,2024,4,0.08917342126369476
32454,2024,1,0.421589195728302
32454,2024,2,0.42817413806915283
32454,2024,3,0.20699310302734375
32454,2024,4,0.32133519649505615
32463,2024,1,0.0013392620021477342
32463,2024,2,0.0009131695260293782
32463,2024,3,0.0003941502654924989
32463,2024,4,0.00087278604041785
32465,2024,1,0.0024727098643779755
32465,2024,2,0.0017875160556286573
32465,2024,3,0.0007189251482486725
32465,2024,4,0.0016091600991785526
32468,2024,1,0.13590025901794434
32468,2024,2,0.1380671262741089
32468,2024,3,0.041352201253175735
32468,2024,4,0.08924130350351334
32472,2024,1,0.002108741318807006
32472,2024,2,0.0015018467092886567
32472,2024,3,0.0006144091603346169
32472,2024,4,0.0013720986898988485
32479,2024,1,0.1749047487974167
32479,2024,2,0.1774168610572815
32479,2024,3,0.05941316485404968
32479,2024,4,0.11835376918315887
32480,2024,1,0.17647232115268707
32480,2024,2,0.1800505518913269
32480,2024,3,0.059853240847587585
32480,2024,4,0.12017008662223816
32483,2024,1,0.004012104123830795
32483,2024,2,0.003036040812730789
32483,2024,3,0.0011544772423803806
32483,2024,4,0.0026063777040690184
32486,2024,1,0.0048024607822299
32486,2024,2,0.0036936779506504536
32486,2024,3,0.001378253218717873
32486,2024,4,0.0031172430608421564
32488,2024,1,0.0010883399518206716
32488,2024,2,0.000727165665011853
32488,2024,3,0.00032178955734707415
32488,2024,4,0.0007094969041645527
32501,2024,1,0.004487062804400921
32501,2024,2,0.0034322431311011314
32501,2024,3,0.0012875681277364492
32501,2024,4,0.0029139085672795773
32507,2024,1,0.001893781591206789
32507,2024,2,0.0013346695341169834
32507,2024,3,0.0005542305880226195
32507,2024,4,0.001234441646374762
32510,2024,1,0.0017739511094987392
32510,2024,2,0.001242421567440033
32510,2024,3,0.0005194433615542948
32510,2024,4,0.0011555569944903255
32513,2024,1,0.0019964787643402815
32513,2024,2,0.0014150005299597979
32513,2024,3,0.0005817855126224458
32513,2024,4,0.0012991339899599552
32519,2024,1,0.0012917669955641031
32519,2024,2,0.0008765147649683058
32519,2024,3,0.00038095260970294476
32519,2024,4,0.0008412826573476195
32526,2024,1,0.003934441599994898
32526,2024,2,0.0029731830582022667
32526,2024,3,0.0011337653268128633
32526,2024,4,0.002561433706432581
32527,2024,1,0.21369311213493347
32527,2024,2,0.21728689968585968
32527,2024,3,0.07883362472057343
32527,2024,4,0.14745783805847168
32533,2024,1,0.23412883281707764
32533,2024,2,0.23759035766124725
32533,2024,3,0.08956729620695114
32533,2024,4,0.16270333528518677
32541,2024,1,0.00258429441601038
32541,2024,2,0.0018754841294139624
32541,2024,3,0.0007517182966694236
32541,2024,4,0.0016822511097416282
32542,2024,1,0.0027031295467168093
32542,2024,2,0.0019705393351614475
32542,2024,3,0.0007844949141144753
32542,2024,4,0.0017586606554687023
32548,2024,1,0.13558411598205566
32548,2024,2,0.13774624466896057
32548,2024,3,0.04121454805135727
32548,2024,4,0.08900655806064606
32550,2024,1,0.0036360614467412233
32550,2024,2,0.0027321043889969587
32550,2024,3,0.0010407590307295322
32550,2024,4,0.0023560209665447474
32561,2024,1,0.33169203996658325
32561,2024,2,0.33693498373031616
32561,2024,3,0.14768199622631073
32561,2024,4,0.24296151101589203
32569,2024,1,0.13596074283123016
32569,2024,2,0.1381288766860962
32569,2024,3,0.04137832671403885
32569,2024,4,0.08928585052490234
32579,2024,1,0.00193035788834095
32579,2024,2,0.0013626364525407553
32579,2024,3,0.0005646441713906825
32579,2024,4,0.0012575675500556827
32581,2024,1,0.0034270035102963448
32581,2024,2,0.002559303306043148
32581,2024,3,0.000987440813332796
32581,2024,4,0.00222994526848197
32598,2024,1,0.0014152174117043614
32598,2024,2,0.0009704236290417612
32598,2024,3,0.0004153782792855054
32598,2024,4,0.0009215748868882656
32607,2024,1,0.0019448976963758469
32607,2024,2,0.0013727236073464155
32607,2024,3,0.0005702200578525662
32607,2024,4,0.0012670427095144987
32626,2024,1,0.4650253355503082
32626,2024,2,0.4682120084762573
32626,2024,3,0.23939231038093567
32626,2024,4,0.3584289252758026
32636,2024,1,0.0035957731306552887
32636,2024,2,0.002688312903046608
32636,2024,3,0.0010425158543512225
32636,2024,4,0.0023399055935442448
32643,2024,1,0.13565780222415924
32643,2024,2,0.13781856000423431
32643,2024,3,0.04124490171670914
32643,2024,4,0.08904967457056046
32661,2024,1,0.13608045876026154
32661,2024,2,0.13824999332427979
32661,2024,3,0.041430871933698654
32661,2024,4,0.08937710523605347
32667,2024,1,0.15643584728240967
32667,2024,2,0.1583261489868164
32667,2024,3,0.05050244927406311
32667,2024,4,0.1035599634051323
32676,2024,1,0.0038910950534045696
32676,2024,2,0.002938064280897379
32676,2024,3,0.001117871142923832
32676,2024,4,0.002526963595300913
32685,2024,1,0.0028625046834349632
32685,2024,2,0.0020986036397516727
32685,2024,3,0.0008299026521854103
32685,2024,4,0.001862549688667059
32688,2024,1,0.002627141308039427
32688,2024,2,0.0019088598201051354
32688,2024,3,0.0007647617603652179
32688,2024,4,0.001711104647256434
32705,2024,1,0.0027739745564758778
32705,2024,2,0.0020239215809851885
32705,2024,3,0.0008071975316852331
32705,2024,4,0.0018057245761156082
32719,2024,1,0.13582181930541992
32719,2024,2,0.1379876732826233
32719,2024,3,0.04131763055920601
32719,2024,4,0.08917991816997528
32723,2024,1,0.0018777663353830576
32723,2024,2,0.0013239376712590456
32723,2024,3,0.0005473436322063208
32723,2024,4,0.001221265411004424
32729,2024,1,0.1847376823425293
32729,2024,2,0.18864558637142181
32729,2024,3,0.06382887810468674
32729,2024,4,0.12506529688835144
32751,2024,1,0.0021871067583560944
32751,2024,2,0.0015623604413121939
32751,2024,3,0.0006382344872690737
32751,2024,4,0.0014244107296690345
32754,2024,1,0.40063878893852234
32754,2024,2,0.40514859557151794
32754,2024,3,0.19326163828372955
32754,2024,4,0.30069500207901
32780,2024,1,0.3242206275463104
32780,2024,2,0.3308350145816803
32780,2024,3,0.14154395461082458
32780,2024,4,0.23822909593582153
32789,2024,1,0.13570916652679443
32789,2024,2,0.13787303864955902
32789,2024,3,0.041268616914749146
32789,2024,4,0.08909592032432556
32793,2024,1,0.001482166349887848
32793,2024,2,0.0010205762227997184
32793,2024,3,0.000434998597484082
32793,2024,4,0.000965373357757926
32801,2024,1,0.0022646093275398016
32801,2024,2,0.001626702956855297
32801,2024,3,0.0006572243291884661
32801,2024,4,0.0014742054045200348
32809,2024,1,0.13589932024478912
32809,2024,2,0.1380654275417328
32809,2024,3,0.04135206341743469
32809,2024,4,0.08924078941345215
32814,2024,1,0.0025170668959617615
32814,2024,2,0.0018232213333249092
32814,2024,3,0.0007309166830964386
32814,2024,4,0.001637469045817852
32822,2024,1,0.003220162820070982
32822,2024,2,0.0023859732318669558
32822,2024,3,0.0009306460851803422
32822,2024,4,0.0020927749574184418
32824,2024,1,0.001341405208222568
32824,2024,2,0.0009141575428657234
32824,2024,3,0.0003955347347073257
32824,2024,4,0.0008746543317101896
32839,2024,1,0.0015982530312612653
32839,2024,2,0.0011076327646151185
32839,2024,3,0.0004692177753895521
32839,2024,4,0.0010412640403956175
32840,2024,1,0.1570449024438858
32840,2024,2,0.15762916207313538
32840,2024,3,0.051037102937698364
32840,2024,4,0.10314753651618958
32847,2024,1,0.13603989779949188
32847,2024,2,0.13821016252040863
32847,2024,3,0.0414133295416832
32847,2024,4,0.08934830129146576
32853,2024,1,0.002028227550908923
32853,2024,2,0.0014398274943232536
32853,2024,3,0.0005906326114200056
32853,2024,4,0.0013194980565458536
32854,2024,1,0.0018223078222945333
32854,2024,2,0.0012817186070606112
32854,2024,3,0.000531780649907887
32854,2024,4,0.0011873694602400064
32856,2024,1,0.005842697806656361
32856,2024,2,0.004579009022563696
32856,2024,3,0.0016675309743732214
32856,2024,4,0.003788747824728489
32857,2024,1,0.5259127020835876
32857,2024,2,0.5306273698806763
32857,2024,3,0.28531327843666077
32857,2024,4,0.4155544638633728
32858,2024,1,0.4501444101333618
32858,2024,2,0.458886981010437
32858,2024,3,0.2269810438156128
32858,2024,4,0.3510684669017792
32863,2024,1,0.1797148585319519
32863,2024,2,0.18235856294631958
32863,2024,3,0.0613066665828228
32863,2024,4,0.12119118869304657
32864,2024,1,0.0239565409719944
32864,2024,2,0.021418217569589615
32864,2024,3,0.006606197915971279
32864,2024,4,0.015422915108501911
32868,2024,1,0.2767884135246277
32868,2024,2,0.28161007165908813
32868,2024,3,0.11365817487239838
32868,2024,4,0.1979348212480545
32883,2024,1,0.15418705344200134
32883,2024,2,0.1558718979358673
32883,2024,3,0.0494670532643795
32883,2024,4,0.10175780951976776
32885,2024,1,0.00237633241340518
32885,2024,2,0.0017096658702939749
32885,2024,3,0.0006939548766240478
32885,2024,4,0.0015483745373785496
32891,2024,1,0.16172125935554504
32891,2024,2,0.16448894143104553
32891,2024,3,0.05288250371813774
32891,2024,4,0.10829798877239227
32896,2024,1,0.22666135430335999
32896,2024,2,0.22990138828754425
32896,2024,3,0.08572649955749512
32896,2024,4,0.1564672291278839
32899,2024,1,0.15904957056045532
32899,2024,2,0.16208788752555847
32899,2024,3,0.05183125287294388
32899,2024,4,0.10687229782342911
32903,2024,1,0.154869943857193
32903,2024,2,0.1579468846321106
32903,2024,3,0.04987002909183502
32903,2024,4,0.10343620926141739
32908,2024,1,0.0016714746598154306
32908,2024,2,0.0011640503071248531
32908,2024,3,0.0004894074518233538
32908,2024,4,0.001088287215679884
32917,2024,1,0.13635888695716858
32917,2024,2,0.13853490352630615
32917,2024,3,0.041552573442459106
32917,2024,4,0.08958825469017029
32920,2024,1,0.13546514511108398
32920,2024,2,0.13762229681015015
32920,2024,3,0.04116051644086838
32920,2024,4,0.08890272676944733
32930,2024,1,0.24073494970798492
32930,2024,2,0.24331393837928772
32930,2024,3,0.09417054802179337
32930,2024,4,0.1689407229423523
32944,2024,1,0.14673444628715515
32944,2024,2,0.14990068972110748
32944,2024,3,0.04589877650141716
32944,2024,4,0.09632451087236404
32947,2024,1,0.005339263938367367
32947,2024,2,0.0041530621238052845
32947,2024,3,0.0015250006690621376
32947,2024,4,0.003460874315351248
32949,2024,1,0.13581421971321106
32949,2024,2,0.1379755735397339
32949,2024,3,0.04131367802619934
32949,2024,4,0.08916793763637543
32952,2024,1,0.0010935108875855803
32952,2024,2,0.0007308723870664835
32952,2024,3,0.00032328313682228327
32952,2024,4,0.0007129433797672391
32969,2024,1,0.003416754538193345
32969,2024,2,0.002546723233535886
32969,2024,3,0.0009863156592473388
32969,2024,4,0.0022208616137504578
32984,2024,1,0.002637818455696106
32984,2024,2,0.0019202516414225101
32984,2024,3,0.0007642438285984099
32984,2024,4,0.0017154030501842499
32993,2024,1,0.003989627584815025
32993,2024,2,0.0030188520904630423
32993,2024,3,0.0011476912768557668
32993,2024,4,0.0025928167160600424
34006,2024,1,0.002955926116555929
34006,2024,2,0.002173887100070715
34006,2024,3,0.0008554407395422459
34006,2024,4,0.0019223561976104975
34008,2024,1,0.0014529414474964142
34008,2024,2,0.0009986110962927341
34008,2024,3,0.00042650397517718375
34008,2024,4,0.0009463332826271653
34014,2024,1,0.0029979608952999115
34014,2024,2,0.0022079376503825188
34014,2024,3,0.0008647849317640066
34014,2024,4,0.0019456426380202174
34015,2024,1,0.25354182720184326
34015,2024,2,0.2579747438430786
34015,2024,3,0.10037152469158173
34015,2024,4,0.17827221751213074
34023,2024,1,0.0022624603006988764
34023,2024,2,0.0016223094426095486
34023,2024,3,0.0006584877846762538
34023,2024,4,0.0014725395012646914
34029,2024,1,0.002724891994148493
34029,2024,2,0.001988897332921624
34029,2024,3,0.0007895336020737886
34029,2024,4,0.001772073213942349
34034,2024,1,0.20187193155288696
34034,2024,2,0.20582665503025055
34034,2024,3,0.07251429557800293
34034,2024,4,0.1383073776960373
34035,2024,1,0.1473865807056427
34035,2024,2,0.1502925157546997
34035,2024,3,0.04649919271469116
34035,2024,4,0.09804116189479828
34040,2024,1,0.1358504742383957
34040,2024,2,0.13801637291908264
34040,2024,3,0.04133041948080063
34040,2024,4,0.0892033576965332
34046,2024,1,0.002326629124581814
34046,2024,2,0.0016721473075449467
34046,2024,3,0.0006774900248274207
34046,2024,4,0.0015146106015890837
34052,2024,1,0.002527333563193679
34052,2024,2,0.001830029534175992
34052,2024,3,0.0007336875423789024
34052,2024,4,0.0016444502398371696
34060,2024,1,0.0013318655546754599
34060,2024,2,0.000908088986761868
34060,2024,3,0.00039146881317719817
34060,2024,4,0.0008676772704347968
34066,2024,1,0.002214909764006734
34066,2024,2,0.0015850915806367993
34066,2024,3,0.0006441919249482453
34066,2024,4,0.0014404503162950277
34077,2024,1,0.1360476016998291
34077,2024,2,0.13821552693843842
34077,2024,3,0.04141651839017868
34077,2024,4,0.08935078978538513
34098,2024,1,0.0015779947862029076
34098,2024,2,0.0010930986609309912
34098,2024,3,0.00046310998732224107
34098,2024,4,0.001028438564389944
34101,2024,1,0.13610294461250305
34101,2024,2,0.13827472925186157
34101,2024,3,0.04143974930047989
34101,2024,4,0.0893896222114563
34104,2024,1,0.004249834455549717
34104,2024,2,0.003233177587389946
34104,2024,3,0.0012190111447125673
34104,2024,4,0.0027513955719769
34113,2024,1,0.0017106637824326754
34113,2024,2,0.0011933859204873443
34113,2024,3,0.0005018412484787405
34113,2024,4,0.001114852842874825
34120,2024,1,0.3156089782714844
34120,2024,2,0.32177436351776123
34120,2024,3,0.1366538554430008
34120,2024,4,0.2303869128227234
34125,2024,1,0.0017131613567471504
34125,2024,2,0.0011954493820667267
34125,2024,3,0.0005028786836192012
34125,2024,4,0.0011170378420501947
34126,2024,1,0.0022399607114493847
34126,2024,2,0.001605180324986577
34126,2024,3,0.000650899950414896
34126,2024,4,0.0014569341437891126
34133,2024,1,0.22900991141796112
34133,2024,2,0.23489852249622345
34133,2024,3,0.08679945766925812
34133,2024,4,0.16117361187934875
34136,2024,1,0.0020112567581236362
34136,2024,2,0.0014270518440753222
34136,2024,3,0.0005863641272298992
34136,2024,4,0.0013100092764943838
34142,2024,1,0.0012541618198156357
34142,2024,2,0.0008496122318319976
34142,2024,3,0.00036958878627046943
34142,2024,4,0.0008173686801455915
34145,2024,1,0.0017251016106456518
34145,2024,2,0.0012065700720995665
34145,2024,3,0.0005039232200942934
34145,2024,4,0.0011234765406697989
34152,2024,1,0.18802109360694885
34152,2024,2,0.19124551117420197
34152,2024,3,0.06566967815160751
34152,2024,4,0.12849891185760498
34189,2024,1,0.0020318483002483845
34189,2024,2,0.0014403508976101875
34189,2024,3,0.0005945979501120746
34189,2024,4,0.0013235202059149742
34198,2024,1,0.0015277330530807376
34198,2024,2,0.0010556929046288133
34198,2024,3,0.0004476343165151775
34198,2024,4,0.0009952923282980919
34206,2024,1,0.0022699041292071342
34206,2024,2,0.0016270321793854237
34206,2024,3,0.0006616751197725534
34206,2024,4,0.0014776705065742135
34209,2024,1,0.13560479879379272
34209,2024,2,0.1377648413181305
34209,2024,3,0.04122178256511688
34209,2024,4,0.0890093669295311
34214,2024,1,0.13607420027256012
34214,2024,2,0.1382443904876709
34214,2024,3,0.04142826795578003
34214,2024,4,0.08937271684408188
34215,2024,1,0.1358514130115509
34215,2024,2,0.13801594078540802
34215,2024,3,0.04133087024092674
34215,2024,4,0.08920156955718994
34219,2024,1,0.1626044511795044
34219,2024,2,0.16649797558784485
34219,2024,3,0.05317632108926773
34219,2024,4,0.10893867909908295
34235,2024,1,0.0027909623458981514
34235,2024,2,0.002040337771177292
34235,2024,3,0.0008099045371636748
34235,2024,4,0.0018158454913645983
34263,2024,1,0.0022856825962662697
34263,2024,2,0.0016415986465290189
34263,2024,3,0.0006639680941589177
34263,2024,4,0.0014876795466989279
34264,2024,1,0.0036286218091845512
34264,2024,2,0.0027200079057365656
34264,2024,3,0.0010463164653629065
34264,2024,4,0.002358028432354331
34270,2024,1,0.159834086894989
34270,2024,2,0.16176223754882812
34270,2024,3,0.05223160609602928
34270,2024,4,0.106722891330719
34271,2024,1,0.002362626837566495
34271,2024,2,0.0017037123907357454
34271,2024,3,0.0006833693478256464
34271,2024,4,0.0015382352285087109
34274,2024,1,0.003277015872299671
34274,2024,2,0.002432235749438405
34274,2024,3,0.0009481561719439924
34274,2024,4,0.0021318476647138596
34292,2024,1,0.0011831795563921332
34292,2024,2,0.0007967509445734322
34292,2024,3,0.00034947777749039233
34292,2024,4,0.0007711061625741422
34297,2024,1,0.0040435791015625
34297,2024,2,0.003060156712308526
34297,2024,3,0.00116497662384063
34297,2024,4,0.0026273163966834545
34301,2024,1,0.004975881427526474
34301,2024,2,0.0038438301999121904
34301,2024,3,0.0014228557702153921
34301,2024,4,0.003228590590879321
34305,2024,1,0.2031838744878769
34305,2024,2,0.20674844086170197
34305,2024,3,0.07326185703277588
34305,2024,4,0.13933132588863373
34311,2024,1,0.004514532629400492
34311,2024,2,0.003455189522355795
34311,2024,3,0.001295039663091302
34311,2024,4,0.0029313627164810896
34325,2024,1,0.0017517670057713985
34325,2024,2,0.001226287567988038
34325,2024,3,0.0005119929555803537
34325,2024,4,0.0011406432604417205
34334,2024,1,0.0006088592344895005
34334,2024,2,0.00038445639074780047
34334,2024,3,0.00018190580885857344
34334,2024,4,0.0003967869852203876
34335,2024,1,0.002747141057625413
34335,2024,2,0.0020066690631210804
34335,2024,3,0.0007963452953845263
34335,2024,4,0.0017869933508336544
34340,2024,1,0.002419182565063238
34340,2024,2,0.001746159279718995
34340,2024,3,0.000702001852914691
34340,2024,4,0.0015732457395642996
34345,2024,1,0.003027434926480055
34345,2024,2,0.0022316293325275183
34345,2024,3,0.0008762497454881668
34345,2024,4,0.0019692229107022285
34346,2024,1,0.0038886512629687786
34346,2024,2,0.0029373900033533573
34346,2024,3,0.001116197556257248
34346,2024,4,0.0025239952374249697
34348,2024,1,0.006250305101275444
34348,2024,2,0.004930354654788971
34348,2024,3,0.0017821479123085737
34348,2024,4,0.004054808057844639
34351,2024,1,0.13632012903690338
34351,2024,2,0.13849171996116638
34351,2024,3,0.04153463989496231
34351,2024,4,0.08955024182796478
34354,2024,1,0.1797308325767517
34354,2024,2,0.18316219747066498
34354,2024,3,0.06133952736854553
34354,2024,4,0.12031809985637665
34356,2024,1,0.2603651285171509
34356,2024,2,0.2642556130886078
34356,2024,3,0.10427442938089371
34356,2024,4,0.18373364210128784
34361,2024,1,0.0023647984489798546
34361,2024,2,0.001705776434391737
34361,2024,3,0.0006866442272439599
34361,2024,4,0.001540494617074728
34367,2024,1,0.0032262743916362524
34367,2024,2,0.002390954876318574
34367,2024,3,0.0009328624000772834
34367,2024,4,0.002097202930599451
34375,2024,1,0.001670903293415904
34375,2024,2,0.0011636305134743452
34375,2024,3,0.0004885857924818993
34375,2024,4,0.0010882038623094559
34377,2024,1,0.2500573396682739
34377,2024,2,0.2563936114311218
34377,2024,3,0.09799531102180481
34377,2024,4,0.17662256956100464
34378,2024,1,0.13634763658046722
34378,2024,2,0.13852263987064362
34378,2024,3,0.04154735431075096
34378,2024,4,0.08957093954086304
34386,2024,1,0.25163617730140686
34386,2024,2,0.25029850006103516
34386,2024,3,0.1003011018037796
34386,2024,4,0.17433618009090424
34392,2024,1,0.001553013687953353
34392,2024,2,0.0010735630057752132
34392,2024,3,0.00045653639244847
34392,2024,4,0.0010121569503098726
34424,2024,1,0.2557990550994873
34424,2024,2,0.25966933369636536
34424,2024,3,0.10167387127876282
34424,2024,4,0.18049439787864685
34436,2024,1,0.001950358273461461
34436,2024,2,0.001378925982862711
34436,2024,3,0.0005699228495359421
34436,2024,4,0.001270532957278192
34438,2024,1,0.25385379791259766
34438,2024,2,0.2587183713912964
34438,2024,3,0.10055440664291382
34438,2024,4,0.178870290517807
34445,2024,1,0.1784251183271408
34445,2024,2,0.180413618683815
34445,2024,3,0.06120925396680832
34445,2024,4,0.12051726877689362
34458,2024,1,0.1361669898033142
34458,2024,2,0.13833923637866974
34458,2024,3,0.04146936535835266
34458,2024,4,0.08944486081600189
34465,2024,1,0.0031421822495758533
34465,2024,2,0.0023345304653048515
34465,2024,3,0.0009016271214932203
34465,2024,4,0.0020466241985559464
34482,2024,1,0.001136247767135501
34482,2024,2,0.0007623675046488643
34482,2024,3,0.000335609947796911
34482,2024,4,0.0007405118085443974
34485,2024,1,0.0014660041779279709
34485,2024,2,0.0010083303786814213
34485,2024,3,0.00043061026372015476
34485,2024,4,0.0009551061666570604
34487,2024,1,0.17117929458618164
34487,2024,2,0.17441505193710327
34487,2024,3,0.05728789046406746
34487,2024,4,0.11409308761358261
34491,2024,1,0.15189063549041748
34491,2024,2,0.15280432999134064
34491,2024,3,0.048761285841464996
34491,2024,4,0.10027092695236206
34509,2024,1,0.0024130577221512794
34509,2024,2,0.001739121158607304
34509,2024,3,0.0007047322578728199
34509,2024,4,0.001573786954395473
34513,2024,1,0.0017996816895902157
34513,2024,2,0.0012633672449737787
34513,2024,3,0.0005250074318610132
34513,2024,4,0.0011715637519955635
34517,2024,1,0.002966686151921749
34517,2024,2,0.0021826704032719135
34517,2024,3,0.0008576437830924988
34517,2024,4,0.0019277737010270357
34522,2024,1,0.13590426743030548
34522,2024,2,0.13807058334350586
34522,2024,3,0.04135419428348541
34522,2024,4,0.08924504369497299
34523,2024,1,0.0024829355534166098
34523,2024,2,0.001787770539522171
34523,2024,3,0.0007252226350829005
34523,2024,4,0.0016109393909573555
34546,2024,1,0.15077264606952667
34546,2024,2,0.15381890535354614
34546,2024,3,0.048047833144664764
34546,2024,4,0.10153554379940033
34549,2024,1,0.0044375937432050705
34549,2024,2,0.003390171332284808
34549,2024,3,0.0012740545207634568
34549,2024,4,0.0028821751475334167
34556,2024,1,0.019902503117918968
34556,2024,2,0.017481062561273575
34556,2024,3,0.005509909242391586
34556,2024,4,0.012806066311895847
34558,2024,1,0.33049964904785156
34558,2024,2,0.3353811800479889
34558,2024,3,0.14635735750198364
34558,2024,4,0.24084687232971191
34560,2024,1,0.2872593402862549
34560,2024,2,0.29232436418533325
34560,2024,3,0.11949819326400757
34560,2024,4,0.20555590093135834
34566,2024,1,0.0015157336601987481
34566,2024,2,0.00104502122849226
34566,2024,3,0.0004463503137230873
34566,2024,4,0.000988629530183971
34569,2024,1,0.001707158051431179
34569,2024,2,0.0011908458545804024
34569,2024,3,0.0005008074804209173
34569,2024,4,0.0011124960146844387
34582,2024,1,0.0025055301375687122
34582,2024,2,0.001814383314922452
34582,2024,3,0.0007274978561326861
34582,2024,4,0.0016304128803312778
34584,2024,1,0.001757259014993906
34584,2024,2,0.001229599816724658
34584,2024,3,0.0005144198075868189
34584,2024,4,0.0011443861294537783
34592,2024,1,0.0010163093684241176
34592,2024,2,0.0006740813842043281
34592,2024,3,0.0003013364621438086
34592,2024,4,0.0006625424139201641
34597,2024,1,0.20137488842010498
34597,2024,2,0.20563757419586182
34597,2024,3,0.07199591398239136
34597,2024,4,0.1374887228012085
34629,2024,1,0.21292787790298462
34629,2024,2,0.2156798243522644
34629,2024,3,0.07868622243404388
34629,2024,4,0.14655637741088867
34643,2024,1,0.0023126646410673857
34643,2024,2,0.0016612887848168612
34643,2024,3,0.000673273578286171
34643,2024,4,0.001505393418483436
34659,2024,1,0.0014221749734133482
34659,2024,2,0.0009753389749675989
34659,2024,3,0.0004179846728220582
34659,2024,4,0.0009264247491955757
34666,2024,1,0.13610541820526123
34666,2024,2,0.13827699422836304
34666,2024,3,0.04144041985273361
34666,2024,4,0.08938950300216675
34673,2024,1,0.004331682808697224
34673,2024,2,0.0033019171096384525
34673,2024,3,0.001244090497493744
34673,2024,4,0.0028132458683103323
34675,2024,1,0.001156467478722334
34675,2024,2,0.000777711917180568
34675,2024,3,0.00034070273977704346
34675,2024,4,0.0007530419388785958
34683,2024,1,0.002120040589943528
34683,2024,2,0.0015110415406525135
34683,2024,3,0.0006177017348818481
34683,2024,4,0.0013799830339848995
34690,2024,1,0.0024815849028527737
34690,2024,2,0.0017948229797184467
34690,2024,3,0.0007209734758362174
34690,2024,4,0.0016140432562679052
34691,2024,1,0.0031634303741157055
34691,2024,2,0.002341589890420437
34691,2024,3,0.0009140123147517443
34691,2024,4,0.002056649187579751
34708,2024,1,0.0023353025317192078
34708,2024,2,0.001679650042206049
34708,2024,3,0.000679242773912847
34708,2024,4,0.0015199347399175167
34714,2024,1,0.1355074644088745
34714,2024,2,0.1376672238111496
34714,2024,3,0.04118068516254425
34714,2024,4,0.0889441967010498
34724,2024,1,0.0013826012145727873
34724,2024,2,0.000945686420891434
34724,2024,3,0.0004061555373482406
34724,2024,4,0.0009002846200019121
34726,2024,1,0.003116285428404808
34726,2024,2,0.002303115325048566
34726,2024,3,0.0009013769449666142
34726,2024,4,0.002026521833613515
34728,2024,1,0.15847425162792206
34728,2024,2,0.16109031438827515
34728,2024,3,0.05138649418950081
34728,2024,4,0.10596158355474472
34734,2024,1,0.0014851782470941544
34734,2024,2,0.0010233580833300948
34734,2024,3,0.00043511102558113635
34734,2024,4,0.0009668093407526612
34737,2024,1,0.002775672823190689
34737,2024,2,0.0020298196468502283
34737,2024,3,0.0008036503568291664
34737,2024,4,0.001804875792004168
34738,2024,1,0.001423264155164361
34738,2024,2,0.0009791671764105558
34738,2024,3,0.0004154290072619915
34738,2024,4,0.0009264034451916814
34764,2024,1,0.20046734809875488
34764,2024,2,0.20455192029476166
34764,2024,3,0.07171208411455154
34764,2024,4,0.13764260709285736
34772,2024,1,0.23146302998065948
34772,2024,2,0.2364751100540161
34772,2024,3,0.08812260627746582
34772,2024,4,0.1611545830965042
34774,2024,1,0.003495828714221716
34774,2024,2,0.0026125034783035517
34774,2024,3,0.0010075225727632642
34774,2024,4,0.0022716859821230173
34782,2024,1,0.21885883808135986
34782,2024,2,0.22281135618686676
34782,2024,3,0.08125472068786621
34782,2024,4,0.15029388666152954
34783,2024,1,0.0033756718039512634
34783,2024,2,0.002511762548238039
34783,2024,3,0.0009752599871717393
34783,2024,4,0.002192446496337652
34786,2024,1,0.0011740046320483088
34786,2024,2,0.0007906963583081961
34786,2024,3,0.00034577929181978106
34786,2024,4,0.0007647060556337237
34788,2024,1,0.003175012767314911
34788,2024,2,0.002349540591239929
34788,2024,3,0.0009196805767714977
34788,2024,4,0.0020657903514802456
34796,2024,1,0.17361003160476685
34796,2024,2,0.17533239722251892
34796,2024,3,0.0583525076508522
34796,2024,4,0.11641649901866913
34802,2024,1,0.002446136437356472
34802,2024,2,0.0017672525718808174
34802,2024,3,0.0007107936544343829
34802,2024,4,0.0015921189915388823
34808,2024,1,0.0017999729607254267
34808,2024,2,0.0012628126423805952
34808,2024,3,0.0005260427133180201
34808,2024,4,0.0011717990273609757
34819,2024,1,0.003114439081400633
34819,2024,2,0.0023026273120194674
34819,2024,3,0.0009006333420984447
34819,2024,4,0.002026447094976902
34834,2024,1,0.00205693650059402
34834,2024,2,0.0014616753906011581
34834,2024,3,0.000599681690800935
34834,2024,4,0.001339067704975605
34835,2024,1,0.13570882380008698
34835,2024,2,0.1378704309463501
34835,2024,3,0.0412672683596611
34835,2024,4,0.08908811956644058
34837,2024,1,0.0018563105259090662
34837,2024,2,0.0013063293881714344
34837,2024,3,0.0005425424315035343
34837,2024,4,0.0012090741656720638
34838,2024,1,0.0015063909813761711
34838,2024,2,0.0010379791492596269
34838,2024,3,0.00044322438770905137
34838,2024,4,0.000981711084023118
34846,2024,1,0.002955362666398287
34846,2024,2,0.0021731029264628887
34846,2024,3,0.0008551671635359526
34846,2024,4,0.0019211384933441877
34852,2024,1,0.002535262145102024
34852,2024,2,0.001836722600273788
34852,2024,3,0.0007370651001110673
34852,2024,4,0.0016497056931257248
34861,2024,1,0.002643757266923785
34861,2024,2,0.0019230293110013008
34861,2024,3,0.00076858646934852
34861,2024,4,0.0017207135679200292
34884,2024,1,0.0023667917121201754
34884,2024,2,0.0017037679208442569
34884,2024,3,0.0006890296936035156
34884,2024,4,0.001540602184832096
34889,2024,1,0.003622826188802719
34889,2024,2,0.0027138288132846355
34889,2024,3,0.001045868848450482
34889,2024,4,0.002354514319449663
34901,2024,1,0.13620327413082123
34901,2024,2,0.13837577402591705
34901,2024,3,0.04148364067077637
34901,2024,4,0.08946539461612701
34902,2024,1,0.0012348763411864638
34902,2024,2,0.0008351074066013098
34902,2024,3,0.0003639430506154895
34902,2024,4,0.0008042925037443638
34908,2024,1,0.0013759643770754337
34908,2024,2,0.0009411711944267154
34908,2024,3,0.00040392985101789236
34908,2024,4,0.0008960713166743517
34910,2024,1,0.0014044425915926695
34910,2024,2,0.0009617410250939429
34910,2024,3,0.00041313652764074504
34910,2024,4,0.0009146766969934106
34920,2024,1,0.00576371792703867
34920,2024,2,0.004505665972828865
34920,2024,3,0.0016505203675478697
34920,2024,4,0.0037414166145026684
34921,2024,1,0.0019176224013790488
34921,2024,2,0.0013529310235753655
34921,2024,3,0.0005598893039859831
34921,2024,4,0.0012479240540415049
34930,2024,1,0.17950677871704102
34930,2024,2,0.18243826925754547
34930,2024,3,0.061474986374378204
34930,2024,4,0.12066034972667694
34931,2024,1,0.0020026620477437973
34931,2024,2,0.0014162075240164995
34931,2024,3,0.0005852048634551466
34931,2024,4,0.001300306641496718
34932,2024,1,0.0044216737151145935
34932,2024,2,0.0033821365796029568
34932,2024,3,0.0012645625974982977
34932,2024,4,0.0028695554938167334
34936,2024,1,0.19518771767616272
34936,2024,2,0.19932153820991516
34936,2024,3,0.0690184235572815
34936,2024,4,0.1333179473876953
34939,2024,1,0.0017575568053871393
34939,2024,2,0.0012303227558732033
34939,2024,3,0.0005140643334016204
34939,2024,4,0.0011445034760981798
34956,2024,1,0.0007969806902110577
34956,2024,2,0.0005167264025658369
34956,2024,3,0.0002368202549405396
34956,2024,4,0.0005193686811253428
34958,2024,1,0.005038891918957233
34958,2024,2,0.003897204529494047
34958,2024,3,0.0014405908295884728
34958,2024,4,0.003269386477768421
34975,2024,1,0.003645935794338584
34975,2024,2,0.0027317057829350233
34975,2024,3,0.001053331419825554
34975,2024,4,0.002368621528148651
34979,2024,1,0.0031432914547622204
34979,2024,2,0.002337248297408223
34979,2024,3,0.0008974302327260375
34979,2024,4,0.002040338236838579
34984,2024,1,0.13567230105400085
34984,2024,2,0.1378338634967804
34984,2024,3,0.041252125054597855
34984,2024,4,0.08906544744968414
34990,2024,1,0.004253384657204151
34990,2024,2,0.0032380211632698774
34990,2024,3,0.0012205962557345629
34990,2024,4,0.0027618389576673508
35000,2024,1,0.0035853118170052767
35000,2024,2,0.002680641133338213
35000,2024,3,0.0010358623694628477
35000,2024,4,0.002330547431483865
35004,2024,1,0.002871474949643016
35004,2024,2,0.0021070593502372503
35004,2024,3,0.0008307525422424078
35004,2024,4,0.0018667057156562805
35007,2024,1,0.0027580438181757927
35007,2024,2,0.0020089768804609776
35007,2024,3,0.0008068030001595616
35007,2024,4,0.001799962017685175
35010,2024,1,0.0020428644493222237
35010,2024,2,0.001449974486604333
35010,2024,3,0.0005962155410088599
35010,2024,4,0.0013296168763190508
35012,2024,1,0.13540548086166382
35012,2024,2,0.13756248354911804
35012,2024,3,0.04113524407148361
35012,2024,4,0.0888618677854538
35013,2024,1,0.20422638952732086
35013,2024,2,0.20667821168899536
35013,2024,3,0.07396576553583145
35013,2024,4,0.13901959359645844
35029,2024,1,0.005466556642204523
35029,2024,2,0.0042599947191774845
35029,2024,3,0.0015599291073158383
35029,2024,4,0.003545536659657955
35037,2024,1,0.0044652195647358894
35037,2024,2,0.0034123570658266544
35037,2024,3,0.001282604061998427
35037,2024,4,0.0028997070621699095
35039,2024,1,0.003732894081622362
35039,2024,2,0.0028084490913897753
35039,2024,3,0.0010736921103671193
35039,2024,4,0.0024250505957752466
35051,2024,1,0.002892010845243931
35051,2024,2,0.0021208315156400204
35051,2024,3,0.0008386994013562799
35051,2024,4,0.0018807129235938191
35059,2024,1,0.003731663106009364
35059,2024,2,0.0028030495159327984
35059,2024,3,0.001078002736903727
35059,2024,4,0.002427132334560156
35064,2024,1,0.1359637826681137
35064,2024,2,0.13813161849975586
35064,2024,3,0.04137929156422615
35064,2024,4,0.08928573131561279
35069,2024,1,0.13574257493019104
35069,2024,2,0.13790488243103027
35069,2024,3,0.04128217697143555
35069,2024,4,0.08911511301994324
35084,2024,1,0.0014142664149403572
35084,2024,2,0.0009694203035905957
35084,2024,3,0.00041547510772943497
35084,2024,4,0.0009211146971210837
35088,2024,1,0.13168765604496002
35088,2024,2,0.13380584120750427
35088,2024,3,0.03952668979763985
35088,2024,4,0.0861944928765297
35113,2024,1,0.0015800802502781153
35113,2024,2,0.0010946010006591678
35113,2024,3,0.0004632542550098151
35113,2024,4,0.00102895125746727
35125,2024,1,0.008835840970277786
35125,2024,2,0.007198251783847809
35125,2024,3,0.002498877700418234
35125,2024,4,0.005721579305827618
35126,2024,1,0.00323630403727293
35126,2024,2,0.002390881534665823
35126,2024,3,0.0009380077244713902
35126,2024,4,0.0021008988842368126
35127,2024,1,0.0019083090592175722
35127,2024,2,0.0013457947643473744
35127,2024,3,0.0005581223522312939
35127,2024,4,0.0012428814079612494
35137,2024,1,0.002682681195437908
35137,2024,2,0.0019549820572137833
35137,2024,3,0.00077802874147892
35137,2024,4,0.0017452363390475512
35141,2024,1,0.00538221187889576
35141,2024,2,0.004186011850833893
35141,2024,3,0.001540044555440545
35141,2024,4,0.0034935467410832644
35157,2024,1,0.19487570226192474
35157,2024,2,0.19819848239421844
35157,2024,3,0.06882272660732269
35157,2024,4,0.13290366530418396
35158,2024,1,0.15949803590774536
35158,2024,2,0.16156578063964844
35158,2024,3,0.05177587270736694
35158,2024,4,0.10607059299945831
35159,2024,1,0.20877930521965027
35159,2024,2,0.21361570060253143
35159,2024,3,0.07596416771411896
35159,2024,4,0.14514487981796265
35168,2024,1,0.4867944121360779
35168,2024,2,0.4951895773410797
35168,2024,3,0.254608154296875
35168,2024,4,0.3823670744895935
35170,2024,1,0.27422264218330383
35170,2024,2,0.27824723720550537
35170,2024,3,0.11237010359764099
35170,2024,4,0.19518911838531494
35172,2024,1,0.32437998056411743
35172,2024,2,0.3289448618888855
35172,2024,3,0.1433967798948288
35172,2024,4,0.23699618875980377
35181,2024,1,0.23971250653266907
35181,2024,2,0.243120476603508
35181,2024,3,0.09297390282154083
35181,2024,4,0.16860122978687286
35186,2024,1,0.005279905628412962
35186,2024,2,0.004101209342479706
35186,2024,3,0.0015089624794200063
35186,2024,4,0.0034266505390405655
35188,2024,1,0.20494955778121948
35188,2024,2,0.20818984508514404
35188,2024,3,0.07402816414833069
35188,2024,4,0.13888312876224518
35191,2024,1,0.001945712836459279
35191,2024,2,0.001375205465592444
35191,2024,3,0.0005678641609847546
35191,2024,4,0.0012666506227105856
35209,2024,1,0.0018501452868804336
35209,2024,2,0.0013009324902668595
35209,2024,3,0.0005417093634605408
35209,2024,4,0.0012055451516062021
35211,2024,1,0.002581049222499132
35211,2024,2,0.0018755949568003416
35211,2024,3,0.0007476380560547113
35211,2024,4,0.001677750376984477
35214,2024,1,0.00427082646638155
35214,2024,2,0.003223071340471506
35214,2024,3,0.0012386933667585254
35214,2024,4,0.0027675398159772158
35230,2024,1,0.0033457193057984114
35230,2024,2,0.0024903351441025734
35230,2024,3,0.0009653097949922085
35230,2024,4,0.0021746759302914143
35251,2024,1,0.004777229391038418
35251,2024,2,0.003674223320558667
35251,2024,3,0.0013705436140298843
35251,2024,4,0.00310277147218585
35268,2024,1,0.001648545148782432
35268,2024,2,0.0011465629795566201
35268,2024,3,0.00048255122965201735
35268,2024,4,0.0010740943253040314
35271,2024,1,0.16689631342887878
35271,2024,2,0.16967934370040894
35271,2024,3,0.05555213242769241
35271,2024,4,0.11253462731838226
35275,2024,1,0.0010819477029144764
35275,2024,2,0.0007230705814436078
35275,2024,3,0.00031917760497890413
35275,2024,4,0.0007047620019875467
35278,2024,1,0.0023566228337585926
35278,2024,2,0.001697031082585454
35278,2024,3,0.0006842628354206681
35278,2024,4,0.001532958121970296
35300,2024,1,0.43416476249694824
35300,2024,2,0.4378683865070343
35300,2024,3,0.21844501793384552
35300,2024,4,0.3319355249404907
35313,2024,1,0.0016093042213469744
35313,2024,2,0.001116806990467012
35313,2024,3,0.00047183537390083075
35313,2024,4,0.0010483537334948778
35323,2024,1,0.0014280644245445728
35323,2024,2,0.0009784135036170483
35323,2024,3,0.00042121135629713535
35323,2024,4,0.0009310485329478979
35329,2024,1,0.001826440915465355
35329,2024,2,0.0012821389827877283
35329,2024,3,0.0005348288104869425
35329,2024,4,0.0011896977666765451
35339,2024,1,0.0022170916199684143
35339,2024,2,0.0015872149961069226
35339,2024,3,0.0006445451290346682
35339,2024,4,0.0014422157546505332
35344,2024,1,0.0015223746886476874
35344,2024,2,0.0010507237166166306
35344,2024,3,0.000446460151579231
35344,2024,4,0.0009914012625813484
35356,2024,1,0.13573165237903595
35356,2024,2,0.1378939151763916
35356,2024,3,0.041277848184108734
35356,2024,4,0.08910907804965973
35366,2024,1,0.0021942579187452793
35366,2024,2,0.0015697224298492074
35366,2024,3,0.0006380483391694725
35366,2024,4,0.001427405746653676
35367,2024,1,0.001653025858104229
35367,2024,2,0.0011484598508104682
35367,2024,3,0.0004848577664233744
35367,2024,4,0.001075156033039093
35370,2024,1,0.006901502143591642
35370,2024,2,0.005490581970661879
35370,2024,3,0.0019780590664595366
35370,2024,4,0.004505419172346592
35372,2024,1,0.0014277049340307713
35372,2024,2,0.0009787005838006735
35372,2024,3,0.00042082639993168414
35372,2024,4,0.0009311588946729898
35374,2024,1,0.20456497371196747
35374,2024,2,0.20803825557231903
35374,2024,3,0.07427258044481277
35374,2024,4,0.14037975668907166
35375,2024,1,0.0014248797670006752
35375,2024,2,0.0009773415513336658
35375,2024,3,0.000418784620705992
35375,2024,4,0.000928223947994411
35385,2024,1,0.1355234831571579
35385,2024,2,0.13768157362937927
35385,2024,3,0.04118726775050163
35385,2024,4,0.08895305544137955
35387,2024,1,0.001963194692507386
35387,2024,2,0.0013882317580282688
35387,2024,3,0.0005737536703236401
35387,2024,4,0.0012785124126821756
35404,2024,1,0.00398417841643095
35404,2024,2,0.003009323263540864
35404,2024,3,0.0011525091249495745
35404,2024,4,0.0025925724767148495
35413,2024,1,0.0027405121363699436
35413,2024,2,0.002001718617975712
35413,2024,3,0.0007938076741993427
35413,2024,4,0.001782529870979488
35414,2024,1,0.005729527212679386
35414,2024,2,0.004483548458665609
35414,2024,3,0.0016340503934770823
35414,2024,4,0.0037152476143091917
35416,2024,1,0.18200138211250305
35416,2024,2,0.18508854508399963
35416,2024,3,0.06259087473154068
35416,2024,4,0.12322297692298889
35426,2024,1,0.0018147033406421542
35426,2024,2,0.0012753813061863184
35426,2024,3,0.000529919343534857
35426,2024,4,0.0011825773399323225
35429,2024,1,0.13585129380226135
35429,2024,2,0.13801725208759308
35429,2024,3,0.04133082926273346
35429,2024,4,0.08920353651046753
35431,2024,1,0.0011819914216175675
35431,2024,2,0.0007964050164446235
35431,2024,3,0.00034840410808101296
35431,2024,4,0.0007700633723288774
35434,2024,1,0.16131410002708435
35434,2024,2,0.16492991149425507
35434,2024,3,0.052814945578575134
35434,2024,4,0.10802239179611206
35437,2024,1,0.003805078100413084
35437,2024,2,0.0028681973926723003
35437,2024,3,0.0010924974922090769
35437,2024,4,0.002470452571287751
35439,2024,1,0.13540658354759216
35439,2024,2,0.13756334781646729
35439,2024,3,0.04113570228219032
35439,2024,4,0.08886243402957916
35440,2024,1,0.46707630157470703
35440,2024,2,0.4693654179573059
35440,2024,3,0.24321192502975464
35440,2024,4,0.3621702790260315
35458,2024,1,0.0018117045983672142
35458,2024,2,0.0012693895259872079
35458,2024,3,0.0005326367681846023
35458,2024,4,0.0011812427546828985
35462,2024,1,0.0023497911170125008
35462,2024,2,0.001689395634457469
35462,2024,3,0.0006863279268145561
35462,2024,4,0.0015328496228903532
35477,2024,1,0.13602577149868011
35477,2024,2,0.13819508254528046
35477,2024,3,0.04140573740005493
35477,2024,4,0.08932313323020935
35479,2024,1,0.004289795178920031
35479,2024,2,0.003265795763581991
35479,2024,3,0.001232415670529008
35479,2024,4,0.0027853669598698616
35480,2024,1,0.0018944579642266035
35480,2024,2,0.0013330450747162104
35480,2024,3,0.0005582370213232934
35480,2024,4,0.0012382030254229903
35493,2024,1,0.23564040660858154
35493,2024,2,0.23787078261375427
35493,2024,3,0.09091175347566605
35493,2024,4,0.1626245677471161
35515,2024,1,0.19313868880271912
35515,2024,2,0.1957753300666809
35515,2024,3,0.06839241832494736
35515,2024,4,0.1321127861738205
35516,2024,1,0.001589710358530283
35516,2024,2,0.0011021599639207125
35516,2024,3,0.0004658243269659579
35516,2024,4,0.0010351917007938027
35519,2024,1,0.13544346392154694
35519,2024,2,0.1376023292541504
35519,2024,3,0.04115251451730728
35519,2024,4,0.08889491856098175
35523,2024,1,0.0024751450400799513
35523,2024,2,0.0017903395928442478
35523,2024,3,0.0007180520333349705
35523,2024,4,0.0016092730220407248
35530,2024,1,0.2614689767360687
35530,2024,2,0.2651122212409973
35530,2024,3,0.10487064719200134
35530,2024,4,0.184566468000412
35550,2024,1,0.003022741060703993
35550,2024,2,0.002224883297458291
35550,2024,3,0.0008777169277891517
35550,2024,4,0.001966969110071659
35551,2024,1,0.0008914554491639137
35551,2024,2,0.0005841379752382636
35551,2024,3,0.0002646310022100806
35551,2024,4,0.0005811211885884404
35557,2024,1,0.002106199972331524
35557,2024,2,0.0014999888371676207
35557,2024,3,0.0006134690484032035
35557,2024,4,0.0013705105520784855
35558,2024,1,0.002797330031171441
35558,2024,2,0.0020475867204368114
35558,2024,3,0.0008101289859041572
35558,2024,4,0.0018194932490587234
35560,2024,1,0.0011734288418665528
35560,2024,2,0.0007905561942607164
35560,2024,3,0.00034527553361840546
35560,2024,4,0.0007641728734597564
35564,2024,1,0.001779868034645915
35564,2024,2,0.0012478635180741549
35564,2024,3,0.0005197589052841067
35564,2024,4,0.001158495550043881
35567,2024,1,0.0014877403154969215
35567,2024,2,0.0010247754398733377
35567,2024,3,0.00043645486584864557
35567,2024,4,0.0009687165729701519
35569,2024,1,0.003503266256302595
35569,2024,2,0.0026185824535787106
35569,2024,3,0.0010087842820212245
35569,2024,4,0.002275896957144141
35581,2024,1,0.1531074047088623
35581,2024,2,0.1548098474740982
35581,2024,3,0.049169570207595825
35581,2024,4,0.10197305679321289
35586,2024,1,0.007046692073345184
35586,2024,2,0.005624774843454361
35586,2024,3,0.001997902523726225
35586,2024,4,0.004564085975289345
35590,2024,1,0.0015186469536274672
35590,2024,2,0.001048030680976808
35590,2024,3,0.00044560799142345786
35590,2024,4,0.0009893594542518258
35597,2024,1,0.0011683994671329856
35597,2024,2,0.0007874313741922379
35597,2024,3,0.00034337263787165284
35597,2024,4,0.0007617012597620487
35598,2024,1,0.0017121322453022003
35598,2024,2,0.0011952787172049284
35598,2024,3,0.000501270464155823
35598,2024,4,0.0011150739155709743
35599,2024,1,0.0019380033481866121
35599,2024,2,0.0013700276613235474
35599,2024,3,0.0005650061066262424
35599,2024,4,0.0012617320753633976
35605,2024,1,0.004016009159386158
35605,2024,2,0.0030401814728975296
35605,2024,3,0.0011545239249244332
35605,2024,4,0.002608394715934992
35637,2024,1,0.13605442643165588
35637,2024,2,0.1382245421409607
35637,2024,3,0.041419435292482376
35637,2024,4,0.08935730159282684
35640,2024,1,0.0032584569416940212
35640,2024,2,0.0024210847914218903
35640,2024,3,0.0009372702334076166
35640,2024,4,0.002115067094564438
35647,2024,1,0.003028719685971737
35647,2024,2,0.002230440266430378
35647,2024,3,0.0008771425345912576
35647,2024,4,0.00196831370703876
35649,2024,1,0.0024719457142055035
35649,2024,2,0.0017874613404273987
35649,2024,3,0.000718105467967689
35649,2024,4,0.001608347869478166
35676,2024,1,0.0017118307296186686
35676,2024,2,0.0011953500797972083
35676,2024,3,0.000501116388477385
35676,2024,4,0.001114899292588234
35677,2024,1,0.0038858018815517426
35677,2024,2,0.002932046540081501
35677,2024,3,0.0011187954805791378
35677,2024,4,0.002523832954466343
35681,2024,1,0.0018669378478080034
35681,2024,2,0.0013135228073224425
35681,2024,3,0.0005462118424475193
35681,2024,4,0.0012160305632278323
35692,2024,1,0.0014008003054186702
35692,2024,2,0.000959585071541369
35692,2024,3,0.0004113479517400265
35692,2024,4,0.0009122525807470083
35693,2024,1,0.3744993805885315
35693,2024,2,0.38096821308135986
35693,2024,3,0.17467129230499268
35693,2024,4,0.2798018157482147
35698,2024,1,0.002967820968478918
35698,2024,2,0.0021816459484398365
35698,2024,3,0.0008652639808133245
35698,2024,4,0.0019356717821210623
35701,2024,1,0.0018739497754722834
35701,2024,2,0.0013172340113669634
35701,2024,3,0.0005501876585185528
35701,2024,4,0.0012218068586662412
35707,2024,1,0.004785145632922649
35707,2024,2,0.0036814669147133827
35707,2024,3,0.0013715391978621483
35707,2024,4,0.0031082103960216045
35729,2024,1,0.13602373003959656
35729,2024,2,0.13819245994091034
35729,2024,3,0.04140594229102135
35729,2024,4,0.08933216333389282
35739,2024,1,0.19412346184253693
35739,2024,2,0.19797003269195557
35739,2024,3,0.06797485053539276
35739,2024,4,0.13104598224163055
35743,2024,1,0.004258803091943264
35743,2024,2,0.0032379997428506613
35743,2024,3,0.001228390377946198
35743,2024,4,0.0027746297419071198
35747,2024,1,0.0017112551722675562
35747,2024,2,0.0011949007166549563
35747,2024,3,0.0005007146392017603
35747,2024,4,0.0011139106936752796
35749,2024,1,0.001614952925592661
35749,2024,2,0.001121314475312829
35749,2024,3,0.0004730268847197294
35749,2024,4,0.0010515771573409438
35752,2024,1,0.0013037181925028563
35752,2024,2,0.0008873901097103953
35752,2024,3,0.00038321915781125426
35752,2024,4,0.0008490952895954251
35757,2024,1,0.007109411992132664
35757,2024,2,0.005670093931257725
35757,2024,3,0.0020191895309835672
35757,2024,4,0.004602877423167229
35764,2024,1,0.0016719226259738207
35764,2024,2,0.0011647018836811185
35764,2024,3,0.0004898026236332953
35764,2024,4,0.0010890457779169083
35770,2024,1,0.0015613583382219076
35770,2024,2,0.0010805771453306079
35770,2024,3,0.0004575751954689622
35770,2024,4,0.0010168813169002533
35774,2024,1,0.0010942487278953195
35774,2024,2,0.0007318026619032025
35774,2024,3,0.00032289570663124323
35774,2024,4,0.0007126311538740993
35785,2024,1,0.0016085915267467499
35785,2024,2,0.0011160119902342558
35785,2024,3,0.0004723426536656916
35785,2024,4,0.0010483521036803722
35800,2024,1,0.0025012418627738953
35800,2024,2,0.0018169372342526913
35800,2024,3,0.0007235158118419349
35800,2024,4,0.0016282435972243547
35806,2024,1,0.13544157147407532
35806,2024,2,0.13759705424308777
35806,2024,3,0.041152212768793106
35806,2024,4,0.0889071673154831
35807,2024,1,0.1536542773246765
35807,2024,2,0.15583834052085876
35807,2024,3,0.04923539608716965
35807,2024,4,0.10154582560062408
35816,2024,1,0.13628725707530975
35816,2024,2,0.13845354318618774
35816,2024,3,0.041518669575452805
35816,2024,4,0.08950311690568924
35818,2024,1,0.0019864062778651714
35818,2024,2,0.0014044329291209579
35818,2024,3,0.000580774387344718
35818,2024,4,0.0012923283502459526
35827,2024,1,0.004368789494037628
35827,2024,2,0.003332009306177497
35827,2024,3,0.001253342255949974
35827,2024,4,0.0028341622091829777
35860,2024,1,0.27404746413230896
35860,2024,2,0.27833259105682373
35860,2024,3,0.11221005767583847
35860,2024,4,0.19500669836997986
35865,2024,1,0.2802045941352844
35865,2024,2,0.28459280729293823
35865,2024,3,0.11581826210021973
35865,2024,4,0.20029893517494202
35870,2024,1,0.002603086642920971
35870,2024,2,0.0018898459384217858
35870,2024,3,0.0007560317171737552
35870,2024,4,0.0016914831940084696
35872,2024,1,0.3418739140033722
35872,2024,2,0.34554460644721985
35872,2024,3,0.15383704006671906
35872,2024,4,0.24849900603294373
35873,2024,1,0.181158185005188
35873,2024,2,0.18292266130447388
35873,2024,3,0.06238652393221855
35873,2024,4,0.12301243096590042
35874,2024,1,0.13615086674690247
35874,2024,2,0.13832145929336548
35874,2024,3,0.041461266577243805
35874,2024,4,0.08942706882953644
35878,2024,1,0.0022610218729823828
35878,2024,2,0.0016209633322432637
35878,2024,3,0.0006582680507563055
35878,2024,4,0.0014716284349560738
35882,2024,1,0.31280624866485596
35882,2024,2,0.31789499521255493
35882,2024,3,0.1355772614479065
35882,2024,4,0.2276703119277954
35883,2024,1,0.0037234241608530283
35883,2024,2,0.002805914729833603
35883,2024,3,0.0010692559881135821
35883,2024,4,0.0024194270372390747
35884,2024,1,0.13612687587738037
35884,2024,2,0.13829758763313293
35884,2024,3,0.041451118886470795
35884,2024,4,0.08941173553466797
35885,2024,1,0.1477246880531311
35885,2024,2,0.1514485627412796
35885,2024,3,0.04655740410089493
35885,2024,4,0.09850356727838516
35892,2024,1,0.21987788379192352
35892,2024,2,0.22394442558288574
35892,2024,3,0.08190774917602539
35892,2024,4,0.15218058228492737
35897,2024,1,0.0018774854252114892
35897,2024,2,0.0013175508938729763
35897,2024,3,0.0005533025250770152
35897,2024,4,0.0012263989774510264
35899,2024,1,0.4409138262271881
35899,2024,2,0.44776609539985657
35899,2024,3,0.22184816002845764
35899,2024,4,0.3394213318824768
35903,2024,1,0.0033355443738400936
35903,2024,2,0.0024815774522721767
35903,2024,3,0.0009621515637263656
35903,2024,4,0.002167933387681842
35920,2024,1,0.0019373467657715082
35920,2024,2,0.0013687062310054898
35920,2024,3,0.0005656280554831028
35920,2024,4,0.001261293888092041
35924,2024,1,0.13642780482769012
35924,2024,2,0.13860319554805756
35924,2024,3,0.04158288985490799
35924,2024,4,0.08963823318481445
35936,2024,1,0.2427169382572174
35936,2024,2,0.24683061242103577
35936,2024,3,0.09442649781703949
35936,2024,4,0.17025968432426453
35951,2024,1,0.1357894241809845
35951,2024,2,0.13795286417007446
35951,2024,3,0.04130307212471962
35951,2024,4,0.08915244042873383
35959,2024,1,0.18698164820671082
35959,2024,2,0.19022595882415771
35959,2024,3,0.06558829545974731
35959,2024,4,0.12737548351287842
35962,2024,1,0.17438998818397522
35962,2024,2,0.17738641798496246
35962,2024,3,0.058969490230083466
35962,2024,4,0.11779280006885529
35970,2024,1,0.002051730640232563
35970,2024,2,0.0014553617220371962
35970,2024,3,0.0005995248211547732
35970,2024,4,0.0013350785011425614
35975,2024,1,0.001651116064749658
35975,2024,2,0.0011500060791149735
35975,2024,3,0.00048136714030988514
35975,2024,4,0.001073238207027316
35982,2024,1,0.13783060014247894
35982,2024,2,0.14007334411144257
35982,2024,3,0.042186323553323746
35982,2024,4,0.09063495695590973
35983,2024,1,0.2158673107624054
35983,2024,2,0.22063857316970825
35983,2024,3,0.07978041470050812
35983,2024,4,0.14930123090744019
35995,2024,1,0.13581563532352448
35995,2024,2,0.13797998428344727
35995,2024,3,0.041314054280519485
35995,2024,4,0.08917012810707092
36008,2024,1,0.39701759815216064
36008,2024,2,0.39915066957473755
36008,2024,3,0.19094829261302948
36008,2024,4,0.2958487272262573
36011,2024,1,0.0014411008451133966
36011,2024,2,0.00099005619995296
36011,2024,3,0.00042255650623701513
36011,2024,4,0.0009384100558236241
36018,2024,1,0.0017526880837976933
36018,2024,2,0.001226663589477539
36018,2024,3,0.0005127956392243505
36018,2024,4,0.0011416798224672675
36019,2024,1,0.0028239660896360874
36019,2024,2,0.002067830180749297
36019,2024,3,0.000818156695459038
36019,2024,4,0.001836810726672411
36038,2024,1,0.18752823770046234
36038,2024,2,0.19076034426689148
36038,2024,3,0.06520619988441467
36038,2024,4,0.12712407112121582
36040,2024,1,0.0020976935047656298
36040,2024,2,0.0014928432647138834
36040,2024,3,0.0006124059436842799
36040,2024,4,0.0013660560362040997
36056,2024,1,0.29422101378440857
36056,2024,2,0.2977055311203003
36056,2024,3,0.12478536367416382
36056,2024,4,0.21123456954956055
36061,2024,1,0.0006810452905483544
36061,2024,2,0.00043506448855623603
36061,2024,3,0.00020295615831855685
36061,2024,4,0.00044444564264267683
36064,2024,1,0.0024843623396009207
36064,2024,2,0.0017947519663721323
36064,2024,3,0.0007237985264509916
36064,2024,4,0.0016179116209968925
36081,2024,1,0.005818679463118315
36081,2024,2,0.004561922512948513
36081,2024,3,0.0016544354148209095
36081,2024,4,0.0037693060003221035
36100,2024,1,0.0021320488303899765
36100,2024,2,0.0015202414942905307
36100,2024,3,0.0006209348794072866
36100,2024,4,0.0013874652795493603
36102,2024,1,0.0006033755489625037
36102,2024,2,0.0003806460299529135
36102,2024,3,0.00018068336066789925
36102,2024,4,0.00039405067218467593
36104,2024,1,0.13717049360275269
36104,2024,2,0.13937725126743317
36104,2024,3,0.04190286993980408
36104,2024,4,0.09017173945903778
36110,2024,1,0.3240286111831665
36110,2024,2,0.327022522687912
36110,2024,3,0.1428699493408203
36110,2024,4,0.23516729474067688
36129,2024,1,0.29370737075805664
36129,2024,2,0.30031317472457886
36129,2024,3,0.12333853542804718
36129,2024,4,0.21204617619514465
36134,2024,1,0.0014849375002086163
36134,2024,2,0.001022319309413433
36134,2024,3,0.00043634313624352217
36134,2024,4,0.0009673962485976517
36138,2024,1,0.15756762027740479
36138,2024,2,0.16039958596229553
36138,2024,3,0.050807058811187744
36138,2024,4,0.10462227463722229
36156,2024,1,0.003947518765926361
36156,2024,2,0.0029831749852746725
36156,2024,3,0.001136766979470849
36156,2024,4,0.0025665955618023872
36158,2024,1,0.2640037536621094
36158,2024,2,0.2681289315223694
36158,2024,3,0.10679296404123306
36158,2024,4,0.18843974173069
36159,2024,1,0.002536294749006629
36159,2024,2,0.00183816347271204
36159,2024,3,0.0007367299986071885
36159,2024,4,0.0016501765931025147
36183,2024,1,0.0017402812372893095
36183,2024,2,0.001216674456372857
36183,2024,3,0.0005099538248032331
36183,2024,4,0.0011339914053678513
36185,2024,1,0.13536587357521057
36185,2024,2,0.13752210140228271
36185,2024,3,0.04111793637275696
36185,2024,4,0.08883272111415863
36190,2024,1,0.0019893497228622437
36190,2024,2,0.0014082426205277443
36190,2024,3,0.000581038068048656
36190,2024,4,0.0012949397787451744
36204,2024,1,0.24618558585643768
36204,2024,2,0.2483031153678894
36204,2024,3,0.0969635620713234
36204,2024,4,0.17187222838401794
36214,2024,1,0.473907470703125
36214,2024,2,0.47929269075393677
36214,2024,3,0.2459513396024704
36214,2024,4,0.36749422550201416
36216,2024,1,0.12574374675750732
36216,2024,2,0.1284036934375763
36216,2024,3,0.036955468356609344
36216,2024,4,0.08218090236186981
36224,2024,1,0.15157943964004517
36224,2024,2,0.15373273193836212
36224,2024,3,0.04817000776529312
36224,2024,4,0.0992421805858612
36235,2024,1,0.15023022890090942
36235,2024,2,0.1531614065170288
36235,2024,3,0.04778226837515831
36235,2024,4,0.10042889416217804
36240,2024,1,0.0015632929280400276
36240,2024,2,0.0010828785598278046
36240,2024,3,0.0004575565399136394
36240,2024,4,0.001017973874695599
36249,2024,1,0.0030212162528187037
36249,2024,2,0.0022268081083893776
36249,2024,3,0.0008733964059501886
36249,2024,4,0.0019645215943455696
36250,2024,1,0.1360514909029007
36250,2024,2,0.1382184475660324
36250,2024,3,0.04141949862241745
36250,2024,4,0.08936087787151337
36260,2024,1,0.002052478725090623
36260,2024,2,0.0014569609193131328
36260,2024,3,0.0005991986836306751
36260,2024,4,0.0013357209973037243
36261,2024,1,0.0024426444433629513
36261,2024,2,0.0017633938696235418
36261,2024,3,0.0007111739250831306
36261,2024,4,0.0015904339961707592
36265,2024,1,0.00205694860778749
36265,2024,2,0.0014608807396143675
36265,2024,3,0.0006006775656715035
36265,2024,4,0.0013396142749115825
36271,2024,1,0.0017974975053220987
36271,2024,2,0.001264505903236568
36271,2024,3,0.0005221127066761255
36271,2024,4,0.001170227536931634
36273,2024,1,0.002668351400643587
36273,2024,2,0.0019440765026956797
36273,2024,3,0.00077280611731112
36273,2024,4,0.0017348967958241701
36275,2024,1,0.0015184199437499046
36275,2024,2,0.0010482955258339643
36275,2024,3,0.00044541078386828303
36275,2024,4,0.0009892192902043462
36279,2024,1,0.002051230985671282
36279,2024,2,0.0014572212239727378
36279,2024,3,0.0005980255082249641
36279,2024,4,0.0013351152883842587
36284,2024,1,0.0035325014032423496
36284,2024,2,0.0026417879853397608
36284,2024,3,0.0010179913369938731
36284,2024,4,0.002294960431754589
36292,2024,1,0.004191808868199587
36292,2024,2,0.003175864927470684
36292,2024,3,0.0012104815104976296
36292,2024,4,0.002730519976466894
36305,2024,1,0.2006547451019287
36305,2024,2,0.2052297443151474
36305,2024,3,0.0718444287776947
36305,2024,4,0.1381356567144394
36317,2024,1,0.5157730579376221
36317,2024,2,0.519999086856842
36317,2024,3,0.27791714668273926
36317,2024,4,0.40445584058761597
36328,2024,1,0.13565197587013245
36328,2024,2,0.13781383633613586
36328,2024,3,0.0412437729537487
36328,2024,4,0.08905334770679474
36336,2024,1,0.1358662098646164
36336,2024,2,0.13803011178970337
36336,2024,3,0.04133662208914757
36336,2024,4,0.08921094238758087
36348,2024,1,0.0034692781046032906
36348,2024,2,0.002583971479907632
36348,2024,3,0.0010084655368700624
36348,2024,4,0.0022627394646406174
36350,2024,1,0.0034370911307632923
36350,2024,2,0.0025637042708694935
36350,2024,3,0.000992228277027607
36350,2024,4,0.0022345467004925013
36352,2024,1,0.002883446868509054
36352,2024,2,0.002115788869559765
36352,2024,3,0.0008350898278877139
36352,2024,4,0.0018758522346615791
36353,2024,1,0.001904384815134108
36353,2024,2,0.0013431120896711946
36353,2024,3,0.0005562463775277138
36353,2024,4,0.0012397163081914186
36356,2024,1,0.0017757841851562262
36356,2024,2,0.0012411531060934067
36356,2024,3,0.0005227106157690287
36356,2024,4,0.001158115454018116
36358,2024,1,0.3554108142852783
36358,2024,2,0.35881978273391724
36358,2024,3,0.162532240152359
36358,2024,4,0.25994783639907837
36364,2024,1,0.20157214999198914
36364,2024,2,0.206581711769104
36364,2024,3,0.07180412858724594
36364,2024,4,0.13789866864681244
36370,2024,1,0.00228326627984643
36370,2024,2,0.0016385391354560852
36370,2024,3,0.000664121238514781
36370,2024,4,0.0014855649787932634
36371,2024,1,0.1517401784658432
36371,2024,2,0.1531650871038437
36371,2024,3,0.04864709824323654
36371,2024,4,0.1006007045507431
36389,2024,1,0.2558715045452118
36389,2024,2,0.2618512213230133
36389,2024,3,0.1010746955871582
36389,2024,4,0.18080782890319824
36391,2024,1,0.13490381836891174
36391,2024,2,0.13703672587871552
36391,2024,3,0.04092065617442131
36391,2024,4,0.08850635588169098
36425,2024,1,0.002578957937657833
36425,2024,2,0.0018777758814394474
36425,2024,3,0.0007430966943502426
36425,2024,4,0.0016760772559791803
36439,2024,1,0.03550879284739494
36439,2024,2,0.03289778530597687
36439,2024,3,0.00967947393655777
36439,2024,4,0.022756632417440414
36440,2024,1,0.13919569551944733
36440,2024,2,0.1413765251636505
36440,2024,3,0.042787790298461914
36440,2024,4,0.09158624708652496
36445,2024,1,0.15451538562774658
36445,2024,2,0.1548728495836258
36445,2024,3,0.04991670697927475
36445,2024,4,0.10170771181583405
36449,2024,1,0.4031217396259308
36449,2024,2,0.4095141589641571
36449,2024,3,0.19446015357971191
36449,2024,4,0.30430731177330017
36450,2024,1,0.0020326252561062574
36450,2024,2,0.0014431667514145374
36450,2024,3,0.0005918712122365832
36450,2024,4,0.001322596799582243
36453,2024,1,0.0017430055886507034
36453,2024,2,0.0012195700546726584
36453,2024,3,0.0005094646476209164
36453,2024,4,0.001134795369580388
36459,2024,1,0.004534930922091007
36459,2024,2,0.003471310716122389
36459,2024,3,0.0013024904765188694
36459,2024,4,0.00294623919762671
36479,2024,1,0.004519410897046328
36479,2024,2,0.0034581369254738092
36479,2024,3,0.0012982427142560482
36479,2024,4,0.002934248885139823
36480,2024,1,0.15771982073783875
36480,2024,2,0.1621253788471222
36480,2024,3,0.05084390565752983
36480,2024,4,0.1062249168753624
36496,2024,1,0.469484806060791
36496,2024,2,0.4756404459476471
36496,2024,3,0.24032726883888245
36496,2024,4,0.36255186796188354
36522,2024,1,0.0016212755581364036
36522,2024,2,0.0011266620131209493
36522,2024,3,0.00047464569797739387
36522,2024,4,0.0010558043140918016
36525,2024,1,0.0018154002027586102
36525,2024,2,0.0012738616205751896
36525,2024,3,0.0005316222086548805
36525,2024,4,0.0011822059750556946
36543,2024,1,0.0015788390301167965
36543,2024,2,0.0010941746877506375
36543,2024,3,0.0004622036649379879
36543,2024,4,0.001027786056511104
36545,2024,1,0.0020414956379681826
36545,2024,2,0.0014489844907075167
36545,2024,3,0.0005974391242489219
36545,2024,4,0.001331364386714995
36574,2024,1,0.0013725480530411005
36574,2024,2,0.0009382140706293285
36574,2024,3,0.00040348328184336424
36574,2024,4,0.0008941391715779901
36593,2024,1,0.0017083808779716492
36593,2024,2,0.001192755182273686
36593,2024,3,0.0004996261559426785
36593,2024,4,0.001112181693315506
36597,2024,1,0.0028079277835786343
36597,2024,2,0.0020560871344059706
36597,2024,3,0.0008123028092086315
36597,2024,4,0.0018253761809319258
36617,2024,1,0.0014957147650420666
36617,2024,2,0.0010303524322807789
36617,2024,3,0.0004394793650135398
36617,2024,4,0.000974313064943999
36619,2024,1,0.001540901605039835
36619,2024,2,0.001065368065610528
36619,2024,3,0.0004518524219747633
36619,2024,4,0.0010038174223154783
36631,2024,1,0.0019810523372143507
36631,2024,2,0.001405883114784956
36631,2024,3,0.0005774471792392433
36631,2024,4,0.0012891144724562764
36637,2024,1,0.13646826148033142
36637,2024,2,0.13864505290985107
36637,2024,3,0.04160130023956299
36637,2024,4,0.08967424929141998
36639,2024,1,0.0019278714898973703
36639,2024,2,0.0013614656636491418
36639,2024,3,0.000562987697776407
36639,2024,4,0.0012552739353850484
36640,2024,1,0.0018840667326003313
36640,2024,2,0.0013279960257932544
36640,2024,3,0.0005498490063473582
36640,2024,4,0.0012264936231076717
36646,2024,1,0.003544960170984268
36646,2024,2,0.002653268398717046
36646,2024,3,0.0010203366400673985
36646,2024,4,0.0023027798160910606
36668,2024,1,0.0016821306198835373
36668,2024,2,0.001170761650428176
36668,2024,3,0.0004930543946102262
36668,2024,4,0.001093876315280795
36671,2024,1,0.0039068469777703285
36671,2024,2,0.002950509311631322
36671,2024,3,0.0011230168165639043
36671,2024,4,0.002537472639232874
36691,2024,1,0.0033241654746234417
36691,2024,2,0.002471997868269682
36691,2024,3,0.0009595236042514443
36691,2024,4,0.0021605652291327715
36693,2024,1,0.38905882835388184
36693,2024,2,0.39329227805137634
36693,2024,3,0.18472695350646973
36693,2024,4,0.28933313488960266
36699,2024,1,0.0032679797150194645
36699,2024,2,0.0024250191636383533
36699,2024,3,0.0009454720420762897
36699,2024,4,0.0021252967417240143
36711,2024,1,0.19409826397895813
36711,2024,2,0.19933907687664032
36711,2024,3,0.06823432445526123
36711,2024,4,0.13298878073692322
36746,2024,1,0.001182366395369172
36746,2024,2,0.0007968667196109891
36746,2024,3,0.00034823856549337506
36746,2024,4,0.0007702411967329681
36750,2024,1,0.20686447620391846
36750,2024,2,0.2117156684398651
36750,2024,3,0.07478484511375427
36750,2024,4,0.14169582724571228
36760,2024,1,0.0017196706030517817
36760,2024,2,0.001201678067445755
36760,2024,3,0.0005029715248383582
36760,2024,4,0.001120512606576085
36761,2024,1,0.13639026880264282
36761,2024,2,0.13856467604637146
36761,2024,3,0.04156498238444328
36761,2024,4,0.08960336446762085
36764,2024,1,0.003552654990926385
36764,2024,2,0.002668133471161127
36764,2024,3,0.0010129791917279363
36764,2024,4,0.002301253844052553
36784,2024,1,0.005531755276024342
36784,2024,2,0.0043244194239377975
36784,2024,3,0.0015730188461020589
36784,2024,4,0.0035890862345695496
36793,2024,1,0.002182941883802414
36793,2024,2,0.0015598859172314405
36793,2024,3,0.0006357982056215405
36793,2024,4,0.001420670305378735
36794,2024,1,0.002097085351124406
36794,2024,2,0.0014922595582902431
36794,2024,3,0.0006123878411017358
36794,2024,4,0.0013658737298101187
36803,2024,1,0.585080087184906
36803,2024,2,0.5899081826210022
36803,2024,3,0.3326820135116577
36803,2024,4,0.4732842445373535
36809,2024,1,0.17745718359947205
36809,2024,2,0.18008044362068176
36809,2024,3,0.060679689049720764
36809,2024,4,0.12049311399459839
36812,2024,1,0.002106304280459881
36812,2024,2,0.001499075093306601
36812,2024,3,0.00061526068020612
36812,2024,4,0.0013723238371312618
36813,2024,1,0.13609641790390015
36813,2024,2,0.1382649540901184
36813,2024,3,0.04143702611327171
36813,2024,4,0.08938178420066833
36814,2024,1,0.13599060475826263
36814,2024,2,0.13815799355506897
36814,2024,3,0.041391462087631226
36814,2024,4,0.08930703997612
36822,2024,1,0.0034571243450045586
36822,2024,2,0.002581738866865635
36822,2024,3,0.0009958338923752308
36822,2024,4,0.0022466613445430994
36825,2024,1,0.0007421003538183868
36825,2024,2,0.0004782932228408754
36825,2024,3,0.00022028808598406613
36825,2024,4,0.00048351322766393423
36831,2024,1,0.1358363926410675
36831,2024,2,0.13800184428691864
36831,2024,3,0.04132420942187309
36831,2024,4,0.08919217437505722
36844,2024,1,0.0029513551853597164
36844,2024,2,0.0021687732078135014
36844,2024,3,0.0008555905660614371
36844,2024,4,0.0019195422064512968
36858,2024,1,0.0020808500703424215
36858,2024,2,0.001478588324971497
36858,2024,3,0.0006084050401113927
36858,2024,4,0.0013550189323723316
36863,2024,1,0.002151660155504942
36863,2024,2,0.0015355133218690753
36863,2024,3,0.0006267798598855734
36863,2024,4,0.001400502398610115
36864,2024,1,0.0020075449720025063
36864,2024,2,0.0014247026992961764
36864,2024,3,0.0005840902449563146
36864,2024,4,0.0013074860908091068
36873,2024,1,0.14550337195396423
36873,2024,2,0.14756736159324646
36873,2024,3,0.04553768411278725
36873,2024,4,0.09591679275035858
36902,2024,1,0.0031006070785224438
36902,2024,2,0.002290308941155672
36902,2024,3,0.0008968587499111891
36902,2024,4,0.0020163175649940968
36907,2024,1,0.0017718961462378502
36907,2024,2,0.0012409408809617162
36907,2024,3,0.000519154651556164
36907,2024,4,0.001154756173491478
36908,2024,1,0.002808272372931242
36908,2024,2,0.0020557092502713203
36908,2024,3,0.0008125277236104012
36908,2024,4,0.0018254662863910198
36924,2024,1,0.005260180216282606
36924,2024,2,0.004066771827638149
36924,2024,3,0.0015159964095801115
36924,2024,4,0.0034142807126045227
36938,2024,1,0.002137259114533663
36938,2024,2,0.001524321618489921
36938,2024,3,0.0006225233082659543
36938,2024,4,0.001390974735841155
36942,2024,1,0.005659793503582478
36942,2024,2,0.004419313743710518
36942,2024,3,0.001621146802790463
36942,2024,4,0.0036742952652275562
36950,2024,1,0.0020193811506032944
36950,2024,2,0.0014349776320159435
36950,2024,3,0.0005871092434972525
36950,2024,4,0.001314352499321103
36968,2024,1,0.0015288377180695534
36968,2024,2,0.001055504777468741
36968,2024,3,0.0004486764664761722
36968,2024,4,0.0009957448346540332
36973,2024,1,0.003326871432363987
36973,2024,2,0.0024761680979281664
36973,2024,3,0.0009586983360350132
36973,2024,4,0.0021620243787765503
36975,2024,1,0.005543902516365051
36975,2024,2,0.004335058853030205
36975,2024,3,0.0015750803286209702
36975,2024,4,0.003594720270484686
36976,2024,1,0.13555778563022614
36976,2024,2,0.13771696388721466
36976,2024,3,0.041202839463949203
36976,2024,4,0.08898140490055084
36978,2024,1,0.13541676104068756
36978,2024,2,0.1375746726989746
36978,2024,3,0.041140228509902954
36978,2024,4,0.08887150138616562
36996,2024,1,0.4573056697845459
36996,2024,2,0.4617571234703064
36996,2024,3,0.23250113427639008
36996,2024,4,0.3506532311439514
37009,2024,1,0.0032702679745852947
37009,2024,2,0.0024252457078546286
37009,2024,3,0.0009475163533352315
37009,2024,4,0.0021275095641613007
37014,2024,1,0.13625174760818481
37014,2024,2,0.1384248286485672
37014,2024,3,0.04150552302598953
37014,2024,4,0.08950431644916534
37029,2024,1,0.0018627999816089869
37029,2024,2,0.001311201718635857
37029,2024,3,0.0005442648543976247
37029,2024,4,0.001212962786667049
37032,2024,1,0.0015143342316150665
37032,2024,2,0.0010446991072967649
37032,2024,3,0.0004447312094271183
37032,2024,4,0.0009867772459983826
37036,2024,1,0.18313607573509216
37036,2024,2,0.18664030730724335
37036,2024,3,0.0631963387131691
37036,2024,4,0.12434171140193939
37053,2024,1,0.1583612561225891
37053,2024,2,0.16060668230056763
37053,2024,3,0.05148988217115402
37053,2024,4,0.10572515428066254
37054,2024,1,0.002790990751236677
37054,2024,2,0.002040780382230878
37054,2024,3,0.0008100257255136967
37054,2024,4,0.0018168780952692032
37061,2024,1,0.1354234367609024
37061,2024,2,0.13758069276809692
37061,2024,3,0.041142839938402176
37061,2024,4,0.08887593448162079
37062,2024,1,0.0020036573987454176
37062,2024,2,0.0014197289710864425
37062,2024,3,0.0005845186533406377
37062,2024,4,0.001303971279412508
37069,2024,1,0.0024848715402185917
37069,2024,2,0.001797604956664145
37069,2024,3,0.0007216181256808341
37069,2024,4,0.0016154978657141328
37077,2024,1,0.005263683386147022
37077,2024,2,0.0040862844325602055
37077,2024,3,0.0015034523094072938
37077,2024,4,0.003412452060729265
37082,2024,1,0.0029407411348074675
37082,2024,2,0.002161256968975067
37082,2024,3,0.0008516092202626169
37082,2024,4,0.001912571955472231
37095,2024,1,0.28815436363220215
37095,2024,2,0.2926085591316223
37095,2024,3,0.12048390507698059
37095,2024,4,0.20673868060112
37100,2024,1,0.003454769030213356
37100,2024,2,0.002578738611191511
37100,2024,3,0.0009955494897440076
37100,2024,4,0.0022442976478487253
37109,2024,1,0.16491049528121948
37109,2024,2,0.16895778477191925
37109,2024,3,0.05432476848363876
37109,2024,4,0.11170400679111481
37112,2024,1,0.0030075260438024998
37112,2024,2,0.0022151691373437643
37112,2024,3,0.0008685158099979162
37112,2024,4,0.0019499603658914566
37119,2024,1,0.0024999610614031553
37119,2024,2,0.0018095377599820495
37119,2024,3,0.0007250114576891065
37119,2024,4,0.001624929253011942
37138,2024,1,0.17985177040100098
37138,2024,2,0.1827894151210785
37138,2024,3,0.06179085373878479
37138,2024,4,0.12231425940990448
37146,2024,1,0.0023246128112077713
37146,2024,2,0.001670287107117474
37146,2024,3,0.0006763306446373463
37146,2024,4,0.0015124345663934946
37175,2024,1,0.1358834058046341
37175,2024,2,0.1380486935377121
37175,2024,3,0.04134460538625717
37175,2024,4,0.08922553062438965
37191,2024,1,0.001963669201359153
37191,2024,2,0.0013891842681914568
37191,2024,3,0.0005728316027671099
37191,2024,4,0.0012779843527823687
37192,2024,1,0.00119006575550884
37192,2024,2,0.0008025736315175891
37192,2024,3,0.0003504969645291567
37192,2024,4,0.0007751576486043632
37197,2024,1,0.004116991069167852
37197,2024,2,0.0031228468287736177
37197,2024,3,0.001186778536066413
37197,2024,4,0.0026783484499901533
37198,2024,1,0.0035543558187782764
37198,2024,2,0.0026589150074869394
37198,2024,3,0.001026939949952066
37198,2024,4,0.002311997814103961
37203,2024,1,0.0060240402817726135
37203,2024,2,0.004739842843264341
37203,2024,3,0.0017167504411190748
37203,2024,4,0.003908640705049038
37215,2024,1,0.1362883299589157
37215,2024,2,0.13846170902252197
37215,2024,3,0.041521430015563965
37215,2024,4,0.08953244239091873
37232,2024,1,0.13562718033790588
37232,2024,2,0.13778945803642273
37232,2024,3,0.04123320057988167
37232,2024,4,0.08903668820858002
37233,2024,1,0.0026464788243174553
37233,2024,2,0.001925283344462514
37233,2024,3,0.0007693767547607422
37233,2024,4,0.0017235060222446918
37281,2024,1,0.0016764302272349596
37281,2024,2,0.0011726453667506576
37281,2024,3,0.0004853680729866028
37281,2024,4,0.0010835599387064576
37290,2024,1,0.0015162461204454303
37290,2024,2,0.001046020071953535
37290,2024,3,0.0004453875299077481
37290,2024,4,0.0009878338314592838
37295,2024,1,0.001970458310097456
37295,2024,2,0.0013951982837170362
37295,2024,3,0.0005743250949308276
37295,2024,4,0.001282703597098589
37302,2024,1,0.0022203377448022366
37302,2024,2,0.001589830731973052
37302,2024,3,0.0006466915365308523
37302,2024,4,0.0014457853976637125
37304,2024,1,0.0030076683033257723
37304,2024,2,0.0022159081418067217
37304,2024,3,0.0008690155809745193
37304,2024,4,0.0019545694813132286
37308,2024,1,0.19983035326004028
37308,2024,2,0.202860489487648
37308,2024,3,0.07158039510250092
37308,2024,4,0.13660134375095367
37321,2024,1,0.0015981802716851234
37321,2024,2,0.0011089160107076168
37321,2024,3,0.00046779264812357724
37321,2024,4,0.001040418166667223
37324,2024,1,0.001918578753247857
37324,2024,2,0.0013542313827201724
37324,2024,3,0.0005603302852250636
37324,2024,4,0.0012492170790210366
37326,2024,1,0.004036543890833855
37326,2024,2,0.0030610456597059965
37326,2024,3,0.0011601221049204469
37326,2024,4,0.0026252474635839462
37342,2024,1,0.0015401593409478664
37342,2024,2,0.0010647382587194443
37342,2024,3,0.000451283878646791
37342,2024,4,0.0010028465185314417
37351,2024,1,0.004423070233315229
37351,2024,2,0.003374849446117878
37351,2024,3,0.0012733819894492626
37351,2024,4,0.0028746002353727818
37358,2024,1,0.004691180773079395
37358,2024,2,0.003602950368076563
37358,2024,3,0.0013438549358397722
37358,2024,4,0.0030446499586105347
37371,2024,1,0.23689424991607666
37371,2024,2,0.2406318336725235
37371,2024,3,0.09131472557783127
37371,2024,4,0.1656106561422348
37375,2024,1,0.2460702508687973
37375,2024,2,0.25044456124305725
37375,2024,3,0.0958390086889267
37375,2024,4,0.17251749336719513
37388,2024,1,0.0026578661054372787
37388,2024,2,0.0019443475175648928
37388,2024,3,0.0007643109420314431
37388,2024,4,0.0017296627629548311
37395,2024,1,0.357631117105484
37395,2024,2,0.3591586947441101
37395,2024,3,0.16556702554225922
37395,2024,4,0.2623642385005951
37402,2024,1,0.004593833349645138
37402,2024,2,0.0035198451951146126
37402,2024,3,0.0013190973550081253
37402,2024,4,0.002984497928991914
37404,2024,1,0.0008431728929281235
37404,2024,2,0.0005494938232004642
37404,2024,3,0.00025069841649383307
37404,2024,4,0.0005498443497344851
37405,2024,1,0.006181968376040459
37405,2024,2,0.004872666671872139
37405,2024,3,0.0017605125904083252
37405,2024,4,0.004007857292890549
37409,2024,1,0.0015580861363559961
37409,2024,2,0.0010779916774481535
37409,2024,3,0.00045657058944925666
37409,2024,4,0.0010142570827156305
37414,2024,1,0.004992896690964699
37414,2024,2,0.0038580100517719984
37414,2024,3,0.001430687727406621
37414,2024,4,0.0032426805701106787
37437,2024,1,0.0032496443018317223
37437,2024,2,0.00241228099912405
37437,2024,3,0.0009369920007884502
37437,2024,4,0.0021118875592947006
37443,2024,1,0.0014858869835734367
37443,2024,2,0.0010238115210086107
37443,2024,3,0.0004356699646450579
37443,2024,4,0.0009677279740571976
37448,2024,1,0.0029009650461375713
37448,2024,2,0.002129634376615286
37448,2024,3,0.0008394687320105731
37448,2024,4,0.0018857786199077964
37450,2024,1,0.004827047698199749
37450,2024,2,0.0037198157515376806
37450,2024,3,0.001381275593303144
37450,2024,4,0.00313450675457716
37457,2024,1,0.0021002565044909716
37457,2024,2,0.001493351999670267
37457,2024,3,0.0006138768512755632
37457,2024,4,0.0013672278728336096
37462,2024,1,0.37090229988098145
37462,2024,2,0.37358877062797546
37462,2024,3,0.17333568632602692
37462,2024,4,0.2753394842147827
37476,2024,1,0.004364898428320885
37476,2024,2,0.0033460156992077827
37476,2024,3,0.001248696818947792
37476,2024,4,0.0028364991303533316
37480,2024,1,0.0032663876190781593
37480,2024,2,0.002427211031317711
37480,2024,3,0.0009407293400727212
37480,2024,4,0.0021221127826720476
37486,2024,1,0.0020195257384330034
37486,2024,2,0.0014287459198385477
37486,2024,3,0.0005948878824710846
37486,2024,4,0.0013195642968639731
37491,2024,1,0.002261033281683922
37491,2024,2,0.001620260183699429
37491,2024,3,0.0006587284151464701
37491,2024,4,0.0014719037571921945
37495,2024,1,0.13588064908981323
37495,2024,2,0.13804703950881958
37495,2024,3,0.041342128068208694
37495,2024,4,0.08921775966882706
37518,2024,1,0.25801923871040344
37518,2024,2,0.26405900716781616
37518,2024,3,0.1027059406042099
37518,2024,4,0.18366193771362305
37522,2024,1,0.00139036460313946
37522,2024,2,0.000950921094045043
37522,2024,3,0.00040946033550426364
37522,2024,4,0.0009061304735951126
37526,2024,1,0.007238679099828005
37526,2024,2,0.00578933535143733
37526,2024,3,0.0020532626658678055
37526,2024,4,0.004687505308538675
37536,2024,1,0.1359921395778656
37536,2024,2,0.1381603628396988
37536,2024,3,0.04139209911227226
37536,2024,4,0.08930862694978714
37539,2024,1,0.0016590296290814877
37539,2024,2,0.001154162222519517
37539,2024,3,0.00048659718595445156
37539,2024,4,0.0010805269703269005
37554,2024,1,0.004573865793645382
37554,2024,2,0.003495691576972604
37554,2024,3,0.0013135832268744707
37554,2024,4,0.002961592748761177
37565,2024,1,0.19596195220947266
37565,2024,2,0.20000290870666504
37565,2024,3,0.06946707516908646
37565,2024,4,0.13339386880397797
37568,2024,1,0.0043556843884289265
37568,2024,2,0.0033282360527664423
37568,2024,3,0.0012474555987864733
37568,2024,4,0.002829228062182665
37574,2024,1,0.002415201859548688
37574,2024,2,0.0017387015977874398
37574,2024,3,0.0007046576356515288
37574,2024,4,0.0015691093867644668
37579,2024,1,0.00681239552795887
37579,2024,2,0.005417087115347385
37579,2024,3,0.0019340772414579988
37579,2024,4,0.004410066641867161
37594,2024,1,0.001955005107447505
37594,2024,2,0.001382171525619924
37594,2024,3,0.0005711384583264589
37594,2024,4,0.0012731795432046056
37598,2024,1,0.25618958473205566
37598,2024,2,0.25915080308914185
37598,2024,3,0.10238481312990189
37598,2024,4,0.18032056093215942
37610,2024,1,0.13560692965984344
37610,2024,2,0.1377679705619812
37610,2024,3,0.041223205626010895
37610,2024,4,0.08901499211788177
37647,2024,1,0.2723044157028198
37647,2024,2,0.2741696834564209
37647,2024,3,0.11183953285217285
37647,2024,4,0.19265088438987732
37652,2024,1,0.0022908069659024477
37652,2024,2,0.0016444551292806864
37652,2024,3,0.0006675189360976219
37652,2024,4,0.0014922069385647774
37671,2024,1,0.19525030255317688
37671,2024,2,0.19751283526420593
37671,2024,3,0.06955452263355255
37671,2024,4,0.13311123847961426
37677,2024,1,0.0019265309674665332
37677,2024,2,0.0013604795094579458
37677,2024,3,0.000561893917620182
37677,2024,4,0.0012539695017039776
37678,2024,1,0.1356058120727539
37678,2024,2,0.13776730000972748
37678,2024,3,0.04122374579310417
37678,2024,4,0.08901967108249664
37685,2024,1,0.0016001596814021468
37685,2024,2,0.0011108125327154994
37685,2024,3,0.0004681226855609566
37685,2024,4,0.001041832729242742
37691,2024,1,0.0009029434295371175
37691,2024,2,0.0005927180172875524
37691,2024,3,0.0002675809955690056
37691,2024,4,0.0005884758429601789
37695,2024,1,0.0024816286750137806
37695,2024,2,0.001794670824892819
37695,2024,3,0.0007217019447125494
37695,2024,4,0.0016153750475496054
37700,2024,1,0.001555546186864376
37700,2024,2,0.0010758612770587206
37700,2024,3,0.00045640228199772537
37700,2024,4,0.0010131995659321547
37701,2024,1,0.0016329148784279823
37701,2024,2,0.0011348817497491837
37701,2024,3,0.00047811443801037967
37701,2024,4,0.0010632728226482868
37713,2024,1,0.0025141583755612373
37713,2024,2,0.0018215711461380124
37713,2024,3,0.0007294685347005725
37713,2024,4,0.001635560067370534
37724,2024,1,0.002757286187261343
37724,2024,2,0.002014290075749159
37724,2024,3,0.000799803645350039
37724,2024,4,0.0017937107477337122
37728,2024,1,0.24068444967269897
37728,2024,2,0.2442398965358734
37728,2024,3,0.09323267638683319
37728,2024,4,0.1681329607963562
37742,2024,1,0.0033214869908988476
37742,2024,2,0.0024747163988649845
37742,2024,3,0.000957076030317694
37742,2024,4,0.002162199467420578
37752,2024,1,0.001971260644495487
37752,2024,2,0.001394760562106967
37752,2024,3,0.0005755125894211233
37752,2024,4,0.0012830541236326098
37766,2024,1,0.13625216484069824
37766,2024,2,0.13842719793319702
37766,2024,3,0.0415065661072731
37766,2024,4,0.08951129019260406
37780,2024,1,0.0018820087425410748
37780,2024,2,0.0013255216181278229
37780,2024,3,0.0005499273538589478
37780,2024,4,0.0012250675354152918
37781,2024,1,0.0024914112873375416
37781,2024,2,0.0017993785440921783
37781,2024,3,0.0007259823614731431
37781,2024,4,0.0016223746351897717
37789,2024,1,0.0021464647725224495
37789,2024,2,0.001530766487121582
37789,2024,3,0.0006264119874686003
37789,2024,4,0.0013977482449263334
37814,2024,1,0.1355516016483307
37814,2024,2,0.13770967721939087
37814,2024,3,0.04119865596294403
37814,2024,4,0.08896896243095398
37815,2024,1,0.0013904329389333725
37815,2024,2,0.0009512830292806029
37815,2024,3,0.0004091857699677348
37815,2024,4,0.0009060822194442153
37819,2024,1,0.19128748774528503
37819,2024,2,0.1928626298904419
37819,2024,3,0.06689106673002243
37819,2024,4,0.12863701581954956
37832,2024,1,0.0026092659682035446
37832,2024,2,0.0018967653159052134
37832,2024,3,0.0007561240345239639
37832,2024,4,0.0016959807835519314
37851,2024,1,0.13626693189144135
37851,2024,2,0.13844069838523865
37851,2024,3,0.04151228070259094
37851,2024,4,0.08951546996831894
37852,2024,1,0.0030370133463293314
37852,2024,2,0.0022364482283592224
37852,2024,3,0.0008816968183964491
37852,2024,4,0.0019760478753596544
37873,2024,1,0.0036514620296657085
37873,2024,2,0.00274341506883502
37873,2024,3,0.0010486124083399773
37873,2024,4,0.002371562644839287
37888,2024,1,0.002478082198649645
37888,2024,2,0.0017925335559993982
37888,2024,3,0.0007195515790954232
37888,2024,4,0.0016121645458042622
37896,2024,1,0.0019587359856814146
37896,2024,2,0.0013858394231647253
37896,2024,3,0.0005704868235625327
37896,2024,4,0.0012739102821797132
37897,2024,1,0.007802629843354225
37897,2024,2,0.006280595902353525
37897,2024,3,0.0022137972991913557
37897,2024,4,0.005053837317973375
37903,2024,1,0.003336552530527115
37903,2024,2,0.002481013536453247
37903,2024,3,0.0009649515268392861
37903,2024,4,0.00217043817974627
37906,2024,1,0.0016929380362853408
37906,2024,2,0.0011811807053163648
37906,2024,3,0.0004950289148837328
37906,2024,4,0.0011021094396710396
37911,2024,1,0.0019491688581183553
37911,2024,2,0.0013774118851870298
37911,2024,3,0.000570168427657336
37911,2024,4,0.001270429347641766
37914,2024,1,0.004513046238571405
37914,2024,2,0.003454983001574874
37914,2024,3,0.0012936927378177643
37914,2024,4,0.0029301675967872143
37923,2024,1,0.0019546092953532934
37923,2024,2,0.0013820658205077052
37923,2024,3,0.0005703240167349577
37923,2024,4,0.0012723254039883614
37931,2024,1,0.15147742629051208
37931,2024,2,0.15403755009174347
37931,2024,3,0.04822036996483803
37931,2024,4,0.10089635848999023
37941,2024,1,0.0037605594843626022
37941,2024,2,0.0028337854892015457
37941,2024,3,0.0010789227671921253
37941,2024,4,0.002443884266540408
37943,2024,1,0.0030203002970665693
37943,2024,2,0.0022288088221102953
37943,2024,3,0.0008709949906915426
37943,2024,4,0.001961884554475546
37950,2024,1,0.13648992776870728
37950,2024,2,0.13866689801216125
37950,2024,3,0.04160960018634796
37950,2024,4,0.08968344330787659
37964,2024,1,0.008917116560041904
37964,2024,2,0.007273484021425247
37964,2024,3,0.0025175614282488823
37964,2024,4,0.005771121475845575
37990,2024,1,0.3627976179122925
37990,2024,2,0.36572062969207764
37990,2024,3,0.16825765371322632
37990,2024,4,0.2673047184944153
37997,2024,1,0.0024325521662831306
37997,2024,2,0.0017550818156450987
37997,2024,3,0.0007082575466483831
37997,2024,4,0.0015834341756999493
38007,2024,1,0.13566814363002777
38007,2024,2,0.13783496618270874
38007,2024,3,0.04125119373202324
38007,2024,4,0.08907448500394821
38016,2024,1,0.0029945150017738342
38016,2024,2,0.002204808173701167
38016,2024,3,0.0008658368606120348
38016,2024,4,0.0019459521863609552
38032,2024,1,0.2954409420490265
38032,2024,2,0.29998284578323364
38032,2024,3,0.12507638335227966
38032,2024,4,0.2131490707397461
38041,2024,1,0.0019325806060805917
38041,2024,2,0.0013651495100930333
38041,2024,3,0.0005642324103973806
38041,2024,4,0.00125832948833704
38043,2024,1,0.004946734756231308
38043,2024,2,0.0038195219822227955
38043,2024,3,0.0014146938920021057
38043,2024,4,0.0032098127994686365
38047,2024,1,0.0021528846118599176
38047,2024,2,0.0015367602463811636
38047,2024,3,0.0006268380093388259
38047,2024,4,0.0014010961167514324
38055,2024,1,0.001861141063272953
38055,2024,2,0.001310780760832131
38055,2024,3,0.0005421021487563848
38055,2024,4,0.0012133034178987145
38059,2024,1,0.0009574202122166753
38059,2024,2,0.0006321057444438338
38059,2024,3,0.0002834607439581305
38059,2024,4,0.0006241220398806036
38080,2024,1,0.0024651396088302135
38080,2024,2,0.0017821553628891706
38080,2024,3,0.0007159026572480798
38080,2024,4,0.0016036657616496086
38086,2024,1,0.13621702790260315
38086,2024,2,0.13838806748390198
38086,2024,3,0.04148975387215614
38086,2024,4,0.08947515487670898
38096,2024,1,0.13615979254245758
38096,2024,2,0.13833093643188477
38096,2024,3,0.041465457528829575
38096,2024,4,0.08943676948547363
38107,2024,1,0.0021897528786212206
38107,2024,2,0.0015637560281902552
38107,2024,3,0.0006389088230207562
38107,2024,4,0.0014255412388592958
38113,2024,1,0.21045172214508057
38113,2024,2,0.21368011832237244
38113,2024,3,0.0772821232676506
38113,2024,4,0.14469720423221588
38138,2024,1,0.0018069865182042122
38138,2024,2,0.0012686317786574364
38138,2024,3,0.0005277844611555338
38138,2024,4,0.0011765267699956894
38151,2024,1,0.001876636641100049
38151,2024,2,0.001321169431321323
38151,2024,3,0.0005513129290193319
38151,2024,4,0.0012259010691195726
38152,2024,1,0.13559316098690033
38152,2024,2,0.13775858283042908
38152,2024,3,0.04121718183159828
38152,2024,4,0.08901254832744598
38155,2024,1,0.001835766714066267
38155,2024,2,0.0012903932947665453
38155,2024,3,0.0005360555369406939
38155,2024,4,0.0011943895369768143
38172,2024,1,0.1359247863292694
38172,2024,2,0.13809043169021606
38172,2024,3,0.04136290401220322
38172,2024,4,0.08925725519657135
38173,2024,1,0.0021176740992814302
38173,2024,2,0.001509087742306292
38173,2024,3,0.0006168853724375367
38173,2024,4,0.0013785193441435695
38185,2024,1,0.13579651713371277
38185,2024,2,0.1379619538784027
38185,2024,3,0.04130782186985016
38185,2024,4,0.0891672670841217
38189,2024,1,0.002084581647068262
38189,2024,2,0.0014811557484790683
38189,2024,3,0.0006059551378712058
38189,2024,4,0.0013531011063605547
38200,2024,1,0.0014731332194060087
38200,2024,2,0.0010136915370821953
38200,2024,3,0.00043234811164438725
38200,2024,4,0.0009593609720468521
38209,2024,1,0.002991078421473503
38209,2024,2,0.0022022672928869724
38209,2024,3,0.0008654820849187672
38209,2024,4,0.0019452867563813925
38212,2024,1,0.004077623598277569
38212,2024,2,0.0030864188447594643
38212,2024,3,0.0011776937171816826
38212,2024,4,0.0026521096006035805
38215,2024,1,0.0013774542603641748
38215,2024,2,0.0009419167181476951
38215,2024,3,0.0004050775896757841
38215,2024,4,0.0008975109085440636
38217,2024,1,0.001590309082530439
38217,2024,2,0.00110215088352561
38217,2024,3,0.0004666107124648988
38217,2024,4,0.0010359640000388026
38225,2024,1,0.16763964295387268
38225,2024,2,0.17067250609397888
38225,2024,3,0.055702585726976395
38225,2024,4,0.1123780757188797
38239,2024,1,0.002323397435247898
38239,2024,2,0.0016615343047305942
38239,2024,3,0.0006788232713006437
38239,2024,4,0.001502440543845296
38255,2024,1,0.003674957435578108
38255,2024,2,0.0027571218088269234
38255,2024,3,0.0010605920106172562
38255,2024,4,0.0023890971206128597
38260,2024,1,0.0029035857878625393
38260,2024,2,0.0021393210627138615
38260,2024,3,0.0008337878389284015
38260,2024,4,0.0018872007494792342
38274,2024,1,0.18703487515449524
38274,2024,2,0.19148796796798706
38274,2024,3,0.06486985832452774
38274,2024,4,0.12718802690505981
38286,2024,1,0.003034084802493453
38286,2024,2,0.002235987689346075
38286,2024,3,0.0008808438433334231
38286,2024,4,0.0019773882813751698
38291,2024,1,0.0020409799180924892
38291,2024,2,0.0014476999640464783
38291,2024,3,0.0005959393456578255
38291,2024,4,0.001328519661910832
38293,2024,1,0.002326113171875477
38293,2024,2,0.0016715902602300048
38293,2024,3,0.000677817384712398
38293,2024,4,0.0015146477380767465
38295,2024,1,0.002437612973153591
38295,2024,2,0.001761249266564846
38295,2024,3,0.0007058655028231442
38295,2024,4,0.0015809775795787573
38298,2024,1,0.004531314130872488
38298,2024,2,0.0034703060518950224
38298,2024,3,0.0012997908052057028
38298,2024,4,0.0029427772387862206
38305,2024,1,0.0047353776171803474
38305,2024,2,0.0036418719682842493
38305,2024,3,0.001354943378828466
38305,2024,4,0.0030730036087334156
38339,2024,1,0.0013893740251660347
38339,2024,2,0.0009517784346826375
38339,2024,3,0.00040747877210378647
38339,2024,4,0.0009051806991919875
38342,2024,1,0.004050798714160919
38342,2024,2,0.0030687779653817415
38342,2024,3,0.0011654436821117997
38342,2024,4,0.002632229123264551
38346,2024,1,0.0007629435858689249
38346,2024,2,0.0004925223765894771
38346,2024,3,0.0002269971591886133
38346,2024,4,0.00049731251783669
38349,2024,1,0.0009750911267474294
38349,2024,2,0.0006449705688282847
38349,2024,3,0.0002882980043068528
38349,2024,4,0.0006352151976898313
38350,2024,1,0.002386754844337702
38350,2024,2,0.0017175690736621618
38350,2024,3,0.0006963402265682817
38350,2024,4,0.0015555599238723516
38361,2024,1,0.13634946942329407
38361,2024,2,0.13852332532405853
38361,2024,3,0.0415494479238987
38361,2024,4,0.08958296477794647
38373,2024,1,0.0030810260213911533
38373,2024,2,0.002273550955578685
38373,2024,3,0.0008927317685447633
38373,2024,4,0.0020049777813255787
38385,2024,1,0.0014116824604570866
38385,2024,2,0.000969118089415133
38385,2024,3,0.0004131942114327103
38385,2024,4,0.0009186321403831244
38386,2024,1,0.010569924488663673
38386,2024,2,0.008762834593653679
38386,2024,3,0.0029659969732165337
38386,2024,4,0.006829516962170601
38415,2024,1,0.0035493054892867804
38415,2024,2,0.002653778763487935
38415,2024,3,0.0010230811312794685
38415,2024,4,0.002303943270817399
38439,2024,1,0.0014570285566151142
38439,2024,2,0.001001482829451561
38439,2024,3,0.00042810081504285336
38439,2024,4,0.0009493033867329359
38442,2024,1,0.0026041832752525806
38442,2024,2,0.0018936529522761703
38442,2024,3,0.0007558197248727083
38442,2024,4,0.0016954441089183092
38446,2024,1,0.002312249969691038
38446,2024,2,0.0016624063719063997
38446,2024,3,0.0006718441727571189
38446,2024,4,0.001504398649558425
38451,2024,1,0.33952218294143677
38451,2024,2,0.3439004421234131
38451,2024,3,0.15254564583301544
38451,2024,4,0.24905240535736084
38455,2024,1,0.001763143576681614
38455,2024,2,0.00123445107601583
38455,2024,3,0.0005156726692803204
38455,2024,4,0.0011480088578537107
38458,2024,1,0.0020005020778626204
38458,2024,2,0.0014281350886449218
38458,2024,3,0.0005736109451390803
38458,2024,4,0.0012998904567211866
38465,2024,1,0.0019968533888459206
38465,2024,2,0.0014150592032819986
38465,2024,3,0.0005820770165883005
38465,2024,4,0.0012993100099265575
38473,2024,1,0.001179752522148192
38473,2024,2,0.0007944646058604121
38473,2024,3,0.00034846836933866143
38473,2024,4,0.0007695977110415697
38481,2024,1,0.0016536044422537088
38481,2024,2,0.0011476546060293913
38481,2024,3,0.0004888183320872486
38481,2024,4,0.0010808081133291125
38491,2024,1,0.00346676935441792
38491,2024,2,0.00258763344027102
38491,2024,3,0.00100130052305758
38491,2024,4,0.002254317281767726
38495,2024,1,0.0041628507897257805
38495,2024,2,0.0031619411893188953
38495,2024,3,0.0011964603327214718
38495,2024,4,0.0027043211739510298
38501,2024,1,0.0010935354512184858
38501,2024,2,0.0007312972447834909
38501,2024,3,0.00032281666062772274
38501,2024,4,0.0007123872637748718
38507,2024,1,0.004105924628674984
38507,2024,2,0.0031165059190243483
38507,2024,3,0.001178588136099279
38507,2024,4,0.00266696373000741
38513,2024,1,0.0018760645762085915
38513,2024,2,0.0013203042326495051
38513,2024,3,0.0005497330566868186
38513,2024,4,0.0012226297985762358
38516,2024,1,0.0027416045777499676
38516,2024,2,0.0020067421719431877
38516,2024,3,0.0007896900060586631
38516,2024,4,0.001781845698133111
38517,2024,1,0.001655889325775206
38517,2024,2,0.0011530076153576374
38517,2024,3,0.00048467243323102593
38517,2024,4,0.001078401692211628
38525,2024,1,0.002099079079926014
38525,2024,2,0.0014949303586035967
38525,2024,3,0.0006115380092523992
38525,2024,4,0.0013665363658219576
38534,2024,1,0.2514365613460541
38534,2024,2,0.25544506311416626
38534,2024,3,0.09957140684127808
38534,2024,4,0.1775195598602295
38537,2024,1,0.003072526305913925
38537,2024,2,0.002263040980324149
38537,2024,3,0.0008928083698265254
38537,2024,4,0.0019987761043012142
38548,2024,1,0.21070531010627747
38548,2024,2,0.21537184715270996
38548,2024,3,0.07732605934143066
38548,2024,4,0.14619335532188416
38561,2024,1,0.001265826402232051
38561,2024,2,0.000857494305819273
38561,2024,3,0.0003733971680048853
38561,2024,4,0.0008251584367826581
38564,2024,1,0.0014941656263545156
38564,2024,2,0.001029737526550889
38564,2024,3,0.00043875130359083414
38564,2024,4,0.0009738414664752781
38569,2024,1,0.0018349719466641545
38569,2024,2,0.0012900370638817549
38569,2024,3,0.0005355917965061963
38569,2024,4,0.0011942561250180006
38584,2024,1,0.0055988626554608345
38584,2024,2,0.004375222604721785
38584,2024,3,0.0015955122653394938
38584,2024,4,0.0036310208961367607
38600,2024,1,0.0036942646838724613
38600,2024,2,0.0027723307721316814
38600,2024,3,0.0010656740050762892
38600,2024,4,0.002400119323283434
38641,2024,1,0.1571750044822693
38641,2024,2,0.15913555026054382
38641,2024,3,0.050712376832962036
38641,2024,4,0.10425673425197601
38644,2024,1,0.4547235369682312
38644,2024,2,0.45920616388320923
38644,2024,3,0.2318725287914276
38644,2024,4,0.3495631814002991
38650,2024,1,0.0024444591253995895
38650,2024,2,0.0017649377696216106
38650,2024,3,0.0007122507086023688
38650,2024,4,0.0015926369233056903
38654,2024,1,0.002461393130943179
38654,2024,2,0.0017791774589568377
38654,2024,3,0.000715347588993609
38654,2024,4,0.001601580297574401
38664,2024,1,0.002007835078984499
38664,2024,2,0.0014235563576221466
38664,2024,3,0.0005853577749803662
38664,2024,4,0.0013067335821688175
38671,2024,1,0.3254397213459015
38671,2024,2,0.3299235999584198
38671,2024,3,0.14341145753860474
38671,2024,4,0.23886926472187042
38676,2024,1,0.0014363271184265614
38676,2024,2,0.0009855730459094048
38676,2024,3,0.0004226775199640542
38676,2024,4,0.0009361329721286893
38678,2024,1,0.13607920706272125
38678,2024,2,0.1382487714290619
38678,2024,3,0.04143016040325165
38678,2024,4,0.08937402069568634
38691,2024,1,0.004431511275470257
38691,2024,2,0.003383326344192028
38691,2024,3,0.0012748816516250372
38691,2024,4,0.002879638224840164
38696,2024,1,0.1798235923051834
38696,2024,2,0.18425461649894714
38696,2024,3,0.05987405404448509
38696,2024,4,0.11786096543073654
38703,2024,1,0.004608405753970146
38703,2024,2,0.0035321773029863834
38703,2024,3,0.0013215651270002127
38703,2024,4,0.002991998568177223
38704,2024,1,0.17605328559875488
38704,2024,2,0.17767223715782166
38704,2024,3,0.05977794900536537
38704,2024,4,0.11799485236406326
38710,2024,1,0.1362932026386261
38710,2024,2,0.13846620917320251
38710,2024,3,0.04152332618832588
38710,2024,4,0.08953279256820679
38723,2024,1,0.001574362744577229
38723,2024,2,0.0010902860667556524
38723,2024,3,0.0004619574174284935
38723,2024,4,0.0010257929097861052
38730,2024,1,0.5259837508201599
38730,2024,2,0.532742977142334
38730,2024,3,0.28407347202301025
38730,2024,4,0.4167030453681946
38732,2024,1,0.5210833549499512
38732,2024,2,0.5226951837539673
38732,2024,3,0.28255128860473633
38732,2024,4,0.4078552722930908
38740,2024,1,0.13562250137329102
38740,2024,2,0.1377817541360855
38740,2024,3,0.04123038798570633
38740,2024,4,0.08902746438980103
38747,2024,1,0.003976660314947367
38747,2024,2,0.0030086799524724483
38747,2024,3,0.0011420503724366426
38747,2024,4,0.0025823337491601706
38748,2024,1,0.1361261010169983
38748,2024,2,0.13829655945301056
38748,2024,3,0.04145009443163872
38748,2024,4,0.08940789848566055
38754,2024,1,0.28375524282455444
38754,2024,2,0.28809356689453125
38754,2024,3,0.11806398630142212
38754,2024,4,0.20323330163955688
38779,2024,1,0.1356334090232849
38779,2024,2,0.137794628739357
38779,2024,3,0.04123545438051224
38779,2024,4,0.08903779089450836
38790,2024,1,0.2265613079071045
38790,2024,2,0.23277395963668823
38790,2024,3,0.08567383885383606
38790,2024,4,0.16024796664714813
38794,2024,1,0.00162802217528224
38794,2024,2,0.001131744938902557
38794,2024,3,0.00047665112651884556
38794,2024,4,0.0010606702417135239
38797,2024,1,0.13608357310295105
38797,2024,2,0.1382542997598648
38797,2024,3,0.04143260419368744
38797,2024,4,0.08938194811344147
38800,2024,1,0.16032174229621887
38800,2024,2,0.16294007003307343
38800,2024,3,0.05218680948019028
38800,2024,4,0.10811018943786621
38805,2024,1,0.0022988072596490383
38805,2024,2,0.0016495503950864077
38805,2024,3,0.0006706133135594428
38805,2024,4,0.0014970623888075352
38816,2024,1,0.23739686608314514
38816,2024,2,0.24182277917861938
38816,2024,3,0.09110762923955917
38816,2024,4,0.16565151512622833
38830,2024,1,0.0033887065947055817
38830,2024,2,0.0025252215564250946
38830,2024,3,0.000976402428932488
38830,2024,4,0.0022016579750925303
38869,2024,1,0.001900149043649435
38869,2024,2,0.0013402238255366683
38869,2024,3,0.0005536339594982564
38869,2024,4,0.0012358956737443805
38890,2024,1,0.002591567812487483
38890,2024,2,0.001881915144622326
38890,2024,3,0.0007524198153987527
38890,2024,4,0.0016859453171491623
38893,2024,1,0.0018833586946129799
38893,2024,2,0.001325587509199977
38893,2024,3,0.000549944641534239
38893,2024,4,0.0012250192230567336
38906,2024,1,0.003469548188149929
38906,2024,2,0.002590188290923834
38906,2024,3,0.000999766867607832
38906,2024,4,0.0022532439325004816
38910,2024,1,0.0033725700341165066
38910,2024,2,0.002511831931769848
38910,2024,3,0.0009732626494951546
38910,2024,4,0.002192581072449684
38914,2024,1,0.001517781987786293
38914,2024,2,0.0010475509334355593
38914,2024,3,0.00044518508366309106
38914,2024,4,0.000988518469966948
38918,2024,1,0.13580425083637238
38918,2024,2,0.13796959817409515
38918,2024,3,0.04131046310067177
38918,2024,4,0.0891704335808754
38922,2024,1,0.0019229932222515345
38922,2024,2,0.0013573889154940844
38922,2024,3,0.0005617638817057014
38922,2024,4,0.0012520478339865804
38925,2024,1,0.16469088196754456
38925,2024,2,0.1688200831413269
38925,2024,3,0.0539875254034996
38925,2024,4,0.10981550812721252
38926,2024,1,0.0012948517687618732
38926,2024,2,0.000879773695487529
38926,2024,3,0.0003814222291111946
38926,2024,4,0.0008437604992650449
38929,2024,1,0.004063202999532223
38929,2024,2,0.003091223072260618
38929,2024,3,0.0011630130466073751
38929,2024,4,0.002648391295224428
38941,2024,1,0.16404394805431366
38941,2024,2,0.16619320213794708
38941,2024,3,0.05433279648423195
38941,2024,4,0.1104893684387207
38948,2024,1,0.005234364420175552
38948,2024,2,0.004063100088387728
38948,2024,3,0.0014946714509278536
38948,2024,4,0.0033950433135032654
38970,2024,1,0.0025839144363999367
38970,2024,2,0.0018772771582007408
38970,2024,3,0.0007491668802686036
38970,2024,4,0.0016810527304187417
38975,2024,1,0.0016847968799993396
38975,2024,2,0.0011742463102564216
38975,2024,3,0.0004935595206916332
38975,2024,4,0.0010973956668749452
38976,2024,1,0.0019647351000458
38976,2024,2,0.0013893682043999434
38976,2024,3,0.0005743924994021654
38976,2024,4,0.0012796224327757955
38978,2024,1,0.005970281083136797
38978,2024,2,0.004690144211053848
38978,2024,3,0.0017027489375323057
38978,2024,4,0.0038727200590074062
38981,2024,1,0.002568984404206276
38981,2024,2,0.001862336415797472
38981,2024,3,0.0007491064607165754
38981,2024,4,0.0016745966859161854
39002,2024,1,0.002914475044235587
39002,2024,2,0.002141839824616909
39002,2024,3,0.0008424739353358746
39002,2024,4,0.0018954185070469975
39007,2024,1,0.15458494424819946
39007,2024,2,0.1568364053964615
39007,2024,3,0.04998839274048805
39007,2024,4,0.10319960862398148
39008,2024,1,0.1923869401216507
39008,2024,2,0.19536936283111572
39008,2024,3,0.06772217899560928
39008,2024,4,0.13094696402549744
39023,2024,1,0.001930043799802661
39023,2024,2,0.0013623926788568497
39023,2024,3,0.0005635381676256657
39023,2024,4,0.0012558571761474013
39029,2024,1,0.1554344892501831
39029,2024,2,0.1566583514213562
39029,2024,3,0.050203412771224976
39029,2024,4,0.10220660269260406
39030,2024,1,0.3146930932998657
39030,2024,2,0.31862175464630127
39030,2024,3,0.13681340217590332
39030,2024,4,0.22851517796516418
39031,2024,1,0.0033693290315568447
39031,2024,2,0.002507356693968177
39031,2024,3,0.0009722800459712744
39031,2024,4,0.002187445294111967
39032,2024,1,0.49192190170288086
39032,2024,2,0.4956526458263397
39032,2024,3,0.25943103432655334
39032,2024,4,0.38227832317352295
39045,2024,1,0.001569076906889677
39045,2024,2,0.00108561129309237
39045,2024,3,0.0004616902442649007
39045,2024,4,0.0010235268855467439
39046,2024,1,0.0017527949530631304
39046,2024,2,0.0012267348356544971
39046,2024,3,0.0005123891169205308
39046,2024,4,0.0011410941369831562
39050,2024,1,0.001439940882846713
39050,2024,2,0.0009887820342555642
39050,2024,3,0.0004231349448673427
39050,2024,4,0.0009383449796587229
39055,2024,1,0.3909206986427307
39055,2024,2,0.3960390090942383
39055,2024,3,0.1865541636943817
39055,2024,4,0.29373499751091003
39058,2024,1,0.002803521230816841
39058,2024,2,0.0020517264492809772
39058,2024,3,0.0008126077009364963
39058,2024,4,0.0018237088806927204
39077,2024,1,0.005539543926715851
39077,2024,2,0.004326276946812868
39077,2024,3,0.00157894694712013
39077,2024,4,0.003594056935980916
39080,2024,1,0.13614383339881897
39080,2024,2,0.13831891119480133
39080,2024,3,0.04145729914307594
39080,2024,4,0.0894193947315216
39094,2024,1,0.004386377986520529
39094,2024,2,0.003349160775542259
39094,2024,3,0.0012575623113662004
39094,2024,4,0.002847416326403618
39096,2024,1,0.0018913523526862264
39096,2024,2,0.0013319827849045396
39096,2024,3,0.0005539146950468421
39096,2024,4,0.001231965608894825
39107,2024,1,0.00482178945094347
39107,2024,2,0.003712656209245324
39107,2024,3,0.0013806733768433332
39107,2024,4,0.0031278219539672136
39142,2024,1,0.002352470764890313
39142,2024,2,0.001694302773103118
39142,2024,3,0.0006840453715994954
39142,2024,4,0.0015323520638048649
39166,2024,1,0.0022949601989239454
39166,2024,2,0.0016483203507959843
39166,2024,3,0.0006667611887678504
39166,2024,4,0.0014930225443094969
39173,2024,1,0.0026161379646509886
39173,2024,2,0.0019024217035621405
39173,2024,3,0.0007587446016259491
39173,2024,4,0.001701457891613245
39188,2024,1,0.2620634436607361
39188,2024,2,0.26693251729011536
39188,2024,3,0.10515116900205612
39188,2024,4,0.18750308454036713
39193,2024,1,0.002589611569419503
39193,2024,2,0.001879980554804206
39193,2024,3,0.0007526889676228166
39193,2024,4,0.0016852982807904482
39199,2024,1,0.0021626977249979973
39199,2024,2,0.0015442089643329382
39199,2024,3,0.0006298121297731996
39199,2024,4,0.0014075470389798284
39205,2024,1,0.12634789943695068
39205,2024,2,0.12820664048194885
39205,2024,3,0.03729192912578583
39205,2024,4,0.08229626715183258
39212,2024,1,0.0025210585445165634
39212,2024,2,0.0018255651229992509
39212,2024,3,0.0007330747321248055
39212,2024,4,0.0016405184287577868
39250,2024,1,0.0024324615951627493
39250,2024,2,0.0017556140664964914
39250,2024,3,0.0007073958404362202
39250,2024,4,0.0015828702598810196
39257,2024,1,0.29231542348861694
39257,2024,2,0.2943488359451294
39257,2024,3,0.12350325286388397
39257,2024,4,0.20661023259162903
39276,2024,1,0.13609224557876587
39276,2024,2,0.13826291263103485
39276,2024,3,0.041434645652770996
39276,2024,4,0.08937981724739075
39277,2024,1,0.14859268069267273
39277,2024,2,0.150762140750885
39277,2024,3,0.046961139887571335
39277,2024,4,0.09886731207370758
39290,2024,1,0.002669917419552803
39290,2024,2,0.0019439291208982468
39290,2024,3,0.0007750639924779534
39290,2024,4,0.00173681671731174
39292,2024,1,0.003493440104648471
39292,2024,2,0.0026104184798896313
39292,2024,3,0.001007321523502469
39292,2024,4,0.0022704878356307745
39296,2024,1,0.00229324446991086
39296,2024,2,0.001646527904085815
39296,2024,3,0.0006666382541880012
39296,2024,4,0.001491800183430314
39302,2024,1,0.1368134468793869
39302,2024,2,0.1389997899532318
39302,2024,3,0.04174960404634476
39302,2024,4,0.08991941809654236
39306,2024,1,0.001480235019698739
39306,2024,2,0.0010188553715124726
39306,2024,3,0.00043513678247109056
39306,2024,4,0.0009648040286265314
39308,2024,1,0.13546127080917358
39308,2024,2,0.13761845231056213
39308,2024,3,0.0411599725484848
39308,2024,4,0.08890855312347412
39309,2024,1,0.38490235805511475
39309,2024,2,0.391325980424881
39309,2024,3,0.18155691027641296
39309,2024,4,0.28912025690078735
39311,2024,1,0.0007174440543167293
39311,2024,2,0.00046169894631020725
39311,2024,3,0.00021320689120329916
39311,2024,4,0.00046817216207273304
39320,2024,1,0.1643071472644806
39320,2024,2,0.16686426103115082
39320,2024,3,0.054145120084285736
39320,2024,4,0.10930114984512329
39323,2024,1,0.004874213133007288
39323,2024,2,0.00375876622274518
39323,2024,3,0.0013936742907389998
39323,2024,4,0.0031630590092390776
39351,2024,1,0.0019029834074899554
39351,2024,2,0.0013406609650701284
39351,2024,3,0.0005568538326770067
39351,2024,4,0.001238346449099481
39361,2024,1,0.26806479692459106
39361,2024,2,0.27251631021499634
39361,2024,3,0.10875733196735382
39361,2024,4,0.19063642621040344
39377,2024,1,0.002509191632270813
39377,2024,2,0.0018182267667725682
39377,2024,3,0.0007264770101755857
39377,2024,4,0.001630524406209588
39397,2024,1,0.17070364952087402
39397,2024,2,0.17367996275424957
39397,2024,3,0.057139746844768524
39397,2024,4,0.1148262470960617
39427,2024,1,0.0030574502889066935
39427,2024,2,0.0022567661944776773
39427,2024,3,0.0008841173839755356
39427,2024,4,0.0019891459960490465
39431,2024,1,0.0006028781062923372
39431,2024,2,0.00038021468208171427
39431,2024,3,0.00018028636986855417
39431,2024,4,0.00039305066457018256
39438,2024,1,0.002254992024973035
39438,2024,2,0.0016149829607456923
39438,2024,3,0.000658260250929743
39438,2024,4,0.001468802336603403
39440,2024,1,0.005313608795404434
39440,2024,2,0.004130203276872635
39440,2024,3,0.0015171996783465147
39440,2024,4,0.0034468984231352806
39445,2024,1,0.001731713186018169
39445,2024,2,0.0012098203878849745
39445,2024,3,0.0005074485670775175
39445,2024,4,0.0011279755271971226
39461,2024,1,0.0009444699389860034
39461,2024,2,0.0006222975207492709
39461,2024,3,0.00028016685973852873
39461,2024,4,0.000615645491052419
39465,2024,1,0.0026778411120176315
39465,2024,2,0.001953522674739361
39465,2024,3,0.0007750213844701648
39465,2024,4,0.0017408218700438738
39479,2024,1,0.13567227125167847
39479,2024,2,0.13783377408981323
39479,2024,3,0.04125288501381874
39479,2024,4,0.08907347172498703
39486,2024,1,0.21721474826335907
39486,2024,2,0.22001613676548004
39486,2024,3,0.08103828132152557
39486,2024,4,0.1499163806438446
39503,2024,1,0.0046928515657782555
39503,2024,2,0.0036018011160194874
39503,2024,3,0.001347891055047512
39503,2024,4,0.0030479528941214085
39505,2024,1,0.13672296702861786
39505,2024,2,0.13890443742275238
39505,2024,3,0.04171256348490715
39505,2024,4,0.08986441791057587
39517,2024,1,0.22065579891204834
39517,2024,2,0.22523006796836853
39517,2024,3,0.08229278773069382
39517,2024,4,0.15277685225009918
39518,2024,1,0.2158469557762146
39518,2024,2,0.21946687996387482
39518,2024,3,0.07991393655538559
39518,2024,4,0.1488642394542694
39521,2024,1,0.004696706309914589
39521,2024,2,0.0036094982642680407
39521,2024,3,0.0013440274633467197
39521,2024,4,0.003047810634598136
39533,2024,1,0.0024407131131738424
39533,2024,2,0.001762382104061544
39533,2024,3,0.0007098591886460781
39533,2024,4,0.001588591723702848
39539,2024,1,0.003607315942645073
39539,2024,2,0.0027035323437303305
39539,2024,3,0.0010389633243903518
39539,2024,4,0.0023434855975210667
39541,2024,1,0.25226593017578125
39541,2024,2,0.25606951117515564
39541,2024,3,0.09997621178627014
39541,2024,4,0.1780877411365509
39560,2024,1,0.3587282598018646
39560,2024,2,0.3630279302597046
39560,2024,3,0.16498172283172607
39560,2024,4,0.26485830545425415
39581,2024,1,0.31761038303375244
39581,2024,2,0.32235029339790344
39581,2024,3,0.13878244161605835
39581,2024,4,0.23079532384872437
39584,2024,1,0.006006224080920219
39584,2024,2,0.004716941621154547
39584,2024,3,0.0017137748654931784
39584,2024,4,0.0038938848301768303
39604,2024,1,0.23201854526996613
39604,2024,2,0.23544403910636902
39604,2024,3,0.08865603059530258
39604,2024,4,0.16199688613414764
39619,2024,1,0.010015532374382019
39619,2024,2,0.00825471617281437
39619,2024,3,0.002818463835865259
39619,2024,4,0.006471999920904636
39622,2024,1,0.19545713067054749
39622,2024,2,0.19902969896793365
39622,2024,3,0.06912875175476074
39622,2024,4,0.13261857628822327
39636,2024,1,0.1979796141386032
39636,2024,2,0.2011607587337494
39636,2024,3,0.07057353109121323
39636,2024,4,0.13512738049030304
39638,2024,1,0.0023686743807047606
39638,2024,2,0.0017096020746976137
39638,2024,3,0.000684842118062079
39638,2024,4,0.0015397847164422274
39653,2024,1,0.002525079995393753
39653,2024,2,0.0018303522374480963
39653,2024,3,0.0007324207108467817
39653,2024,4,0.001642286079004407
39662,2024,1,0.010623511858284473
39662,2024,2,0.008791678585112095
39662,2024,3,0.0029994724318385124
39662,2024,4,0.006868876516819
39670,2024,1,0.1647035777568817
39670,2024,2,0.16837021708488464
39670,2024,3,0.05434679239988327
39670,2024,4,0.1106744110584259
39738,2024,1,0.0015650582499802113
39738,2024,2,0.0010846302611753345
39738,2024,3,0.00045784557005390525
39738,2024,4,0.0010194855276495218
39744,2024,1,0.13589203357696533
39744,2024,2,0.13805648684501648
39744,2024,3,0.0413479320704937
39744,2024,4,0.08922943472862244
39765,2024,1,0.13651451468467712
39765,2024,2,0.13869136571884155
39765,2024,3,0.041621528565883636
39765,2024,4,0.08970692753791809
39772,2024,1,0.0026817203033715487
39772,2024,2,0.001953978557139635
39772,2024,3,0.00077802874147892
39772,2024,4,0.001744807348586619
39777,2024,1,0.00790308229625225
39777,2024,2,0.006369984708726406
39777,2024,3,0.0022426031064242125
39777,2024,4,0.005121353082358837
39786,2024,1,0.001760006183758378
39786,2024,2,0.0012330866884440184
39786,2024,3,0.0005141852889209986
39786,2024,4,0.001146436552517116
39802,2024,1,0.13583028316497803
39802,2024,2,0.1379949152469635
39802,2024,3,0.04132138565182686
39802,2024,4,0.08918672800064087
39811,2024,1,0.001860788557678461
39811,2024,2,0.0013026029337197542
39811,2024,3,0.0005513301584869623
39811,2024,4,0.001214158721268177
39815,2024,1,0.0029627210460603237
39815,2024,2,0.002179675502702594
39815,2024,3,0.0008571076905354857
39815,2024,4,0.0019262856803834438
39818,2024,1,0.002475680550560355
39818,2024,2,0.0017947081942111254
39818,2024,3,0.0007149032317101955
39818,2024,4,0.0016101440414786339
39898,2024,1,0.0019115961622446775
39898,2024,2,0.0013486712705343962
39898,2024,3,0.0005583510501310229
39898,2024,4,0.001244714017957449
39906,2024,1,0.003553475718945265
39906,2024,2,0.0026595427189022303
39906,2024,3,0.0010246167657896876
39906,2024,4,0.0023099782411009073
39911,2024,1,0.2757607698440552
39911,2024,2,0.2804422676563263
39911,2024,3,0.1131172776222229
39911,2024,4,0.19666200876235962
39913,2024,1,0.003494466654956341
39913,2024,2,0.0026076880749315023
39913,2024,3,0.0010127356508746743
39913,2024,4,0.0022756748367100954
39915,2024,1,0.004426108673214912
39915,2024,2,0.003381912363693118
39915,2024,3,0.0012692983727902174
39915,2024,4,0.0028732726350426674
39924,2024,1,0.0063463011756539345
39924,2024,2,0.005018169060349464
39924,2024,3,0.0018040859140455723
39924,2024,4,0.00411234563216567
39925,2024,1,0.22876930236816406
39925,2024,2,0.23351001739501953
39925,2024,3,0.08642158657312393
39925,2024,4,0.15983422100543976
39948,2024,1,0.13568946719169617
39948,2024,2,0.1378503441810608
39948,2024,3,0.041260965168476105
39948,2024,4,0.08908692002296448
39964,2024,1,0.1362314075231552
39964,2024,2,0.13840627670288086
39964,2024,3,0.04149755835533142
39964,2024,4,0.08949566632509232
39995,2024,1,0.006847667507827282
39995,2024,2,0.005506639368832111
39995,2024,3,0.0019117763731628656
39995,2024,4,0.004446757026016712
40010,2024,1,0.002341973129659891
40010,2024,2,0.0016849290113896132
40010,2024,3,0.000680848490446806
40010,2024,4,0.0015240074135363102
40015,2024,1,0.0018679755739867687
40015,2024,2,0.0013152232859283686
40015,2024,3,0.0005455801147036254
40015,2024,4,0.0012159073958173394
40036,2024,1,0.1361847221851349
40036,2024,2,0.13835561275482178
40036,2024,3,0.041475940495729446
40036,2024,4,0.0894518792629242
40045,2024,1,0.003004261525347829
40045,2024,2,0.0022185666020959616
40045,2024,3,0.0008668004884384573
40045,2024,4,0.0019547611009329557
40089,2024,1,0.0017427514540031552
40089,2024,2,0.0012183343060314655
40089,2024,3,0.0005103462608531117
40089,2024,4,0.001134925289079547
40134,2024,1,0.0014645890332758427
40134,2024,2,0.0010070442222058773
40134,2024,3,0.00043020499288104475
40134,2024,4,0.0009539818856865168
40138,2024,1,0.0015755959320813417
40138,2024,2,0.0010910172713920474
40138,2024,3,0.00046220445074141026
40138,2024,4,0.0010264406446367502
40141,2024,1,0.002484632655978203
40141,2024,2,0.001797165721654892
40141,2024,3,0.0007217825623229146
40141,2024,4,0.0016165326815098524
40144,2024,1,0.014075628481805325
40144,2024,2,0.011975173838436604
40144,2024,3,0.003929242491722107
40144,2024,4,0.009081684984266758
40167,2024,1,0.4883171319961548
40167,2024,2,0.49082180857658386
40167,2024,3,0.2570759654045105
40167,2024,4,0.37971243262290955
40169,2024,1,0.135934978723526
40169,2024,2,0.13810256123542786
40169,2024,3,0.04136763885617256
40169,2024,4,0.0892677903175354
40178,2024,1,0.0015120061580091715
40178,2024,2,0.001042514224536717
40178,2024,3,0.00044442154467105865
40178,2024,4,0.0009851307841017842
40179,2024,1,0.002621821593493223
40179,2024,2,0.0019039111211895943
40179,2024,3,0.0007635930669493973
40179,2024,4,0.0017077707452699542
40189,2024,1,0.002088265959173441
40189,2024,2,0.0014861044473946095
40189,2024,3,0.0006095030694268644
40189,2024,4,0.0013599006924778223
40199,2024,1,0.006141460034996271
40199,2024,2,0.004846304655075073
40199,2024,3,0.0017443477408960462
40199,2024,4,0.003984082490205765
40222,2024,1,0.13604670763015747
40222,2024,2,0.1382160782814026
40222,2024,3,0.041416238993406296
40222,2024,4,0.089352086186409
40231,2024,1,0.39270925521850586
40231,2024,2,0.39764535427093506
40231,2024,3,0.18696089088916779
40231,2024,4,0.29405951499938965
40277,2024,1,0.1358538120985031
40277,2024,2,0.13801942765712738
40277,2024,3,0.041331421583890915
40277,2024,4,0.08920241892337799
40284,2024,1,0.0018100128509104252
40284,2024,2,0.0012699408689513803
40284,2024,3,0.0005298774922266603
40284,2024,4,0.0011787856929004192
40285,2024,1,0.1354866325855255
40285,2024,2,0.13764500617980957
40285,2024,3,0.041172150522470474
40285,2024,4,0.0889308750629425
40292,2024,1,0.0027205606456846
40292,2024,2,0.0019857008010149
40292,2024,3,0.000787664670497179
40292,2024,4,0.0017686454812064767
40368,2024,1,0.0016371638048440218
40368,2024,2,0.0011376498732715845
40368,2024,3,0.00048055339721031487
40368,2024,4,0.0010667741298675537
40374,2024,1,0.003439538646489382
40374,2024,2,0.0025626076385378838
40374,2024,3,0.0009943770710378885
40374,2024,4,0.0022324505262076855
40393,2024,1,0.17295107245445251
40393,2024,2,0.17631970345973969
40393,2024,3,0.0582694336771965
40393,2024,4,0.11644744873046875
40418,2024,1,0.13579127192497253
40418,2024,2,0.13795557618141174
40418,2024,3,0.04130351543426514
40418,2024,4,0.08914881944656372
40430,2024,1,0.002323675202205777
40430,2024,2,0.0016702156281098723
40430,2024,3,0.000676351017318666
40430,2024,4,0.0015129565726965666
40437,2024,1,0.0016788463108241558
40437,2024,2,0.0011703958734869957
40437,2024,3,0.0004914357559755445
40437,2024,4,0.001093610073439777
40443,2024,1,0.13629092276096344
40443,2024,2,0.1384626030921936
40443,2024,3,0.041519783437252045
40443,2024,4,0.08950728178024292
40446,2024,1,0.13565370440483093
40446,2024,2,0.13781574368476868
40446,2024,3,0.04124392196536064
40446,2024,4,0.08905307948589325
40466,2024,1,0.011296220123767853
40466,2024,2,0.009423404932022095
40466,2024,3,0.0031634990591555834
40466,2024,4,0.007290006149560213
40468,2024,1,0.0023098820820450783
40468,2024,2,0.0016588910948485136
40468,2024,3,0.0006729912711307406
40468,2024,4,0.0015040409052744508
40478,2024,1,0.0020569053012877703
40478,2024,2,0.0014586325269192457
40478,2024,3,0.0006030328804627061
40478,2024,4,0.001340074697509408
40507,2024,1,0.0032686516642570496
40507,2024,2,0.0024271896108984947
40507,2024,3,0.0009444707538932562
40507,2024,4,0.0021256222389638424
40515,2024,1,0.13584184646606445
40515,2024,2,0.13801036775112152
40515,2024,3,0.04132816940546036
40515,2024,4,0.089209645986557
40546,2024,1,0.0018095211125910282
40546,2024,2,0.001269232016056776
40546,2024,3,0.0005300877382978797
40546,2024,4,0.0011786164250224829
40549,2024,1,0.24977850914001465
40549,2024,2,0.252597838640213
40549,2024,3,0.09880964457988739
40549,2024,4,0.1761726588010788
40568,2024,1,0.0020905460696667433
40568,2024,2,0.0014876984059810638
40568,2024,3,0.0006092857802286744
40568,2024,4,0.0013604039559140801
40579,2024,1,0.13544178009033203
40579,2024,2,0.13759902119636536
40579,2024,3,0.04115137830376625
40579,2024,4,0.08889097720384598
40609,2024,1,0.0016431862022727728
40609,2024,2,0.0011430011363700032
40609,2024,3,0.00048122560838237405
40609,2024,4,0.0010702667059376836
40659,2024,1,0.5523046851158142
40659,2024,2,0.5543650388717651
40659,2024,3,0.30750423669815063
40659,2024,4,0.4371078908443451
40670,2024,1,0.0019451180705800653
40670,2024,2,0.0013742060400545597
40670,2024,3,0.0005686453077942133
40670,2024,4,0.0012669115094467998
40676,2024,1,0.00267241639085114
40676,2024,2,0.0019459064351394773
40676,2024,3,0.000776233384385705
40676,2024,4,0.0017393475864082575
40683,2024,1,0.00214035133831203
40683,2024,2,0.0015259571373462677
40683,2024,3,0.0006246074917726219
40683,2024,4,0.0013940560165792704
40704,2024,1,0.19258937239646912
40704,2024,2,0.19609594345092773
40704,2024,3,0.06777340173721313
40704,2024,4,0.1313105821609497
40707,2024,1,0.13628427684307098
40707,2024,2,0.1384562849998474
40707,2024,3,0.04152018576860428
40707,2024,4,0.08952892571687698
40764,2024,1,0.13561539351940155
40764,2024,2,0.13777486979961395
40764,2024,3,0.04122702777385712
40764,2024,4,0.08902071416378021
40779,2024,1,0.3100813031196594
40779,2024,2,0.31456518173217773
40779,2024,3,0.13400879502296448
40779,2024,4,0.22485768795013428
40782,2024,1,0.004841855727136135
40782,2024,2,0.003726901253685355
40782,2024,3,0.0013897130265831947
40782,2024,4,0.003143896348774433
40791,2024,1,0.006222858093678951
40791,2024,2,0.004906192421913147
40791,2024,3,0.001774438889697194
40791,2024,4,0.0040351334027945995
40796,2024,1,0.002780217444524169
40796,2024,2,0.0020278848242014647
40796,2024,3,0.0008104303851723671
40796,2024,4,0.0018096351996064186
40804,2024,1,0.005674940068274736
40804,2024,2,0.004435070790350437
40804,2024,3,0.0016225483268499374
40804,2024,4,0.0036838077940046787
40841,2024,1,0.0028319968841969967
40841,2024,2,0.0020735361613333225
40841,2024,3,0.0008218822767958045
40841,2024,4,0.0018429444171488285
40864,2024,1,0.13439321517944336
40864,2024,2,0.13651283085346222
40864,2024,3,0.040697164833545685
40864,2024,4,0.08813605457544327
40876,2024,1,0.24933890998363495
40876,2024,2,0.2533978521823883
40876,2024,3,0.09818907082080841
40876,2024,4,0.1749178022146225
40901,2024,1,0.2090897560119629
40901,2024,2,0.2134086787700653
40901,2024,3,0.07615751028060913
40901,2024,4,0.14448656141757965
40904,2024,1,0.004831732250750065
40904,2024,2,0.003722150344401598
40904,2024,3,0.0013827490620315075
40904,2024,4,0.003135213628411293
40927,2024,1,0.13582614064216614
40927,2024,2,0.13798804581165314
40927,2024,3,0.04131952300667763
40927,2024,4,0.08917678892612457
40934,2024,1,0.004943004809319973
40934,2024,2,0.003815261647105217
40934,2024,3,0.001416174927726388
40934,2024,4,0.003210395108908415
40940,2024,1,0.13570986688137054
40940,2024,2,0.13787196576595306
40940,2024,3,0.041268009692430496
40940,2024,4,0.08909167349338531
40959,2024,1,0.0024587397929280996
40959,2024,2,0.0017769564874470234
40959,2024,3,0.000715203583240509
40959,2024,4,0.001601088559255004
40965,2024,1,0.004010445903986692
40965,2024,2,0.0030344414990395308
40965,2024,3,0.0011549592018127441
40965,2024,4,0.002606290625408292
41041,2024,1,0.001795327290892601
41041,2024,2,0.001258356962352991
41041,2024,3,0.0005260230973362923
41041,2024,4,0.0011697387089952826
41071,2024,1,0.13602204620838165
41071,2024,2,0.13819023966789246
41071,2024,3,0.04140535742044449
41071,2024,4,0.08933193981647491
41113,2024,1,0.13594385981559753
41113,2024,2,0.13811199367046356
41113,2024,3,0.04137168824672699
41113,2024,4,0.08927574753761292
41222,2024,1,0.011503316462039948
41222,2024,2,0.009596424177289009
41222,2024,3,0.003235684707760811
41222,2024,4,0.007434415630996227
41225,2024,1,0.0026685884222388268
41225,2024,2,0.0019405813654884696
41225,2024,3,0.000775192747823894
41225,2024,4,0.001733749289996922
41258,2024,1,0.0014921167166903615
41258,2024,2,0.001027792925015092
41258,2024,3,0.0004385526990517974
41258,2024,4,0.0009724083938635886
41265,2024,1,0.0025152137968689203
41265,2024,2,0.0018202560022473335
41265,2024,3,0.0007323271129280329
41265,2024,4,0.0016374102560803294
41266,2024,1,0.009444380179047585
41266,2024,2,0.007727598771452904
41266,2024,3,0.002679381752386689
41266,2024,4,0.006118569988757372
41268,2024,1,0.2975742518901825
41268,2024,2,0.3015683591365814
41268,2024,3,0.1265159398317337
41268,2024,4,0.2142529934644699
41274,2024,1,0.00219052005559206
41274,2024,2,0.0015661211218684912
41274,2024,3,0.0006380353588610888
41274,2024,4,0.00142630934715271
41316,2024,1,0.13526982069015503
41316,2024,2,0.1374242901802063
41316,2024,3,0.041076671332120895
41316,2024,4,0.0887620747089386
41332,2024,1,0.00535123236477375
41332,2024,2,0.0041597746312618256
41332,2024,3,0.0015174364671111107
41332,2024,4,0.0034462492913007736
41336,2024,1,0.002127834828570485
41336,2024,2,0.0015153035055845976
41336,2024,3,0.0006211904110386968
41336,2024,4,0.0013854840071871877
41362,2024,1,0.13633228838443756
41362,2024,2,0.13850662112236023
41362,2024,3,0.04153956100344658
41362,2024,4,0.08955959230661392
41391,2024,1,0.13582059741020203
41391,2024,2,0.1379847377538681
41391,2024,3,0.041317276656627655
41391,2024,4,0.0891798809170723
41415,2024,1,0.2856183648109436
41415,2024,2,0.289340615272522
41415,2024,3,0.11918402463197708
41415,2024,4,0.2042846381664276
41431,2024,1,0.004027531016618013
41431,2024,2,0.003047655103728175
41431,2024,3,0.001156557584181428
41431,2024,4,0.0026133148930966854
41434,2024,1,0.13602063059806824
41434,2024,2,0.1381908357143402
41434,2024,3,0.04140477254986763
41434,2024,4,0.08933265507221222
41464,2024,1,0.1357431858778
41464,2024,2,0.13790568709373474
41464,2024,3,0.041282832622528076
41464,2024,4,0.08912082761526108
41481,2024,1,0.005435270722955465
41481,2024,2,0.004229890648275614
41481,2024,3,0.0015547494404017925
41481,2024,4,0.003527809865772724
41485,2024,1,0.13562937080860138
41485,2024,2,0.13779151439666748
41485,2024,3,0.041232675313949585
41485,2024,4,0.08903080224990845
41501,2024,1,0.135819673538208
41501,2024,2,0.13798445463180542
41501,2024,3,0.04131673648953438
41501,2024,4,0.08917774260044098
41524,2024,1,0.0021240683272480965
41524,2024,2,0.0015134246787056327
41524,2024,3,0.0006195676396600902
41524,2024,4,0.0013826144859194756
41555,2024,1,0.002860599895939231
41555,2024,2,0.0020932359620928764
41555,2024,3,0.0008323309011757374
41555,2024,4,0.001860358170233667
41600,2024,1,0.3556344509124756
41600,2024,2,0.36087870597839355
41600,2024,3,0.16241271793842316
41600,2024,4,0.26276999711990356
41614,2024,1,0.13593783974647522
41614,2024,2,0.13810637593269348
41614,2024,3,0.0413687638938427
41614,2024,4,0.08927095681428909
41722,2024,1,0.5961673259735107
41722,2024,2,0.5968016982078552
41722,2024,3,0.3458770513534546
41722,2024,4,0.4767826795578003
41828,2024,1,0.13600361347198486
41828,2024,2,0.1381720006465912
41828,2024,3,0.04139726608991623
41828,2024,4,0.08931802213191986
41870,2024,1,0.1362471580505371
41870,2024,2,0.1384204924106598
41870,2024,3,0.0415031835436821
41870,2024,4,0.08950051665306091
41887,2024,1,0.004783192649483681
41887,2024,2,0.0036808194126933813
41887,2024,3,0.0013707601465284824
41887,2024,4,0.0031055742874741554
41898,2024,1,0.13611489534378052
41898,2024,2,0.1382848620414734
41898,2024,3,0.041446343064308167
41898,2024,4,0.08940472453832626
41933,2024,1,0.003487895242869854
41933,2024,2,0.0026055462658405304
41933,2024,3,0.001006802311167121
41933,2024,4,0.002265644259750843
42056,2024,1,0.13550466299057007
42056,2024,2,0.1376626044511795
42056,2024,3,0.04117850214242935
42056,2024,4,0.08893716335296631
42077,2024,1,0.1359579861164093
42077,2024,2,0.13812440633773804
42077,2024,3,0.04137679561972618
42077,2024,4,0.08927975594997406
42091,2024,1,0.26797008514404297
42091,2024,2,0.27172189950942993
42091,2024,3,0.10884294658899307
42091,2024,4,0.1905202567577362
42128,2024,1,0.13567185401916504
42128,2024,2,0.13783369958400726
42128,2024,3,0.04125157371163368
42128,2024,4,0.08906415849924088
42154,2024,1,0.0021398402750492096
42154,2024,2,0.0015255125472322106
42154,2024,3,0.000624204461928457
42154,2024,4,0.0013929941924288869
42175,2024,1,0.1359941065311432
42175,2024,2,0.13816377520561218
42175,2024,3,0.04139260947704315
42175,2024,4,0.08930996805429459
42235,2024,1,0.1360655128955841
42235,2024,2,0.13823579251766205
42235,2024,3,0.041423898190259933
42235,2024,4,0.08936436474323273
42242,2024,1,0.0039932094514369965
42242,2024,2,0.003019792027771473
42242,2024,3,0.0011500697582960129
42242,2024,4,0.00259510800242424
42282,2024,1,0.13592712581157684
42282,2024,2,0.1380952000617981
42282,2024,3,0.04136419668793678
42282,2024,4,0.0892622172832489
42329,2024,1,0.1359795778989792
42329,2024,2,0.13814759254455566
42329,2024,3,0.041386790573596954
42329,2024,4,0.08930162340402603
42332,2024,1,0.1359732747077942
42332,2024,2,0.13814112544059753
42332,2024,3,0.041383352130651474
42332,2024,4,0.08929453790187836
42335,2024,1,0.13557222485542297
42335,2024,2,0.13773196935653687
42335,2024,3,0.04120875149965286
42335,2024,4,0.08899232745170593
42394,2024,1,0.1366775631904602
42394,2024,2,0.13883647322654724
42394,2024,3,0.04168971627950668
42394,2024,4,0.08978017419576645
42402,2024,1,0.13590802252292633
42402,2024,2,0.13807430863380432
42402,2024,3,0.041355665773153305
42402,2024,4,0.08924643695354462
42436,2024,1,0.13577692210674286
42436,2024,2,0.1379401981830597
42436,2024,3,0.041297558695077896
42436,2024,4,0.08914360404014587
42440,2024,1,0.13545775413513184
42440,2024,2,0.13761460781097412
42440,2024,3,0.04115789383649826
42440,2024,4,0.08889804780483246
42446,2024,1,0.13572902977466583
42446,2024,2,0.1378927230834961
42446,2024,3,0.04127727076411247
42446,2024,4,0.08911102265119553
42449,2024,1,0.13597846031188965
42449,2024,2,0.13814593851566315
42449,2024,3,0.04138527065515518
42449,2024,4,0.08929295837879181
42469,2024,1,0.13610485196113586
42469,2024,2,0.13827499747276306
42469,2024,3,0.041441306471824646
42469,2024,4,0.08939288556575775
42489,2024,1,0.13313128054141998
42489,2024,2,0.1352771371603012
42489,2024,3,0.040155671536922455
42489,2024,4,0.08725003898143768
42493,2024,1,0.13603055477142334
42493,2024,2,0.13819833099842072
42493,2024,3,0.041408732533454895
42493,2024,4,0.08933594077825546
42532,2024,1,0.13549230992794037
42532,2024,2,0.1376512050628662
42532,2024,3,0.04117397964000702
42532,2024,4,0.08893242478370667
42623,2024,1,0.1359245777130127
42623,2024,2,0.1380895972251892
42623,2024,3,0.041362322866916656
42623,2024,4,0.08925566077232361
42634,2024,1,0.13565602898597717
42634,2024,2,0.13781872391700745
42634,2024,3,0.04124528914690018
42634,2024,4,0.08905670791864395
42642,2024,1,0.13572381436824799
42642,2024,2,0.137886643409729
42642,2024,3,0.04127444699406624
42642,2024,4,0.08910363912582397
42737,2024,1,0.13612516224384308
42737,2024,2,0.13829609751701355
42737,2024,3,0.04145091027021408
42737,2024,4,0.08941350877285004
42836,2024,1,0.13546627759933472
42836,2024,2,0.13762442767620087
42836,2024,3,0.04116199165582657
42836,2024,4,0.08891032636165619
42944,2024,1,0.13565877079963684
42944,2024,2,0.13781990110874176
42944,2024,3,0.041245587170124054
42944,2024,4,0.08905146270990372
51038,2024,1,0.0017903229454532266
51038,2024,2,0.0012556612491607666
51038,2024,3,0.0005228423979133368
51038,2024,4,0.0011650301748886704
