SWITCH_ID,YEAR,PRED_FULL
0,2024,0.005534113850444555
58,2024,0.4036020040512085
76,2024,0.9783321619033813
82,2024,0.01024102233350277
104,2024,0.002697768621146679
105,2024,0.40063580870628357
106,2024,0.005570592824369669
110,2024,0.0057722292840480804
116,2024,0.004168505314737558
173,2024,0.0020171247888356447
250,2024,0.6985769271850586
251,2024,0.010493749752640724
274,2024,0.8891056180000305
275,2024,0.008984115906059742
278,2024,0.8203510046005249
288,2024,0.5727387070655823
336,2024,0.009955805726349354
344,2024,0.007920268923044205
349,2024,0.7538293600082397
352,2024,0.49186116456985474
354,2024,0.006153866648674011
371,2024,0.40362441539764404
402,2024,0.4063933193683624
409,2024,0.55535489320755
431,2024,0.014319602400064468
453,2024,0.03725932911038399
454,2024,0.008863257244229317
460,2024,0.9195690155029297
472,2024,0.009980915114283562
494,2024,0.00875120796263218
529,2024,0.004322406370192766
559,2024,0.74068284034729
561,2024,0.01329044159501791
572,2024,0.0032689766958355904
610,2024,0.006346235051751137
613,2024,0.40479427576065063
648,2024,0.39535942673683167
650,2024,0.0053411670960485935
686,2024,0.003427594667300582
687,2024,0.005752908531576395
697,2024,0.005253683775663376
701,2024,0.009127754718065262
719,2024,0.40387097001075745
722,2024,0.012547546997666359
739,2024,0.008011904545128345
756,2024,0.0038470502477139235
764,2024,0.0034182267263531685
795,2024,0.7259829044342041
803,2024,0.5424121618270874
813,2024,0.0056830220855772495
826,2024,0.0227863360196352
835,2024,0.004771827254444361
848,2024,0.560870349407196
856,2024,0.40602004528045654
954,2024,0.44824501872062683
956,2024,0.48081323504447937
1002,2024,0.007046189624816179
1013,2024,0.021019689738750458
1046,2024,0.008762545883655548
1049,2024,0.012466979213058949
1090,2024,0.8031926155090332
1301,2024,0.007184460759162903
1302,2024,0.006238831207156181
1303,2024,1.0387043952941895
1305,2024,1.0448508262634277
1308,2024,0.0037861636374145746
1309,2024,0.009952492080628872
1311,2024,0.7462000250816345
1312,2024,0.8599239587783813
1321,2024,0.004834488499909639
1324,2024,1.1744215488433838
1328,2024,0.003851039335131645
1329,2024,0.005140541587024927
1331,2024,0.9409202933311462
1332,2024,0.8973079919815063
1334,2024,0.7687484622001648
1340,2024,0.46652233600616455
1347,2024,0.40417733788490295
1453,2024,0.008597822859883308
1502,2024,0.9740867614746094
1508,2024,0.012445241212844849
1509,2024,0.6256069540977478
1515,2024,0.004247206263244152
1517,2024,1.1261898279190063
1519,2024,0.003447344759479165
1521,2024,0.0043769096955657005
1522,2024,0.005670745857059956
1523,2024,0.004302520304918289
1529,2024,0.00870527233928442
1531,2024,1.0637718439102173
1532,2024,0.004103472921997309
1534,2024,0.7456724047660828
1538,2024,0.006692402996122837
1774,2024,0.011849017813801765
2015,2024,0.004914792720228434
2022,2024,0.005473315715789795
2052,2024,0.008235507644712925
2054,2024,0.004389907233417034
2065,2024,0.002697581425309181
2074,2024,0.4045698344707489
2076,2024,0.012822176329791546
2090,2024,0.004280271008610725
2091,2024,0.00842735730111599
2108,2024,1.4425729513168335
2110,2024,0.40431076288223267
2161,2024,0.40575918555259705
2170,2024,0.0048057748936116695
2176,2024,0.9949579834938049
2177,2024,0.6230287551879883
2178,2024,0.006438335403800011
2180,2024,0.003484556684270501
2190,2024,0.4033018946647644
2223,2024,0.002792323473840952
2227,2024,0.010725227184593678
2241,2024,0.006033806130290031
2265,2024,0.005232449620962143
2286,2024,0.007432638667523861
2303,2024,0.4049244821071625
2306,2024,0.004685515537858009
2308,2024,0.004850276745855808
2309,2024,0.009381727315485477
2343,2024,0.8564757704734802
2354,2024,0.00369669939391315
2361,2024,0.013707844540476799
2362,2024,0.02379523776471615
2384,2024,0.015187526121735573
2391,2024,0.4047325551509857
2403,2024,0.7189688086509705
2411,2024,0.004089738242328167
2423,2024,0.004217174835503101
2428,2024,0.0074763912707567215
2431,2024,0.005887187551707029
2446,2024,0.5767602920532227
2456,2024,0.002564261667430401
2470,2024,0.004425870254635811
2481,2024,0.006285311188548803
2507,2024,0.6406060457229614
2508,2024,0.010392611846327782
2511,2024,0.004177726339548826
2518,2024,0.004017024766653776
2522,2024,0.00614131148904562
2524,2024,0.0031118879560381174
2562,2024,0.420663982629776
2587,2024,0.40587836503982544
2588,2024,0.004689751658588648
2590,2024,0.01735677570104599
2598,2024,0.00652723154053092
2610,2024,0.4033879041671753
2622,2024,0.007479521445930004
2628,2024,0.5407484173774719
2637,2024,0.0037071353290230036
2643,2024,0.5023085474967957
2653,2024,1.5538901090621948
2654,2024,0.4056830108165741
2656,2024,0.002510103862732649
2661,2024,0.009256859309971333
2670,2024,0.004870519042015076
2679,2024,0.00974989216774702
2683,2024,0.005986413918435574
2685,2024,0.009216459468007088
2689,2024,0.41785651445388794
2691,2024,0.5988315343856812
2694,2024,0.006644021719694138
2695,2024,0.40319952368736267
2700,2024,0.007103960495442152
2729,2024,0.0038857734762132168
2751,2024,0.40476176142692566
2757,2024,0.006776557303965092
2767,2024,0.010647762566804886
2784,2024,0.0031773094087839127
2798,2024,1.246396780014038
2803,2024,0.015032161958515644
2808,2024,0.009761855937540531
2812,2024,0.007245267275720835
2815,2024,0.003216751851141453
2816,2024,0.0052648684941232204
2827,2024,0.40418705344200134
2832,2024,0.40402472019195557
2839,2024,0.7344457507133484
2849,2024,0.011727503500878811
2859,2024,0.49024567008018494
2867,2024,0.006243100389838219
2874,2024,0.009538793005049229
2888,2024,0.006017531268298626
2897,2024,1.1534112691879272
2905,2024,0.005946233868598938
2906,2024,0.0031440621241927147
2914,2024,0.005849204026162624
2915,2024,0.0027677202597260475
2918,2024,0.4875278174877167
2919,2024,0.01058291643857956
2921,2024,0.0036451651249080896
2922,2024,0.542011022567749
2927,2024,0.6528381109237671
2940,2024,0.5963653326034546
2944,2024,0.004180462099611759
2951,2024,0.004681962542235851
2960,2024,0.011129384860396385
2961,2024,0.004263828042894602
2963,2024,0.7412745356559753
2965,2024,0.009472916834056377
2967,2024,0.7164425253868103
2969,2024,0.4478764533996582
2976,2024,0.007740291301161051
2978,2024,0.005364075303077698
2984,2024,0.5582089424133301
2995,2024,1.4655382633209229
2996,2024,0.40457266569137573
3104,2024,0.00879188533872366
3106,2024,0.4854167699813843
3108,2024,0.003493668744340539
3114,2024,0.40487363934516907
3116,2024,0.5250881910324097
3117,2024,0.4657742977142334
3119,2024,0.013677605427801609
3124,2024,0.9535539150238037
3126,2024,0.005060425493866205
3128,2024,0.9527182579040527
3131,2024,0.012118296697735786
3132,2024,1.0571506023406982
3135,2024,0.0027467089239507914
3136,2024,0.017388397827744484
3138,2024,1.2857389450073242
3141,2024,0.525980532169342
3143,2024,0.004064788110554218
3144,2024,1.2656804323196411
3608,2024,0.4624822437763214
3614,2024,0.5371666550636292
3620,2024,0.008872898295521736
3621,2024,0.009378468617796898
3634,2024,0.403629332780838
3635,2024,0.004782082512974739
3645,2024,0.5740677714347839
3702,2024,0.4042742848396301
3703,2024,0.40310099720954895
3704,2024,0.4039391577243805
3707,2024,0.8763707280158997
3710,2024,0.5650497674942017
3711,2024,0.005069145001471043
3713,2024,0.4041387438774109
3731,2024,0.4038163125514984
3735,2024,0.5990533828735352
3812,2024,0.016849786043167114
4029,2024,0.7454056739807129
4036,2024,0.4068223834037781
4049,2024,0.0148173151537776
4077,2024,0.006643163971602917
4086,2024,0.010140370577573776
4100,2024,0.007082697004079819
4119,2024,0.476763516664505
4123,2024,0.0056882030330598354
4124,2024,0.010039162822067738
4128,2024,0.004005467984825373
4131,2024,0.4047793745994568
4143,2024,0.005088742356747389
4148,2024,0.0019394191913306713
4164,2024,0.0073618474416434765
4187,2024,0.7412354946136475
4189,2024,0.004152465611696243
4198,2024,0.0059924316592514515
4214,2024,0.005351404193788767
4218,2024,0.01803773082792759
4222,2024,0.40474045276641846
4252,2024,0.7272834777832031
4274,2024,0.006919444538652897
4283,2024,0.002838123356923461
4314,2024,0.42790690064430237
4317,2024,0.6483110189437866
4363,2024,0.5962418913841248
4365,2024,0.47186726331710815
4371,2024,0.005404287483543158
4373,2024,0.4030677080154419
4380,2024,0.4046080708503723
4418,2024,0.40598928928375244
4427,2024,0.004347494337707758
4431,2024,0.004134820308536291
4437,2024,0.004603975918143988
4441,2024,0.40431466698646545
4442,2024,0.008501585572957993
4445,2024,0.004971472546458244
4449,2024,1.0367716550827026
4454,2024,0.00745260389521718
4457,2024,0.007832713425159454
4459,2024,0.8555411696434021
4461,2024,0.012486660853028297
4484,2024,0.006129047833383083
4485,2024,0.008871708065271378
4500,2024,0.009217443875968456
4509,2024,0.4054986536502838
4517,2024,0.01787673868238926
4520,2024,0.8769192695617676
4524,2024,0.006183925084769726
4549,2024,0.7535053491592407
4551,2024,0.5574945211410522
4566,2024,0.4481620192527771
4580,2024,0.41580313444137573
4591,2024,0.008694016374647617
4592,2024,0.02493700571358204
4594,2024,0.00697448942810297
4606,2024,1.3841338157653809
4627,2024,0.0064570121467113495
4628,2024,0.00600110599771142
4633,2024,0.40309759974479675
4636,2024,0.5744776129722595
4643,2024,0.4052128791809082
4644,2024,0.0059120263904333115
4658,2024,0.004756281618028879
4683,2024,0.4320873022079468
4692,2024,0.0040292018093168736
4694,2024,0.010001389309763908
4701,2024,0.006142393685877323
4702,2024,0.4053872525691986
4708,2024,0.40334856510162354
4722,2024,0.4849851429462433
4745,2024,1.3420097827911377
4757,2024,0.4040244519710541
4777,2024,0.007593149319291115
4792,2024,0.0055709900334477425
4796,2024,0.010278400965034962
4800,2024,0.8160607814788818
4806,2024,0.4042527675628662
4809,2024,1.3154217004776
4814,2024,0.006661520339548588
4817,2024,0.004806602839380503
4823,2024,0.404344767332077
4838,2024,0.005339060910046101
4846,2024,0.0053351991809904575
4858,2024,0.007804829627275467
4863,2024,0.5507769584655762
4869,2024,0.4031734764575958
4884,2024,1.0622398853302002
4889,2024,1.0048242807388306
4890,2024,0.009538550861179829
4892,2024,0.4036475121974945
4895,2024,0.4865889549255371
4896,2024,0.0021665594540536404
4913,2024,0.016586050391197205
4914,2024,0.8304212093353271
4915,2024,0.005439321510493755
4916,2024,0.0043610259890556335
4920,2024,0.002431345172226429
4921,2024,0.7958704829216003
4925,2024,0.010138388723134995
4934,2024,0.0068521648645401
4947,2024,0.005119905807077885
4953,2024,0.4045464098453522
4971,2024,0.4243052005767822
4974,2024,0.6222779750823975
4976,2024,0.004532952792942524
4983,2024,0.9721282720565796
4992,2024,0.5563926696777344
4994,2024,0.0020149960182607174
4996,2024,0.40538138151168823
5019,2024,0.004793223924934864
5020,2024,0.0048604924231767654
5021,2024,0.007238509599119425
5023,2024,0.006826360244303942
5024,2024,0.40242254734039307
5033,2024,0.403884619474411
5034,2024,0.003396169049665332
5042,2024,1.121603012084961
5043,2024,0.006367791444063187
5048,2024,0.006078612990677357
5055,2024,0.4055207669734955
5057,2024,0.0047561777755618095
5061,2024,0.007209154777228832
5068,2024,0.005375055130571127
5071,2024,0.6860339641571045
5084,2024,0.4039744734764099
5088,2024,0.8146136999130249
5090,2024,0.006525225471705198
5093,2024,0.0022985776886343956
5102,2024,0.9333915710449219
5107,2024,0.7688232660293579
5115,2024,0.6194581389427185
5116,2024,0.003733105259016156
5133,2024,0.003119533648714423
5136,2024,0.003947580698877573
5142,2024,0.4054718315601349
5148,2024,0.006155307404696941
5161,2024,0.005003519356250763
5167,2024,0.40407127141952515
5170,2024,0.7075120806694031
5192,2024,0.011234276928007603
5195,2024,0.003373534884303808
5214,2024,0.004972811788320541
5218,2024,1.4636250734329224
5224,2024,0.008925264701247215
5247,2024,0.003640128532424569
5248,2024,0.005350444465875626
5251,2024,0.40389347076416016
5272,2024,0.004776364658027887
5282,2024,0.005313350819051266
5293,2024,0.0053747473284602165
5296,2024,0.4042568802833557
5301,2024,0.009243571199476719
5306,2024,0.0052793375216424465
5320,2024,0.002278969855979085
5321,2024,0.00474275927990675
5324,2024,0.6322576999664307
5335,2024,0.008664756081998348
5362,2024,0.008044271729886532
5376,2024,0.010582013987004757
5384,2024,0.008901636116206646
5395,2024,0.006449413485825062
5397,2024,0.004491861443966627
5402,2024,0.008910676464438438
5405,2024,0.003949988167732954
5409,2024,0.003900288138538599
5418,2024,0.007643524557352066
5425,2024,0.00637346925213933
5427,2024,0.020637892186641693
5435,2024,0.006525790318846703
5457,2024,0.6008477807044983
5462,2024,0.005154045298695564
5466,2024,0.011471481993794441
5467,2024,0.004313446581363678
5483,2024,0.4028259217739105
5488,2024,0.006537791807204485
5498,2024,0.006998445373028517
5502,2024,0.00395203148946166
5509,2024,0.00643821619451046
5510,2024,0.7148265838623047
5512,2024,0.5347604155540466
5514,2024,0.004583436064422131
5519,2024,0.008030022494494915
5537,2024,0.514822244644165
5545,2024,0.5358151793479919
5547,2024,0.4385332763195038
5564,2024,0.8574047088623047
5574,2024,0.004750547464936972
5582,2024,0.008739019744098186
5585,2024,1.1464039087295532
5606,2024,0.004837443586438894
5607,2024,0.009838327765464783
5622,2024,0.019687222316861153
5625,2024,0.005520203150808811
5649,2024,0.005808448884636164
5659,2024,0.004412105772644281
5662,2024,0.004963581450283527
5672,2024,0.5472968816757202
5680,2024,0.0071790036745369434
5698,2024,0.005189342424273491
5700,2024,0.0063278027810156345
5702,2024,0.009857958182692528
5704,2024,0.9192716479301453
5792,2024,0.004032529890537262
5802,2024,0.0027244440279901028
5811,2024,0.4036574065685272
5816,2024,0.003473686520010233
5817,2024,0.40499863028526306
5818,2024,0.0036163392942398787
5823,2024,0.9941193461418152
5843,2024,0.005802743136882782
5849,2024,0.7543334364891052
5850,2024,0.010647169314324856
5855,2024,0.005590249318629503
5856,2024,0.6720637679100037
5862,2024,0.8862990140914917
5863,2024,0.0031190221197903156
5873,2024,0.5833229422569275
5887,2024,0.004106496926397085
5898,2024,0.015418118797242641
5911,2024,0.014896374195814133
5912,2024,0.40361788868904114
5924,2024,0.40516024827957153
5933,2024,0.00518912635743618
5939,2024,0.4018271863460541
5952,2024,0.002265750663354993
5956,2024,0.40407222509384155
5965,2024,0.004727373830974102
5966,2024,0.9035194516181946
5971,2024,0.004368479363620281
5978,2024,0.009485743008553982
5992,2024,0.005560395307838917
6065,2024,0.006881402805447578
6076,2024,0.43029430508613586
6078,2024,0.4047357141971588
6086,2024,0.006155774928629398
6089,2024,0.005533427931368351
6110,2024,0.005585802253335714
6129,2024,0.005626985337585211
6143,2024,0.005652280990034342
6145,2024,0.004871111363172531
6151,2024,0.6099169850349426
6163,2024,0.402667760848999
6175,2024,0.007023530546575785
6178,2024,0.0056682489812374115
6179,2024,0.6411120295524597
6187,2024,0.004018575418740511
6198,2024,0.6560966372489929
6201,2024,0.4054759740829468
6203,2024,0.40581682324409485
6205,2024,0.5700178742408752
6224,2024,0.00881185196340084
6225,2024,0.008982977829873562
6232,2024,0.0090450095012784
6235,2024,0.008772649802267551
6246,2024,0.40597665309906006
6262,2024,0.539131760597229
6288,2024,0.009386551566421986
6290,2024,0.002857568673789501
6303,2024,0.510562539100647
6305,2024,0.505793571472168
6323,2024,0.9343580007553101
6345,2024,0.4029923379421234
6347,2024,0.005158574320375919
6350,2024,0.014021032489836216
6353,2024,0.6732361912727356
6359,2024,1.9763987064361572
6362,2024,0.003853804897516966
6370,2024,0.40499988198280334
6374,2024,0.010327093303203583
6386,2024,0.005587157793343067
6390,2024,0.4043830633163452
6404,2024,0.004802049603313208
6412,2024,0.016703929752111435
6416,2024,0.022291792556643486
6417,2024,0.6617595553398132
6422,2024,0.00398901617154479
6427,2024,0.006826574448496103
6431,2024,0.03586360439658165
6440,2024,0.018798794597387314
6454,2024,0.0050323414616286755
6463,2024,0.865204930305481
6467,2024,0.0047912197187542915
6470,2024,0.8244626522064209
6475,2024,0.005301252938807011
6476,2024,0.01351709570735693
6499,2024,0.012883017770946026
6515,2024,0.6217555403709412
6520,2024,0.00662069721147418
6530,2024,0.8576791286468506
6531,2024,0.6818439364433289
6537,2024,0.48282164335250854
6549,2024,0.010042269714176655
6571,2024,0.01221810095012188
6572,2024,1.3603291511535645
6573,2024,0.004299166612327099
6579,2024,0.004968010820448399
6583,2024,0.00497198523953557
6593,2024,0.010173268616199493
6601,2024,0.010946949012577534
6607,2024,0.004866017960011959
6610,2024,0.48850420117378235
6619,2024,0.5131857991218567
6626,2024,0.007378445006906986
6633,2024,0.006295059807598591
6649,2024,0.004782976116985083
6666,2024,0.013073185458779335
6668,2024,0.027941759675741196
6678,2024,0.4036506414413452
6683,2024,0.004823685623705387
6692,2024,0.524286150932312
6699,2024,0.010521938093006611
6701,2024,0.0073236627504229546
6703,2024,0.0050359731540083885
6717,2024,0.0032821784261614084
6719,2024,0.011183450929820538
6729,2024,0.7320054173469543
6736,2024,0.008084839209914207
6745,2024,0.004657049663364887
6753,2024,0.4984586536884308
6759,2024,0.010623641312122345
6761,2024,0.01048437412828207
6763,2024,0.0062886737287044525
6765,2024,0.007009676657617092
6774,2024,0.010935443453490734
6779,2024,0.005504928529262543
6786,2024,0.7114208936691284
6796,2024,0.004463395569473505
6797,2024,1.157897710800171
6805,2024,0.013363556005060673
6807,2024,0.40583276748657227
6813,2024,0.005143673159182072
6815,2024,0.008974935859441757
6821,2024,0.00794397946447134
6824,2024,0.007681775372475386
6833,2024,0.017992107197642326
6842,2024,0.007851926609873772
6851,2024,0.7195179462432861
6862,2024,0.001125308801420033
6873,2024,0.003335779532790184
6899,2024,0.41153383255004883
6907,2024,0.004798766691237688
6917,2024,0.002257825108245015
6920,2024,0.021383052691817284
6925,2024,0.003094519954174757
6931,2024,0.009130867198109627
6935,2024,0.01112388912588358
6937,2024,0.0015632550930604339
6941,2024,0.006880846805870533
6944,2024,0.007822386920452118
6947,2024,0.00789105985313654
6953,2024,0.00936292577534914
6955,2024,0.004686215426772833
6958,2024,0.001668551703915
6960,2024,0.006514988839626312
6968,2024,0.005465077236294746
6969,2024,0.004042855463922024
6978,2024,0.7053321003913879
6987,2024,0.003008527448400855
6990,2024,0.012894324958324432
6993,2024,0.006763072684407234
6996,2024,0.011359037831425667
7016,2024,0.009633329696953297
7025,2024,0.005517446901649237
7034,2024,0.006239583715796471
7037,2024,0.007521322462707758
7039,2024,1.3718243837356567
7040,2024,0.8171678185462952
7051,2024,0.006926534231752157
7059,2024,0.8751310706138611
7069,2024,0.0064154695719480515
7088,2024,0.6047057509422302
7089,2024,0.008945747278630733
7105,2024,0.49728477001190186
7117,2024,0.010397577658295631
7118,2024,0.008264205418527126
7123,2024,0.002406266750767827
7132,2024,0.00631462037563324
7133,2024,0.009870278649032116
7142,2024,0.007946525700390339
7152,2024,0.45535439252853394
7156,2024,0.40322694182395935
7169,2024,0.009943654760718346
7178,2024,0.0047639403492212296
7179,2024,0.005943658296018839
7189,2024,0.005635161884129047
7194,2024,0.4051564633846283
7196,2024,0.7693520188331604
7199,2024,0.005097405053675175
7200,2024,0.005019508767873049
7219,2024,0.5863041877746582
7222,2024,0.007277460768818855
7246,2024,1.0419105291366577
7254,2024,0.005755673162639141
7289,2024,0.7168617248535156
7296,2024,1.3638815879821777
7297,2024,1.1757662296295166
7329,2024,0.869408905506134
7336,2024,0.002214272739365697
7341,2024,0.004186001606285572
7346,2024,0.02011071890592575
7352,2024,0.011542304418981075
7353,2024,0.006610991433262825
7356,2024,0.4097393751144409
7362,2024,0.0024175760336220264
7364,2024,0.005334506742656231
7382,2024,0.00770645821467042
7387,2024,0.0033469400368630886
7394,2024,0.00547003885731101
7410,2024,0.46788036823272705
7431,2024,0.004688858520239592
7438,2024,0.40384647250175476
7455,2024,0.8080787658691406
7463,2024,0.7076970934867859
7466,2024,0.010925610549747944
7468,2024,0.40402382612228394
7474,2024,0.40569227933883667
7479,2024,0.46942138671875
7489,2024,0.009874370880424976
7493,2024,0.4059196710586548
7497,2024,0.0064606256783008575
7505,2024,0.004981214180588722
7507,2024,0.0061346013098955154
7518,2024,0.008901583030819893
7521,2024,0.005313003435730934
7533,2024,0.40458256006240845
7535,2024,0.40511202812194824
7541,2024,0.004834063816815615
7542,2024,0.49752169847488403
7556,2024,0.004125686828047037
7586,2024,0.00569953816011548
7593,2024,0.01949365809559822
7596,2024,0.00630775885656476
7605,2024,0.005128687247633934
7611,2024,0.0048179347068071365
7615,2024,0.5817279815673828
7631,2024,0.4873450696468353
7636,2024,0.0064090765081346035
7637,2024,0.4028722047805786
7639,2024,0.004805374424904585
7644,2024,0.008936580270528793
7647,2024,0.010168753564357758
7648,2024,0.003917504567652941
7656,2024,0.012527930550277233
7662,2024,0.00454480666667223
7665,2024,0.00913229025900364
7668,2024,0.006151263136416674
7673,2024,0.008191200904548168
7676,2024,0.49246746301651
7688,2024,0.5170004367828369
7691,2024,0.4688057005405426
7693,2024,0.007553668227046728
7694,2024,0.4109921455383301
7695,2024,0.024228496477007866
7704,2024,0.005245590582489967
7724,2024,0.009011620655655861
7725,2024,0.0015733122127130628
7729,2024,0.4046432673931122
7731,2024,0.007956573739647865
7740,2024,0.013490870594978333
7746,2024,0.838844895362854
7757,2024,0.4641597270965576
7760,2024,0.42869752645492554
7765,2024,0.010859765112400055
7784,2024,0.0073442962020635605
7788,2024,0.004166435915976763
7789,2024,0.6400514841079712
7806,2024,0.005258361808955669
7809,2024,0.009760679677128792
7821,2024,0.8742104172706604
7824,2024,0.005975320003926754
7828,2024,0.5154069662094116
7830,2024,0.004429149907082319
7832,2024,1.4052820205688477
7841,2024,0.004948901478201151
7848,2024,0.007018145639449358
7856,2024,0.0068336413241922855
7861,2024,0.40440869331359863
7879,2024,0.007246583700180054
7881,2024,0.0052115414291620255
7887,2024,0.012009364552795887
7897,2024,0.007204286754131317
7901,2024,0.0019066424574702978
7902,2024,1.0826479196548462
7903,2024,0.0061714379116892815
7913,2024,0.4034799337387085
7930,2024,0.40729737281799316
7931,2024,0.0025191749446094036
7938,2024,0.004189671017229557
7945,2024,0.00476038409397006
7962,2024,0.006647813133895397
7981,2024,0.7355091571807861
7992,2024,0.4647538363933563
7998,2024,0.5737504959106445
8705,2024,0.006457108072936535
9000,2024,0.43790876865386963
9005,2024,0.0032729769591242075
9008,2024,0.010410486720502377
9009,2024,0.014409574680030346
9012,2024,0.005578594747930765
9015,2024,0.5065953731536865
9016,2024,0.5592500567436218
9019,2024,0.0034715556539595127
9027,2024,0.008395773358643055
9033,2024,1.2289246320724487
9044,2024,0.0287360530346632
9051,2024,0.40408235788345337
9057,2024,0.6165236234664917
9059,2024,0.011992493644356728
9071,2024,0.015543194487690926
9075,2024,0.7117900848388672
9077,2024,0.45703592896461487
9092,2024,0.4069160521030426
9094,2024,0.008135846816003323
9098,2024,0.008728436194360256
9112,2024,1.2854070663452148
9123,2024,0.4044531285762787
9130,2024,0.006510957144200802
9138,2024,0.006151496898382902
9144,2024,0.006231298204511404
9149,2024,0.011960379779338837
9153,2024,0.44383639097213745
9162,2024,0.402309775352478
9163,2024,0.007661871146410704
9171,2024,0.40448954701423645
9173,2024,0.40419071912765503
9174,2024,0.004674228839576244
9175,2024,0.4041922092437744
9181,2024,0.4773785173892975
9202,2024,0.00745233753696084
9204,2024,0.0033177812583744526
9239,2024,1.597482681274414
9244,2024,0.006579670123755932
9249,2024,0.00460679130628705
9251,2024,0.8924746513366699
9256,2024,0.6647079586982727
9264,2024,0.8954777121543884
9266,2024,1.2969355583190918
9273,2024,1.0018624067306519
9278,2024,0.004926107358187437
9286,2024,0.003841488854959607
9287,2024,0.012029818259179592
9288,2024,0.40833327174186707
9290,2024,0.0037524793297052383
9292,2024,0.006155343726277351
9294,2024,0.40504470467567444
9296,2024,0.5768612027168274
9297,2024,0.6459881067276001
9301,2024,0.011004922911524773
9313,2024,0.005872640758752823
9317,2024,0.6484398245811462
9318,2024,0.3862549066543579
9320,2024,0.00736087653785944
9321,2024,0.0027662920765578747
9322,2024,0.6967493891716003
9325,2024,1.5045092105865479
9326,2024,0.5775694251060486
9335,2024,0.40558430552482605
9347,2024,0.0052239601500332355
9348,2024,0.6899686455726624
9354,2024,0.00715748080983758
9356,2024,1.050120234489441
9357,2024,0.0032807607203722
9360,2024,0.008827007375657558
9362,2024,0.40650033950805664
9366,2024,0.5058548450469971
9370,2024,0.40478798747062683
9377,2024,0.4467850625514984
9390,2024,0.5433350205421448
9404,2024,1.4615181684494019
9406,2024,1.3756767511367798
9407,2024,0.7480247616767883
9411,2024,0.004376983270049095
9415,2024,0.4059199094772339
9418,2024,0.4034702479839325
9426,2024,0.006139987614005804
9429,2024,0.003834702307358384
9437,2024,0.47988083958625793
9441,2024,0.5406032800674438
9449,2024,0.004223160911351442
9451,2024,0.004082030151039362
9453,2024,0.00556288193911314
9461,2024,0.00503313634544611
9466,2024,0.5001165866851807
9474,2024,0.007827000692486763
9481,2024,0.44514086842536926
9486,2024,0.00906266737729311
9490,2024,0.40418824553489685
9496,2024,0.015403405763208866
9521,2024,0.40476739406585693
9522,2024,0.007749476004391909
9534,2024,0.9148930311203003
9535,2024,1.6206421852111816
9541,2024,0.002539072884246707
9544,2024,0.0049998280592262745
9566,2024,0.011437480337917805
9568,2024,0.4044801890850067
9572,2024,0.010714501142501831
9578,2024,0.40550750494003296
9585,2024,0.4032388925552368
9596,2024,0.9826806783676147
9607,2024,0.4728218913078308
9608,2024,0.004704678431153297
9609,2024,0.0050297207199037075
9617,2024,0.8756115436553955
9621,2024,0.0032093448098748922
9628,2024,0.48092007637023926
9630,2024,0.004004465416073799
9652,2024,0.008141785860061646
9655,2024,0.6922314167022705
9664,2024,0.4030182361602783
9674,2024,0.404398649930954
9676,2024,0.005524490959942341
9683,2024,0.011427201330661774
9690,2024,0.003424579743295908
9691,2024,0.9690824151039124
9695,2024,0.010238765738904476
9706,2024,0.5299202799797058
9712,2024,0.005750028416514397
9726,2024,0.4755365252494812
9730,2024,0.004852844402194023
9742,2024,0.002096185926347971
9744,2024,0.4068789482116699
9745,2024,0.4031508266925812
9748,2024,0.007136623840779066
9750,2024,0.026219498366117477
9758,2024,1.2528679370880127
9761,2024,1.0668389797210693
9765,2024,0.016919460147619247
9768,2024,1.038362979888916
9772,2024,0.005831449758261442
9797,2024,0.008416499942541122
9800,2024,0.5990069508552551
9805,2024,0.4045293927192688
9807,2024,0.40413108468055725
9818,2024,0.0030064217280596495
9819,2024,0.027408884838223457
9842,2024,0.004924848675727844
9845,2024,0.006128713488578796
9850,2024,0.004134007263928652
9854,2024,0.006129126530140638
9857,2024,0.40333083271980286
9873,2024,0.006106051150709391
9889,2024,0.007465705741196871
9902,2024,0.0031428697984665632
9926,2024,0.008060352876782417
9928,2024,0.40552452206611633
9931,2024,0.025285828858613968
9939,2024,0.8303232192993164
9940,2024,0.7855923771858215
9944,2024,0.6647981405258179
9953,2024,0.40374964475631714
9954,2024,0.40655431151390076
9958,2024,0.0037595501635223627
9962,2024,0.007232260890305042
9968,2024,0.5200695991516113
9973,2024,0.5436588525772095
9980,2024,0.4083198308944702
9982,2024,0.01766863465309143
9991,2024,0.006740816403180361
9998,2024,0.006829998921602964
10004,2024,0.6402902007102966
10021,2024,0.0036883822176605463
10035,2024,0.0042790756560862064
10043,2024,0.011101331561803818
10046,2024,0.40491628646850586
10054,2024,0.544208824634552
10060,2024,0.4038808345794678
10061,2024,0.005067391321063042
10081,2024,0.40298086404800415
10090,2024,0.009183814749121666
10104,2024,0.0018816031515598297
10108,2024,0.007400680333375931
10112,2024,0.005995004903525114
10124,2024,0.0036556380800902843
10125,2024,0.008693067356944084
10126,2024,0.005983379669487476
10134,2024,0.003029352519661188
10138,2024,0.0074768951162695885
10142,2024,0.0039055657107383013
10146,2024,1.2388184070587158
10149,2024,1.530144453048706
10157,2024,0.005953682120889425
10159,2024,0.004544334020465612
10165,2024,0.008002271875739098
10181,2024,0.003671827493235469
10188,2024,0.01153398398309946
10197,2024,0.008450492285192013
10202,2024,0.519794762134552
10203,2024,0.40548211336135864
10206,2024,0.8210507035255432
10207,2024,0.01375467237085104
10209,2024,0.5113531947135925
10215,2024,0.003650588681921363
10217,2024,0.0027562149334698915
10220,2024,0.008327990770339966
10234,2024,0.005693530663847923
10235,2024,0.40412354469299316
10260,2024,0.010526568628847599
10270,2024,0.011171339079737663
10274,2024,0.0040212515741586685
10280,2024,1.851855754852295
10284,2024,0.4054216146469116
10287,2024,0.00718636903911829
10289,2024,0.0039019850082695484
10294,2024,0.006421273574233055
10314,2024,1.020437240600586
10317,2024,1.371954083442688
10323,2024,0.40442731976509094
10327,2024,0.6204007267951965
10329,2024,0.005061378236860037
10333,2024,0.6414479613304138
10337,2024,0.004655945114791393
10344,2024,0.4582965075969696
10350,2024,0.004916052799671888
10360,2024,0.00738735543563962
10362,2024,0.01071101427078247
10369,2024,0.008411609567701817
10370,2024,0.005581171717494726
10375,2024,1.1270701885223389
10387,2024,0.004641416482627392
10388,2024,0.009753568097949028
10391,2024,0.0035192971117794514
10394,2024,0.7213269472122192
10398,2024,0.00771319167688489
10422,2024,0.4070631265640259
10428,2024,0.009928740561008453
10430,2024,0.005356163717806339
10435,2024,0.002901064930483699
10440,2024,0.4039509892463684
10452,2024,0.4038994014263153
10456,2024,0.008264576084911823
10457,2024,0.008027828298509121
10458,2024,0.026312673464417458
10461,2024,0.004309018142521381
10464,2024,0.012334649451076984
10472,2024,0.005326537881046534
10474,2024,0.006095202174037695
10476,2024,0.007192937657237053
10477,2024,0.5256955623626709
10499,2024,1.83225679397583
10501,2024,0.00752787571400404
10506,2024,0.973092794418335
10519,2024,0.005813942290842533
10526,2024,0.006844930816441774
10534,2024,0.0035268159117549658
10536,2024,0.4671074450016022
10543,2024,0.0038660704158246517
10547,2024,0.007102568633854389
10548,2024,0.0061057633720338345
10549,2024,0.5301872491836548
10552,2024,0.011731295846402645
10566,2024,0.40544864535331726
10568,2024,1.1220943927764893
10570,2024,0.004617673344910145
10584,2024,0.5557417273521423
10596,2024,0.48700058460235596
10599,2024,0.004927877802401781
10610,2024,0.003039994277060032
10615,2024,0.007881964556872845
10618,2024,0.6388704776763916
10622,2024,0.7607964873313904
10624,2024,0.005414083134382963
10629,2024,0.011927351355552673
10630,2024,0.0030528081115335226
10632,2024,0.48150399327278137
10635,2024,0.4638945162296295
10641,2024,0.0033429672475904226
10646,2024,0.9328223466873169
10651,2024,0.0071159787476062775
10658,2024,0.003202203195542097
10659,2024,0.007777656894177198
10667,2024,0.006854170933365822
10692,2024,0.003327514510601759
10698,2024,0.406379759311676
10699,2024,0.003332588355988264
10734,2024,0.010256187990307808
10744,2024,0.0019825908821076155
10748,2024,0.009783104993402958
10753,2024,0.005232233554124832
10758,2024,0.40445083379745483
10759,2024,0.41313567757606506
10763,2024,0.5701373815536499
10768,2024,0.7042457461357117
10778,2024,0.0035400185734033585
10795,2024,0.5673076510429382
10798,2024,0.007397358305752277
10831,2024,0.0064139594323933125
10840,2024,0.0024468526244163513
10855,2024,0.5926799178123474
10859,2024,0.007343892939388752
10862,2024,0.02069932036101818
10865,2024,0.6335875988006592
10870,2024,0.019285906106233597
10872,2024,0.41716834902763367
10878,2024,0.0035503474064171314
10891,2024,0.008981199003756046
10903,2024,0.005668717436492443
10907,2024,0.006042173597961664
10914,2024,1.0008556842803955
10916,2024,0.0061578997410833836
10924,2024,0.0029295370914041996
10933,2024,0.40401914715766907
10941,2024,0.006498039234429598
10951,2024,0.007571564055979252
10964,2024,0.005452462937682867
10973,2024,0.4384371042251587
10977,2024,0.4050350487232208
10986,2024,0.012361002154648304
10998,2024,0.005328721832484007
10999,2024,0.4044630527496338
11000,2024,0.004598039668053389
11002,2024,0.005215065088123083
11005,2024,0.8540058732032776
11007,2024,0.40425288677215576
11018,2024,0.40413540601730347
11040,2024,0.5233782529830933
11047,2024,0.003819409990683198
11067,2024,0.015871789306402206
11068,2024,0.0048169284127652645
11074,2024,0.5303635597229004
11075,2024,0.4047999382019043
11081,2024,0.02168627642095089
11083,2024,0.008856690488755703
11101,2024,1.730464220046997
11108,2024,0.4629330635070801
11125,2024,0.004836639389395714
11129,2024,2.167423963546753
11145,2024,0.0036698305048048496
11149,2024,0.004784495569765568
11151,2024,0.005253552459180355
11164,2024,0.013145599514245987
11177,2024,0.007291626650840044
11193,2024,0.593505322933197
11210,2024,0.006672123447060585
11224,2024,0.005284495651721954
11226,2024,0.009708288125693798
11240,2024,0.009213689714670181
11247,2024,0.009146492928266525
11251,2024,0.004169624298810959
11254,2024,0.006797487381845713
11257,2024,0.4839741587638855
11271,2024,1.4408336877822876
11272,2024,1.132798194885254
11277,2024,0.004868732299655676
11279,2024,0.007503161206841469
11288,2024,0.005183797795325518
11296,2024,0.0054885451681911945
11298,2024,0.005418789107352495
11300,2024,0.003954918589442968
11302,2024,0.5682055950164795
11306,2024,0.005865148268640041
11310,2024,0.007638358511030674
11312,2024,0.4042162299156189
11320,2024,0.004394674673676491
11323,2024,0.008504100143909454
11351,2024,0.004934052471071482
11352,2024,0.006491464097052813
11365,2024,0.5637603998184204
11368,2024,0.006294882390648127
11384,2024,0.6264335513114929
11386,2024,1.4971023797988892
11397,2024,0.006395832169800997
11404,2024,0.014030903577804565
11408,2024,1.2251423597335815
11409,2024,0.5196883678436279
11422,2024,0.013084255158901215
11425,2024,0.6097323298454285
11433,2024,0.00895150750875473
11434,2024,0.006614725571125746
11440,2024,1.039081335067749
11448,2024,0.013207280077040195
11453,2024,0.004150647670030594
11458,2024,0.4047269821166992
11459,2024,0.4049820899963379
11475,2024,0.47558948397636414
11477,2024,0.0036322660744190216
11481,2024,0.004333024844527245
11487,2024,0.40348541736602783
11489,2024,0.008795524947345257
11492,2024,0.005207373294979334
11493,2024,0.5079662799835205
11495,2024,0.40550315380096436
11500,2024,0.5965364575386047
11502,2024,0.8008856177330017
11504,2024,0.00392525177448988
11509,2024,0.006628452800214291
11527,2024,1.1760331392288208
11529,2024,0.018796168267726898
11539,2024,0.6494089961051941
11542,2024,0.005781575571745634
11559,2024,0.005376662127673626
11560,2024,0.0078075481578707695
11566,2024,0.8168941140174866
11567,2024,0.009476779028773308
11573,2024,0.9810966849327087
11574,2024,0.0034618182107806206
11575,2024,0.40188315510749817
11583,2024,0.00874643586575985
11588,2024,0.006017646752297878
11602,2024,0.00428471015766263
11611,2024,0.00789056159555912
11613,2024,0.010817844420671463
11618,2024,0.8988612294197083
11620,2024,0.006853208877146244
11624,2024,0.006211027503013611
11642,2024,0.5948851108551025
11653,2024,0.0063014249317348
11658,2024,0.0026026018895208836
11668,2024,0.005672473926097155
11670,2024,0.007548726163804531
11684,2024,0.4054659605026245
11698,2024,0.004325643181800842
11703,2024,0.004385615233331919
11705,2024,0.011588475666940212
11711,2024,0.011147066950798035
11715,2024,0.003844540799036622
11716,2024,0.0034912379924207926
11720,2024,0.011361857876181602
11722,2024,0.004833165090531111
11724,2024,0.006067635025829077
11735,2024,0.010057074017822742
11761,2024,0.4043845236301422
11762,2024,1.640434741973877
11763,2024,0.4530647397041321
11767,2024,0.586040198802948
11768,2024,0.009762609377503395
11770,2024,0.009836067445576191
11771,2024,0.6042529344558716
11773,2024,0.0055936179123818874
11776,2024,0.4147894084453583
11781,2024,0.03501516208052635
11785,2024,0.004354456439614296
11787,2024,0.4045405387878418
11793,2024,0.007200262974947691
11794,2024,0.0029670451767742634
11796,2024,0.004706426989287138
11832,2024,0.7715222239494324
11839,2024,0.40359652042388916
11840,2024,0.008439349941909313
11841,2024,0.004551964811980724
11868,2024,0.014881305396556854
11869,2024,0.0022641702089458704
11872,2024,0.6449951529502869
11884,2024,0.006878219079226255
11903,2024,1.6324502229690552
11908,2024,0.560509979724884
11913,2024,1.443389654159546
11915,2024,0.5101820826530457
11919,2024,0.005616384092718363
11920,2024,0.008142228238284588
11923,2024,0.8049200177192688
11933,2024,0.011612312868237495
11939,2024,0.5001605749130249
11947,2024,0.008425342850387096
11948,2024,0.008372063748538494
11965,2024,0.40478959679603577
11966,2024,0.40639615058898926
11981,2024,0.4040449261665344
11982,2024,0.004718815442174673
11993,2024,0.004114468581974506
12001,2024,0.006455147173255682
12004,2024,0.01688551716506481
12017,2024,0.007818647660315037
12036,2024,0.004402147140353918
12043,2024,1.2510300874710083
12055,2024,0.002082338323816657
12056,2024,0.005274822004139423
12059,2024,0.4037932753562927
12067,2024,0.0040406580083072186
12069,2024,0.00903541874140501
12070,2024,0.005478762090206146
12083,2024,0.008597046136856079
12088,2024,0.7889019250869751
12089,2024,0.9490108489990234
12090,2024,0.6215618252754211
12099,2024,0.01960119791328907
12130,2024,0.020723598077893257
12140,2024,0.005483753047883511
12142,2024,0.4038366973400116
12147,2024,0.005788290873169899
12148,2024,0.010129906237125397
12151,2024,0.40515393018722534
12152,2024,0.6129231452941895
12157,2024,0.013241822831332684
12158,2024,0.4048742353916168
12164,2024,0.02062503807246685
12167,2024,0.4041234850883484
12172,2024,0.02250637486577034
12175,2024,0.013122765347361565
12183,2024,0.44794657826423645
12185,2024,0.003620339324697852
12186,2024,0.011408215388655663
12190,2024,0.008563854731619358
12192,2024,0.008324256166815758
12195,2024,0.44607245922088623
12200,2024,0.006049676798284054
12201,2024,0.47921690344810486
12203,2024,0.4042999744415283
12215,2024,0.007236975710839033
12216,2024,0.002028491348028183
12218,2024,0.004059087950736284
12219,2024,1.1702969074249268
12221,2024,1.2096704244613647
12227,2024,0.7562369704246521
12230,2024,0.015243480913341045
12246,2024,0.6372953653335571
12247,2024,0.0031212307512760162
12250,2024,0.0022963439114391804
12253,2024,0.004445590078830719
12254,2024,0.007018717005848885
12262,2024,0.005256112664937973
12267,2024,0.012167388573288918
12268,2024,0.004886419512331486
12271,2024,0.008228328078985214
12273,2024,0.005968068726360798
12281,2024,0.8265577554702759
12287,2024,1.4943486452102661
12289,2024,0.4056887626647949
12292,2024,0.0052506206557154655
12295,2024,0.0061731599271297455
12296,2024,0.003769964911043644
12297,2024,0.6296499967575073
12302,2024,0.5458582043647766
12304,2024,0.4040316343307495
12306,2024,0.4943222105503082
12317,2024,0.0075095035135746
12319,2024,0.012758464552462101
12329,2024,0.8987120389938354
12330,2024,0.009795311838388443
12331,2024,0.006641667801886797
12334,2024,0.007537783123552799
12340,2024,1.369386076927185
12345,2024,0.007660308387130499
12350,2024,0.0036896613892167807
12358,2024,0.006940224673599005
12359,2024,0.40465047955513
12366,2024,0.40377286076545715
12367,2024,0.014883212745189667
12368,2024,0.008351084776222706
12372,2024,0.5841706991195679
12374,2024,0.6288938522338867
12392,2024,0.007698557805269957
12393,2024,0.4057885408401489
12394,2024,0.0032427350524812937
12399,2024,0.5869008898735046
12407,2024,0.40615615248680115
12418,2024,0.6662445068359375
12426,2024,0.8981806039810181
12432,2024,0.005258779041469097
12441,2024,0.007854114286601543
12457,2024,0.005300113465636969
12464,2024,0.0031054862774908543
12485,2024,0.010780440643429756
12489,2024,0.005000741221010685
12498,2024,0.0039045100565999746
12503,2024,0.0023267699871212244
12509,2024,0.0057466947473585606
12510,2024,0.011796045117080212
12514,2024,0.007311963010579348
12517,2024,1.2373889684677124
12524,2024,0.004530672915279865
12526,2024,0.49387815594673157
12527,2024,0.6942591667175293
12528,2024,0.021945854648947716
12529,2024,0.0041473680175840855
12530,2024,0.0016763294115662575
12535,2024,0.00793833751231432
12539,2024,0.007508428301662207
12542,2024,0.0076487138867378235
12560,2024,0.0033788387663662434
12561,2024,0.9484962224960327
12566,2024,0.5457573533058167
12577,2024,0.008782696910202503
12592,2024,0.012298478744924068
12595,2024,0.4017734229564667
12598,2024,0.012851417064666748
12608,2024,0.005363181233406067
12611,2024,0.006939385086297989
12618,2024,0.008381216786801815
12625,2024,0.0045969062484800816
12628,2024,0.006916521117091179
12631,2024,0.012873727828264236
12636,2024,0.006356445606797934
12641,2024,0.9371615648269653
12644,2024,0.6493408679962158
12646,2024,0.005562858656048775
12657,2024,1.5638988018035889
12660,2024,0.008165961131453514
12670,2024,0.40524744987487793
12672,2024,0.0038354569114744663
12683,2024,0.006367761176079512
12692,2024,0.549355685710907
12704,2024,0.005869318265467882
12706,2024,0.004205645527690649
12707,2024,0.00871862843632698
12710,2024,0.6488713622093201
12720,2024,0.006670452654361725
12750,2024,0.01602112129330635
12755,2024,0.008128426037728786
12757,2024,0.006739873439073563
12759,2024,0.005219029728323221
12770,2024,0.5385218262672424
12772,2024,0.4211674928665161
12773,2024,0.6142609119415283
12775,2024,0.0037352987565100193
12779,2024,0.49876290559768677
12782,2024,0.006250828504562378
12783,2024,0.004673030227422714
12786,2024,0.0045304070226848125
12794,2024,1.1779972314834595
12820,2024,0.40407994389533997
12823,2024,0.009788921102881432
12825,2024,0.007032148540019989
12834,2024,1.2481187582015991
12835,2024,0.40609338879585266
12836,2024,0.6404821872711182
12845,2024,1.0292489528656006
12848,2024,0.011027640663087368
12858,2024,0.006984703708440065
12880,2024,0.40376564860343933
12888,2024,0.4053500294685364
12909,2024,0.0047087110579013824
12916,2024,0.009773988276720047
12919,2024,0.40378808975219727
12925,2024,0.01110991183668375
12926,2024,0.0038934475742280483
12929,2024,0.004997022449970245
12932,2024,0.010098971426486969
12936,2024,0.011099612340331078
12937,2024,0.005385357420891523
12938,2024,0.006354727316647768
12940,2024,0.008888594806194305
12952,2024,0.007918432354927063
12962,2024,0.005151488818228245
12963,2024,0.013258637860417366
12967,2024,1.3473303318023682
12968,2024,0.5171897411346436
12977,2024,0.4055717885494232
12987,2024,0.0061313072219491005
12993,2024,0.02046927437186241
12997,2024,0.003901479300111532
13003,2024,0.014664620161056519
13019,2024,0.025511711835861206
13022,2024,0.010310647077858448
13024,2024,0.6428747773170471
13033,2024,0.0037241976242512465
13040,2024,0.004797110799700022
13041,2024,0.003054064931347966
13042,2024,0.005123266018927097
13047,2024,0.007809251546859741
13052,2024,0.004847824573516846
13060,2024,0.03316892310976982
13063,2024,0.006359532009810209
13068,2024,0.0031034036073833704
13075,2024,0.005887424573302269
13081,2024,0.009950385428965092
13082,2024,0.01721227914094925
13087,2024,0.003101503476500511
13094,2024,0.008932252414524555
13097,2024,0.405331552028656
13104,2024,0.006025287788361311
13110,2024,0.013679126277565956
13113,2024,0.4033687710762024
13120,2024,0.005126845091581345
13137,2024,0.0037991516292095184
13140,2024,0.006050687748938799
13155,2024,0.010289419442415237
13158,2024,0.40450960397720337
13165,2024,0.007772691547870636
13174,2024,0.008231543004512787
13193,2024,0.006546045187860727
13195,2024,0.4757302701473236
13202,2024,0.49030354619026184
13206,2024,0.0070171901024878025
13208,2024,0.007811917457729578
13212,2024,0.00470298295840621
13213,2024,0.01789744943380356
13220,2024,0.4846566617488861
13226,2024,1.4501429796218872
13229,2024,0.008001483976840973
13250,2024,0.4063361585140228
13253,2024,0.003998673986643553
13255,2024,0.0024218917824327946
13257,2024,0.40509799122810364
13265,2024,0.017432551831007004
13282,2024,0.40364423394203186
13290,2024,0.005091384518891573
13291,2024,0.0029369881376624107
13295,2024,1.5636985301971436
13297,2024,0.006182943936437368
13311,2024,0.4821772873401642
13314,2024,0.004491716157644987
13320,2024,0.42893821001052856
13323,2024,0.002762017073109746
13346,2024,0.005847444292157888
13364,2024,0.005200525280088186
13366,2024,0.9861857891082764
13376,2024,0.40275585651397705
13379,2024,0.4977588653564453
13384,2024,0.005993664264678955
13391,2024,0.6316280364990234
13410,2024,0.00712235551327467
13426,2024,0.47344470024108887
13429,2024,0.005130946636199951
13432,2024,0.007111553568392992
13436,2024,0.005201653111726046
13440,2024,0.4463144540786743
13443,2024,0.7969081401824951
13444,2024,0.00567786768078804
13447,2024,0.0026328619569540024
13449,2024,0.40421074628829956
13455,2024,0.006008466240018606
13459,2024,0.001884003751911223
13461,2024,0.005486523266881704
13464,2024,0.004673430230468512
13467,2024,0.4044635593891144
13480,2024,0.00339575856924057
13485,2024,0.004855832550674677
13486,2024,0.532372772693634
13495,2024,0.7874523401260376
13504,2024,0.009326321072876453
13507,2024,0.010063942521810532
13521,2024,1.057752013206482
13529,2024,1.243180751800537
13534,2024,0.0048314714804291725
13539,2024,0.007022733334451914
13543,2024,0.005125937983393669
13544,2024,0.005181493703275919
13556,2024,0.003994630184024572
13558,2024,0.005637722089886665
13567,2024,0.005866826046258211
13583,2024,0.0037543936632573605
13587,2024,0.005637612193822861
13594,2024,0.4055156707763672
13602,2024,0.36133989691734314
13615,2024,0.8004426956176758
13622,2024,0.006586793344467878
13623,2024,0.008798262104392052
13626,2024,0.48994410037994385
13630,2024,0.006591754034161568
13638,2024,0.7666575908660889
13639,2024,0.4961751699447632
13656,2024,0.006739447824656963
13661,2024,0.40484702587127686
13671,2024,0.7813162207603455
13676,2024,0.00565132824704051
13679,2024,0.4039672911167145
13683,2024,0.660719633102417
13691,2024,0.0056856246665120125
13697,2024,0.004865068010985851
13705,2024,0.9543119668960571
13709,2024,0.006270687561482191
13717,2024,0.0054162899032235146
13725,2024,0.005012043751776218
13726,2024,0.4838704466819763
13732,2024,0.4903812110424042
13750,2024,0.013445715419948101
13762,2024,0.003717666259035468
13764,2024,0.004331042058765888
13770,2024,0.0016557327471673489
13778,2024,0.014112018048763275
13781,2024,0.005677237641066313
13789,2024,0.008114229887723923
13792,2024,0.007934424094855785
13803,2024,0.010027427226305008
13806,2024,0.012678943574428558
13825,2024,0.009627634659409523
13833,2024,0.003122498979791999
13844,2024,0.007268225774168968
13845,2024,0.8446799516677856
13847,2024,0.004616950172930956
13860,2024,1.6232824325561523
13872,2024,0.40499603748321533
13873,2024,0.40479570627212524
13875,2024,0.0076214964501559734
13880,2024,0.00921722874045372
13887,2024,1.2575149536132812
13896,2024,0.004160703159868717
13900,2024,0.013765488751232624
13923,2024,0.0036102300509810448
13928,2024,1.519393801689148
13929,2024,0.5422691106796265
13952,2024,0.013056828640401363
13961,2024,0.40410563349723816
13962,2024,0.004458828829228878
13966,2024,0.4701917767524719
13973,2024,1.0387648344039917
13979,2024,1.6616315841674805
13980,2024,0.011769667267799377
13982,2024,0.7577462792396545
13988,2024,0.0039944397285580635
13990,2024,0.4041364789009094
13998,2024,0.010056428611278534
14000,2024,0.010915093123912811
14004,2024,0.6110633015632629
14006,2024,0.005751316901296377
14009,2024,0.40432998538017273
14017,2024,0.003962909337133169
14033,2024,0.005942234769463539
14041,2024,0.47227564454078674
14045,2024,0.0047524599358439445
14048,2024,0.008753985166549683
14050,2024,0.009467922151088715
14053,2024,0.006642160937190056
14063,2024,0.005523174535483122
14073,2024,0.004751726984977722
14090,2024,0.9185903072357178
14094,2024,0.40390217304229736
14099,2024,0.006386652588844299
14111,2024,0.004952712915837765
14134,2024,1.1272494792938232
14140,2024,0.022068601101636887
14170,2024,0.006653892807662487
14176,2024,0.0025540278293192387
14178,2024,0.015304112806916237
14180,2024,0.0049465736374258995
14186,2024,0.004339999984949827
14192,2024,0.008713631890714169
14196,2024,0.06958506256341934
14214,2024,0.4038790762424469
14219,2024,0.40394917130470276
14227,2024,0.6410307288169861
14232,2024,0.007636786438524723
14238,2024,0.4046100676059723
14241,2024,0.009050303138792515
14243,2024,1.1921504735946655
14274,2024,0.007431570440530777
14275,2024,0.00542996684089303
14283,2024,0.0037995497696101665
14285,2024,0.002772929146885872
14287,2024,0.011740096844732761
14295,2024,0.007736512925475836
14312,2024,0.019401300698518753
14318,2024,0.004237933084368706
14324,2024,0.8203282952308655
14328,2024,1.5672944784164429
14329,2024,0.004693678114563227
14331,2024,1.4878602027893066
14335,2024,0.49469196796417236
14336,2024,0.004875632934272289
14349,2024,0.005496933124959469
14357,2024,0.005587252788245678
14361,2024,0.006078672595322132
14363,2024,0.40312597155570984
14364,2024,0.6567474007606506
14366,2024,0.006504322402179241
14372,2024,0.0019941264763474464
14383,2024,0.40359702706336975
14392,2024,1.0134649276733398
14394,2024,0.004095859359949827
14403,2024,0.8788455724716187
14414,2024,1.223071813583374
14415,2024,0.403842955827713
14417,2024,0.6567268967628479
14420,2024,0.7718198895454407
14423,2024,0.004082539584487677
14424,2024,0.00788993388414383
14426,2024,0.5829451680183411
14427,2024,0.0073484620079398155
14432,2024,0.006587823387235403
14448,2024,0.01060640811920166
14455,2024,0.00318779400549829
14474,2024,0.39777565002441406
14517,2024,0.010816720314323902
14520,2024,0.007394537795335054
14529,2024,0.006421135738492012
14530,2024,0.004526499658823013
14540,2024,0.6069689393043518
14541,2024,0.004574999213218689
14544,2024,0.0054627046920359135
14548,2024,0.007876576855778694
14552,2024,0.40675365924835205
14554,2024,0.007645795587450266
14556,2024,0.01745670847594738
14567,2024,0.4666005074977875
14576,2024,0.009294978342950344
14578,2024,0.006031581666320562
14581,2024,0.004747937433421612
14583,2024,0.005093799438327551
14602,2024,0.016176659613847733
14606,2024,0.7194141149520874
14613,2024,0.005502556916326284
14626,2024,1.4764835834503174
14627,2024,0.550559401512146
14628,2024,0.8869051337242126
14629,2024,0.0027969195507466793
14635,2024,0.5646389722824097
14643,2024,0.006456535309553146
14647,2024,0.9025039672851562
14648,2024,0.0071776555851101875
14651,2024,0.007709315977990627
14657,2024,0.004394202493131161
14664,2024,0.004130929242819548
14669,2024,0.0031016923021525145
14672,2024,0.00525307934731245
14686,2024,0.47201165556907654
14688,2024,0.009551105089485645
14693,2024,0.006248842924833298
14697,2024,0.4043673872947693
14699,2024,0.006491758394986391
14701,2024,0.40454092621803284
14707,2024,1.5186574459075928
14708,2024,0.006487742532044649
14712,2024,1.3250491619110107
14715,2024,0.006323376204818487
14725,2024,0.010292989201843739
14734,2024,0.010339180007576942
14752,2024,1.1525280475616455
14756,2024,0.007297874428331852
14765,2024,0.00617056293413043
14771,2024,0.005168969742953777
14780,2024,0.018536729738116264
14800,2024,0.8867781758308411
14815,2024,0.007710210978984833
14831,2024,0.006262867245823145
14837,2024,0.006254568696022034
14841,2024,0.4031217396259308
14849,2024,0.5122044682502747
14861,2024,1.0061841011047363
14872,2024,0.4513886272907257
14873,2024,0.005265241023153067
14904,2024,0.7218673229217529
14912,2024,0.0061870235949754715
14913,2024,0.022593218833208084
14918,2024,0.003115069353953004
14922,2024,0.9454907774925232
14929,2024,0.006647101603448391
14942,2024,0.013883438892662525
14968,2024,0.00340074161067605
14970,2024,0.0054536014795303345
14975,2024,0.8288549780845642
14976,2024,0.5872103571891785
14980,2024,0.4046785831451416
14984,2024,0.005676125641912222
14988,2024,0.5208430886268616
14991,2024,0.005230723414570093
15008,2024,0.005091152153909206
15015,2024,0.003333194414153695
15018,2024,0.022501962259411812
15020,2024,0.009014787152409554
15021,2024,0.40457072854042053
15029,2024,0.5928086042404175
15034,2024,0.4651389718055725
15070,2024,0.0035338893067091703
15075,2024,0.007499733008444309
15079,2024,0.00197833264246583
15087,2024,0.007521867752075195
15092,2024,0.5807200074195862
15105,2024,0.004659242928028107
15108,2024,0.004417756572365761
15113,2024,0.005151667632162571
15122,2024,0.007421773858368397
15125,2024,0.002861528191715479
15138,2024,0.0030262095388025045
15158,2024,0.0037307259626686573
15159,2024,0.002228071680292487
15161,2024,0.006954403594136238
15166,2024,0.0033754431642591953
15172,2024,0.003207950387150049
15177,2024,1.1835682392120361
15179,2024,0.004414196591824293
15185,2024,0.008310563862323761
15217,2024,0.6310960054397583
15229,2024,0.7422472238540649
15232,2024,0.0057106357999145985
15233,2024,0.0040071457624435425
15245,2024,0.005237835459411144
15251,2024,0.0040267398580908775
15268,2024,0.0037820502184331417
15269,2024,0.00901319831609726
15285,2024,0.9805648326873779
15292,2024,0.0050323884934186935
15300,2024,0.006450618151575327
15317,2024,0.0069951810874044895
15332,2024,0.006131571717560291
15336,2024,1.190619945526123
15342,2024,0.004532164428383112
15361,2024,0.0069426484405994415
15362,2024,0.4334174394607544
15383,2024,0.007988561876118183
15389,2024,0.4200424253940582
15390,2024,0.5867098569869995
15393,2024,0.0037144862581044436
15400,2024,0.014551276341080666
15410,2024,0.009800106287002563
15420,2024,0.0043860492296516895
15423,2024,0.0042319344356656075
15426,2024,0.004757471848279238
15432,2024,0.004408388398587704
15435,2024,0.40418463945388794
15438,2024,0.005197788588702679
15440,2024,0.006069681141525507
15445,2024,0.0324653759598732
15451,2024,0.0018800157122313976
15462,2024,0.7903100252151489
15478,2024,0.0065375277772545815
15484,2024,0.017539147287607193
15489,2024,0.4141782224178314
15493,2024,0.008922540582716465
15496,2024,0.01568211428821087
15504,2024,0.6724809408187866
15507,2024,0.9326204657554626
15509,2024,1.174918293952942
15510,2024,0.5599315166473389
15517,2024,0.7127561569213867
15529,2024,0.8017606735229492
15536,2024,0.005316479131579399
15546,2024,0.005735854618251324
15551,2024,0.5830236077308655
15554,2024,0.0028605761472135782
15564,2024,0.49062758684158325
15565,2024,0.007551370654255152
15568,2024,0.00458602886646986
15569,2024,0.008238768205046654
15576,2024,0.008287028409540653
15577,2024,0.6250439286231995
15581,2024,0.40389522910118103
15585,2024,0.008218081668019295
15614,2024,0.4044446349143982
15624,2024,0.004361910745501518
15629,2024,0.512549102306366
15630,2024,0.004462523851543665
15640,2024,0.9335114359855652
15645,2024,0.006962765008211136
15656,2024,0.003837326541543007
15657,2024,0.010867049917578697
15670,2024,0.0035493611358106136
15673,2024,0.7102792263031006
15676,2024,0.006022393703460693
15681,2024,0.006965472362935543
15685,2024,0.006529088597744703
15687,2024,0.00769595243036747
15691,2024,0.47476619482040405
15696,2024,0.007720582187175751
15697,2024,0.5448224544525146
15699,2024,1.120897889137268
15703,2024,0.924319326877594
15705,2024,0.40417516231536865
15706,2024,0.4040874242782593
15722,2024,0.5027881860733032
15725,2024,1.168835163116455
15730,2024,1.1717369556427002
15737,2024,0.007536555174738169
15739,2024,0.005811920389533043
15740,2024,0.5958310961723328
15756,2024,0.010474403388798237
15761,2024,0.4048994183540344
15765,2024,0.0034955653827637434
15767,2024,0.4036825895309448
15777,2024,0.0048071397468447685
15781,2024,0.007453707046806812
15785,2024,0.004662094172090292
15788,2024,0.001887714141048491
15791,2024,0.009216238744556904
15798,2024,0.004936640616506338
15801,2024,0.5343269109725952
15804,2024,0.010088411159813404
15815,2024,0.0030035506933927536
15820,2024,0.004254523664712906
15823,2024,0.4611433744430542
15827,2024,0.40590018033981323
15838,2024,0.010835609398782253
15844,2024,0.5797845721244812
15847,2024,0.40612363815307617
15852,2024,0.004435491748154163
15853,2024,0.006540884729474783
15861,2024,0.003439494874328375
15862,2024,0.39984941482543945
15866,2024,0.00864036288112402
15870,2024,0.004285345785319805
15871,2024,0.005805201828479767
15874,2024,0.6178540587425232
15889,2024,0.002827809425070882
15892,2024,0.4044061601161957
15919,2024,0.7187635898590088
15926,2024,0.49663791060447693
15940,2024,0.4048147201538086
15942,2024,0.007914697751402855
15954,2024,0.40417808294296265
15955,2024,1.2027724981307983
15968,2024,0.40465959906578064
15980,2024,0.010327432304620743
15992,2024,1.043452262878418
15994,2024,0.47283703088760376
15999,2024,0.0017377154435962439
16006,2024,0.0055823554284870625
16013,2024,0.014748780056834221
16019,2024,1.0702250003814697
16020,2024,0.005944933742284775
16031,2024,0.0065851593390107155
16032,2024,0.02127600461244583
16033,2024,0.004205162636935711
16049,2024,0.0016774819232523441
16062,2024,1.290994644165039
16080,2024,0.006657636724412441
16094,2024,0.012396730482578278
16095,2024,0.007622808218002319
16105,2024,0.00916262436658144
16118,2024,0.00945840124040842
16124,2024,0.002901824191212654
16125,2024,0.007220746483653784
16141,2024,0.0028281586710363626
16150,2024,0.5715394616127014
16151,2024,0.004143108613789082
16152,2024,0.005976703483611345
16161,2024,0.008416391909122467
16187,2024,0.9003449082374573
16195,2024,0.008389049209654331
16198,2024,0.008132190443575382
16201,2024,0.31390854716300964
16207,2024,0.0074007026851177216
16219,2024,0.00731089198961854
16232,2024,0.4999006986618042
16239,2024,0.01097938884049654
16240,2024,0.4554762840270996
16241,2024,0.4041617512702942
16243,2024,0.004341385792940855
16263,2024,0.6130601167678833
16277,2024,0.005453325808048248
16295,2024,0.006334186531603336
16301,2024,0.4044612646102905
16305,2024,0.01133382972329855
16308,2024,0.009816394187510014
16311,2024,0.6673272848129272
16322,2024,0.8742777705192566
16327,2024,0.5614765286445618
16344,2024,0.008176949806511402
16356,2024,0.004754615947604179
16358,2024,0.004780965857207775
16377,2024,0.011362523771822453
16386,2024,0.003109033452346921
16390,2024,0.004520056303590536
16400,2024,0.40383100509643555
16401,2024,0.4026181399822235
16412,2024,0.0032538664527237415
16419,2024,0.6401775479316711
16427,2024,0.4052188992500305
16438,2024,0.0018645995296537876
16440,2024,0.0020491862669587135
16453,2024,0.0023724157363176346
16484,2024,0.010113455355167389
16488,2024,0.0049270023591816425
16497,2024,0.022473325952887535
16504,2024,0.004678149241954088
16507,2024,0.7132543921470642
16513,2024,0.004153016023337841
16519,2024,0.0055782063864171505
16524,2024,0.003363147610798478
16534,2024,0.012860284186899662
16545,2024,0.005087964236736298
16546,2024,0.005394723266363144
16550,2024,0.004313352517783642
16554,2024,0.5715717077255249
16556,2024,0.005150890909135342
16559,2024,0.003743024542927742
16563,2024,0.5313934683799744
16567,2024,0.008077471517026424
16587,2024,0.004468118771910667
16592,2024,0.009463926777243614
16598,2024,0.406730592250824
16601,2024,0.00626908615231514
16604,2024,0.005185885354876518
16642,2024,0.006615421734750271
16648,2024,0.007309664972126484
16650,2024,0.012539293617010117
16663,2024,0.012220688164234161
16703,2024,0.4058331847190857
16716,2024,0.4735792577266693
16726,2024,0.003917345777153969
16729,2024,1.2875888347625732
16744,2024,0.8448335528373718
16746,2024,0.008096692152321339
16748,2024,0.002937369281426072
16756,2024,0.4029465615749359
16764,2024,0.5562160015106201
16772,2024,0.008444217965006828
16777,2024,0.012321819551289082
16778,2024,0.4055194854736328
16782,2024,0.01280817948281765
16788,2024,0.004717727657407522
16795,2024,0.6973168849945068
16798,2024,0.40244200825691223
16802,2024,0.5892860293388367
16807,2024,0.0036292101722210646
16822,2024,0.010523510165512562
16832,2024,0.4317803978919983
16834,2024,1.1242642402648926
16837,2024,0.4040661156177521
16846,2024,0.003486048663035035
16857,2024,0.015498323366045952
16859,2024,0.004750460851937532
16866,2024,0.41763463616371155
16871,2024,0.648709237575531
16877,2024,0.003990434110164642
16879,2024,0.005074897315353155
16884,2024,0.005879899486899376
16896,2024,0.005760081112384796
16906,2024,0.0037667187862098217
16908,2024,0.005525744520127773
16919,2024,0.4856192171573639
16937,2024,0.0040640197694301605
16943,2024,0.005309888161718845
16946,2024,0.012599477544426918
16950,2024,0.011865285225212574
16951,2024,0.4052930474281311
16954,2024,0.005745287984609604
16964,2024,0.0015409605111926794
16977,2024,0.007540488615632057
16980,2024,0.009268167428672314
16982,2024,0.005790647119283676
16983,2024,0.019358303397893906
16991,2024,0.006749125197529793
16993,2024,0.4051075577735901
16997,2024,0.009083999320864677
17003,2024,0.0052112857811152935
17005,2024,0.8722144365310669
17014,2024,0.7486134767532349
17017,2024,0.006326093804091215
17019,2024,0.46452152729034424
17024,2024,0.009142196737229824
17026,2024,0.0075141205452382565
17028,2024,0.005085579119622707
17032,2024,0.42124152183532715
17048,2024,0.00412337202578783
17053,2024,0.005624772049486637
17072,2024,0.5340448617935181
17075,2024,0.0057725622318685055
17076,2024,0.0067253997549414635
17081,2024,0.4041740298271179
17101,2024,0.6708303689956665
17116,2024,0.004336968529969454
17124,2024,0.005264563485980034
17129,2024,0.01151250023394823
17131,2024,0.0041502476669847965
17139,2024,0.014924162067472935
17141,2024,0.7035015821456909
17144,2024,0.007352902553975582
17146,2024,1.0768241882324219
17148,2024,0.005800788756459951
17149,2024,0.006176657509058714
17150,2024,0.40533220767974854
17153,2024,0.4042860269546509
17158,2024,0.40411078929901123
17162,2024,0.011489585041999817
17169,2024,0.016695687547326088
17173,2024,0.007651979569345713
17177,2024,0.6478434801101685
17206,2024,0.007969826459884644
17210,2024,0.0041422657668590546
17211,2024,0.005417912267148495
17218,2024,0.6173452138900757
17221,2024,0.005813607480376959
17230,2024,0.0070630754344165325
17253,2024,0.4041229784488678
17255,2024,0.4983333945274353
17286,2024,0.008895072154700756
17287,2024,0.005861552432179451
17295,2024,0.0169238094240427
17300,2024,0.008315683342516422
17316,2024,0.009639954194426537
17317,2024,0.007188797928392887
17334,2024,0.007466055452823639
17358,2024,0.8566820621490479
17366,2024,0.004721974488347769
17372,2024,0.40391653776168823
17389,2024,0.006196753121912479
17393,2024,0.005678787361830473
17397,2024,0.006271706894040108
17404,2024,0.0056160008534789085
17415,2024,0.011195279657840729
17421,2024,0.01644376665353775
17432,2024,0.40419214963912964
17442,2024,0.007808522786945105
17443,2024,0.00853144470602274
17452,2024,0.6805828809738159
17456,2024,0.0032169348560273647
17459,2024,0.006411810405552387
17466,2024,0.0043099988251924515
17483,2024,0.00415243161842227
17501,2024,0.004910557996481657
17503,2024,0.0037317643873393536
17504,2024,0.4032754898071289
17515,2024,0.6069951057434082
17524,2024,0.007813377305865288
17526,2024,0.008433360606431961
17528,2024,0.0060262479819357395
17537,2024,0.9427211284637451
17540,2024,0.01056114211678505
17541,2024,0.6547247171401978
17553,2024,0.8071158528327942
17554,2024,0.004186707548797131
17558,2024,0.007378702983260155
17561,2024,0.4030474126338959
17562,2024,1.3248600959777832
17565,2024,0.0014418992213904858
17568,2024,0.0059824539348483086
17571,2024,0.7935693860054016
17580,2024,0.00595376780256629
17591,2024,0.008364534936845303
17596,2024,0.910744309425354
17597,2024,0.003054732223972678
17614,2024,0.005931657738983631
17623,2024,0.00607758853584528
17630,2024,0.0058359745889902115
17631,2024,0.40706899762153625
17635,2024,0.0033668926917016506
17676,2024,0.0028921051416546106
17684,2024,0.006513071246445179
17690,2024,0.5600436925888062
17698,2024,0.0061506787315011024
17705,2024,0.45271819829940796
17725,2024,0.6505401134490967
17728,2024,0.00402173912152648
17731,2024,0.015620511025190353
17733,2024,0.008178465068340302
17736,2024,0.6209076046943665
17746,2024,0.5915374159812927
17751,2024,0.5803011655807495
17756,2024,0.005104678682982922
17770,2024,1.668432354927063
17771,2024,0.7883303165435791
17772,2024,0.003557603107765317
17773,2024,0.7220962643623352
17791,2024,0.8888726234436035
17793,2024,0.007800692226737738
17798,2024,0.00991981290280819
17802,2024,0.9302376508712769
17803,2024,0.0077026886865496635
17805,2024,1.1655824184417725
17806,2024,0.007561355363577604
17808,2024,0.01777670532464981
17812,2024,0.4047584533691406
17814,2024,0.0109319556504488
17816,2024,0.9674116373062134
17820,2024,0.003101348876953125
17821,2024,0.010149016045033932
17824,2024,0.5231467485427856
17835,2024,0.008525751531124115
17837,2024,0.004234318155795336
17839,2024,0.008438585326075554
17841,2024,0.005761933512985706
17846,2024,0.004151392728090286
17856,2024,0.009138315916061401
17857,2024,0.010206333361566067
17870,2024,0.004799791611731052
17871,2024,0.007711015176028013
17880,2024,0.004747793544083834
17884,2024,0.8661748170852661
17896,2024,1.1659740209579468
17902,2024,0.006853502243757248
17903,2024,0.009165441617369652
17905,2024,0.0021014956291764975
17924,2024,0.006563808768987656
17935,2024,0.0034379689022898674
17942,2024,0.002405826933681965
17946,2024,0.004466134123504162
17956,2024,0.004986893851310015
17968,2024,0.00685876002535224
17975,2024,0.4053373336791992
17977,2024,0.403505802154541
17978,2024,0.0017159900162369013
17982,2024,0.516385018825531
17985,2024,0.8341543674468994
17994,2024,0.4861568212509155
17996,2024,0.0057191308587789536
18002,2024,0.010981369763612747
18006,2024,0.41819652915000916
18007,2024,0.4043523371219635
18009,2024,0.009939727373421192
18019,2024,0.005045673809945583
18023,2024,0.6259182095527649
18025,2024,0.4019927382469177
18036,2024,0.40676066279411316
18038,2024,0.007300755009055138
18041,2024,0.004336550831794739
18044,2024,0.004450444597750902
18065,2024,0.40413177013397217
18066,2024,1.3089244365692139
18075,2024,0.01013807114213705
18084,2024,0.00559326633810997
18091,2024,0.0047303903847932816
18096,2024,0.6061688661575317
18100,2024,0.009249725379049778
18101,2024,0.4786659777164459
18103,2024,0.011573437601327896
18105,2024,1.7874459028244019
18122,2024,0.009307204745709896
18124,2024,0.553016722202301
18125,2024,0.002660721307620406
18130,2024,0.010569451376795769
18138,2024,1.2093346118927002
18146,2024,0.6035695672035217
18147,2024,0.010805795900523663
18149,2024,0.00804731622338295
18151,2024,0.4740167260169983
18163,2024,0.4027378559112549
18186,2024,0.004240081645548344
18187,2024,0.4321528971195221
18188,2024,0.004594269208610058
18192,2024,0.006523360498249531
18201,2024,0.4713325798511505
18211,2024,0.405252605676651
18233,2024,0.006434721872210503
18245,2024,0.017951473593711853
18251,2024,0.48079583048820496
18255,2024,0.004317711107432842
18257,2024,0.004159327130764723
18264,2024,0.00565806170925498
18277,2024,0.40609654784202576
18282,2024,0.009879997000098228
18289,2024,0.0045437561348080635
18292,2024,0.008433619514107704
18308,2024,0.003525335807353258
18315,2024,0.006742959376424551
18320,2024,0.008527788333594799
18327,2024,0.6262723803520203
18333,2024,0.4028113782405853
18335,2024,0.4509458541870117
18340,2024,0.42843711376190186
18350,2024,0.9649891257286072
18351,2024,0.02118554525077343
18365,2024,0.6575058102607727
18376,2024,0.005929861217737198
18395,2024,0.012010548263788223
18411,2024,0.007130827754735947
18425,2024,0.40429776906967163
18426,2024,0.8698495626449585
18431,2024,0.008564356714487076
18444,2024,1.5991935729980469
18445,2024,0.006240018177777529
18449,2024,0.00802502129226923
18465,2024,0.006494025234133005
18469,2024,0.005706478841602802
18472,2024,0.006492876447737217
18488,2024,0.009667608886957169
18492,2024,0.0030578896403312683
18504,2024,0.006828947924077511
18507,2024,1.2066073417663574
18510,2024,0.007276416756212711
18516,2024,0.40826278924942017
18522,2024,0.48725542426109314
18525,2024,0.006285128183662891
18528,2024,0.4078643321990967
18546,2024,0.3765563368797302
18560,2024,0.004933662712574005
18562,2024,0.00532538490369916
18566,2024,0.40424585342407227
18567,2024,1.0038985013961792
18573,2024,0.002370110247284174
18581,2024,0.005483942572027445
18587,2024,0.40460631251335144
18591,2024,0.0052705202251672745
18594,2024,0.5003825426101685
18603,2024,0.8813754320144653
18607,2024,0.009688513353466988
18614,2024,0.4049876630306244
18615,2024,0.49999749660491943
18616,2024,0.00373917818069458
18619,2024,0.003060945076867938
18628,2024,0.4268684387207031
18632,2024,0.005477383732795715
18633,2024,0.002213191008195281
18637,2024,0.7452356815338135
18638,2024,1.4523237943649292
18641,2024,1.7044016122817993
18642,2024,0.008096893317997456
18644,2024,0.7104164958000183
18645,2024,1.5067089796066284
18648,2024,0.5395974516868591
18659,2024,0.7141557335853577
18663,2024,0.0046395896933972836
18669,2024,0.0076192039996385574
18670,2024,0.006991758942604065
18673,2024,0.00627646641805768
18675,2024,0.4851512908935547
18676,2024,0.01150033250451088
18688,2024,0.004479860886931419
18697,2024,0.40353304147720337
18709,2024,1.299243688583374
18711,2024,0.004215677734464407
18713,2024,0.802359938621521
18718,2024,0.009874963201582432
18723,2024,0.9405101537704468
18738,2024,0.007632194086909294
18750,2024,1.0536730289459229
18759,2024,0.5694385170936584
18761,2024,0.0038469964638352394
18764,2024,0.5868767499923706
18779,2024,0.005275689996778965
18782,2024,0.0044008889235556126
18797,2024,0.7038805484771729
18805,2024,0.008677374571561813
18807,2024,0.008290968835353851
18812,2024,0.006182575598359108
18826,2024,0.4457295536994934
18828,2024,1.2005873918533325
18829,2024,0.4030720591545105
18833,2024,0.003854899201542139
18834,2024,1.123139500617981
18835,2024,0.4313260316848755
18837,2024,0.012076898477971554
18838,2024,0.5673252940177917
18841,2024,0.0018804892897605896
18862,2024,0.0037326652090996504
18874,2024,0.004665559623390436
18879,2024,0.0031669163145124912
18881,2024,0.00789288617670536
18893,2024,0.004595650359988213
18896,2024,0.9117521643638611
18907,2024,1.156028151512146
18912,2024,0.008811934851109982
18919,2024,0.007472227327525616
18921,2024,0.00758710503578186
18922,2024,0.012122848071157932
18924,2024,0.004606998059898615
18925,2024,0.01908390410244465
18927,2024,0.005217923317104578
18928,2024,0.004269282333552837
18930,2024,0.011481679044663906
18932,2024,0.004886779934167862
18934,2024,0.010332036763429642
18954,2024,0.00975639559328556
18964,2024,0.4825175404548645
18965,2024,0.003923678305000067
18973,2024,0.006585217546671629
18977,2024,0.00771680474281311
18980,2024,0.45588669180870056
18982,2024,1.1896483898162842
18992,2024,0.4046158492565155
19019,2024,0.4883592128753662
19036,2024,0.00710027851164341
19039,2024,0.005789723247289658
19044,2024,0.004648921079933643
19051,2024,0.012328648939728737
19058,2024,0.005992821883410215
19059,2024,0.005411839112639427
19072,2024,0.40338271856307983
19085,2024,1.3981865644454956
19087,2024,0.004375802353024483
19090,2024,0.0064132376573979855
19093,2024,0.006711538881063461
19101,2024,0.7305407524108887
19104,2024,0.005135712213814259
19107,2024,0.0042862314730882645
19112,2024,0.02391071245074272
19116,2024,0.4679333567619324
19169,2024,0.017121534794569016
19172,2024,0.006575669161975384
19176,2024,0.009644867852330208
19198,2024,0.5061995983123779
19206,2024,1.2696865797042847
19210,2024,0.44030964374542236
19232,2024,0.5437840223312378
19254,2024,0.006937265861779451
19257,2024,0.006579350680112839
19260,2024,0.004790923558175564
19278,2024,0.004963409621268511
19284,2024,0.0046351817436516285
19293,2024,0.5764803290367126
19298,2024,0.004608647432178259
19302,2024,0.01643751934170723
19304,2024,0.0050014955922961235
19322,2024,0.005488762632012367
19323,2024,0.005053669214248657
19343,2024,0.6861900687217712
19345,2024,0.007083042524755001
19350,2024,0.48097607493400574
19351,2024,0.4045628309249878
19356,2024,0.004351160954684019
19363,2024,0.004603302106261253
19378,2024,0.002532584359869361
19383,2024,0.5780965089797974
19389,2024,0.7070587873458862
19391,2024,0.004591293167322874
19392,2024,0.009969252161681652
19405,2024,0.0019776993431150913
19408,2024,0.012119119055569172
19418,2024,0.010329834185540676
19431,2024,0.005846082232892513
19435,2024,0.00562293641269207
19436,2024,0.004387125372886658
19439,2024,0.005297446623444557
19445,2024,0.006054638419300318
19456,2024,0.45884037017822266
19458,2024,0.00433191005140543
19467,2024,0.004892350174486637
19471,2024,0.008744986727833748
19477,2024,0.004800206050276756
19482,2024,0.011117151007056236
19487,2024,0.003734333673492074
19491,2024,0.00817251019179821
19492,2024,0.008072666823863983
19495,2024,0.006822566501796246
19499,2024,0.0037610435392707586
19503,2024,0.40668585896492004
19508,2024,0.019671835005283356
19526,2024,0.00762463454157114
19540,2024,0.00520384032279253
19549,2024,0.011186199262738228
19552,2024,0.003949584439396858
19555,2024,0.004607261158525944
19556,2024,1.5729351043701172
19557,2024,1.0045992136001587
19558,2024,0.35705411434173584
19576,2024,0.016696272417902946
19578,2024,0.6474836468696594
19581,2024,0.4063270390033722
19582,2024,2.317821741104126
19586,2024,0.005778618156909943
19591,2024,0.8645848631858826
19605,2024,0.0034768038894981146
19615,2024,0.0042804330587387085
19636,2024,0.005083395633846521
19646,2024,0.006473822519183159
19659,2024,0.009273821488022804
19662,2024,0.4043467938899994
19680,2024,0.003937818109989166
19699,2024,0.40450942516326904
19701,2024,0.4015166759490967
19708,2024,0.0120530491694808
19722,2024,0.011423250660300255
19723,2024,0.40399372577667236
19728,2024,0.5047025084495544
19745,2024,0.005490149836987257
19746,2024,0.00954571831971407
19747,2024,1.2925547361373901
19756,2024,0.0034182153176516294
19759,2024,0.4037325382232666
19768,2024,0.004654873628169298
19773,2024,0.46762552857398987
19775,2024,0.006761746946722269
19777,2024,0.007132037542760372
19783,2024,1.9205317497253418
19784,2024,0.693554699420929
19786,2024,0.0023690005764365196
19792,2024,0.4048463702201843
19815,2024,0.011290643364191055
19821,2024,0.012074782513082027
19823,2024,0.006885206326842308
19824,2024,1.5884119272232056
19849,2024,0.02389906346797943
19856,2024,0.009321833960711956
19895,2024,0.0069266427308321
19913,2024,0.010509958490729332
19921,2024,0.003440023399889469
19925,2024,0.7421013116836548
19945,2024,0.8150381445884705
19947,2024,0.552305281162262
19958,2024,0.458997905254364
19971,2024,0.0022772178053855896
19973,2024,0.00883029866963625
19986,2024,0.010912485420703888
19990,2024,0.010412842966616154
22005,2024,0.4052617847919464
22043,2024,0.010100150480866432
25008,2024,0.004731076303869486
25023,2024,1.0675759315490723
25025,2024,0.006153741851449013
25050,2024,0.0073375096544623375
25053,2024,0.004946413915604353
25071,2024,0.005611407570540905
25074,2024,0.40306031703948975
25076,2024,0.40360069274902344
25083,2024,0.9472313523292542
25088,2024,0.0064841145649552345
25095,2024,0.011734250001609325
25108,2024,0.006241661496460438
25120,2024,0.5454903244972229
25121,2024,0.4679621756076813
25136,2024,0.007189365103840828
25143,2024,0.44963425397872925
25146,2024,0.41731056571006775
25154,2024,0.006501685827970505
25162,2024,0.856264054775238
25165,2024,0.4044208824634552
25170,2024,0.40283840894699097
25174,2024,0.014512646943330765
25183,2024,0.010833930224180222
25193,2024,0.0035966052673757076
25201,2024,0.0030413398053497076
25213,2024,0.006423371843993664
25215,2024,0.0032414833549410105
25217,2024,0.40511858463287354
25226,2024,0.004873286467045546
25232,2024,1.1246463060379028
25242,2024,0.006724137347191572
25247,2024,0.006877611391246319
25266,2024,0.36490967869758606
25268,2024,0.008758616633713245
25270,2024,0.9734645485877991
25273,2024,0.004310367163270712
25276,2024,0.7943893074989319
25278,2024,1.680837631225586
25288,2024,0.023930933326482773
25301,2024,1.185859203338623
25313,2024,0.40444669127464294
25317,2024,0.00781156774610281
25318,2024,0.004466541577130556
25321,2024,1.2355914115905762
25323,2024,1.0715500116348267
25325,2024,0.5890010595321655
25337,2024,0.007598672527819872
25341,2024,0.004753096029162407
25343,2024,0.0051751509308815
25344,2024,0.008265864104032516
25346,2024,0.7514060735702515
25353,2024,0.7945752143859863
25358,2024,0.4618555009365082
25365,2024,0.9444696307182312
25370,2024,0.0109088234603405
25372,2024,0.006239146925508976
25373,2024,0.008429528214037418
25378,2024,0.006396815180778503
25380,2024,0.010700502432882786
25390,2024,0.027917485684156418
25431,2024,1.1554189920425415
25462,2024,0.007683104369789362
25473,2024,0.4048442542552948
25492,2024,0.014758276753127575
25497,2024,0.40335607528686523
25499,2024,0.009316328912973404
25503,2024,0.0020977321546524763
25507,2024,0.009342940524220467
25524,2024,0.0050859609618783
25529,2024,0.009018193930387497
25534,2024,0.7599372267723083
25548,2024,0.004883662331849337
25550,2024,0.005790641997009516
25553,2024,0.7675477266311646
25566,2024,0.003981342073529959
25570,2024,0.007563627324998379
25573,2024,1.1346352100372314
25579,2024,0.008196840062737465
25581,2024,0.007187895476818085
25587,2024,0.003184200031682849
25592,2024,0.005050736013799906
25601,2024,0.01019313745200634
25630,2024,0.535854160785675
25640,2024,0.6361888647079468
25645,2024,0.40321141481399536
25648,2024,0.5355380177497864
25667,2024,0.929193377494812
25669,2024,0.007363152224570513
25677,2024,0.0070252991281449795
25679,2024,0.010324696078896523
25693,2024,0.003356611356139183
25695,2024,0.5056960582733154
25697,2024,0.008724492974579334
25721,2024,0.5699207186698914
25735,2024,0.005110332742333412
25736,2024,0.004471978638321161
25742,2024,0.0023367919493466616
25769,2024,0.5045548677444458
25772,2024,0.6757285594940186
25774,2024,1.731358528137207
25783,2024,0.008287938311696053
25791,2024,1.0692365169525146
25793,2024,0.012232538312673569
25796,2024,0.0035592459607869387
25800,2024,0.6152735948562622
25801,2024,0.0035322029143571854
25804,2024,1.0457885265350342
25813,2024,0.404750794172287
25824,2024,0.006186800543218851
25825,2024,0.45885828137397766
25841,2024,0.4959338903427124
25845,2024,0.6324938535690308
25861,2024,0.001697074854746461
25862,2024,0.40516141057014465
25867,2024,0.404560387134552
25870,2024,0.00693485327064991
25879,2024,0.004908747971057892
25883,2024,0.007306990213692188
25886,2024,1.2346370220184326
25887,2024,1.1882927417755127
25889,2024,1.0944554805755615
25890,2024,0.7142355442047119
25891,2024,1.407905101776123
25912,2024,0.4828106164932251
25916,2024,0.0065908171236515045
25925,2024,0.40382370352745056
25944,2024,0.40572115778923035
25950,2024,0.40390706062316895
25953,2024,1.3640910387039185
25955,2024,0.004750706255435944
25960,2024,0.40334540605545044
25961,2024,0.0028838012367486954
25979,2024,0.40390393137931824
25981,2024,0.009324719198048115
25990,2024,0.006429074332118034
25996,2024,0.8214378952980042
26001,2024,0.0075434185564517975
26032,2024,2.1930642127990723
26033,2024,0.5139358043670654
26036,2024,0.0056971339508891106
26037,2024,0.0053867739625275135
26048,2024,0.0030426138546317816
26049,2024,0.007489983923733234
26052,2024,0.6815251708030701
26055,2024,0.0018585940124467015
26063,2024,0.4050322473049164
26075,2024,0.008606004528701305
26077,2024,0.00573305319994688
26080,2024,0.005327307153493166
26086,2024,0.4035474359989166
26094,2024,0.40559595823287964
26107,2024,0.9627942442893982
26109,2024,0.005486804060637951
26110,2024,0.4028729200363159
26111,2024,0.006050096824765205
26116,2024,0.0035189988557249308
26125,2024,0.008336788043379784
26126,2024,0.004731777589768171
26127,2024,0.00935172475874424
26130,2024,0.004508586134761572
26149,2024,0.4994712471961975
26151,2024,0.8045336008071899
26154,2024,0.4026593565940857
26159,2024,1.3211634159088135
26172,2024,0.41760003566741943
26175,2024,0.40255409479141235
26180,2024,0.0034526351373642683
26183,2024,0.014219237491488457
26190,2024,0.016719801351428032
26203,2024,0.40390440821647644
26204,2024,0.0038244505412876606
26206,2024,0.00662066088989377
26215,2024,0.692284882068634
26230,2024,1.0235631465911865
26239,2024,0.005428980104625225
26269,2024,0.0075935907661914825
26289,2024,0.00627335999161005
26311,2024,1.7898844480514526
26313,2024,0.005940629169344902
26321,2024,0.011718286201357841
26330,2024,0.4048067033290863
26348,2024,0.4040197730064392
26361,2024,0.4034099876880646
26363,2024,0.0049864621832966805
26367,2024,0.5528801679611206
26370,2024,0.003814143594354391
26380,2024,1.0363961458206177
26401,2024,0.9016686677932739
26414,2024,0.41766005754470825
26417,2024,0.010683320462703705
26418,2024,0.4055873453617096
26422,2024,0.011250283569097519
26423,2024,0.0041021076031029224
26443,2024,0.003961572889238596
26446,2024,0.4252076745033264
26447,2024,0.40443411469459534
26450,2024,0.031051475554704666
26452,2024,0.005783474072813988
26457,2024,0.0017791566206142306
26462,2024,0.0029736736323684454
26468,2024,0.004111140500754118
26469,2024,0.004582315217703581
26487,2024,0.7842480540275574
26504,2024,0.0029848855920135975
26531,2024,0.0071578482165932655
26544,2024,0.01957346871495247
26547,2024,0.5381984114646912
26555,2024,0.962044894695282
26556,2024,0.0037195738404989243
26561,2024,0.6258971691131592
26563,2024,0.00976124033331871
26567,2024,0.012692845426499844
26568,2024,0.40517720580101013
26570,2024,0.009634604677557945
26572,2024,0.003789234207943082
26577,2024,0.6265456676483154
26578,2024,0.004808783996850252
26593,2024,0.00619048485532403
26634,2024,0.009439275600016117
26646,2024,0.5210543274879456
26650,2024,0.01174616813659668
26653,2024,0.008324455469846725
26654,2024,0.0060069081373512745
26657,2024,0.9390465021133423
26658,2024,0.40605372190475464
26660,2024,0.4059015214443207
26662,2024,0.008498548530042171
26664,2024,0.6030458211898804
26666,2024,0.01541194785386324
26667,2024,0.0054310765117406845
26674,2024,0.005972982384264469
26680,2024,0.004043948370963335
26684,2024,0.006020172033458948
26693,2024,0.005945384968072176
26703,2024,0.009519376792013645
26706,2024,0.42463117837905884
26716,2024,0.4055587649345398
26719,2024,0.5003843307495117
26720,2024,0.6209655404090881
26721,2024,0.7386856079101562
26735,2024,0.4034743010997772
26743,2024,0.00553483422845602
26750,2024,0.4064660370349884
26752,2024,0.8580405116081238
26757,2024,0.8906994462013245
26760,2024,1.148987054824829
26761,2024,1.052887201309204
26762,2024,0.4034566283226013
26766,2024,0.0056886374950408936
26767,2024,0.007918285205960274
26769,2024,0.40274539589881897
26770,2024,0.5065580606460571
26771,2024,1.6711853742599487
26772,2024,0.4064728915691376
26780,2024,0.5297693610191345
26809,2024,0.5167723894119263
26813,2024,0.4050248861312866
26816,2024,0.40297931432724
26840,2024,0.4062786400318146
26852,2024,0.6869267821311951
26853,2024,0.6612852811813354
26862,2024,1.9552123546600342
26866,2024,0.003754483535885811
26875,2024,0.0039116800762712955
26893,2024,0.0078019993379712105
26901,2024,0.9495576024055481
26905,2024,0.5128617286682129
26915,2024,0.007505236659198999
26947,2024,1.3440513610839844
26952,2024,0.006636105477809906
26970,2024,0.4040008783340454
26971,2024,0.4044780135154724
26975,2024,0.5440627336502075
26976,2024,0.7856512665748596
26979,2024,0.005024231504648924
26980,2024,0.008716123178601265
26982,2024,0.006003642454743385
26984,2024,0.004978241864591837
26987,2024,0.40442585945129395
26995,2024,0.0032956546638160944
26998,2024,0.007452306803315878
27001,2024,0.013146714307367802
27004,2024,0.4025179445743561
27006,2024,0.0016670592594891787
27010,2024,0.4909173846244812
27024,2024,0.8740530610084534
27035,2024,0.007109978701919317
27037,2024,0.9660801887512207
27042,2024,0.0046589248813688755
27043,2024,0.40460604429244995
27049,2024,0.002692952984943986
27063,2024,0.007865993306040764
27072,2024,0.47169026732444763
27078,2024,2.0123958587646484
27081,2024,0.649747908115387
27082,2024,0.011222722008824348
27091,2024,0.0091713797301054
27096,2024,0.004539397079497576
28008,2024,1.1682847738265991
28011,2024,0.452913761138916
28021,2024,0.0029738638550043106
28024,2024,0.0071627432480454445
28034,2024,2.7725412845611572
28035,2024,0.005565111991018057
28050,2024,0.4044753611087799
28053,2024,0.006972620263695717
28059,2024,0.4041757881641388
28063,2024,1.0638012886047363
28067,2024,0.40680667757987976
28078,2024,0.003745259251445532
28090,2024,0.003927899524569511
28094,2024,0.007865496911108494
28098,2024,0.004206850193440914
28105,2024,0.002393542556092143
28115,2024,0.005463155452162027
28119,2024,0.012049391865730286
28122,2024,0.005300512537360191
28124,2024,0.00541439326480031
28127,2024,0.009276703000068665
28132,2024,0.0018918842542916536
28144,2024,0.007935537956655025
28145,2024,0.002463805954903364
28152,2024,0.005720019806176424
28153,2024,0.009996485896408558
28157,2024,0.018878351897001266
28159,2024,0.486136794090271
28160,2024,0.4045005738735199
28161,2024,0.0075000254437327385
28163,2024,0.00680546835064888
28168,2024,0.0054483916610479355
28171,2024,0.007570238318294287
28172,2024,0.005838141310960054
28175,2024,1.0193818807601929
28178,2024,0.004003824200481176
28184,2024,0.5754674673080444
28193,2024,1.0461539030075073
28195,2024,0.008179815486073494
28197,2024,0.9893354177474976
28198,2024,0.005849641747772694
28208,2024,0.4043567478656769
28218,2024,0.004717505536973476
28226,2024,0.5957033634185791
28229,2024,0.008170959539711475
28237,2024,0.010751122608780861
28259,2024,0.5490090250968933
28268,2024,0.40408003330230713
28271,2024,0.009309482760727406
28285,2024,0.8900178670883179
28304,2024,0.007354749366641045
28319,2024,0.011521446518599987
28321,2024,0.007436009123921394
28323,2024,0.008777225390076637
28331,2024,0.005415709223598242
28339,2024,0.004132616333663464
28341,2024,0.6621940732002258
28342,2024,0.00936509482562542
28344,2024,0.004343697335571051
28346,2024,0.004629882983863354
28349,2024,0.010167046450078487
28354,2024,0.011468922719359398
28356,2024,0.004224085249006748
28359,2024,0.0045806341804564
28360,2024,0.0019213911145925522
28362,2024,0.007204017601907253
28365,2024,0.004813747946172953
28373,2024,0.005819486919790506
28390,2024,0.006585961207747459
28393,2024,1.0013762712478638
28415,2024,0.00451944163069129
28450,2024,0.0062927380204200745
28454,2024,0.005175383295863867
28478,2024,0.40491217374801636
28480,2024,0.006671507842838764
28483,2024,0.0027192228008061647
28484,2024,0.008730691857635975
28489,2024,0.8120415210723877
28492,2024,0.005273555871099234
28493,2024,0.016865748912096024
28496,2024,0.001934382482431829
28507,2024,0.4037633240222931
28508,2024,0.009585688821971416
28512,2024,0.0046888114884495735
28516,2024,0.004638361278921366
28520,2024,0.4076072573661804
28543,2024,0.007735559716820717
28548,2024,0.016654014587402344
28549,2024,0.005941863637417555
28553,2024,0.8900682926177979
28555,2024,0.009123207069933414
28561,2024,0.40509214997291565
28566,2024,0.48171693086624146
28581,2024,0.004629751667380333
28585,2024,0.4043821394443512
28586,2024,0.0064492421224713326
28597,2024,0.42952239513397217
28600,2024,0.007524135056883097
28619,2024,0.0016617747023701668
28623,2024,0.5186453461647034
28627,2024,0.003970154095441103
28630,2024,0.0034171943552792072
28637,2024,0.005426752381026745
28638,2024,0.5935345888137817
28649,2024,0.007382702548056841
28653,2024,0.0075150830671191216
28654,2024,0.007538798730820417
28669,2024,0.4043879210948944
28679,2024,0.012409395538270473
28684,2024,0.004494230728596449
28693,2024,0.00413285568356514
28697,2024,0.4054270088672638
28703,2024,0.03405149653553963
28707,2024,0.004567552357912064
28721,2024,1.4847462177276611
28723,2024,0.6846758127212524
28733,2024,0.013118107803165913
28744,2024,1.4646146297454834
28745,2024,0.5355625152587891
28747,2024,0.002256598323583603
28749,2024,0.5074200630187988
28752,2024,0.006352532655000687
28755,2024,0.004680914338678122
28756,2024,0.5081778168678284
28775,2024,0.5214641690254211
28780,2024,0.008007444441318512
28809,2024,0.4694261848926544
28823,2024,0.005890476983040571
28832,2024,0.5942273736000061
28833,2024,0.011108776554465294
28840,2024,0.004159894771873951
28857,2024,1.1724714040756226
28859,2024,0.470685213804245
28860,2024,0.8467752933502197
28872,2024,0.004391914699226618
28878,2024,0.0038541487883776426
28882,2024,0.004611091688275337
28884,2024,0.004381932783871889
28906,2024,0.007581537123769522
28911,2024,0.005043445620685816
28932,2024,0.007133477833122015
28938,2024,0.005099502857774496
28949,2024,0.009409756399691105
28955,2024,1.1712052822113037
28963,2024,0.005191086325794458
28967,2024,1.3477059602737427
28968,2024,0.005602395161986351
28977,2024,0.010199486277997494
29003,2024,0.005659326445311308
29028,2024,0.0043605612590909
29029,2024,0.4055198132991791
29031,2024,0.40383461117744446
29038,2024,1.1593611240386963
29044,2024,0.011999150738120079
29057,2024,0.017291544005274773
29063,2024,0.006344005931168795
29070,2024,0.40460339188575745
29077,2024,0.4789600372314453
29084,2024,0.008019989356398582
29090,2024,0.004523789044469595
29103,2024,0.0070090582594275475
29106,2024,0.014171270653605461
29127,2024,0.004105420783162117
29129,2024,0.003958815708756447
29132,2024,0.008012568578124046
29161,2024,0.010611683130264282
29194,2024,0.0014766303356736898
29201,2024,0.0052557094022631645
29202,2024,0.004995814524590969
29221,2024,0.4904065728187561
29228,2024,0.005069074220955372
29231,2024,0.9522273540496826
29241,2024,1.0452358722686768
29249,2024,0.008042760193347931
29252,2024,0.5098003149032593
29256,2024,0.006521329283714294
29267,2024,0.717789351940155
29270,2024,0.006170761771500111
29272,2024,0.004865235649049282
29276,2024,0.723678469657898
29277,2024,0.004673684947192669
29281,2024,0.47309398651123047
29284,2024,1.7195932865142822
29287,2024,0.004370052367448807
29288,2024,0.0059996298514306545
29289,2024,0.014552312903106213
29296,2024,0.005071291234344244
29305,2024,0.0048140957951545715
29308,2024,0.009001443162560463
29321,2024,1.0278791189193726
29322,2024,0.006309567950665951
29323,2024,0.6020621061325073
29327,2024,0.8941023349761963
29331,2024,1.5295026302337646
29332,2024,0.48926910758018494
29333,2024,0.5168395042419434
29343,2024,0.005326010752469301
29362,2024,0.009449250996112823
29366,2024,0.0062003470957279205
29375,2024,0.0038314787670969963
29379,2024,0.005437476560473442
29390,2024,0.004507261328399181
29397,2024,0.004027754068374634
29400,2024,0.40398746728897095
29407,2024,0.007422256283462048
29416,2024,0.013744031079113483
29423,2024,0.40391233563423157
29432,2024,0.003871677443385124
29440,2024,0.003619843628257513
29502,2024,0.5362419486045837
29507,2024,0.002172661479562521
29519,2024,0.005935225170105696
29526,2024,0.004212207160890102
29530,2024,0.004039369057863951
29533,2024,0.4570760428905487
29545,2024,0.4057917594909668
29555,2024,0.005444388370960951
29556,2024,0.8299506902694702
29558,2024,0.39321497082710266
29559,2024,0.0072441562078893185
29560,2024,0.8971743583679199
29563,2024,2.025839328765869
29565,2024,0.5026772618293762
29576,2024,0.9245774149894714
29580,2024,0.42332014441490173
29589,2024,1.0493552684783936
29604,2024,0.012489642947912216
29609,2024,0.00375124579295516
29611,2024,0.40407487750053406
29624,2024,0.007396329659968615
29642,2024,1.288771390914917
29660,2024,0.0031767329201102257
29702,2024,0.012669499032199383
29710,2024,0.007167208939790726
29726,2024,0.004027755931019783
29734,2024,0.0037184152752161026
29737,2024,0.005079412367194891
29754,2024,0.0030223396606743336
29757,2024,0.007030793931335211
29760,2024,0.002905335510149598
29765,2024,0.006590795703232288
29769,2024,0.010263053700327873
29777,2024,0.0052504041232168674
29779,2024,0.4299236536026001
29783,2024,0.9048893451690674
29798,2024,0.008675971999764442
29801,2024,0.010737269185483456
29806,2024,0.011717208661139011
29807,2024,0.006063138134777546
29827,2024,0.002909603528678417
29836,2024,0.006637894082814455
29842,2024,0.005472350399941206
29849,2024,0.029082147404551506
29853,2024,0.0042438991367816925
29858,2024,0.40570351481437683
29875,2024,0.6179087162017822
29884,2024,0.008285198360681534
29899,2024,0.4053005576133728
29902,2024,0.012671833857893944
29916,2024,0.004771019797772169
29917,2024,0.008671389892697334
29945,2024,0.9437329173088074
29959,2024,0.403183251619339
29960,2024,0.40546727180480957
29963,2024,0.007206910755485296
29966,2024,1.6643458604812622
29972,2024,0.405365526676178
29977,2024,0.007866328582167625
29996,2024,1.1276764869689941
29997,2024,0.5999047160148621
30007,2024,0.010957498103380203
30008,2024,0.015612427145242691
30019,2024,0.728008508682251
30033,2024,0.568787693977356
30038,2024,0.004600899759680033
30058,2024,0.405122309923172
30070,2024,0.0071820709854364395
30071,2024,0.004929329268634319
30079,2024,0.004622419364750385
30080,2024,0.40496182441711426
30082,2024,0.009380865842103958
30092,2024,0.0033878139220178127
30096,2024,0.005811575334519148
30126,2024,0.05761023983359337
30131,2024,0.006196471396833658
30135,2024,0.012234160676598549
30139,2024,0.43355458974838257
30142,2024,0.007154563907533884
30150,2024,0.00724009471014142
30151,2024,0.004640448372811079
30166,2024,0.005004961043596268
30169,2024,0.45409655570983887
30177,2024,0.40312159061431885
30188,2024,0.7754712104797363
30193,2024,0.0055235340259969234
30199,2024,0.00917371828109026
30206,2024,0.45385831594467163
30213,2024,0.6459267735481262
30214,2024,0.798188328742981
30220,2024,0.003274484071880579
30222,2024,0.009428288787603378
30225,2024,0.40411531925201416
30252,2024,0.4030371904373169
30256,2024,0.010758783668279648
30264,2024,0.006997003220021725
30273,2024,0.4062356948852539
30276,2024,0.004506806377321482
30284,2024,0.007179558277130127
30320,2024,0.00796751119196415
30328,2024,0.004002959467470646
30336,2024,0.006034392863512039
30345,2024,0.004805068485438824
30376,2024,0.011700687929987907
30380,2024,0.0056748236529529095
30390,2024,0.4815303087234497
30396,2024,0.005290089640766382
30416,2024,0.0089663565158844
30418,2024,0.40552836656570435
30428,2024,0.9641183018684387
30440,2024,0.0028049242682754993
30451,2024,0.0064456528052687645
30463,2024,0.8754025101661682
30464,2024,1.2808427810668945
30465,2024,0.7742487192153931
30471,2024,0.0056633432395756245
30472,2024,1.3257814645767212
30473,2024,1.3509656190872192
30476,2024,0.0067904056049883366
30477,2024,0.5015057921409607
30480,2024,0.009616674855351448
30481,2024,0.006232036743313074
30482,2024,0.9193766117095947
30483,2024,0.005275378935039043
30485,2024,0.5758943557739258
30498,2024,0.010141679085791111
30502,2024,0.4064747393131256
30508,2024,0.011753818020224571
30513,2024,0.40721604228019714
30518,2024,0.8274552226066589
30520,2024,0.6386271715164185
30560,2024,0.009641864337027073
30571,2024,0.005976870656013489
30576,2024,0.0055165826342999935
30577,2024,0.005598069168627262
30591,2024,0.004324579611420631
30606,2024,0.00737980380654335
30607,2024,0.4053282141685486
30614,2024,0.003906280733644962
30620,2024,0.00815264880657196
30632,2024,0.43128424882888794
30636,2024,0.0123763931915164
30638,2024,0.005209479480981827
30653,2024,1.380480170249939
30659,2024,0.015998657792806625
30663,2024,0.006643457803875208
30670,2024,1.179478406906128
30672,2024,0.014914768747985363
30679,2024,0.004213729873299599
30681,2024,0.5817000269889832
30686,2024,0.006529546342790127
30695,2024,0.0035003898665308952
30704,2024,0.005227267742156982
30708,2024,0.00722419423982501
30717,2024,0.012965679168701172
30721,2024,0.5462360382080078
30725,2024,0.008154102601110935
30726,2024,0.01013638824224472
30732,2024,0.009400625713169575
30734,2024,0.010829156264662743
30736,2024,0.4041489362716675
30738,2024,0.40468934178352356
30745,2024,0.00936961267143488
30747,2024,0.0078076864592731
30755,2024,0.0031198845244944096
30770,2024,0.00892548356205225
30782,2024,0.005584022495895624
30789,2024,0.6978486776351929
30807,2024,0.014700821600854397
30814,2024,0.010069814510643482
30820,2024,0.004979875870049
30823,2024,0.005667305551469326
30840,2024,0.005959424655884504
30857,2024,0.004424100276082754
30870,2024,0.404247909784317
30871,2024,0.004616213496774435
30873,2024,0.02702908404171467
30877,2024,0.007220056373625994
30879,2024,0.8388056755065918
30881,2024,0.5207930207252502
30888,2024,0.4426690936088562
30890,2024,0.002942123217508197
30891,2024,0.40452107787132263
30898,2024,0.4208686053752899
30899,2024,1.1668184995651245
30900,2024,0.7822780609130859
30901,2024,0.42113420367240906
30910,2024,0.00786963477730751
30915,2024,0.041097018867731094
30922,2024,0.011009285226464272
30927,2024,0.009007463231682777
30931,2024,0.006042706314474344
30946,2024,0.012579538859426975
30951,2024,0.7379173636436462
30954,2024,0.007718557491898537
30956,2024,0.5386742353439331
30957,2024,0.015365290455520153
30961,2024,1.0362573862075806
30962,2024,0.5064286589622498
30964,2024,0.0070444089360535145
30975,2024,0.006424667313694954
31000,2024,0.004399288445711136
31005,2024,0.4816972017288208
31007,2024,0.005429516546428204
31009,2024,0.8899371027946472
31010,2024,0.004102322738617659
31023,2024,0.007355561014264822
31026,2024,0.9292813539505005
31033,2024,0.005280913319438696
31036,2024,0.4821862280368805
31047,2024,0.006534902844578028
31049,2024,0.0052526467479765415
31053,2024,0.0069584972225129604
31075,2024,0.007203381974250078
31080,2024,0.011660280637443066
31089,2024,1.0619816780090332
31092,2024,0.008953155018389225
31095,2024,0.40458229184150696
31099,2024,0.009679896757006645
31109,2024,0.00985915306955576
31116,2024,0.006914488505572081
31117,2024,1.6570091247558594
31123,2024,0.004283774644136429
31146,2024,0.5496291518211365
31151,2024,0.39657092094421387
31157,2024,0.0015957747818902135
31164,2024,0.7399197220802307
31166,2024,0.0024388062302023172
31174,2024,1.5240870714187622
31176,2024,0.009679685346782207
31189,2024,0.401108056306839
31205,2024,0.007074850611388683
31207,2024,0.4055560529232025
31211,2024,0.003609310369938612
31212,2024,0.011305850930511951
31214,2024,0.008657984435558319
31230,2024,0.45788538455963135
31234,2024,0.0050789122469723225
31249,2024,1.1893922090530396
31267,2024,0.00804218091070652
31272,2024,0.010193131864070892
31276,2024,0.40796616673469543
31288,2024,1.2541803121566772
31299,2024,0.006838062312453985
31305,2024,0.005618451163172722
31318,2024,0.40545761585235596
31321,2024,0.012568487785756588
31327,2024,0.0053624981082975864
31334,2024,0.008400690741837025
31337,2024,0.008016175590455532
31340,2024,0.6473243832588196
31352,2024,0.006640684325248003
31358,2024,0.4227314889431
31370,2024,0.004309764597564936
31371,2024,0.01575557515025139
31374,2024,0.40417972207069397
31377,2024,0.01316861342638731
31385,2024,2.1609272956848145
31394,2024,0.6331367492675781
31397,2024,0.6078954935073853
31403,2024,0.003007155377417803
31406,2024,0.0064764306880533695
31413,2024,0.003970547579228878
31426,2024,0.0050990767776966095
31438,2024,0.012295261956751347
31439,2024,0.006825473625212908
31443,2024,0.5585882663726807
31447,2024,0.833424985408783
31452,2024,0.005383617710322142
31453,2024,0.4043561518192291
31467,2024,0.02135620266199112
31479,2024,0.5411473512649536
31484,2024,0.006270388141274452
31491,2024,0.004844104405492544
31500,2024,0.008053367957472801
31504,2024,0.4043731689453125
31510,2024,0.40473490953445435
31515,2024,0.7375038862228394
31526,2024,0.4052305817604065
31532,2024,0.009822148829698563
31541,2024,0.5468947291374207
31542,2024,0.006678396835923195
31545,2024,0.4820387661457062
31548,2024,0.4051036834716797
31553,2024,0.003404805902391672
31560,2024,0.0052283164113759995
31561,2024,0.007170543540269136
31562,2024,0.00331406039185822
31565,2024,0.007429952267557383
31606,2024,0.008619654923677444
31611,2024,0.0053395298309624195
31615,2024,0.005277690477669239
31624,2024,0.5523115396499634
31627,2024,0.013991521671414375
31633,2024,0.0046671605668962
31634,2024,0.5668744444847107
31643,2024,0.017123153433203697
31645,2024,0.002538996050134301
31649,2024,1.0972270965576172
31662,2024,0.009812922216951847
31669,2024,0.005948716774582863
31670,2024,0.004659402649849653
31671,2024,0.0074255196377635
31682,2024,0.5481564998626709
31685,2024,0.004742302466183901
31688,2024,0.0057423049584031105
31697,2024,0.011200966313481331
31704,2024,0.007645103149116039
31705,2024,0.40329453349113464
31723,2024,1.147020697593689
31725,2024,0.4919208586215973
31727,2024,0.005942195653915405
31731,2024,0.0033087667543441057
31736,2024,0.010455392301082611
31738,2024,0.7312750816345215
31741,2024,0.004903934895992279
31745,2024,0.013843152672052383
31747,2024,0.0022697453387081623
31752,2024,0.0052699134685099125
31757,2024,0.0038393493741750717
31760,2024,0.010308755561709404
31778,2024,0.007507379166781902
31779,2024,0.011551783420145512
31782,2024,0.9464740753173828
31788,2024,0.0077460892498493195
31790,2024,0.01131379883736372
31791,2024,0.011525961570441723
31799,2024,0.004454960115253925
31813,2024,0.00835957657545805
31814,2024,0.0030284198001027107
31827,2024,0.005485186818987131
31830,2024,0.008272194303572178
31834,2024,0.004638204351067543
31841,2024,0.8969764709472656
31860,2024,0.003590094158425927
31861,2024,0.004162118770182133
31862,2024,0.009364116005599499
31863,2024,0.4577849507331848
31868,2024,0.0035307742655277252
31869,2024,0.009069808758795261
31874,2024,0.7236109972000122
31879,2024,0.009695255197584629
31884,2024,0.009265548549592495
31886,2024,0.4033021330833435
31887,2024,0.0073669906705617905
31902,2024,0.011973923072218895
31906,2024,0.4035152792930603
31928,2024,0.0033125588670372963
31930,2024,0.0077707464806735516
31931,2024,0.004521351773291826
31933,2024,0.002332379575818777
31934,2024,0.00838412158191204
31941,2024,1.2107588052749634
31943,2024,0.024319859221577644
31944,2024,0.004750067368149757
31962,2024,0.0055698733776807785
31965,2024,0.0027457494288682938
31969,2024,0.00235847570002079
31970,2024,0.0071755279786884785
31972,2024,0.4046078324317932
31984,2024,0.006338868755847216
31987,2024,0.004601495806127787
31988,2024,0.5384756922721863
31991,2024,0.008145354688167572
31994,2024,0.4898616373538971
31998,2024,0.4046609699726105
32005,2024,0.00428541237488389
32013,2024,0.006188008468598127
32034,2024,0.005826426669955254
32066,2024,0.40410488843917847
32069,2024,0.012576354667544365
32074,2024,0.006313467863947153
32085,2024,0.011249445378780365
32086,2024,0.004584751557558775
32097,2024,0.005945419892668724
32105,2024,0.01465587504208088
32107,2024,0.4040374457836151
32118,2024,0.006047535687685013
32124,2024,0.006657061167061329
32129,2024,0.005285943858325481
32155,2024,0.010333889164030552
32183,2024,0.4051302373409271
32193,2024,0.47967851161956787
32200,2024,0.02149449661374092
32202,2024,0.04637487605214119
32227,2024,0.0048856791108846664
32245,2024,0.011965322308242321
32246,2024,0.004876381251960993
32256,2024,0.9318808317184448
32257,2024,0.007550804875791073
32260,2024,0.007281666621565819
32261,2024,0.006718423683196306
32268,2024,0.012357786297798157
32278,2024,0.004893864039331675
32280,2024,0.4052739441394806
32287,2024,0.003058464266359806
32308,2024,0.010602191090583801
32314,2024,0.006475313100963831
32342,2024,0.00874385330826044
32378,2024,0.015070345252752304
32385,2024,0.004932507406920195
32386,2024,0.48348936438560486
32409,2024,0.007151327561587095
32413,2024,0.01378905400633812
32415,2024,0.003688775934278965
32425,2024,0.005137980449944735
32428,2024,0.9192521572113037
32434,2024,0.011029299348592758
32448,2024,0.40427955985069275
32454,2024,1.37809157371521
32463,2024,0.0035193676594644785
32465,2024,0.006588311400264502
32468,2024,0.4045608639717102
32472,2024,0.005597095936536789
32479,2024,0.5300885438919067
32480,2024,0.5365461707115173
32483,2024,0.010809000581502914
32486,2024,0.01299163419753313
32488,2024,0.002846792107447982
32501,2024,0.012120782397687435
32507,2024,0.005017123185098171
32510,2024,0.004691372625529766
32513,2024,0.005292398855090141
32519,2024,0.0033905168529599905
32526,2024,0.01060282438993454
32527,2024,0.6572715044021606
32533,2024,0.7239898443222046
32541,2024,0.006893747486174107
32542,2024,0.007216824218630791
32548,2024,0.40355145931243896
32550,2024,0.009764946065843105
32561,2024,1.0592705011367798
32569,2024,0.40475383400917053
32579,2024,0.005115206353366375
32581,2024,0.009203692898154259
32598,2024,0.0037225941196084023
32607,2024,0.005154884420335293
32626,2024,1.5310585498809814
32636,2024,0.009666508063673973
32643,2024,0.40377098321914673
32661,2024,0.40513840317726135
32667,2024,0.4688243865966797
32676,2024,0.01047399453818798
32685,2024,0.00765356095507741
32688,2024,0.007011867593973875
32705,2024,0.007410818245261908
32719,2024,0.4043070375919342
32723,2024,0.004970313049852848
32729,2024,0.5622774958610535
32751,2024,0.005812112707644701
32754,2024,1.2997441291809082
32780,2024,1.034828782081604
32789,2024,0.40394675731658936
32793,2024,0.0039031144697219133
32801,2024,0.0060227420181035995
32809,2024,0.40455761551856995
32814,2024,0.006708674132823944
32822,2024,0.00862955767661333
32824,2024,0.003525751642882824
32839,2024,0.00421636737883091
32840,2024,0.4688587188720703
32847,2024,0.40501168370246887
32853,2024,0.0053781853057444096
32854,2024,0.00482317665591836
32856,2024,0.015877986326813698
32857,2024,1.757407784461975
32858,2024,1.4870809316635132
32863,2024,0.5445712804794312
32864,2024,0.0674038678407669
32868,2024,0.8699914813041687
32883,2024,0.461283802986145
32885,2024,0.006328328046947718
32891,2024,0.4873906672000885
32896,2024,0.6987565159797668
32899,2024,0.4798409938812256
32903,2024,0.4661230444908142
32908,2024,0.004413219168782234
32917,2024,0.4060346484184265
32920,2024,0.40315067768096924
32930,2024,0.7471601366996765
32944,2024,0.43885841965675354
32947,2024,0.014478201046586037
32949,2024,0.4042713940143585
32952,2024,0.0028606096748262644
32969,2024,0.00917065516114235
32984,2024,0.007037716452032328
32993,2024,0.010748988017439842
34006,2024,0.007907610386610031
34008,2024,0.0038243895396590233
34014,2024,0.008016325533390045
34015,2024,0.7901602387428284
34023,2024,0.006015796680003405
34029,2024,0.00727539649233222
34034,2024,0.6185203194618225
34035,2024,0.44221946597099304
34040,2024,0.40440061688423157
34046,2024,0.006190876942127943
34052,2024,0.006735500879585743
34060,2024,0.0034991006832569838
34066,2024,0.005884643644094467
34077,2024,0.4050304591655731
34098,2024,0.004162641707807779
34101,2024,0.4052070379257202
34104,2024,0.0114534180611372
34113,2024,0.004520743619650602
34120,2024,1.004423975944519
34125,2024,0.004528527148067951
34126,2024,0.005952975247055292
34133,2024,0.7118814587593079
34136,2024,0.005334681831300259
34142,2024,0.003290731692686677
34145,2024,0.004559071734547615
34152,2024,0.5734351873397827
34189,2024,0.005390318110585213
34198,2024,0.004026352893561125
34206,2024,0.006036282051354647
34209,2024,0.4036007821559906
34214,2024,0.40511956810951233
34215,2024,0.4043998122215271
34219,2024,0.4912174642086029
34235,2024,0.007457050960510969
34263,2024,0.006078928709030151
34264,2024,0.009752975776791573
34270,2024,0.4805507957935333
34271,2024,0.006287943571805954
34274,2024,0.008789255283772945
34292,2024,0.003100514644756913
34297,2024,0.010896028950810432
34301,2024,0.013471156358718872
34305,2024,0.6225255727767944
34311,2024,0.012196123600006104
34325,2024,0.00463069137185812
34334,2024,0.001572008477523923
34335,2024,0.007337148301303387
34340,2024,0.00644058920443058
34345,2024,0.008104536682367325
34346,2024,0.01046623382717371
34348,2024,0.01701761595904827
34351,2024,0.40589672327041626
34354,2024,0.5445507168769836
34356,2024,0.8126288652420044
34361,2024,0.006297714076936245
34367,2024,0.008647294715046883
34375,2024,0.004411322996020317
34377,2024,0.7810689210891724
34378,2024,0.40598857402801514
34386,2024,0.7765719890594482
34392,2024,0.004095269832760096
34424,2024,0.7976366281509399
34436,2024,0.005169740412384272
34438,2024,0.7919968962669373
34445,2024,0.5405652523040771
34458,2024,0.4054204821586609
34465,2024,0.008424963802099228
34482,2024,0.0029747369699180126
34485,2024,0.0038600510451942682
34487,2024,0.5169752836227417
34491,2024,0.45372718572616577
34509,2024,0.006430698558688164
34513,2024,0.004759620409458876
34517,2024,0.00793477427214384
34522,2024,0.40457409620285034
34523,2024,0.006606867536902428
34546,2024,0.45417487621307373
34549,2024,0.011983993463218212
34556,2024,0.05569953843951225
34558,2024,1.0530850887298584
34560,2024,0.9046378135681152
34566,2024,0.003995734732598066
34569,2024,0.004511306993663311
34582,2024,0.006677824072539806
34584,2024,0.0046456647105515
34592,2024,0.0026542693376541138
34597,2024,0.6164970993995667
34629,2024,0.6538503170013428
34643,2024,0.006152620539069176
34659,2024,0.0037419237196445465
34666,2024,0.4052123427391052
34673,2024,0.011690936982631683
34675,2024,0.003027923870831728
34683,2024,0.00562876695767045
34690,2024,0.0066114249639213085
34691,2024,0.008475681766867638
34708,2024,0.006214130204170942
34714,2024,0.40329957008361816
34724,2024,0.003634727792814374
34726,2024,0.008347298949956894
34728,2024,0.4769126772880554
34734,2024,0.003910456318408251
34737,2024,0.007414018269628286
34738,2024,0.003744263667613268
34764,2024,0.614374041557312
34772,2024,0.7172152996063232
34774,2024,0.009387540630996227
34782,2024,0.6732187271118164
34783,2024,0.009055140428245068
34786,2024,0.003075186163187027
34788,2024,0.008510024286806583
34796,2024,0.5237113833427429
34802,2024,0.00651630200445652
34808,2024,0.004760627169162035
34819,2024,0.00834414642304182
34834,2024,0.005457361228764057
34835,2024,0.40393465757369995
34837,2024,0.004914256278425455
34838,2024,0.003969305194914341
34846,2024,0.007904770784080029
34852,2024,0.006758755072951317
34861,2024,0.007056086789816618
34884,2024,0.006300191394984722
34889,2024,0.009737038053572178
34901,2024,0.40552806854248047
34902,2024,0.0032382195349782705
34908,2024,0.0036171372048556805
34910,2024,0.0036939969286322594
34920,2024,0.015661321580410004
34921,2024,0.005078367423266172
34930,2024,0.544080376625061
34931,2024,0.005304380785673857
34932,2024,0.011937927454710007
34936,2024,0.5968455672264099
34939,2024,0.004646447487175465
34956,2024,0.002069896087050438
34958,2024,0.013646073639392853
34975,2024,0.0097995949909091
34979,2024,0.008418307639658451
34984,2024,0.40382376313209534
34990,2024,0.011473840102553368
35000,2024,0.009632362984120846
35004,2024,0.007675992790609598
35007,2024,0.007373785600066185
35010,2024,0.005418671295046806
35012,2024,0.40296509861946106
35013,2024,0.6238899230957031
35029,2024,0.01483201701194048
35037,2024,0.012059886939823627
35039,2024,0.010040085762739182
35051,2024,0.0077322544530034065
35059,2024,0.01003984734416008
35064,2024,0.4047604501247406
35069,2024,0.4040447473526001
35084,2024,0.0037202765233814716
35088,2024,0.3912146985530853
35113,2024,0.004166887141764164
35125,2024,0.02425454929471016
35126,2024,0.008666092529892921
35127,2024,0.005055107641965151
35137,2024,0.007160927634686232
35141,2024,0.014601816423237324
35157,2024,0.5948006510734558
35158,2024,0.47891026735305786
35159,2024,0.6435040831565857
35168,2024,1.6189593076705933
35170,2024,0.8600289821624756
35172,2024,1.0337177515029907
35181,2024,0.744408130645752
35186,2024,0.01431672740727663
35188,2024,0.6260507106781006
35191,2024,0.005155432969331741
35209,2024,0.004898332059383392
35211,2024,0.0068820323795080185
35214,2024,0.011500131338834763
35230,2024,0.008976040408015251
35251,2024,0.012924768030643463
35268,2024,0.0043517532758414745
35271,2024,0.5046624541282654
35275,2024,0.0028289579786360264
35278,2024,0.006270874757319689
35300,2024,1.4224138259887695
35313,2024,0.004246300086379051
35323,2024,0.0037587378174066544
35329,2024,0.00483310641720891
35339,2024,0.00589106697589159
35344,2024,0.004010959528386593
35356,2024,0.404012531042099
35366,2024,0.005829434376209974
35367,2024,0.0043614995665848255
35370,2024,0.01887556165456772
35372,2024,0.00375839089974761
35374,2024,0.6272554993629456
35375,2024,0.003749229945242405
35385,2024,0.40334540605545044
35387,2024,0.005203692242503166
35404,2024,0.010738584212958813
35413,2024,0.007318568415939808
35414,2024,0.015562372282147408
35416,2024,0.5529037714004517
35426,2024,0.0048025818541646
35429,2024,0.4044029414653778
35431,2024,0.003096864093095064
35434,2024,0.4870813190937042
35437,2024,0.010236225090920925
35439,2024,0.40296804904937744
35440,2024,1.5418238639831543
35458,2024,0.004794973414391279
35462,2024,0.006258364301174879
35477,2024,0.40494972467422485
35479,2024,0.011573372408747673
35480,2024,0.00502394326031208
35493,2024,0.7270475029945374
35515,2024,0.5894192457199097
35516,2024,0.00419288594275713
35519,2024,0.40309324860572815
35523,2024,0.006592809688299894
35530,2024,0.8160183429718018
35550,2024,0.008092311210930347
35551,2024,0.00232134573161602
35557,2024,0.005590168759226799
35558,2024,0.007474538404494524
35560,2024,0.003073433181270957
35564,2024,0.00470598554238677
35567,2024,0.003917687106877565
35569,2024,0.009406529366970062
35581,2024,0.4590598940849304
35586,2024,0.019233455881476402
35590,2024,0.0040016453713178635
35597,2024,0.0030609043315052986
35598,2024,0.004523755516856909
35599,2024,0.00513476924970746
35605,2024,0.010819110088050365
35637,2024,0.4050557315349579
35640,2024,0.008731880225241184
35647,2024,0.008104615844786167
35649,2024,0.006585860624909401
35676,2024,0.0045231967233121395
35677,2024,0.010460476391017437
35681,2024,0.004942703060805798
35692,2024,0.003683985909447074
35693,2024,1.209940791130066
35698,2024,0.007950401864945889
35701,2024,0.004963178187608719
35707,2024,0.012946363538503647
35729,2024,0.40495431423187256
35739,2024,0.591114342212677
35743,2024,0.011499823071062565
35747,2024,0.004520780872553587
35749,2024,0.004260871093720198
35752,2024,0.0034234225749969482
35757,2024,0.01940157450735569
35764,2024,0.004415473435074091
35770,2024,0.004116391763091087
35774,2024,0.002861578483134508
35785,2024,0.004245298448950052
35800,2024,0.00666993809863925
35806,2024,0.4030979871749878
35807,2024,0.4602738618850708
35816,2024,0.40576261281967163
35818,2024,0.005263942293822765
35827,2024,0.011788303963840008
35860,2024,0.8595967888832092
35865,2024,0.880914568901062
35870,2024,0.006940447259694338
35872,2024,1.089754581451416
35873,2024,0.5494797825813293
35874,2024,0.4053606390953064
35878,2024,0.006011881399899721
35882,2024,0.9939488768577576
35883,2024,0.010018021799623966
35884,2024,0.40528732538223267
35885,2024,0.4442342221736908
35892,2024,0.6779106259346008
35897,2024,0.004974737763404846
35899,2024,1.4499495029449463
35903,2024,0.00894720759242773
35920,2024,0.005132975056767464
35924,2024,0.4062521457672119
35936,2024,0.754233717918396
35951,2024,0.4041978120803833
35959,2024,0.5701713562011719
35962,2024,0.528538703918457
35970,2024,0.00544169545173645
35975,2024,0.004355727694928646
35982,2024,0.4107252359390259
35983,2024,0.6655875444412231
35995,2024,0.40427979826927185
36008,2024,1.2829651832580566
36011,2024,0.0037921234034001827
36018,2024,0.00463382713496685
36019,2024,0.007546763867139816
36038,2024,0.5706188082695007
36040,2024,0.005568998865783215
36056,2024,0.9279464483261108
36061,2024,0.0017635115655139089
36064,2024,0.006620823871344328
36081,2024,0.015804342925548553
36100,2024,0.005660690367221832
36102,2024,0.001558755524456501
36104,2024,0.4086223542690277
36110,2024,1.0290882587432861
36129,2024,0.9294053316116333
36134,2024,0.003910996485501528
36138,2024,0.47339650988578796
36156,2024,0.010634057223796844
36158,2024,0.8273653984069824
36159,2024,0.006761364638805389
36183,2024,0.004600901156663895
36185,2024,0.40283864736557007
36190,2024,0.00527357030659914
36204,2024,0.7633244395256042
36214,2024,1.566645622253418
36216,2024,0.3732838034629822
36224,2024,0.4527243375778198
36235,2024,0.4516027867794037
36240,2024,0.0041217016987502575
36249,2024,0.008085942827165127
36250,2024,0.40505027770996094
36260,2024,0.005444359499961138
36261,2024,0.006507646292448044
36265,2024,0.005458121187984943
36271,2024,0.004754344001412392
36273,2024,0.007120131049305201
36275,2024,0.004001345485448837
36279,2024,0.0054415930062532425
36284,2024,0.009487240575253963
36292,2024,0.01130867563188076
36305,2024,0.6158645749092102
36317,2024,1.7181450128555298
36328,2024,0.40376293659210205
36336,2024,0.4044438600540161
36348,2024,0.009324455633759499
36350,2024,0.00922757014632225
36352,2024,0.007710177917033434
36353,2024,0.005043459590524435
36356,2024,0.0046977633610367775
36358,2024,1.1367106437683105
36364,2024,0.6178567409515381
36370,2024,0.0060714916326105595
36371,2024,0.45415303111076355
36389,2024,0.7996051907539368
36391,2024,0.40136751532554626
36425,2024,0.00687590753659606
36439,2024,0.10084268450737
36440,2024,0.4149462878704071
36445,2024,0.4610126316547394
36449,2024,1.3114032745361328
36450,2024,0.005390259437263012
36453,2024,0.0046068355441093445
36459,2024,0.012254971079528332
36479,2024,0.012210039421916008
36480,2024,0.47691401839256287
36496,2024,1.5480045080184937
36522,2024,0.004278387874364853
36525,2024,0.00480309035629034
36543,2024,0.00416300306096673
36545,2024,0.005419284105300903
36574,2024,0.0036083844024688005
36593,2024,0.004512943793088198
36597,2024,0.007501693908125162
36617,2024,0.003939860034734011
36619,2024,0.0040619391947984695
36631,2024,0.0052534970454871655
36637,2024,0.40638887882232666
36639,2024,0.005107599310576916
36640,2024,0.004988404922187328
36646,2024,0.009521345607936382
36668,2024,0.004439822863787413
36671,2024,0.01051784586161375
36691,2024,0.008916252292692661
36693,2024,1.2564111948013306
36699,2024,0.008763767778873444
36711,2024,0.5946604609489441
36746,2024,0.003097712993621826
36750,2024,0.6350608468055725
36760,2024,0.004544833209365606
36761,2024,0.4061233103275299
36764,2024,0.00953502207994461
36784,2024,0.015018279664218426
36793,2024,0.00579929631203413
36794,2024,0.005567606538534164
36803,2024,1.980954647064209
36809,2024,0.5387104153633118
36812,2024,0.00559296365827322
36813,2024,0.4051802158355713
36814,2024,0.40484708547592163
36822,2024,0.009281358681619167
36825,2024,0.001924194977618754
36831,2024,0.4043545722961426
36844,2024,0.00789526104927063
36858,2024,0.005522862542420626
36863,2024,0.005714455619454384
36864,2024,0.005323824472725391
36873,2024,0.43452519178390503
36902,2024,0.008304092101752758
36907,2024,0.004686748143285513
36908,2024,0.007501975633203983
36924,2024,0.014257228933274746
36938,2024,0.005675078369677067
36942,2024,0.01537454966455698
36950,2024,0.0053558205254375935
36968,2024,0.004028763622045517
36973,2024,0.00892376247793436
36975,2024,0.015048762783408165
36976,2024,0.40345898270606995
36978,2024,0.40300318598747253
36996,2024,1.502217173576355
37009,2024,0.008770539425313473
37014,2024,0.4056864380836487
37029,2024,0.004931229632347822
37032,2024,0.00399054167792201
37036,2024,0.557314395904541
37053,2024,0.4761829972267151
37054,2024,0.007458676118403673
37061,2024,0.4030228853225708
37062,2024,0.005311876535415649
37069,2024,0.006619592197239399
37077,2024,0.014265872538089752
37082,2024,0.007866179570555687
37095,2024,0.907985508441925
37100,2024,0.009273353964090347
37109,2024,0.4998970627784729
37112,2024,0.008041171357035637
37119,2024,0.0066594392992556095
37138,2024,0.5467463135719299
37146,2024,0.006183665245771408
37175,2024,0.4045022130012512
37191,2024,0.005203668959438801
37192,2024,0.0031182938255369663
37197,2024,0.011104965582489967
37198,2024,0.00955220777541399
37203,2024,0.01638927310705185
37215,2024,0.405803918838501
37232,2024,0.4036865234375
37233,2024,0.00706464471295476
37281,2024,0.004418003372848034
37290,2024,0.003995487466454506
37295,2024,0.005222685169428587
37302,2024,0.00590264517813921
37304,2024,0.008047161623835564
37308,2024,0.6108725666999817
37321,2024,0.00421530706807971
37324,2024,0.005082357674837112
37326,2024,0.010882960632443428
37342,2024,0.0040590278804302216
37351,2024,0.011945902369916439
37358,2024,0.012682637199759483
37371,2024,0.7344514727592468
37375,2024,0.7648712992668152
37388,2024,0.007096187211573124
37395,2024,1.1447210311889648
37402,2024,0.01241727452725172
37404,2024,0.002193209482356906
37405,2024,0.01682300493121147
37409,2024,0.004106905777007341
37414,2024,0.01352427527308464
37437,2024,0.008710804395377636
37443,2024,0.003913096152245998
37448,2024,0.007755846716463566
37450,2024,0.013062645681202412
37457,2024,0.005574713461101055
37462,2024,1.1931662559509277
37476,2024,0.01179610937833786
37480,2024,0.008756440132856369
37486,2024,0.005362723954021931
37491,2024,0.006011925637722015
37495,2024,0.40448758006095886
37518,2024,0.8084461688995361
37522,2024,0.003656876739114523
37526,2024,0.01976878196001053
37536,2024,0.4048532247543335
37539,2024,0.004380316473543644
37554,2024,0.012344732880592346
37565,2024,0.5988257527351379
37568,2024,0.011760604567825794
37574,2024,0.006427670828998089
37579,2024,0.01857362687587738
37594,2024,0.005181494634598494
37598,2024,0.798045814037323
37610,2024,0.4036130905151367
37647,2024,0.8509645462036133
37652,2024,0.006094987969845533
37671,2024,0.5954288840293884
37677,2024,0.005102873779833317
37678,2024,0.4036165177822113
37685,2024,0.004220927599817514
37691,2024,0.00235171802341938
37695,2024,0.006613376084715128
37700,2024,0.0041010091081261635
37701,2024,0.004309183917939663
37713,2024,0.0067007578909397125
37724,2024,0.007365090772509575
37728,2024,0.7462899684906006
37742,2024,0.008915478363633156
37752,2024,0.005224588327109814
37766,2024,0.40569719672203064
37780,2024,0.0049825250171124935
37781,2024,0.006639146711677313
37789,2024,0.0057013919577002525
37814,2024,0.4034288823604584
37815,2024,0.0036569838412106037
37819,2024,0.5796781778335571
37832,2024,0.00695813586935401
37851,2024,0.40573540329933167
37852,2024,0.008131206966936588
37873,2024,0.009815051220357418
37888,2024,0.00660233199596405
37896,2024,0.0051889726892113686
37897,2024,0.021350860595703125
37903,2024,0.008952955715358257
37906,2024,0.004471256397664547
37911,2024,0.005167178809642792
37914,2024,0.012191889807581902
37923,2024,0.005179325118660927
37931,2024,0.4546316862106323
37941,2024,0.010117150843143463
37943,2024,0.008081987500190735
37950,2024,0.4064498245716095
37964,2024,0.02447928488254547
37990,2024,1.1640806198120117
37997,2024,0.006479325704276562
38007,2024,0.40382879972457886
38016,2024,0.008011111989617348
38032,2024,0.9336491823196411
38041,2024,0.00512029230594635
38043,2024,0.01339076366275549
38047,2024,0.005717579275369644
38055,2024,0.004927327856421471
38059,2024,0.0024971086531877518
38080,2024,0.006566863507032394
38086,2024,0.40557000041007996
38096,2024,0.40539294481277466
38107,2024,0.00581795908510685
38113,2024,0.646111249923706
38138,2024,0.004779929760843515
38151,2024,0.004975019954144955
38152,2024,0.4035814702510834
38155,2024,0.004856604617089033
38172,2024,0.40463533997535706
38173,2024,0.00562216667458415
38185,2024,0.40423351526260376
38189,2024,0.005524793639779091
38200,2024,0.0038785338401794434
38209,2024,0.008004114031791687
38212,2024,0.010993845760822296
38215,2024,0.0036219593603163958
38217,2024,0.004195034969598055
38225,2024,0.5063928365707397
38239,2024,0.006166195031255484
38255,2024,0.009881768375635147
38260,2024,0.00776389567181468
38274,2024,0.5705807209014893
38286,2024,0.008128304965794086
38291,2024,0.005413138773292303
38293,2024,0.006190169136971235
38295,2024,0.006485705729573965
38298,2024,0.012244189158082008
38305,2024,0.012805197387933731
38339,2024,0.0036538122221827507
38342,2024,0.01091725006699562
38346,2024,0.0019797757267951965
38349,2024,0.002543574897572398
38350,2024,0.006356223952025175
38361,2024,0.40600520372390747
38373,2024,0.008252287283539772
38385,2024,0.0037126268725842237
38386,2024,0.02912827581167221
38415,2024,0.00953010842204094
38439,2024,0.0038359155878424644
38442,2024,0.00694910017773509
38446,2024,0.006150899454951286
38451,2024,1.085020661354065
38455,2024,0.004661276005208492
38458,2024,0.005302138160914183
38465,2024,0.0052932994440197945
38473,2024,0.0030922829173505306
38481,2024,0.0043708854354918
38491,2024,0.009310020133852959
38495,2024,0.011225573718547821
38501,2024,0.0028600364457815886
38507,2024,0.011067982763051987
38513,2024,0.004968731198459864
38516,2024,0.00731988251209259
38517,2024,0.004371971357613802
38525,2024,0.005572084337472916
38534,2024,0.7839726209640503
38537,2024,0.008227151818573475
38548,2024,0.6495965719223022
38561,2024,0.003321876050904393
38564,2024,0.0039364960975945
38569,2024,0.00485485652461648
38584,2024,0.015200616791844368
38600,2024,0.009932388551533222
38641,2024,0.47127965092658997
38644,2024,1.4953653812408447
38650,2024,0.00651428522542119
38654,2024,0.006557499058544636
38664,2024,0.005323483143001795
38671,2024,1.0376439094543457
38676,2024,0.003780710743740201
38678,2024,0.40513214468955994
38691,2024,0.01196935772895813
38696,2024,0.5418132543563843
38703,2024,0.012454147450625896
38704,2024,0.5314983129501343
38710,2024,0.4058155119419098
38723,2024,0.004152399022132158
38730,2024,1.7595032453536987
38732,2024,1.7341852188110352
38740,2024,0.4036620855331421
38747,2024,0.010709724389016628
38748,2024,0.4052806496620178
38754,2024,0.8931461572647095
38779,2024,0.4037012755870819
38790,2024,0.7052570581436157
38794,2024,0.004297088366001844
38797,2024,0.40515244007110596
38800,2024,0.4835588037967682
38805,2024,0.006116033531725407
38816,2024,0.7359787225723267
38830,2024,0.009091988205909729
38869,2024,0.005029902793467045
38890,2024,0.006911848206073046
38893,2024,0.004983909893780947
38906,2024,0.009312747046351433
38910,2024,0.009050245396792889
38914,2024,0.003999036271125078
38918,2024,0.4042547643184662
38922,2024,0.005094194319099188
38925,2024,0.4973139762878418
38926,2024,0.003399808192625642
38929,2024,0.010965829715132713
38941,2024,0.4950593411922455
38948,2024,0.014187177643179893
38970,2024,0.006891411263495684
38975,2024,0.004449998494237661
38976,2024,0.005208117887377739
38978,2024,0.016235893592238426
38981,2024,0.006855023093521595
39002,2024,0.00779420742765069
39007,2024,0.4646093249320984
39008,2024,0.5864254236221313
39023,2024,0.005111832171678543
39029,2024,0.46450284123420715
39030,2024,0.9986433982849121
39031,2024,0.009036412462592125
39032,2024,1.629284143447876
39045,2024,0.004139905795454979
39046,2024,0.004633012693375349
39050,2024,0.003790202783420682
39055,2024,1.2672489881515503
39058,2024,0.007491564378142357
39077,2024,0.015038823708891869
39080,2024,0.40533941984176636
39094,2024,0.011840516701340675
39096,2024,0.005009215325117111
39107,2024,0.013042941689491272
39142,2024,0.0062631708569824696
39166,2024,0.006103064399212599
39173,2024,0.006978762336075306
39188,2024,0.8216502070426941
39193,2024,0.006907579489052296
39199,2024,0.005744265858083963
39205,2024,0.37414273619651794
39212,2024,0.006720216944813728
39250,2024,0.0064783417619764805
39257,2024,0.9167777299880981
39276,2024,0.40516963601112366
39277,2024,0.44518327713012695
39290,2024,0.007125727366656065
39292,2024,0.009381666779518127
39296,2024,0.00609821081161499
39302,2024,0.4074822664260864
39306,2024,0.0038990313187241554
39308,2024,0.40314823389053345
39309,2024,1.2469054460525513
39311,2024,0.0018605219665914774
39320,2024,0.4946177005767822
39323,2024,0.013189711607992649
39351,2024,0.005038844887167215
39361,2024,0.8399748802185059
39377,2024,0.006684419699013233
39397,2024,0.5163496136665344
39427,2024,0.00818748027086258
39431,2024,0.0015564300119876862
39438,2024,0.005997037515044212
39440,2024,0.014407911337912083
39445,2024,0.004576957784593105
39461,2024,0.002462579868733883
39465,2024,0.007147206924855709
39479,2024,0.40383240580558777
39486,2024,0.6681855916976929
39503,2024,0.012690495699644089
39505,2024,0.40720435976982117
39517,2024,0.6809554696083069
39518,2024,0.664091944694519
39521,2024,0.012698044069111347
39533,2024,0.0065015461295843124
39539,2024,0.009693297557532787
39541,2024,0.7863993644714355
39560,2024,1.1515963077545166
39581,2024,1.0095384120941162
39584,2024,0.01633082516491413
39604,2024,0.718115508556366
39619,2024,0.02756071276962757
39622,2024,0.596234142780304
39636,2024,0.6048412322998047
39638,2024,0.006302903406322002
39653,2024,0.006730138324201107
39662,2024,0.029283538460731506
39670,2024,0.49809500575065613
39738,2024,0.004127019550651312
39744,2024,0.40452587604522705
39765,2024,0.406534343957901
39772,2024,0.007158535532653332
39777,2024,0.021637024357914925
39786,2024,0.004653714597225189
39802,2024,0.40433332324028015
39811,2024,0.004928879905492067
39815,2024,0.0079257907345891
39818,2024,0.006595436483621597
39898,2024,0.005063332617282867
39906,2024,0.009547614492475986
39911,2024,0.8659823536872864
39913,2024,0.009390565566718578
39915,2024,0.011950591579079628
39924,2024,0.017280902713537216
39925,2024,0.7085351347923279
39948,2024,0.40388768911361694
39964,2024,0.405630886554718
39995,2024,0.018712839111685753
40010,2024,0.006231758277863264
40015,2024,0.004944686312228441
40036,2024,0.4054681360721588
40045,2024,0.008044390007853508
40089,2024,0.004606356844305992
40134,2024,0.00385582004673779
40138,2024,0.004155258648097515
40141,2024,0.006620113737881184
40144,2024,0.03906172886490822
40167,2024,1.6159272193908691
40169,2024,0.4046729803085327
40178,2024,0.003984072711318731
40179,2024,0.006997095886617899
40189,2024,0.005543773993849754
40199,2024,0.01671619527041912
40222,2024,0.40503111481666565
40231,2024,1.271375060081482
40277,2024,0.4044070839881897
40284,2024,0.004788617137819529
40285,2024,0.40323466062545776
40292,2024,0.007262571714818478
40368,2024,0.004322141408920288
40374,2024,0.009228973649442196
40393,2024,0.5239876508712769
40418,2024,0.40419915318489075
40430,2024,0.006183198653161526
40437,2024,0.004434288013726473
40443,2024,0.4057806134223938
40446,2024,0.4037664532661438
40466,2024,0.031173130497336388
40468,2024,0.00614580512046814
40478,2024,0.005458645988255739
40507,2024,0.008765934966504574
40515,2024,0.40439000725746155
40546,2024,0.004787456709891558
40549,2024,0.7773586511611938
40568,2024,0.005547933746129274
40579,2024,0.4030831456184387
40609,2024,0.004337679594755173
40659,2024,1.8512818813323975
40670,2024,0.005154880695044994
40676,2024,0.007133903913199902
40683,2024,0.005684971809387207
40704,2024,0.5877692699432373
40707,2024,0.40578970313072205
40764,2024,0.40363800525665283
40779,2024,0.9835129976272583
40782,2024,0.013102367520332336
40791,2024,0.016938623040914536
40796,2024,0.007428167387843132
40804,2024,0.01541636697947979
40841,2024,0.007570359855890274
40864,2024,0.39973926544189453
40876,2024,0.775843620300293
40901,2024,0.6431425213813782
40904,2024,0.013071844354271889
40927,2024,0.4043104648590088
40934,2024,0.013384835794568062
40940,2024,0.40394148230552673
40959,2024,0.006551987957209349
40965,2024,0.010806137695908546
41041,2024,0.004749446175992489
41071,2024,0.4049496054649353
41113,2024,0.404703289270401
41222,2024,0.03176984190940857
41225,2024,0.007118111476302147
41258,2024,0.003930870443582535
41265,2024,0.006705207284539938
41266,2024,0.02596992999315262
41268,2024,0.9399115443229675
41274,2024,0.005820986349135637
41316,2024,0.4025328457355499
41332,2024,0.01447469275444746
41336,2024,0.0056498125195503235
41362,2024,0.4059380888938904
41391,2024,0.4043025076389313
41415,2024,0.8984276652336121
41431,2024,0.010845057666301727
41434,2024,0.4049488604068756
41464,2024,0.4040525257587433
41481,2024,0.014747720211744308
41485,2024,0.4036843478679657
41501,2024,0.4042985737323761
41524,2024,0.005639675073325634
41555,2024,0.0076465243473649025
41600,2024,1.1416958570480347
41614,2024,0.4046839475631714
41722,2024,2.0156288146972656
41828,2024,0.40489083528518677
41870,2024,0.4056713879108429
41887,2024,0.01294034719467163
41898,2024,0.40525081753730774
41933,2024,0.009365887381136417
42056,2024,0.40328294038772583
42077,2024,0.4047389328479767
42091,2024,0.8390551805496216
42128,2024,0.40382125973701477
42154,2024,0.005682551302015781
42175,2024,0.4048604369163513
42235,2024,0.4050896167755127
42242,2024,0.010758179239928722
42282,2024,0.4046487510204315
42329,2024,0.40481555461883545
42332,2024,0.40479230880737305
42335,2024,0.4035052955150604
42394,2024,0.4069839417934418
42402,2024,0.40458443760871887
42436,2024,0.4041582942008972
42440,2024,0.4031282961368561
42446,2024,0.4040100574493408
42449,2024,0.4048026502132416
42469,2024,0.4052140712738037
42489,2024,0.39581409096717834
42493,2024,0.40497350692749023
42532,2024,0.4032498896121979
42623,2024,0.40463218092918396
42634,2024,0.40377673506736755
42642,2024,0.4039885401725769
42737,2024,0.40528565645217896
42836,2024,0.40316301584243774
42944,2024,0.40377575159072876
51038,2024,0.004733856767416
