{
  "a": 0.05086177318140542,
  "c": 0.009334745895702991,
  "d": 0.21674796391277998,
  "f": 0.021503525216594925,
  "i": 0.23359312718199599,
  "l": 0.13237914077931182,
  "p": 0.15000000000000002,
  "r": 0.012467740706641766,
  "s": 0.02311198312556708,
  "u": 0.15000000000000002
}