SWITCH_ID,YEAR,QUARTER,PRED_FAULTS_Q
0,2024,1,0
0,2024,2,0
0,2024,3,0
0,2024,4,0
58,2024,1,0
58,2024,2,0
58,2024,3,0
58,2024,4,0
76,2024,1,0
76,2024,2,0
76,2024,3,0
76,2024,4,0
82,2024,1,0
82,2024,2,0
82,2024,3,0
82,2024,4,0
104,2024,1,0
104,2024,2,0
104,2024,3,0
104,2024,4,0
105,2024,1,0
105,2024,2,0
105,2024,3,0
105,2024,4,0
106,2024,1,0
106,2024,2,0
106,2024,3,0
106,2024,4,0
110,2024,1,0
110,2024,2,0
110,2024,3,0
110,2024,4,0
116,2024,1,0
116,2024,2,0
116,2024,3,0
116,2024,4,0
173,2024,1,0
173,2024,2,0
173,2024,3,0
173,2024,4,0
250,2024,1,0
250,2024,2,0
250,2024,3,0
250,2024,4,0
251,2024,1,0
251,2024,2,0
251,2024,3,0
251,2024,4,0
274,2024,1,0
274,2024,2,0
274,2024,3,0
274,2024,4,0
275,2024,1,0
275,2024,2,0
275,2024,3,0
275,2024,4,0
278,2024,1,0
278,2024,2,0
278,2024,3,0
278,2024,4,0
288,2024,1,0
288,2024,2,0
288,2024,3,0
288,2024,4,0
336,2024,1,0
336,2024,2,0
336,2024,3,0
336,2024,4,0
344,2024,1,0
344,2024,2,0
344,2024,3,0
344,2024,4,0
349,2024,1,0
349,2024,2,0
349,2024,3,0
349,2024,4,0
352,2024,1,0
352,2024,2,0
352,2024,3,0
352,2024,4,0
354,2024,1,0
354,2024,2,0
354,2024,3,0
354,2024,4,0
371,2024,1,0
371,2024,2,0
371,2024,3,0
371,2024,4,0
402,2024,1,0
402,2024,2,0
402,2024,3,0
402,2024,4,0
409,2024,1,0
409,2024,2,0
409,2024,3,0
409,2024,4,0
431,2024,1,0
431,2024,2,0
431,2024,3,0
431,2024,4,0
453,2024,1,0
453,2024,2,0
453,2024,3,0
453,2024,4,0
454,2024,1,0
454,2024,2,0
454,2024,3,0
454,2024,4,0
460,2024,1,0
460,2024,2,0
460,2024,3,0
460,2024,4,0
472,2024,1,0
472,2024,2,0
472,2024,3,0
472,2024,4,0
494,2024,1,0
494,2024,2,0
494,2024,3,0
494,2024,4,0
529,2024,1,0
529,2024,2,0
529,2024,3,0
529,2024,4,0
559,2024,1,0
559,2024,2,0
559,2024,3,0
559,2024,4,0
561,2024,1,0
561,2024,2,0
561,2024,3,0
561,2024,4,0
572,2024,1,0
572,2024,2,0
572,2024,3,0
572,2024,4,0
610,2024,1,0
610,2024,2,0
610,2024,3,0
610,2024,4,0
613,2024,1,0
613,2024,2,0
613,2024,3,0
613,2024,4,0
648,2024,1,0
648,2024,2,0
648,2024,3,0
648,2024,4,0
650,2024,1,0
650,2024,2,0
650,2024,3,0
650,2024,4,0
686,2024,1,0
686,2024,2,0
686,2024,3,0
686,2024,4,0
687,2024,1,0
687,2024,2,0
687,2024,3,0
687,2024,4,0
697,2024,1,0
697,2024,2,0
697,2024,3,0
697,2024,4,0
701,2024,1,0
701,2024,2,0
701,2024,3,0
701,2024,4,0
719,2024,1,0
719,2024,2,0
719,2024,3,0
719,2024,4,0
722,2024,1,0
722,2024,2,0
722,2024,3,0
722,2024,4,0
739,2024,1,0
739,2024,2,0
739,2024,3,0
739,2024,4,0
756,2024,1,0
756,2024,2,0
756,2024,3,0
756,2024,4,0
764,2024,1,0
764,2024,2,0
764,2024,3,0
764,2024,4,0
795,2024,1,0
795,2024,2,0
795,2024,3,0
795,2024,4,0
803,2024,1,0
803,2024,2,0
803,2024,3,0
803,2024,4,0
813,2024,1,0
813,2024,2,0
813,2024,3,0
813,2024,4,0
826,2024,1,0
826,2024,2,0
826,2024,3,0
826,2024,4,0
835,2024,1,0
835,2024,2,0
835,2024,3,0
835,2024,4,0
848,2024,1,0
848,2024,2,0
848,2024,3,0
848,2024,4,0
856,2024,1,0
856,2024,2,0
856,2024,3,0
856,2024,4,0
954,2024,1,0
954,2024,2,0
954,2024,3,0
954,2024,4,0
956,2024,1,0
956,2024,2,0
956,2024,3,0
956,2024,4,0
1002,2024,1,0
1002,2024,2,0
1002,2024,3,0
1002,2024,4,0
1013,2024,1,0
1013,2024,2,0
1013,2024,3,0
1013,2024,4,0
1046,2024,1,0
1046,2024,2,0
1046,2024,3,0
1046,2024,4,0
1049,2024,1,0
1049,2024,2,0
1049,2024,3,0
1049,2024,4,0
1090,2024,1,0
1090,2024,2,0
1090,2024,3,0
1090,2024,4,0
1301,2024,1,0
1301,2024,2,0
1301,2024,3,0
1301,2024,4,0
1302,2024,1,0
1302,2024,2,0
1302,2024,3,0
1302,2024,4,0
1303,2024,1,0
1303,2024,2,0
1303,2024,3,0
1303,2024,4,0
1305,2024,1,0
1305,2024,2,0
1305,2024,3,0
1305,2024,4,0
1308,2024,1,0
1308,2024,2,0
1308,2024,3,0
1308,2024,4,0
1309,2024,1,0
1309,2024,2,0
1309,2024,3,0
1309,2024,4,0
1311,2024,1,0
1311,2024,2,0
1311,2024,3,0
1311,2024,4,0
1312,2024,1,0
1312,2024,2,0
1312,2024,3,0
1312,2024,4,0
1321,2024,1,0
1321,2024,2,0
1321,2024,3,0
1321,2024,4,0
1324,2024,1,0
1324,2024,2,0
1324,2024,3,0
1324,2024,4,0
1328,2024,1,0
1328,2024,2,0
1328,2024,3,0
1328,2024,4,0
1329,2024,1,0
1329,2024,2,0
1329,2024,3,0
1329,2024,4,0
1331,2024,1,0
1331,2024,2,0
1331,2024,3,0
1331,2024,4,0
1332,2024,1,0
1332,2024,2,0
1332,2024,3,0
1332,2024,4,0
1334,2024,1,0
1334,2024,2,0
1334,2024,3,0
1334,2024,4,0
1340,2024,1,0
1340,2024,2,0
1340,2024,3,0
1340,2024,4,0
1347,2024,1,0
1347,2024,2,0
1347,2024,3,0
1347,2024,4,0
1453,2024,1,0
1453,2024,2,0
1453,2024,3,0
1453,2024,4,0
1502,2024,1,0
1502,2024,2,0
1502,2024,3,0
1502,2024,4,0
1508,2024,1,0
1508,2024,2,0
1508,2024,3,0
1508,2024,4,0
1509,2024,1,0
1509,2024,2,0
1509,2024,3,0
1509,2024,4,0
1515,2024,1,0
1515,2024,2,0
1515,2024,3,0
1515,2024,4,0
1517,2024,1,0
1517,2024,2,0
1517,2024,3,0
1517,2024,4,0
1519,2024,1,0
1519,2024,2,0
1519,2024,3,0
1519,2024,4,0
1521,2024,1,0
1521,2024,2,0
1521,2024,3,0
1521,2024,4,0
1522,2024,1,0
1522,2024,2,0
1522,2024,3,0
1522,2024,4,0
1523,2024,1,0
1523,2024,2,0
1523,2024,3,0
1523,2024,4,0
1529,2024,1,0
1529,2024,2,0
1529,2024,3,0
1529,2024,4,0
1531,2024,1,0
1531,2024,2,0
1531,2024,3,0
1531,2024,4,0
1532,2024,1,0
1532,2024,2,0
1532,2024,3,0
1532,2024,4,0
1534,2024,1,0
1534,2024,2,0
1534,2024,3,0
1534,2024,4,0
1538,2024,1,0
1538,2024,2,0
1538,2024,3,0
1538,2024,4,0
1774,2024,1,0
1774,2024,2,0
1774,2024,3,0
1774,2024,4,0
2015,2024,1,0
2015,2024,2,0
2015,2024,3,0
2015,2024,4,0
2022,2024,1,0
2022,2024,2,0
2022,2024,3,0
2022,2024,4,0
2052,2024,1,0
2052,2024,2,0
2052,2024,3,0
2052,2024,4,0
2054,2024,1,0
2054,2024,2,0
2054,2024,3,0
2054,2024,4,0
2065,2024,1,0
2065,2024,2,0
2065,2024,3,0
2065,2024,4,0
2074,2024,1,0
2074,2024,2,0
2074,2024,3,0
2074,2024,4,0
2076,2024,1,0
2076,2024,2,0
2076,2024,3,0
2076,2024,4,0
2090,2024,1,0
2090,2024,2,0
2090,2024,3,0
2090,2024,4,0
2091,2024,1,0
2091,2024,2,0
2091,2024,3,0
2091,2024,4,0
2108,2024,1,0
2108,2024,2,0
2108,2024,3,0
2108,2024,4,0
2110,2024,1,0
2110,2024,2,0
2110,2024,3,0
2110,2024,4,0
2161,2024,1,0
2161,2024,2,0
2161,2024,3,0
2161,2024,4,0
2170,2024,1,0
2170,2024,2,0
2170,2024,3,0
2170,2024,4,0
2176,2024,1,0
2176,2024,2,0
2176,2024,3,0
2176,2024,4,0
2177,2024,1,0
2177,2024,2,0
2177,2024,3,0
2177,2024,4,0
2178,2024,1,0
2178,2024,2,0
2178,2024,3,0
2178,2024,4,0
2180,2024,1,0
2180,2024,2,0
2180,2024,3,0
2180,2024,4,0
2190,2024,1,0
2190,2024,2,0
2190,2024,3,0
2190,2024,4,0
2223,2024,1,0
2223,2024,2,0
2223,2024,3,0
2223,2024,4,0
2227,2024,1,0
2227,2024,2,0
2227,2024,3,0
2227,2024,4,0
2241,2024,1,0
2241,2024,2,0
2241,2024,3,0
2241,2024,4,0
2265,2024,1,0
2265,2024,2,0
2265,2024,3,0
2265,2024,4,0
2286,2024,1,0
2286,2024,2,0
2286,2024,3,0
2286,2024,4,0
2303,2024,1,0
2303,2024,2,0
2303,2024,3,0
2303,2024,4,0
2306,2024,1,0
2306,2024,2,0
2306,2024,3,0
2306,2024,4,0
2308,2024,1,0
2308,2024,2,0
2308,2024,3,0
2308,2024,4,0
2309,2024,1,0
2309,2024,2,0
2309,2024,3,0
2309,2024,4,0
2343,2024,1,0
2343,2024,2,0
2343,2024,3,0
2343,2024,4,0
2354,2024,1,0
2354,2024,2,0
2354,2024,3,0
2354,2024,4,0
2361,2024,1,0
2361,2024,2,0
2361,2024,3,0
2361,2024,4,0
2362,2024,1,0
2362,2024,2,0
2362,2024,3,0
2362,2024,4,0
2384,2024,1,0
2384,2024,2,0
2384,2024,3,0
2384,2024,4,0
2391,2024,1,0
2391,2024,2,0
2391,2024,3,0
2391,2024,4,0
2403,2024,1,0
2403,2024,2,0
2403,2024,3,0
2403,2024,4,0
2411,2024,1,0
2411,2024,2,0
2411,2024,3,0
2411,2024,4,0
2423,2024,1,0
2423,2024,2,0
2423,2024,3,0
2423,2024,4,0
2428,2024,1,0
2428,2024,2,0
2428,2024,3,0
2428,2024,4,0
2431,2024,1,0
2431,2024,2,0
2431,2024,3,0
2431,2024,4,0
2446,2024,1,0
2446,2024,2,0
2446,2024,3,0
2446,2024,4,0
2456,2024,1,0
2456,2024,2,0
2456,2024,3,0
2456,2024,4,0
2470,2024,1,0
2470,2024,2,0
2470,2024,3,0
2470,2024,4,0
2481,2024,1,0
2481,2024,2,0
2481,2024,3,0
2481,2024,4,0
2507,2024,1,0
2507,2024,2,0
2507,2024,3,0
2507,2024,4,0
2508,2024,1,0
2508,2024,2,0
2508,2024,3,0
2508,2024,4,0
2511,2024,1,0
2511,2024,2,0
2511,2024,3,0
2511,2024,4,0
2518,2024,1,0
2518,2024,2,0
2518,2024,3,0
2518,2024,4,0
2522,2024,1,0
2522,2024,2,0
2522,2024,3,0
2522,2024,4,0
2524,2024,1,0
2524,2024,2,0
2524,2024,3,0
2524,2024,4,0
2562,2024,1,0
2562,2024,2,0
2562,2024,3,0
2562,2024,4,0
2587,2024,1,0
2587,2024,2,0
2587,2024,3,0
2587,2024,4,0
2588,2024,1,0
2588,2024,2,0
2588,2024,3,0
2588,2024,4,0
2590,2024,1,0
2590,2024,2,0
2590,2024,3,0
2590,2024,4,0
2598,2024,1,0
2598,2024,2,0
2598,2024,3,0
2598,2024,4,0
2610,2024,1,0
2610,2024,2,0
2610,2024,3,0
2610,2024,4,0
2622,2024,1,0
2622,2024,2,0
2622,2024,3,0
2622,2024,4,0
2628,2024,1,0
2628,2024,2,0
2628,2024,3,0
2628,2024,4,0
2637,2024,1,0
2637,2024,2,0
2637,2024,3,0
2637,2024,4,0
2643,2024,1,0
2643,2024,2,0
2643,2024,3,0
2643,2024,4,0
2653,2024,1,0
2653,2024,2,0
2653,2024,3,0
2653,2024,4,0
2654,2024,1,0
2654,2024,2,0
2654,2024,3,0
2654,2024,4,0
2656,2024,1,0
2656,2024,2,0
2656,2024,3,0
2656,2024,4,0
2661,2024,1,0
2661,2024,2,0
2661,2024,3,0
2661,2024,4,0
2670,2024,1,0
2670,2024,2,0
2670,2024,3,0
2670,2024,4,0
2679,2024,1,0
2679,2024,2,0
2679,2024,3,0
2679,2024,4,0
2683,2024,1,0
2683,2024,2,0
2683,2024,3,0
2683,2024,4,0
2685,2024,1,0
2685,2024,2,0
2685,2024,3,0
2685,2024,4,0
2689,2024,1,0
2689,2024,2,0
2689,2024,3,0
2689,2024,4,0
2691,2024,1,0
2691,2024,2,0
2691,2024,3,0
2691,2024,4,0
2694,2024,1,0
2694,2024,2,0
2694,2024,3,0
2694,2024,4,0
2695,2024,1,0
2695,2024,2,0
2695,2024,3,0
2695,2024,4,0
2700,2024,1,0
2700,2024,2,0
2700,2024,3,0
2700,2024,4,0
2729,2024,1,0
2729,2024,2,0
2729,2024,3,0
2729,2024,4,0
2751,2024,1,0
2751,2024,2,0
2751,2024,3,0
2751,2024,4,0
2757,2024,1,0
2757,2024,2,0
2757,2024,3,0
2757,2024,4,0
2767,2024,1,0
2767,2024,2,0
2767,2024,3,0
2767,2024,4,0
2784,2024,1,0
2784,2024,2,0
2784,2024,3,0
2784,2024,4,0
2798,2024,1,0
2798,2024,2,0
2798,2024,3,0
2798,2024,4,0
2803,2024,1,0
2803,2024,2,0
2803,2024,3,0
2803,2024,4,0
2808,2024,1,0
2808,2024,2,0
2808,2024,3,0
2808,2024,4,0
2812,2024,1,0
2812,2024,2,0
2812,2024,3,0
2812,2024,4,0
2815,2024,1,0
2815,2024,2,0
2815,2024,3,0
2815,2024,4,0
2816,2024,1,0
2816,2024,2,0
2816,2024,3,0
2816,2024,4,0
2827,2024,1,0
2827,2024,2,0
2827,2024,3,0
2827,2024,4,0
2832,2024,1,0
2832,2024,2,0
2832,2024,3,0
2832,2024,4,0
2839,2024,1,0
2839,2024,2,0
2839,2024,3,0
2839,2024,4,0
2849,2024,1,0
2849,2024,2,0
2849,2024,3,0
2849,2024,4,0
2859,2024,1,0
2859,2024,2,0
2859,2024,3,0
2859,2024,4,0
2867,2024,1,0
2867,2024,2,0
2867,2024,3,0
2867,2024,4,0
2874,2024,1,0
2874,2024,2,0
2874,2024,3,0
2874,2024,4,0
2888,2024,1,0
2888,2024,2,0
2888,2024,3,0
2888,2024,4,0
2897,2024,1,0
2897,2024,2,0
2897,2024,3,0
2897,2024,4,0
2905,2024,1,0
2905,2024,2,0
2905,2024,3,0
2905,2024,4,0
2906,2024,1,0
2906,2024,2,0
2906,2024,3,0
2906,2024,4,0
2914,2024,1,0
2914,2024,2,0
2914,2024,3,0
2914,2024,4,0
2915,2024,1,0
2915,2024,2,0
2915,2024,3,0
2915,2024,4,0
2918,2024,1,0
2918,2024,2,0
2918,2024,3,0
2918,2024,4,0
2919,2024,1,0
2919,2024,2,0
2919,2024,3,0
2919,2024,4,0
2921,2024,1,0
2921,2024,2,0
2921,2024,3,0
2921,2024,4,0
2922,2024,1,0
2922,2024,2,0
2922,2024,3,0
2922,2024,4,0
2927,2024,1,0
2927,2024,2,0
2927,2024,3,0
2927,2024,4,0
2940,2024,1,0
2940,2024,2,0
2940,2024,3,0
2940,2024,4,0
2944,2024,1,0
2944,2024,2,0
2944,2024,3,0
2944,2024,4,0
2951,2024,1,0
2951,2024,2,0
2951,2024,3,0
2951,2024,4,0
2960,2024,1,0
2960,2024,2,0
2960,2024,3,0
2960,2024,4,0
2961,2024,1,0
2961,2024,2,0
2961,2024,3,0
2961,2024,4,0
2963,2024,1,0
2963,2024,2,0
2963,2024,3,0
2963,2024,4,0
2965,2024,1,0
2965,2024,2,0
2965,2024,3,0
2965,2024,4,0
2967,2024,1,0
2967,2024,2,0
2967,2024,3,0
2967,2024,4,0
2969,2024,1,0
2969,2024,2,0
2969,2024,3,0
2969,2024,4,0
2976,2024,1,0
2976,2024,2,0
2976,2024,3,0
2976,2024,4,0
2978,2024,1,0
2978,2024,2,0
2978,2024,3,0
2978,2024,4,0
2984,2024,1,0
2984,2024,2,0
2984,2024,3,0
2984,2024,4,0
2995,2024,1,0
2995,2024,2,0
2995,2024,3,0
2995,2024,4,0
2996,2024,1,0
2996,2024,2,0
2996,2024,3,0
2996,2024,4,0
3104,2024,1,0
3104,2024,2,0
3104,2024,3,0
3104,2024,4,0
3106,2024,1,0
3106,2024,2,0
3106,2024,3,0
3106,2024,4,0
3108,2024,1,0
3108,2024,2,0
3108,2024,3,0
3108,2024,4,0
3114,2024,1,0
3114,2024,2,0
3114,2024,3,0
3114,2024,4,0
3116,2024,1,0
3116,2024,2,0
3116,2024,3,0
3116,2024,4,0
3117,2024,1,0
3117,2024,2,0
3117,2024,3,0
3117,2024,4,0
3119,2024,1,0
3119,2024,2,0
3119,2024,3,0
3119,2024,4,0
3124,2024,1,0
3124,2024,2,0
3124,2024,3,0
3124,2024,4,0
3126,2024,1,0
3126,2024,2,0
3126,2024,3,0
3126,2024,4,0
3128,2024,1,0
3128,2024,2,0
3128,2024,3,0
3128,2024,4,0
3131,2024,1,0
3131,2024,2,0
3131,2024,3,0
3131,2024,4,0
3132,2024,1,0
3132,2024,2,0
3132,2024,3,0
3132,2024,4,0
3135,2024,1,0
3135,2024,2,0
3135,2024,3,0
3135,2024,4,0
3136,2024,1,0
3136,2024,2,0
3136,2024,3,0
3136,2024,4,0
3138,2024,1,0
3138,2024,2,0
3138,2024,3,0
3138,2024,4,0
3141,2024,1,0
3141,2024,2,0
3141,2024,3,0
3141,2024,4,0
3143,2024,1,0
3143,2024,2,0
3143,2024,3,0
3143,2024,4,0
3144,2024,1,0
3144,2024,2,0
3144,2024,3,0
3144,2024,4,0
3608,2024,1,0
3608,2024,2,0
3608,2024,3,0
3608,2024,4,0
3614,2024,1,0
3614,2024,2,0
3614,2024,3,0
3614,2024,4,0
3620,2024,1,0
3620,2024,2,0
3620,2024,3,0
3620,2024,4,0
3621,2024,1,0
3621,2024,2,0
3621,2024,3,0
3621,2024,4,0
3634,2024,1,0
3634,2024,2,0
3634,2024,3,0
3634,2024,4,0
3635,2024,1,0
3635,2024,2,0
3635,2024,3,0
3635,2024,4,0
3645,2024,1,0
3645,2024,2,0
3645,2024,3,0
3645,2024,4,0
3702,2024,1,0
3702,2024,2,0
3702,2024,3,0
3702,2024,4,0
3703,2024,1,0
3703,2024,2,0
3703,2024,3,0
3703,2024,4,0
3704,2024,1,0
3704,2024,2,0
3704,2024,3,0
3704,2024,4,0
3707,2024,1,0
3707,2024,2,0
3707,2024,3,0
3707,2024,4,0
3710,2024,1,0
3710,2024,2,0
3710,2024,3,0
3710,2024,4,0
3711,2024,1,0
3711,2024,2,0
3711,2024,3,0
3711,2024,4,0
3713,2024,1,0
3713,2024,2,0
3713,2024,3,0
3713,2024,4,0
3731,2024,1,0
3731,2024,2,0
3731,2024,3,0
3731,2024,4,0
3735,2024,1,0
3735,2024,2,0
3735,2024,3,0
3735,2024,4,0
3812,2024,1,0
3812,2024,2,0
3812,2024,3,0
3812,2024,4,0
4029,2024,1,0
4029,2024,2,0
4029,2024,3,0
4029,2024,4,0
4036,2024,1,0
4036,2024,2,0
4036,2024,3,0
4036,2024,4,0
4049,2024,1,0
4049,2024,2,0
4049,2024,3,0
4049,2024,4,0
4077,2024,1,0
4077,2024,2,0
4077,2024,3,0
4077,2024,4,0
4086,2024,1,0
4086,2024,2,0
4086,2024,3,0
4086,2024,4,0
4100,2024,1,0
4100,2024,2,0
4100,2024,3,0
4100,2024,4,0
4119,2024,1,0
4119,2024,2,0
4119,2024,3,0
4119,2024,4,0
4123,2024,1,0
4123,2024,2,0
4123,2024,3,0
4123,2024,4,0
4124,2024,1,0
4124,2024,2,0
4124,2024,3,0
4124,2024,4,0
4128,2024,1,0
4128,2024,2,0
4128,2024,3,0
4128,2024,4,0
4131,2024,1,0
4131,2024,2,0
4131,2024,3,0
4131,2024,4,0
4143,2024,1,0
4143,2024,2,0
4143,2024,3,0
4143,2024,4,0
4148,2024,1,0
4148,2024,2,0
4148,2024,3,0
4148,2024,4,0
4164,2024,1,0
4164,2024,2,0
4164,2024,3,0
4164,2024,4,0
4187,2024,1,0
4187,2024,2,0
4187,2024,3,0
4187,2024,4,0
4189,2024,1,0
4189,2024,2,0
4189,2024,3,0
4189,2024,4,0
4198,2024,1,0
4198,2024,2,0
4198,2024,3,0
4198,2024,4,0
4214,2024,1,0
4214,2024,2,0
4214,2024,3,0
4214,2024,4,0
4218,2024,1,0
4218,2024,2,0
4218,2024,3,0
4218,2024,4,0
4222,2024,1,0
4222,2024,2,0
4222,2024,3,0
4222,2024,4,0
4252,2024,1,0
4252,2024,2,0
4252,2024,3,0
4252,2024,4,0
4274,2024,1,0
4274,2024,2,0
4274,2024,3,0
4274,2024,4,0
4283,2024,1,0
4283,2024,2,0
4283,2024,3,0
4283,2024,4,0
4314,2024,1,0
4314,2024,2,0
4314,2024,3,0
4314,2024,4,0
4317,2024,1,0
4317,2024,2,0
4317,2024,3,0
4317,2024,4,0
4363,2024,1,0
4363,2024,2,0
4363,2024,3,0
4363,2024,4,0
4365,2024,1,0
4365,2024,2,0
4365,2024,3,0
4365,2024,4,0
4371,2024,1,0
4371,2024,2,0
4371,2024,3,0
4371,2024,4,0
4373,2024,1,0
4373,2024,2,0
4373,2024,3,0
4373,2024,4,0
4380,2024,1,0
4380,2024,2,0
4380,2024,3,0
4380,2024,4,0
4418,2024,1,0
4418,2024,2,0
4418,2024,3,0
4418,2024,4,0
4427,2024,1,0
4427,2024,2,0
4427,2024,3,0
4427,2024,4,0
4431,2024,1,0
4431,2024,2,0
4431,2024,3,0
4431,2024,4,0
4437,2024,1,0
4437,2024,2,0
4437,2024,3,0
4437,2024,4,0
4441,2024,1,0
4441,2024,2,0
4441,2024,3,0
4441,2024,4,0
4442,2024,1,0
4442,2024,2,0
4442,2024,3,0
4442,2024,4,0
4445,2024,1,0
4445,2024,2,0
4445,2024,3,0
4445,2024,4,0
4449,2024,1,0
4449,2024,2,0
4449,2024,3,0
4449,2024,4,0
4454,2024,1,0
4454,2024,2,0
4454,2024,3,0
4454,2024,4,0
4457,2024,1,0
4457,2024,2,0
4457,2024,3,0
4457,2024,4,0
4459,2024,1,0
4459,2024,2,0
4459,2024,3,0
4459,2024,4,0
4461,2024,1,0
4461,2024,2,0
4461,2024,3,0
4461,2024,4,0
4484,2024,1,0
4484,2024,2,0
4484,2024,3,0
4484,2024,4,0
4485,2024,1,0
4485,2024,2,0
4485,2024,3,0
4485,2024,4,0
4500,2024,1,0
4500,2024,2,0
4500,2024,3,0
4500,2024,4,0
4509,2024,1,0
4509,2024,2,0
4509,2024,3,0
4509,2024,4,0
4517,2024,1,0
4517,2024,2,0
4517,2024,3,0
4517,2024,4,0
4520,2024,1,0
4520,2024,2,0
4520,2024,3,0
4520,2024,4,0
4524,2024,1,0
4524,2024,2,0
4524,2024,3,0
4524,2024,4,0
4549,2024,1,0
4549,2024,2,0
4549,2024,3,0
4549,2024,4,0
4551,2024,1,0
4551,2024,2,0
4551,2024,3,0
4551,2024,4,0
4566,2024,1,0
4566,2024,2,0
4566,2024,3,0
4566,2024,4,0
4580,2024,1,0
4580,2024,2,0
4580,2024,3,0
4580,2024,4,0
4591,2024,1,0
4591,2024,2,0
4591,2024,3,0
4591,2024,4,0
4592,2024,1,0
4592,2024,2,0
4592,2024,3,0
4592,2024,4,0
4594,2024,1,0
4594,2024,2,0
4594,2024,3,0
4594,2024,4,0
4606,2024,1,0
4606,2024,2,0
4606,2024,3,0
4606,2024,4,0
4627,2024,1,0
4627,2024,2,0
4627,2024,3,0
4627,2024,4,0
4628,2024,1,0
4628,2024,2,0
4628,2024,3,0
4628,2024,4,0
4633,2024,1,0
4633,2024,2,0
4633,2024,3,0
4633,2024,4,0
4636,2024,1,0
4636,2024,2,0
4636,2024,3,0
4636,2024,4,0
4643,2024,1,0
4643,2024,2,0
4643,2024,3,0
4643,2024,4,0
4644,2024,1,0
4644,2024,2,0
4644,2024,3,0
4644,2024,4,0
4658,2024,1,0
4658,2024,2,0
4658,2024,3,0
4658,2024,4,0
4683,2024,1,0
4683,2024,2,0
4683,2024,3,0
4683,2024,4,0
4692,2024,1,0
4692,2024,2,0
4692,2024,3,0
4692,2024,4,0
4694,2024,1,0
4694,2024,2,0
4694,2024,3,0
4694,2024,4,0
4701,2024,1,0
4701,2024,2,0
4701,2024,3,0
4701,2024,4,0
4702,2024,1,0
4702,2024,2,0
4702,2024,3,0
4702,2024,4,0
4708,2024,1,0
4708,2024,2,0
4708,2024,3,0
4708,2024,4,0
4722,2024,1,0
4722,2024,2,0
4722,2024,3,0
4722,2024,4,0
4745,2024,1,0
4745,2024,2,0
4745,2024,3,0
4745,2024,4,0
4757,2024,1,0
4757,2024,2,0
4757,2024,3,0
4757,2024,4,0
4777,2024,1,0
4777,2024,2,0
4777,2024,3,0
4777,2024,4,0
4792,2024,1,0
4792,2024,2,0
4792,2024,3,0
4792,2024,4,0
4796,2024,1,0
4796,2024,2,0
4796,2024,3,0
4796,2024,4,0
4800,2024,1,0
4800,2024,2,0
4800,2024,3,0
4800,2024,4,0
4806,2024,1,0
4806,2024,2,0
4806,2024,3,0
4806,2024,4,0
4809,2024,1,0
4809,2024,2,0
4809,2024,3,0
4809,2024,4,0
4814,2024,1,0
4814,2024,2,0
4814,2024,3,0
4814,2024,4,0
4817,2024,1,0
4817,2024,2,0
4817,2024,3,0
4817,2024,4,0
4823,2024,1,0
4823,2024,2,0
4823,2024,3,0
4823,2024,4,0
4838,2024,1,0
4838,2024,2,0
4838,2024,3,0
4838,2024,4,0
4846,2024,1,0
4846,2024,2,0
4846,2024,3,0
4846,2024,4,0
4858,2024,1,0
4858,2024,2,0
4858,2024,3,0
4858,2024,4,0
4863,2024,1,0
4863,2024,2,0
4863,2024,3,0
4863,2024,4,0
4869,2024,1,0
4869,2024,2,0
4869,2024,3,0
4869,2024,4,0
4884,2024,1,0
4884,2024,2,0
4884,2024,3,0
4884,2024,4,0
4889,2024,1,0
4889,2024,2,0
4889,2024,3,0
4889,2024,4,0
4890,2024,1,0
4890,2024,2,0
4890,2024,3,0
4890,2024,4,0
4892,2024,1,0
4892,2024,2,0
4892,2024,3,0
4892,2024,4,0
4895,2024,1,0
4895,2024,2,0
4895,2024,3,0
4895,2024,4,0
4896,2024,1,0
4896,2024,2,0
4896,2024,3,0
4896,2024,4,0
4913,2024,1,0
4913,2024,2,0
4913,2024,3,0
4913,2024,4,0
4914,2024,1,0
4914,2024,2,0
4914,2024,3,0
4914,2024,4,0
4915,2024,1,0
4915,2024,2,0
4915,2024,3,0
4915,2024,4,0
4916,2024,1,0
4916,2024,2,0
4916,2024,3,0
4916,2024,4,0
4920,2024,1,0
4920,2024,2,0
4920,2024,3,0
4920,2024,4,0
4921,2024,1,0
4921,2024,2,0
4921,2024,3,0
4921,2024,4,0
4925,2024,1,0
4925,2024,2,0
4925,2024,3,0
4925,2024,4,0
4934,2024,1,0
4934,2024,2,0
4934,2024,3,0
4934,2024,4,0
4947,2024,1,0
4947,2024,2,0
4947,2024,3,0
4947,2024,4,0
4953,2024,1,0
4953,2024,2,0
4953,2024,3,0
4953,2024,4,0
4971,2024,1,0
4971,2024,2,0
4971,2024,3,0
4971,2024,4,0
4974,2024,1,0
4974,2024,2,0
4974,2024,3,0
4974,2024,4,0
4976,2024,1,0
4976,2024,2,0
4976,2024,3,0
4976,2024,4,0
4983,2024,1,0
4983,2024,2,0
4983,2024,3,0
4983,2024,4,0
4992,2024,1,0
4992,2024,2,0
4992,2024,3,0
4992,2024,4,0
4994,2024,1,0
4994,2024,2,0
4994,2024,3,0
4994,2024,4,0
4996,2024,1,0
4996,2024,2,0
4996,2024,3,0
4996,2024,4,0
5019,2024,1,0
5019,2024,2,0
5019,2024,3,0
5019,2024,4,0
5020,2024,1,0
5020,2024,2,0
5020,2024,3,0
5020,2024,4,0
5021,2024,1,0
5021,2024,2,0
5021,2024,3,0
5021,2024,4,0
5023,2024,1,0
5023,2024,2,0
5023,2024,3,0
5023,2024,4,0
5024,2024,1,0
5024,2024,2,0
5024,2024,3,0
5024,2024,4,0
5033,2024,1,0
5033,2024,2,0
5033,2024,3,0
5033,2024,4,0
5034,2024,1,0
5034,2024,2,0
5034,2024,3,0
5034,2024,4,0
5042,2024,1,0
5042,2024,2,0
5042,2024,3,0
5042,2024,4,0
5043,2024,1,0
5043,2024,2,0
5043,2024,3,0
5043,2024,4,0
5048,2024,1,0
5048,2024,2,0
5048,2024,3,0
5048,2024,4,0
5055,2024,1,0
5055,2024,2,0
5055,2024,3,0
5055,2024,4,0
5057,2024,1,0
5057,2024,2,0
5057,2024,3,0
5057,2024,4,0
5061,2024,1,0
5061,2024,2,0
5061,2024,3,0
5061,2024,4,0
5068,2024,1,0
5068,2024,2,0
5068,2024,3,0
5068,2024,4,0
5071,2024,1,0
5071,2024,2,0
5071,2024,3,0
5071,2024,4,0
5084,2024,1,0
5084,2024,2,0
5084,2024,3,0
5084,2024,4,0
5088,2024,1,0
5088,2024,2,0
5088,2024,3,0
5088,2024,4,0
5090,2024,1,0
5090,2024,2,0
5090,2024,3,0
5090,2024,4,0
5093,2024,1,0
5093,2024,2,0
5093,2024,3,0
5093,2024,4,0
5102,2024,1,0
5102,2024,2,0
5102,2024,3,0
5102,2024,4,0
5107,2024,1,0
5107,2024,2,0
5107,2024,3,0
5107,2024,4,0
5115,2024,1,0
5115,2024,2,0
5115,2024,3,0
5115,2024,4,0
5116,2024,1,0
5116,2024,2,0
5116,2024,3,0
5116,2024,4,0
5133,2024,1,0
5133,2024,2,0
5133,2024,3,0
5133,2024,4,0
5136,2024,1,0
5136,2024,2,0
5136,2024,3,0
5136,2024,4,0
5142,2024,1,0
5142,2024,2,0
5142,2024,3,0
5142,2024,4,0
5148,2024,1,0
5148,2024,2,0
5148,2024,3,0
5148,2024,4,0
5161,2024,1,0
5161,2024,2,0
5161,2024,3,0
5161,2024,4,0
5167,2024,1,0
5167,2024,2,0
5167,2024,3,0
5167,2024,4,0
5170,2024,1,0
5170,2024,2,0
5170,2024,3,0
5170,2024,4,0
5192,2024,1,0
5192,2024,2,0
5192,2024,3,0
5192,2024,4,0
5195,2024,1,0
5195,2024,2,0
5195,2024,3,0
5195,2024,4,0
5214,2024,1,0
5214,2024,2,0
5214,2024,3,0
5214,2024,4,0
5218,2024,1,0
5218,2024,2,0
5218,2024,3,0
5218,2024,4,0
5224,2024,1,0
5224,2024,2,0
5224,2024,3,0
5224,2024,4,0
5247,2024,1,0
5247,2024,2,0
5247,2024,3,0
5247,2024,4,0
5248,2024,1,0
5248,2024,2,0
5248,2024,3,0
5248,2024,4,0
5251,2024,1,0
5251,2024,2,0
5251,2024,3,0
5251,2024,4,0
5272,2024,1,0
5272,2024,2,0
5272,2024,3,0
5272,2024,4,0
5282,2024,1,0
5282,2024,2,0
5282,2024,3,0
5282,2024,4,0
5293,2024,1,0
5293,2024,2,0
5293,2024,3,0
5293,2024,4,0
5296,2024,1,0
5296,2024,2,0
5296,2024,3,0
5296,2024,4,0
5301,2024,1,0
5301,2024,2,0
5301,2024,3,0
5301,2024,4,0
5306,2024,1,0
5306,2024,2,0
5306,2024,3,0
5306,2024,4,0
5320,2024,1,0
5320,2024,2,0
5320,2024,3,0
5320,2024,4,0
5321,2024,1,0
5321,2024,2,0
5321,2024,3,0
5321,2024,4,0
5324,2024,1,0
5324,2024,2,0
5324,2024,3,0
5324,2024,4,0
5335,2024,1,0
5335,2024,2,0
5335,2024,3,0
5335,2024,4,0
5362,2024,1,0
5362,2024,2,0
5362,2024,3,0
5362,2024,4,0
5376,2024,1,0
5376,2024,2,0
5376,2024,3,0
5376,2024,4,0
5384,2024,1,0
5384,2024,2,0
5384,2024,3,0
5384,2024,4,0
5395,2024,1,0
5395,2024,2,0
5395,2024,3,0
5395,2024,4,0
5397,2024,1,0
5397,2024,2,0
5397,2024,3,0
5397,2024,4,0
5402,2024,1,0
5402,2024,2,0
5402,2024,3,0
5402,2024,4,0
5405,2024,1,0
5405,2024,2,0
5405,2024,3,0
5405,2024,4,0
5409,2024,1,0
5409,2024,2,0
5409,2024,3,0
5409,2024,4,0
5418,2024,1,0
5418,2024,2,0
5418,2024,3,0
5418,2024,4,0
5425,2024,1,0
5425,2024,2,0
5425,2024,3,0
5425,2024,4,0
5427,2024,1,0
5427,2024,2,0
5427,2024,3,0
5427,2024,4,0
5435,2024,1,0
5435,2024,2,0
5435,2024,3,0
5435,2024,4,0
5457,2024,1,0
5457,2024,2,0
5457,2024,3,0
5457,2024,4,0
5462,2024,1,0
5462,2024,2,0
5462,2024,3,0
5462,2024,4,0
5466,2024,1,0
5466,2024,2,0
5466,2024,3,0
5466,2024,4,0
5467,2024,1,0
5467,2024,2,0
5467,2024,3,0
5467,2024,4,0
5483,2024,1,0
5483,2024,2,0
5483,2024,3,0
5483,2024,4,0
5488,2024,1,0
5488,2024,2,0
5488,2024,3,0
5488,2024,4,0
5498,2024,1,0
5498,2024,2,0
5498,2024,3,0
5498,2024,4,0
5502,2024,1,0
5502,2024,2,0
5502,2024,3,0
5502,2024,4,0
5509,2024,1,0
5509,2024,2,0
5509,2024,3,0
5509,2024,4,0
5510,2024,1,0
5510,2024,2,0
5510,2024,3,0
5510,2024,4,0
5512,2024,1,0
5512,2024,2,0
5512,2024,3,0
5512,2024,4,0
5514,2024,1,0
5514,2024,2,0
5514,2024,3,0
5514,2024,4,0
5519,2024,1,0
5519,2024,2,0
5519,2024,3,0
5519,2024,4,0
5537,2024,1,0
5537,2024,2,0
5537,2024,3,0
5537,2024,4,0
5545,2024,1,0
5545,2024,2,0
5545,2024,3,0
5545,2024,4,0
5547,2024,1,0
5547,2024,2,0
5547,2024,3,0
5547,2024,4,0
5564,2024,1,0
5564,2024,2,0
5564,2024,3,0
5564,2024,4,0
5574,2024,1,0
5574,2024,2,0
5574,2024,3,0
5574,2024,4,0
5582,2024,1,0
5582,2024,2,0
5582,2024,3,0
5582,2024,4,0
5585,2024,1,0
5585,2024,2,0
5585,2024,3,0
5585,2024,4,0
5606,2024,1,0
5606,2024,2,0
5606,2024,3,0
5606,2024,4,0
5607,2024,1,0
5607,2024,2,0
5607,2024,3,0
5607,2024,4,0
5622,2024,1,0
5622,2024,2,0
5622,2024,3,0
5622,2024,4,0
5625,2024,1,0
5625,2024,2,0
5625,2024,3,0
5625,2024,4,0
5649,2024,1,0
5649,2024,2,0
5649,2024,3,0
5649,2024,4,0
5659,2024,1,0
5659,2024,2,0
5659,2024,3,0
5659,2024,4,0
5662,2024,1,0
5662,2024,2,0
5662,2024,3,0
5662,2024,4,0
5672,2024,1,0
5672,2024,2,0
5672,2024,3,0
5672,2024,4,0
5680,2024,1,0
5680,2024,2,0
5680,2024,3,0
5680,2024,4,0
5698,2024,1,0
5698,2024,2,0
5698,2024,3,0
5698,2024,4,0
5700,2024,1,0
5700,2024,2,0
5700,2024,3,0
5700,2024,4,0
5702,2024,1,0
5702,2024,2,0
5702,2024,3,0
5702,2024,4,0
5704,2024,1,0
5704,2024,2,0
5704,2024,3,0
5704,2024,4,0
5792,2024,1,0
5792,2024,2,0
5792,2024,3,0
5792,2024,4,0
5802,2024,1,0
5802,2024,2,0
5802,2024,3,0
5802,2024,4,0
5811,2024,1,0
5811,2024,2,0
5811,2024,3,0
5811,2024,4,0
5816,2024,1,0
5816,2024,2,0
5816,2024,3,0
5816,2024,4,0
5817,2024,1,0
5817,2024,2,0
5817,2024,3,0
5817,2024,4,0
5818,2024,1,0
5818,2024,2,0
5818,2024,3,0
5818,2024,4,0
5823,2024,1,0
5823,2024,2,0
5823,2024,3,0
5823,2024,4,0
5843,2024,1,0
5843,2024,2,0
5843,2024,3,0
5843,2024,4,0
5849,2024,1,0
5849,2024,2,0
5849,2024,3,0
5849,2024,4,0
5850,2024,1,0
5850,2024,2,0
5850,2024,3,0
5850,2024,4,0
5855,2024,1,0
5855,2024,2,0
5855,2024,3,0
5855,2024,4,0
5856,2024,1,0
5856,2024,2,0
5856,2024,3,0
5856,2024,4,0
5862,2024,1,0
5862,2024,2,0
5862,2024,3,0
5862,2024,4,0
5863,2024,1,0
5863,2024,2,0
5863,2024,3,0
5863,2024,4,0
5873,2024,1,0
5873,2024,2,0
5873,2024,3,0
5873,2024,4,0
5887,2024,1,0
5887,2024,2,0
5887,2024,3,0
5887,2024,4,0
5898,2024,1,0
5898,2024,2,0
5898,2024,3,0
5898,2024,4,0
5911,2024,1,0
5911,2024,2,0
5911,2024,3,0
5911,2024,4,0
5912,2024,1,0
5912,2024,2,0
5912,2024,3,0
5912,2024,4,0
5924,2024,1,0
5924,2024,2,0
5924,2024,3,0
5924,2024,4,0
5933,2024,1,0
5933,2024,2,0
5933,2024,3,0
5933,2024,4,0
5939,2024,1,0
5939,2024,2,0
5939,2024,3,0
5939,2024,4,0
5952,2024,1,0
5952,2024,2,0
5952,2024,3,0
5952,2024,4,0
5956,2024,1,0
5956,2024,2,0
5956,2024,3,0
5956,2024,4,0
5965,2024,1,0
5965,2024,2,0
5965,2024,3,0
5965,2024,4,0
5966,2024,1,0
5966,2024,2,0
5966,2024,3,0
5966,2024,4,0
5971,2024,1,0
5971,2024,2,0
5971,2024,3,0
5971,2024,4,0
5978,2024,1,0
5978,2024,2,0
5978,2024,3,0
5978,2024,4,0
5992,2024,1,0
5992,2024,2,0
5992,2024,3,0
5992,2024,4,0
6065,2024,1,0
6065,2024,2,0
6065,2024,3,0
6065,2024,4,0
6076,2024,1,0
6076,2024,2,0
6076,2024,3,0
6076,2024,4,0
6078,2024,1,0
6078,2024,2,0
6078,2024,3,0
6078,2024,4,0
6086,2024,1,0
6086,2024,2,0
6086,2024,3,0
6086,2024,4,0
6089,2024,1,0
6089,2024,2,0
6089,2024,3,0
6089,2024,4,0
6110,2024,1,0
6110,2024,2,0
6110,2024,3,0
6110,2024,4,0
6129,2024,1,0
6129,2024,2,0
6129,2024,3,0
6129,2024,4,0
6143,2024,1,0
6143,2024,2,0
6143,2024,3,0
6143,2024,4,0
6145,2024,1,0
6145,2024,2,0
6145,2024,3,0
6145,2024,4,0
6151,2024,1,0
6151,2024,2,0
6151,2024,3,0
6151,2024,4,0
6163,2024,1,0
6163,2024,2,0
6163,2024,3,0
6163,2024,4,0
6175,2024,1,0
6175,2024,2,0
6175,2024,3,0
6175,2024,4,0
6178,2024,1,0
6178,2024,2,0
6178,2024,3,0
6178,2024,4,0
6179,2024,1,0
6179,2024,2,0
6179,2024,3,0
6179,2024,4,0
6187,2024,1,0
6187,2024,2,0
6187,2024,3,0
6187,2024,4,0
6198,2024,1,0
6198,2024,2,0
6198,2024,3,0
6198,2024,4,0
6201,2024,1,0
6201,2024,2,0
6201,2024,3,0
6201,2024,4,0
6203,2024,1,0
6203,2024,2,0
6203,2024,3,0
6203,2024,4,0
6205,2024,1,0
6205,2024,2,0
6205,2024,3,0
6205,2024,4,0
6224,2024,1,0
6224,2024,2,0
6224,2024,3,0
6224,2024,4,0
6225,2024,1,0
6225,2024,2,0
6225,2024,3,0
6225,2024,4,0
6232,2024,1,0
6232,2024,2,0
6232,2024,3,0
6232,2024,4,0
6235,2024,1,0
6235,2024,2,0
6235,2024,3,0
6235,2024,4,0
6246,2024,1,0
6246,2024,2,0
6246,2024,3,0
6246,2024,4,0
6262,2024,1,0
6262,2024,2,0
6262,2024,3,0
6262,2024,4,0
6288,2024,1,0
6288,2024,2,0
6288,2024,3,0
6288,2024,4,0
6290,2024,1,0
6290,2024,2,0
6290,2024,3,0
6290,2024,4,0
6303,2024,1,0
6303,2024,2,0
6303,2024,3,0
6303,2024,4,0
6305,2024,1,0
6305,2024,2,0
6305,2024,3,0
6305,2024,4,0
6323,2024,1,0
6323,2024,2,0
6323,2024,3,0
6323,2024,4,0
6345,2024,1,0
6345,2024,2,0
6345,2024,3,0
6345,2024,4,0
6347,2024,1,0
6347,2024,2,0
6347,2024,3,0
6347,2024,4,0
6350,2024,1,0
6350,2024,2,0
6350,2024,3,0
6350,2024,4,0
6353,2024,1,0
6353,2024,2,0
6353,2024,3,0
6353,2024,4,0
6359,2024,1,1
6359,2024,2,1
6359,2024,3,0
6359,2024,4,0
6362,2024,1,0
6362,2024,2,0
6362,2024,3,0
6362,2024,4,0
6370,2024,1,0
6370,2024,2,0
6370,2024,3,0
6370,2024,4,0
6374,2024,1,0
6374,2024,2,0
6374,2024,3,0
6374,2024,4,0
6386,2024,1,0
6386,2024,2,0
6386,2024,3,0
6386,2024,4,0
6390,2024,1,0
6390,2024,2,0
6390,2024,3,0
6390,2024,4,0
6404,2024,1,0
6404,2024,2,0
6404,2024,3,0
6404,2024,4,0
6412,2024,1,0
6412,2024,2,0
6412,2024,3,0
6412,2024,4,0
6416,2024,1,0
6416,2024,2,0
6416,2024,3,0
6416,2024,4,0
6417,2024,1,0
6417,2024,2,0
6417,2024,3,0
6417,2024,4,0
6422,2024,1,0
6422,2024,2,0
6422,2024,3,0
6422,2024,4,0
6427,2024,1,0
6427,2024,2,0
6427,2024,3,0
6427,2024,4,0
6431,2024,1,0
6431,2024,2,0
6431,2024,3,0
6431,2024,4,0
6440,2024,1,0
6440,2024,2,0
6440,2024,3,0
6440,2024,4,0
6454,2024,1,0
6454,2024,2,0
6454,2024,3,0
6454,2024,4,0
6463,2024,1,0
6463,2024,2,0
6463,2024,3,0
6463,2024,4,0
6467,2024,1,0
6467,2024,2,0
6467,2024,3,0
6467,2024,4,0
6470,2024,1,0
6470,2024,2,0
6470,2024,3,0
6470,2024,4,0
6475,2024,1,0
6475,2024,2,0
6475,2024,3,0
6475,2024,4,0
6476,2024,1,0
6476,2024,2,0
6476,2024,3,0
6476,2024,4,0
6499,2024,1,0
6499,2024,2,0
6499,2024,3,0
6499,2024,4,0
6515,2024,1,0
6515,2024,2,0
6515,2024,3,0
6515,2024,4,0
6520,2024,1,0
6520,2024,2,0
6520,2024,3,0
6520,2024,4,0
6530,2024,1,0
6530,2024,2,0
6530,2024,3,0
6530,2024,4,0
6531,2024,1,0
6531,2024,2,0
6531,2024,3,0
6531,2024,4,0
6537,2024,1,0
6537,2024,2,0
6537,2024,3,0
6537,2024,4,0
6549,2024,1,0
6549,2024,2,0
6549,2024,3,0
6549,2024,4,0
6571,2024,1,0
6571,2024,2,0
6571,2024,3,0
6571,2024,4,0
6572,2024,1,0
6572,2024,2,0
6572,2024,3,0
6572,2024,4,0
6573,2024,1,0
6573,2024,2,0
6573,2024,3,0
6573,2024,4,0
6579,2024,1,0
6579,2024,2,0
6579,2024,3,0
6579,2024,4,0
6583,2024,1,0
6583,2024,2,0
6583,2024,3,0
6583,2024,4,0
6593,2024,1,0
6593,2024,2,0
6593,2024,3,0
6593,2024,4,0
6601,2024,1,0
6601,2024,2,0
6601,2024,3,0
6601,2024,4,0
6607,2024,1,0
6607,2024,2,0
6607,2024,3,0
6607,2024,4,0
6610,2024,1,0
6610,2024,2,0
6610,2024,3,0
6610,2024,4,0
6619,2024,1,0
6619,2024,2,0
6619,2024,3,0
6619,2024,4,0
6626,2024,1,0
6626,2024,2,0
6626,2024,3,0
6626,2024,4,0
6633,2024,1,0
6633,2024,2,0
6633,2024,3,0
6633,2024,4,0
6649,2024,1,0
6649,2024,2,0
6649,2024,3,0
6649,2024,4,0
6666,2024,1,0
6666,2024,2,0
6666,2024,3,0
6666,2024,4,0
6668,2024,1,0
6668,2024,2,0
6668,2024,3,0
6668,2024,4,0
6678,2024,1,0
6678,2024,2,0
6678,2024,3,0
6678,2024,4,0
6683,2024,1,0
6683,2024,2,0
6683,2024,3,0
6683,2024,4,0
6692,2024,1,0
6692,2024,2,0
6692,2024,3,0
6692,2024,4,0
6699,2024,1,0
6699,2024,2,0
6699,2024,3,0
6699,2024,4,0
6701,2024,1,0
6701,2024,2,0
6701,2024,3,0
6701,2024,4,0
6703,2024,1,0
6703,2024,2,0
6703,2024,3,0
6703,2024,4,0
6717,2024,1,0
6717,2024,2,0
6717,2024,3,0
6717,2024,4,0
6719,2024,1,0
6719,2024,2,0
6719,2024,3,0
6719,2024,4,0
6729,2024,1,0
6729,2024,2,0
6729,2024,3,0
6729,2024,4,0
6736,2024,1,0
6736,2024,2,0
6736,2024,3,0
6736,2024,4,0
6745,2024,1,0
6745,2024,2,0
6745,2024,3,0
6745,2024,4,0
6753,2024,1,0
6753,2024,2,0
6753,2024,3,0
6753,2024,4,0
6759,2024,1,0
6759,2024,2,0
6759,2024,3,0
6759,2024,4,0
6761,2024,1,0
6761,2024,2,0
6761,2024,3,0
6761,2024,4,0
6763,2024,1,0
6763,2024,2,0
6763,2024,3,0
6763,2024,4,0
6765,2024,1,0
6765,2024,2,0
6765,2024,3,0
6765,2024,4,0
6774,2024,1,0
6774,2024,2,0
6774,2024,3,0
6774,2024,4,0
6779,2024,1,0
6779,2024,2,0
6779,2024,3,0
6779,2024,4,0
6786,2024,1,0
6786,2024,2,0
6786,2024,3,0
6786,2024,4,0
6796,2024,1,0
6796,2024,2,0
6796,2024,3,0
6796,2024,4,0
6797,2024,1,0
6797,2024,2,0
6797,2024,3,0
6797,2024,4,0
6805,2024,1,0
6805,2024,2,0
6805,2024,3,0
6805,2024,4,0
6807,2024,1,0
6807,2024,2,0
6807,2024,3,0
6807,2024,4,0
6813,2024,1,0
6813,2024,2,0
6813,2024,3,0
6813,2024,4,0
6815,2024,1,0
6815,2024,2,0
6815,2024,3,0
6815,2024,4,0
6821,2024,1,0
6821,2024,2,0
6821,2024,3,0
6821,2024,4,0
6824,2024,1,0
6824,2024,2,0
6824,2024,3,0
6824,2024,4,0
6833,2024,1,0
6833,2024,2,0
6833,2024,3,0
6833,2024,4,0
6842,2024,1,0
6842,2024,2,0
6842,2024,3,0
6842,2024,4,0
6851,2024,1,0
6851,2024,2,0
6851,2024,3,0
6851,2024,4,0
6862,2024,1,0
6862,2024,2,0
6862,2024,3,0
6862,2024,4,0
6873,2024,1,0
6873,2024,2,0
6873,2024,3,0
6873,2024,4,0
6899,2024,1,0
6899,2024,2,0
6899,2024,3,0
6899,2024,4,0
6907,2024,1,0
6907,2024,2,0
6907,2024,3,0
6907,2024,4,0
6917,2024,1,0
6917,2024,2,0
6917,2024,3,0
6917,2024,4,0
6920,2024,1,0
6920,2024,2,0
6920,2024,3,0
6920,2024,4,0
6925,2024,1,0
6925,2024,2,0
6925,2024,3,0
6925,2024,4,0
6931,2024,1,0
6931,2024,2,0
6931,2024,3,0
6931,2024,4,0
6935,2024,1,0
6935,2024,2,0
6935,2024,3,0
6935,2024,4,0
6937,2024,1,0
6937,2024,2,0
6937,2024,3,0
6937,2024,4,0
6941,2024,1,0
6941,2024,2,0
6941,2024,3,0
6941,2024,4,0
6944,2024,1,0
6944,2024,2,0
6944,2024,3,0
6944,2024,4,0
6947,2024,1,0
6947,2024,2,0
6947,2024,3,0
6947,2024,4,0
6953,2024,1,0
6953,2024,2,0
6953,2024,3,0
6953,2024,4,0
6955,2024,1,0
6955,2024,2,0
6955,2024,3,0
6955,2024,4,0
6958,2024,1,0
6958,2024,2,0
6958,2024,3,0
6958,2024,4,0
6960,2024,1,0
6960,2024,2,0
6960,2024,3,0
6960,2024,4,0
6968,2024,1,0
6968,2024,2,0
6968,2024,3,0
6968,2024,4,0
6969,2024,1,0
6969,2024,2,0
6969,2024,3,0
6969,2024,4,0
6978,2024,1,0
6978,2024,2,0
6978,2024,3,0
6978,2024,4,0
6987,2024,1,0
6987,2024,2,0
6987,2024,3,0
6987,2024,4,0
6990,2024,1,0
6990,2024,2,0
6990,2024,3,0
6990,2024,4,0
6993,2024,1,0
6993,2024,2,0
6993,2024,3,0
6993,2024,4,0
6996,2024,1,0
6996,2024,2,0
6996,2024,3,0
6996,2024,4,0
7016,2024,1,0
7016,2024,2,0
7016,2024,3,0
7016,2024,4,0
7025,2024,1,0
7025,2024,2,0
7025,2024,3,0
7025,2024,4,0
7034,2024,1,0
7034,2024,2,0
7034,2024,3,0
7034,2024,4,0
7037,2024,1,0
7037,2024,2,0
7037,2024,3,0
7037,2024,4,0
7039,2024,1,0
7039,2024,2,0
7039,2024,3,0
7039,2024,4,0
7040,2024,1,0
7040,2024,2,0
7040,2024,3,0
7040,2024,4,0
7051,2024,1,0
7051,2024,2,0
7051,2024,3,0
7051,2024,4,0
7059,2024,1,0
7059,2024,2,0
7059,2024,3,0
7059,2024,4,0
7069,2024,1,0
7069,2024,2,0
7069,2024,3,0
7069,2024,4,0
7088,2024,1,0
7088,2024,2,0
7088,2024,3,0
7088,2024,4,0
7089,2024,1,0
7089,2024,2,0
7089,2024,3,0
7089,2024,4,0
7105,2024,1,0
7105,2024,2,0
7105,2024,3,0
7105,2024,4,0
7117,2024,1,0
7117,2024,2,0
7117,2024,3,0
7117,2024,4,0
7118,2024,1,0
7118,2024,2,0
7118,2024,3,0
7118,2024,4,0
7123,2024,1,0
7123,2024,2,0
7123,2024,3,0
7123,2024,4,0
7132,2024,1,0
7132,2024,2,0
7132,2024,3,0
7132,2024,4,0
7133,2024,1,0
7133,2024,2,0
7133,2024,3,0
7133,2024,4,0
7142,2024,1,0
7142,2024,2,0
7142,2024,3,0
7142,2024,4,0
7152,2024,1,0
7152,2024,2,0
7152,2024,3,0
7152,2024,4,0
7156,2024,1,0
7156,2024,2,0
7156,2024,3,0
7156,2024,4,0
7169,2024,1,0
7169,2024,2,0
7169,2024,3,0
7169,2024,4,0
7178,2024,1,0
7178,2024,2,0
7178,2024,3,0
7178,2024,4,0
7179,2024,1,0
7179,2024,2,0
7179,2024,3,0
7179,2024,4,0
7189,2024,1,0
7189,2024,2,0
7189,2024,3,0
7189,2024,4,0
7194,2024,1,0
7194,2024,2,0
7194,2024,3,0
7194,2024,4,0
7196,2024,1,0
7196,2024,2,0
7196,2024,3,0
7196,2024,4,0
7199,2024,1,0
7199,2024,2,0
7199,2024,3,0
7199,2024,4,0
7200,2024,1,0
7200,2024,2,0
7200,2024,3,0
7200,2024,4,0
7219,2024,1,0
7219,2024,2,0
7219,2024,3,0
7219,2024,4,0
7222,2024,1,0
7222,2024,2,0
7222,2024,3,0
7222,2024,4,0
7246,2024,1,0
7246,2024,2,0
7246,2024,3,0
7246,2024,4,0
7254,2024,1,0
7254,2024,2,0
7254,2024,3,0
7254,2024,4,0
7289,2024,1,0
7289,2024,2,0
7289,2024,3,0
7289,2024,4,0
7296,2024,1,0
7296,2024,2,0
7296,2024,3,0
7296,2024,4,0
7297,2024,1,0
7297,2024,2,0
7297,2024,3,0
7297,2024,4,0
7329,2024,1,0
7329,2024,2,0
7329,2024,3,0
7329,2024,4,0
7336,2024,1,0
7336,2024,2,0
7336,2024,3,0
7336,2024,4,0
7341,2024,1,0
7341,2024,2,0
7341,2024,3,0
7341,2024,4,0
7346,2024,1,0
7346,2024,2,0
7346,2024,3,0
7346,2024,4,0
7352,2024,1,0
7352,2024,2,0
7352,2024,3,0
7352,2024,4,0
7353,2024,1,0
7353,2024,2,0
7353,2024,3,0
7353,2024,4,0
7356,2024,1,0
7356,2024,2,0
7356,2024,3,0
7356,2024,4,0
7362,2024,1,0
7362,2024,2,0
7362,2024,3,0
7362,2024,4,0
7364,2024,1,0
7364,2024,2,0
7364,2024,3,0
7364,2024,4,0
7382,2024,1,0
7382,2024,2,0
7382,2024,3,0
7382,2024,4,0
7387,2024,1,0
7387,2024,2,0
7387,2024,3,0
7387,2024,4,0
7394,2024,1,0
7394,2024,2,0
7394,2024,3,0
7394,2024,4,0
7410,2024,1,0
7410,2024,2,0
7410,2024,3,0
7410,2024,4,0
7431,2024,1,0
7431,2024,2,0
7431,2024,3,0
7431,2024,4,0
7438,2024,1,0
7438,2024,2,0
7438,2024,3,0
7438,2024,4,0
7455,2024,1,0
7455,2024,2,0
7455,2024,3,0
7455,2024,4,0
7463,2024,1,0
7463,2024,2,0
7463,2024,3,0
7463,2024,4,0
7466,2024,1,0
7466,2024,2,0
7466,2024,3,0
7466,2024,4,0
7468,2024,1,0
7468,2024,2,0
7468,2024,3,0
7468,2024,4,0
7474,2024,1,0
7474,2024,2,0
7474,2024,3,0
7474,2024,4,0
7479,2024,1,0
7479,2024,2,0
7479,2024,3,0
7479,2024,4,0
7489,2024,1,0
7489,2024,2,0
7489,2024,3,0
7489,2024,4,0
7493,2024,1,0
7493,2024,2,0
7493,2024,3,0
7493,2024,4,0
7497,2024,1,0
7497,2024,2,0
7497,2024,3,0
7497,2024,4,0
7505,2024,1,0
7505,2024,2,0
7505,2024,3,0
7505,2024,4,0
7507,2024,1,0
7507,2024,2,0
7507,2024,3,0
7507,2024,4,0
7518,2024,1,0
7518,2024,2,0
7518,2024,3,0
7518,2024,4,0
7521,2024,1,0
7521,2024,2,0
7521,2024,3,0
7521,2024,4,0
7533,2024,1,0
7533,2024,2,0
7533,2024,3,0
7533,2024,4,0
7535,2024,1,0
7535,2024,2,0
7535,2024,3,0
7535,2024,4,0
7541,2024,1,0
7541,2024,2,0
7541,2024,3,0
7541,2024,4,0
7542,2024,1,0
7542,2024,2,0
7542,2024,3,0
7542,2024,4,0
7556,2024,1,0
7556,2024,2,0
7556,2024,3,0
7556,2024,4,0
7586,2024,1,0
7586,2024,2,0
7586,2024,3,0
7586,2024,4,0
7593,2024,1,0
7593,2024,2,0
7593,2024,3,0
7593,2024,4,0
7596,2024,1,0
7596,2024,2,0
7596,2024,3,0
7596,2024,4,0
7605,2024,1,0
7605,2024,2,0
7605,2024,3,0
7605,2024,4,0
7611,2024,1,0
7611,2024,2,0
7611,2024,3,0
7611,2024,4,0
7615,2024,1,0
7615,2024,2,0
7615,2024,3,0
7615,2024,4,0
7631,2024,1,0
7631,2024,2,0
7631,2024,3,0
7631,2024,4,0
7636,2024,1,0
7636,2024,2,0
7636,2024,3,0
7636,2024,4,0
7637,2024,1,0
7637,2024,2,0
7637,2024,3,0
7637,2024,4,0
7639,2024,1,0
7639,2024,2,0
7639,2024,3,0
7639,2024,4,0
7644,2024,1,0
7644,2024,2,0
7644,2024,3,0
7644,2024,4,0
7647,2024,1,0
7647,2024,2,0
7647,2024,3,0
7647,2024,4,0
7648,2024,1,0
7648,2024,2,0
7648,2024,3,0
7648,2024,4,0
7656,2024,1,0
7656,2024,2,0
7656,2024,3,0
7656,2024,4,0
7662,2024,1,0
7662,2024,2,0
7662,2024,3,0
7662,2024,4,0
7665,2024,1,0
7665,2024,2,0
7665,2024,3,0
7665,2024,4,0
7668,2024,1,0
7668,2024,2,0
7668,2024,3,0
7668,2024,4,0
7673,2024,1,0
7673,2024,2,0
7673,2024,3,0
7673,2024,4,0
7676,2024,1,0
7676,2024,2,0
7676,2024,3,0
7676,2024,4,0
7688,2024,1,0
7688,2024,2,0
7688,2024,3,0
7688,2024,4,0
7691,2024,1,0
7691,2024,2,0
7691,2024,3,0
7691,2024,4,0
7693,2024,1,0
7693,2024,2,0
7693,2024,3,0
7693,2024,4,0
7694,2024,1,0
7694,2024,2,0
7694,2024,3,0
7694,2024,4,0
7695,2024,1,0
7695,2024,2,0
7695,2024,3,0
7695,2024,4,0
7704,2024,1,0
7704,2024,2,0
7704,2024,3,0
7704,2024,4,0
7724,2024,1,0
7724,2024,2,0
7724,2024,3,0
7724,2024,4,0
7725,2024,1,0
7725,2024,2,0
7725,2024,3,0
7725,2024,4,0
7729,2024,1,0
7729,2024,2,0
7729,2024,3,0
7729,2024,4,0
7731,2024,1,0
7731,2024,2,0
7731,2024,3,0
7731,2024,4,0
7740,2024,1,0
7740,2024,2,0
7740,2024,3,0
7740,2024,4,0
7746,2024,1,0
7746,2024,2,0
7746,2024,3,0
7746,2024,4,0
7757,2024,1,0
7757,2024,2,0
7757,2024,3,0
7757,2024,4,0
7760,2024,1,0
7760,2024,2,0
7760,2024,3,0
7760,2024,4,0
7765,2024,1,0
7765,2024,2,0
7765,2024,3,0
7765,2024,4,0
7784,2024,1,0
7784,2024,2,0
7784,2024,3,0
7784,2024,4,0
7788,2024,1,0
7788,2024,2,0
7788,2024,3,0
7788,2024,4,0
7789,2024,1,0
7789,2024,2,0
7789,2024,3,0
7789,2024,4,0
7806,2024,1,0
7806,2024,2,0
7806,2024,3,0
7806,2024,4,0
7809,2024,1,0
7809,2024,2,0
7809,2024,3,0
7809,2024,4,0
7821,2024,1,0
7821,2024,2,0
7821,2024,3,0
7821,2024,4,0
7824,2024,1,0
7824,2024,2,0
7824,2024,3,0
7824,2024,4,0
7828,2024,1,0
7828,2024,2,0
7828,2024,3,0
7828,2024,4,0
7830,2024,1,0
7830,2024,2,0
7830,2024,3,0
7830,2024,4,0
7832,2024,1,0
7832,2024,2,0
7832,2024,3,0
7832,2024,4,0
7841,2024,1,0
7841,2024,2,0
7841,2024,3,0
7841,2024,4,0
7848,2024,1,0
7848,2024,2,0
7848,2024,3,0
7848,2024,4,0
7856,2024,1,0
7856,2024,2,0
7856,2024,3,0
7856,2024,4,0
7861,2024,1,0
7861,2024,2,0
7861,2024,3,0
7861,2024,4,0
7879,2024,1,0
7879,2024,2,0
7879,2024,3,0
7879,2024,4,0
7881,2024,1,0
7881,2024,2,0
7881,2024,3,0
7881,2024,4,0
7887,2024,1,0
7887,2024,2,0
7887,2024,3,0
7887,2024,4,0
7897,2024,1,0
7897,2024,2,0
7897,2024,3,0
7897,2024,4,0
7901,2024,1,0
7901,2024,2,0
7901,2024,3,0
7901,2024,4,0
7902,2024,1,0
7902,2024,2,0
7902,2024,3,0
7902,2024,4,0
7903,2024,1,0
7903,2024,2,0
7903,2024,3,0
7903,2024,4,0
7913,2024,1,0
7913,2024,2,0
7913,2024,3,0
7913,2024,4,0
7930,2024,1,0
7930,2024,2,0
7930,2024,3,0
7930,2024,4,0
7931,2024,1,0
7931,2024,2,0
7931,2024,3,0
7931,2024,4,0
7938,2024,1,0
7938,2024,2,0
7938,2024,3,0
7938,2024,4,0
7945,2024,1,0
7945,2024,2,0
7945,2024,3,0
7945,2024,4,0
7962,2024,1,0
7962,2024,2,0
7962,2024,3,0
7962,2024,4,0
7981,2024,1,0
7981,2024,2,0
7981,2024,3,0
7981,2024,4,0
7992,2024,1,0
7992,2024,2,0
7992,2024,3,0
7992,2024,4,0
7998,2024,1,0
7998,2024,2,0
7998,2024,3,0
7998,2024,4,0
8705,2024,1,0
8705,2024,2,0
8705,2024,3,0
8705,2024,4,0
9000,2024,1,0
9000,2024,2,0
9000,2024,3,0
9000,2024,4,0
9005,2024,1,0
9005,2024,2,0
9005,2024,3,0
9005,2024,4,0
9008,2024,1,0
9008,2024,2,0
9008,2024,3,0
9008,2024,4,0
9009,2024,1,0
9009,2024,2,0
9009,2024,3,0
9009,2024,4,0
9012,2024,1,0
9012,2024,2,0
9012,2024,3,0
9012,2024,4,0
9015,2024,1,0
9015,2024,2,0
9015,2024,3,0
9015,2024,4,0
9016,2024,1,0
9016,2024,2,0
9016,2024,3,0
9016,2024,4,0
9019,2024,1,0
9019,2024,2,0
9019,2024,3,0
9019,2024,4,0
9027,2024,1,0
9027,2024,2,0
9027,2024,3,0
9027,2024,4,0
9033,2024,1,0
9033,2024,2,0
9033,2024,3,0
9033,2024,4,0
9044,2024,1,0
9044,2024,2,0
9044,2024,3,0
9044,2024,4,0
9051,2024,1,0
9051,2024,2,0
9051,2024,3,0
9051,2024,4,0
9057,2024,1,0
9057,2024,2,0
9057,2024,3,0
9057,2024,4,0
9059,2024,1,0
9059,2024,2,0
9059,2024,3,0
9059,2024,4,0
9071,2024,1,0
9071,2024,2,0
9071,2024,3,0
9071,2024,4,0
9075,2024,1,0
9075,2024,2,0
9075,2024,3,0
9075,2024,4,0
9077,2024,1,0
9077,2024,2,0
9077,2024,3,0
9077,2024,4,0
9092,2024,1,0
9092,2024,2,0
9092,2024,3,0
9092,2024,4,0
9094,2024,1,0
9094,2024,2,0
9094,2024,3,0
9094,2024,4,0
9098,2024,1,0
9098,2024,2,0
9098,2024,3,0
9098,2024,4,0
9112,2024,1,0
9112,2024,2,0
9112,2024,3,0
9112,2024,4,0
9123,2024,1,0
9123,2024,2,0
9123,2024,3,0
9123,2024,4,0
9130,2024,1,0
9130,2024,2,0
9130,2024,3,0
9130,2024,4,0
9138,2024,1,0
9138,2024,2,0
9138,2024,3,0
9138,2024,4,0
9144,2024,1,0
9144,2024,2,0
9144,2024,3,0
9144,2024,4,0
9149,2024,1,0
9149,2024,2,0
9149,2024,3,0
9149,2024,4,0
9153,2024,1,0
9153,2024,2,0
9153,2024,3,0
9153,2024,4,0
9162,2024,1,0
9162,2024,2,0
9162,2024,3,0
9162,2024,4,0
9163,2024,1,0
9163,2024,2,0
9163,2024,3,0
9163,2024,4,0
9171,2024,1,0
9171,2024,2,0
9171,2024,3,0
9171,2024,4,0
9173,2024,1,0
9173,2024,2,0
9173,2024,3,0
9173,2024,4,0
9174,2024,1,0
9174,2024,2,0
9174,2024,3,0
9174,2024,4,0
9175,2024,1,0
9175,2024,2,0
9175,2024,3,0
9175,2024,4,0
9181,2024,1,0
9181,2024,2,0
9181,2024,3,0
9181,2024,4,0
9202,2024,1,0
9202,2024,2,0
9202,2024,3,0
9202,2024,4,0
9204,2024,1,0
9204,2024,2,0
9204,2024,3,0
9204,2024,4,0
9239,2024,1,0
9239,2024,2,0
9239,2024,3,0
9239,2024,4,0
9244,2024,1,0
9244,2024,2,0
9244,2024,3,0
9244,2024,4,0
9249,2024,1,0
9249,2024,2,0
9249,2024,3,0
9249,2024,4,0
9251,2024,1,0
9251,2024,2,0
9251,2024,3,0
9251,2024,4,0
9256,2024,1,0
9256,2024,2,0
9256,2024,3,0
9256,2024,4,0
9264,2024,1,0
9264,2024,2,0
9264,2024,3,0
9264,2024,4,0
9266,2024,1,0
9266,2024,2,0
9266,2024,3,0
9266,2024,4,0
9273,2024,1,0
9273,2024,2,0
9273,2024,3,0
9273,2024,4,0
9278,2024,1,0
9278,2024,2,0
9278,2024,3,0
9278,2024,4,0
9286,2024,1,0
9286,2024,2,0
9286,2024,3,0
9286,2024,4,0
9287,2024,1,0
9287,2024,2,0
9287,2024,3,0
9287,2024,4,0
9288,2024,1,0
9288,2024,2,0
9288,2024,3,0
9288,2024,4,0
9290,2024,1,0
9290,2024,2,0
9290,2024,3,0
9290,2024,4,0
9292,2024,1,0
9292,2024,2,0
9292,2024,3,0
9292,2024,4,0
9294,2024,1,0
9294,2024,2,0
9294,2024,3,0
9294,2024,4,0
9296,2024,1,0
9296,2024,2,0
9296,2024,3,0
9296,2024,4,0
9297,2024,1,0
9297,2024,2,0
9297,2024,3,0
9297,2024,4,0
9301,2024,1,0
9301,2024,2,0
9301,2024,3,0
9301,2024,4,0
9313,2024,1,0
9313,2024,2,0
9313,2024,3,0
9313,2024,4,0
9317,2024,1,0
9317,2024,2,0
9317,2024,3,0
9317,2024,4,0
9318,2024,1,0
9318,2024,2,0
9318,2024,3,0
9318,2024,4,0
9320,2024,1,0
9320,2024,2,0
9320,2024,3,0
9320,2024,4,0
9321,2024,1,0
9321,2024,2,0
9321,2024,3,0
9321,2024,4,0
9322,2024,1,0
9322,2024,2,0
9322,2024,3,0
9322,2024,4,0
9325,2024,1,0
9325,2024,2,0
9325,2024,3,0
9325,2024,4,0
9326,2024,1,0
9326,2024,2,0
9326,2024,3,0
9326,2024,4,0
9335,2024,1,0
9335,2024,2,0
9335,2024,3,0
9335,2024,4,0
9347,2024,1,0
9347,2024,2,0
9347,2024,3,0
9347,2024,4,0
9348,2024,1,0
9348,2024,2,0
9348,2024,3,0
9348,2024,4,0
9354,2024,1,0
9354,2024,2,0
9354,2024,3,0
9354,2024,4,0
9356,2024,1,0
9356,2024,2,0
9356,2024,3,0
9356,2024,4,0
9357,2024,1,0
9357,2024,2,0
9357,2024,3,0
9357,2024,4,0
9360,2024,1,0
9360,2024,2,0
9360,2024,3,0
9360,2024,4,0
9362,2024,1,0
9362,2024,2,0
9362,2024,3,0
9362,2024,4,0
9366,2024,1,0
9366,2024,2,0
9366,2024,3,0
9366,2024,4,0
9370,2024,1,0
9370,2024,2,0
9370,2024,3,0
9370,2024,4,0
9377,2024,1,0
9377,2024,2,0
9377,2024,3,0
9377,2024,4,0
9390,2024,1,0
9390,2024,2,0
9390,2024,3,0
9390,2024,4,0
9404,2024,1,0
9404,2024,2,0
9404,2024,3,0
9404,2024,4,0
9406,2024,1,0
9406,2024,2,0
9406,2024,3,0
9406,2024,4,0
9407,2024,1,0
9407,2024,2,0
9407,2024,3,0
9407,2024,4,0
9411,2024,1,0
9411,2024,2,0
9411,2024,3,0
9411,2024,4,0
9415,2024,1,0
9415,2024,2,0
9415,2024,3,0
9415,2024,4,0
9418,2024,1,0
9418,2024,2,0
9418,2024,3,0
9418,2024,4,0
9426,2024,1,0
9426,2024,2,0
9426,2024,3,0
9426,2024,4,0
9429,2024,1,0
9429,2024,2,0
9429,2024,3,0
9429,2024,4,0
9437,2024,1,0
9437,2024,2,0
9437,2024,3,0
9437,2024,4,0
9441,2024,1,0
9441,2024,2,0
9441,2024,3,0
9441,2024,4,0
9449,2024,1,0
9449,2024,2,0
9449,2024,3,0
9449,2024,4,0
9451,2024,1,0
9451,2024,2,0
9451,2024,3,0
9451,2024,4,0
9453,2024,1,0
9453,2024,2,0
9453,2024,3,0
9453,2024,4,0
9461,2024,1,0
9461,2024,2,0
9461,2024,3,0
9461,2024,4,0
9466,2024,1,0
9466,2024,2,0
9466,2024,3,0
9466,2024,4,0
9474,2024,1,0
9474,2024,2,0
9474,2024,3,0
9474,2024,4,0
9481,2024,1,0
9481,2024,2,0
9481,2024,3,0
9481,2024,4,0
9486,2024,1,0
9486,2024,2,0
9486,2024,3,0
9486,2024,4,0
9490,2024,1,0
9490,2024,2,0
9490,2024,3,0
9490,2024,4,0
9496,2024,1,0
9496,2024,2,0
9496,2024,3,0
9496,2024,4,0
9521,2024,1,0
9521,2024,2,0
9521,2024,3,0
9521,2024,4,0
9522,2024,1,0
9522,2024,2,0
9522,2024,3,0
9522,2024,4,0
9534,2024,1,0
9534,2024,2,0
9534,2024,3,0
9534,2024,4,0
9535,2024,1,0
9535,2024,2,0
9535,2024,3,0
9535,2024,4,0
9541,2024,1,0
9541,2024,2,0
9541,2024,3,0
9541,2024,4,0
9544,2024,1,0
9544,2024,2,0
9544,2024,3,0
9544,2024,4,0
9566,2024,1,0
9566,2024,2,0
9566,2024,3,0
9566,2024,4,0
9568,2024,1,0
9568,2024,2,0
9568,2024,3,0
9568,2024,4,0
9572,2024,1,0
9572,2024,2,0
9572,2024,3,0
9572,2024,4,0
9578,2024,1,0
9578,2024,2,0
9578,2024,3,0
9578,2024,4,0
9585,2024,1,0
9585,2024,2,0
9585,2024,3,0
9585,2024,4,0
9596,2024,1,0
9596,2024,2,0
9596,2024,3,0
9596,2024,4,0
9607,2024,1,0
9607,2024,2,0
9607,2024,3,0
9607,2024,4,0
9608,2024,1,0
9608,2024,2,0
9608,2024,3,0
9608,2024,4,0
9609,2024,1,0
9609,2024,2,0
9609,2024,3,0
9609,2024,4,0
9617,2024,1,0
9617,2024,2,0
9617,2024,3,0
9617,2024,4,0
9621,2024,1,0
9621,2024,2,0
9621,2024,3,0
9621,2024,4,0
9628,2024,1,0
9628,2024,2,0
9628,2024,3,0
9628,2024,4,0
9630,2024,1,0
9630,2024,2,0
9630,2024,3,0
9630,2024,4,0
9652,2024,1,0
9652,2024,2,0
9652,2024,3,0
9652,2024,4,0
9655,2024,1,0
9655,2024,2,0
9655,2024,3,0
9655,2024,4,0
9664,2024,1,0
9664,2024,2,0
9664,2024,3,0
9664,2024,4,0
9674,2024,1,0
9674,2024,2,0
9674,2024,3,0
9674,2024,4,0
9676,2024,1,0
9676,2024,2,0
9676,2024,3,0
9676,2024,4,0
9683,2024,1,0
9683,2024,2,0
9683,2024,3,0
9683,2024,4,0
9690,2024,1,0
9690,2024,2,0
9690,2024,3,0
9690,2024,4,0
9691,2024,1,0
9691,2024,2,0
9691,2024,3,0
9691,2024,4,0
9695,2024,1,0
9695,2024,2,0
9695,2024,3,0
9695,2024,4,0
9706,2024,1,0
9706,2024,2,0
9706,2024,3,0
9706,2024,4,0
9712,2024,1,0
9712,2024,2,0
9712,2024,3,0
9712,2024,4,0
9726,2024,1,0
9726,2024,2,0
9726,2024,3,0
9726,2024,4,0
9730,2024,1,0
9730,2024,2,0
9730,2024,3,0
9730,2024,4,0
9742,2024,1,0
9742,2024,2,0
9742,2024,3,0
9742,2024,4,0
9744,2024,1,0
9744,2024,2,0
9744,2024,3,0
9744,2024,4,0
9745,2024,1,0
9745,2024,2,0
9745,2024,3,0
9745,2024,4,0
9748,2024,1,0
9748,2024,2,0
9748,2024,3,0
9748,2024,4,0
9750,2024,1,0
9750,2024,2,0
9750,2024,3,0
9750,2024,4,0
9758,2024,1,0
9758,2024,2,0
9758,2024,3,0
9758,2024,4,0
9761,2024,1,0
9761,2024,2,0
9761,2024,3,0
9761,2024,4,0
9765,2024,1,0
9765,2024,2,0
9765,2024,3,0
9765,2024,4,0
9768,2024,1,0
9768,2024,2,0
9768,2024,3,0
9768,2024,4,0
9772,2024,1,0
9772,2024,2,0
9772,2024,3,0
9772,2024,4,0
9797,2024,1,0
9797,2024,2,0
9797,2024,3,0
9797,2024,4,0
9800,2024,1,0
9800,2024,2,0
9800,2024,3,0
9800,2024,4,0
9805,2024,1,0
9805,2024,2,0
9805,2024,3,0
9805,2024,4,0
9807,2024,1,0
9807,2024,2,0
9807,2024,3,0
9807,2024,4,0
9818,2024,1,0
9818,2024,2,0
9818,2024,3,0
9818,2024,4,0
9819,2024,1,0
9819,2024,2,0
9819,2024,3,0
9819,2024,4,0
9842,2024,1,0
9842,2024,2,0
9842,2024,3,0
9842,2024,4,0
9845,2024,1,0
9845,2024,2,0
9845,2024,3,0
9845,2024,4,0
9850,2024,1,0
9850,2024,2,0
9850,2024,3,0
9850,2024,4,0
9854,2024,1,0
9854,2024,2,0
9854,2024,3,0
9854,2024,4,0
9857,2024,1,0
9857,2024,2,0
9857,2024,3,0
9857,2024,4,0
9873,2024,1,0
9873,2024,2,0
9873,2024,3,0
9873,2024,4,0
9889,2024,1,0
9889,2024,2,0
9889,2024,3,0
9889,2024,4,0
9902,2024,1,0
9902,2024,2,0
9902,2024,3,0
9902,2024,4,0
9926,2024,1,0
9926,2024,2,0
9926,2024,3,0
9926,2024,4,0
9928,2024,1,0
9928,2024,2,0
9928,2024,3,0
9928,2024,4,0
9931,2024,1,0
9931,2024,2,0
9931,2024,3,0
9931,2024,4,0
9939,2024,1,0
9939,2024,2,0
9939,2024,3,0
9939,2024,4,0
9940,2024,1,0
9940,2024,2,0
9940,2024,3,0
9940,2024,4,0
9944,2024,1,0
9944,2024,2,0
9944,2024,3,0
9944,2024,4,0
9953,2024,1,0
9953,2024,2,0
9953,2024,3,0
9953,2024,4,0
9954,2024,1,0
9954,2024,2,0
9954,2024,3,0
9954,2024,4,0
9958,2024,1,0
9958,2024,2,0
9958,2024,3,0
9958,2024,4,0
9962,2024,1,0
9962,2024,2,0
9962,2024,3,0
9962,2024,4,0
9968,2024,1,0
9968,2024,2,0
9968,2024,3,0
9968,2024,4,0
9973,2024,1,0
9973,2024,2,0
9973,2024,3,0
9973,2024,4,0
9980,2024,1,0
9980,2024,2,0
9980,2024,3,0
9980,2024,4,0
9982,2024,1,0
9982,2024,2,0
9982,2024,3,0
9982,2024,4,0
9991,2024,1,0
9991,2024,2,0
9991,2024,3,0
9991,2024,4,0
9998,2024,1,0
9998,2024,2,0
9998,2024,3,0
9998,2024,4,0
10004,2024,1,0
10004,2024,2,0
10004,2024,3,0
10004,2024,4,0
10021,2024,1,0
10021,2024,2,0
10021,2024,3,0
10021,2024,4,0
10035,2024,1,0
10035,2024,2,0
10035,2024,3,0
10035,2024,4,0
10043,2024,1,0
10043,2024,2,0
10043,2024,3,0
10043,2024,4,0
10046,2024,1,0
10046,2024,2,0
10046,2024,3,0
10046,2024,4,0
10054,2024,1,0
10054,2024,2,0
10054,2024,3,0
10054,2024,4,0
10060,2024,1,0
10060,2024,2,0
10060,2024,3,0
10060,2024,4,0
10061,2024,1,0
10061,2024,2,0
10061,2024,3,0
10061,2024,4,0
10081,2024,1,0
10081,2024,2,0
10081,2024,3,0
10081,2024,4,0
10090,2024,1,0
10090,2024,2,0
10090,2024,3,0
10090,2024,4,0
10104,2024,1,0
10104,2024,2,0
10104,2024,3,0
10104,2024,4,0
10108,2024,1,0
10108,2024,2,0
10108,2024,3,0
10108,2024,4,0
10112,2024,1,0
10112,2024,2,0
10112,2024,3,0
10112,2024,4,0
10124,2024,1,0
10124,2024,2,0
10124,2024,3,0
10124,2024,4,0
10125,2024,1,0
10125,2024,2,0
10125,2024,3,0
10125,2024,4,0
10126,2024,1,0
10126,2024,2,0
10126,2024,3,0
10126,2024,4,0
10134,2024,1,0
10134,2024,2,0
10134,2024,3,0
10134,2024,4,0
10138,2024,1,0
10138,2024,2,0
10138,2024,3,0
10138,2024,4,0
10142,2024,1,0
10142,2024,2,0
10142,2024,3,0
10142,2024,4,0
10146,2024,1,0
10146,2024,2,0
10146,2024,3,0
10146,2024,4,0
10149,2024,1,0
10149,2024,2,0
10149,2024,3,0
10149,2024,4,0
10157,2024,1,0
10157,2024,2,0
10157,2024,3,0
10157,2024,4,0
10159,2024,1,0
10159,2024,2,0
10159,2024,3,0
10159,2024,4,0
10165,2024,1,0
10165,2024,2,0
10165,2024,3,0
10165,2024,4,0
10181,2024,1,0
10181,2024,2,0
10181,2024,3,0
10181,2024,4,0
10188,2024,1,0
10188,2024,2,0
10188,2024,3,0
10188,2024,4,0
10197,2024,1,0
10197,2024,2,0
10197,2024,3,0
10197,2024,4,0
10202,2024,1,0
10202,2024,2,0
10202,2024,3,0
10202,2024,4,0
10203,2024,1,0
10203,2024,2,0
10203,2024,3,0
10203,2024,4,0
10206,2024,1,0
10206,2024,2,0
10206,2024,3,0
10206,2024,4,0
10207,2024,1,0
10207,2024,2,0
10207,2024,3,0
10207,2024,4,0
10209,2024,1,0
10209,2024,2,0
10209,2024,3,0
10209,2024,4,0
10215,2024,1,0
10215,2024,2,0
10215,2024,3,0
10215,2024,4,0
10217,2024,1,0
10217,2024,2,0
10217,2024,3,0
10217,2024,4,0
10220,2024,1,0
10220,2024,2,0
10220,2024,3,0
10220,2024,4,0
10234,2024,1,0
10234,2024,2,0
10234,2024,3,0
10234,2024,4,0
10235,2024,1,0
10235,2024,2,0
10235,2024,3,0
10235,2024,4,0
10260,2024,1,0
10260,2024,2,0
10260,2024,3,0
10260,2024,4,0
10270,2024,1,0
10270,2024,2,0
10270,2024,3,0
10270,2024,4,0
10274,2024,1,0
10274,2024,2,0
10274,2024,3,0
10274,2024,4,0
10280,2024,1,1
10280,2024,2,1
10280,2024,3,0
10280,2024,4,0
10284,2024,1,0
10284,2024,2,0
10284,2024,3,0
10284,2024,4,0
10287,2024,1,0
10287,2024,2,0
10287,2024,3,0
10287,2024,4,0
10289,2024,1,0
10289,2024,2,0
10289,2024,3,0
10289,2024,4,0
10294,2024,1,0
10294,2024,2,0
10294,2024,3,0
10294,2024,4,0
10314,2024,1,0
10314,2024,2,0
10314,2024,3,0
10314,2024,4,0
10317,2024,1,0
10317,2024,2,0
10317,2024,3,0
10317,2024,4,0
10323,2024,1,0
10323,2024,2,0
10323,2024,3,0
10323,2024,4,0
10327,2024,1,0
10327,2024,2,0
10327,2024,3,0
10327,2024,4,0
10329,2024,1,0
10329,2024,2,0
10329,2024,3,0
10329,2024,4,0
10333,2024,1,0
10333,2024,2,0
10333,2024,3,0
10333,2024,4,0
10337,2024,1,0
10337,2024,2,0
10337,2024,3,0
10337,2024,4,0
10344,2024,1,0
10344,2024,2,0
10344,2024,3,0
10344,2024,4,0
10350,2024,1,0
10350,2024,2,0
10350,2024,3,0
10350,2024,4,0
10360,2024,1,0
10360,2024,2,0
10360,2024,3,0
10360,2024,4,0
10362,2024,1,0
10362,2024,2,0
10362,2024,3,0
10362,2024,4,0
10369,2024,1,0
10369,2024,2,0
10369,2024,3,0
10369,2024,4,0
10370,2024,1,0
10370,2024,2,0
10370,2024,3,0
10370,2024,4,0
10375,2024,1,0
10375,2024,2,0
10375,2024,3,0
10375,2024,4,0
10387,2024,1,0
10387,2024,2,0
10387,2024,3,0
10387,2024,4,0
10388,2024,1,0
10388,2024,2,0
10388,2024,3,0
10388,2024,4,0
10391,2024,1,0
10391,2024,2,0
10391,2024,3,0
10391,2024,4,0
10394,2024,1,0
10394,2024,2,0
10394,2024,3,0
10394,2024,4,0
10398,2024,1,0
10398,2024,2,0
10398,2024,3,0
10398,2024,4,0
10422,2024,1,0
10422,2024,2,0
10422,2024,3,0
10422,2024,4,0
10428,2024,1,0
10428,2024,2,0
10428,2024,3,0
10428,2024,4,0
10430,2024,1,0
10430,2024,2,0
10430,2024,3,0
10430,2024,4,0
10435,2024,1,0
10435,2024,2,0
10435,2024,3,0
10435,2024,4,0
10440,2024,1,0
10440,2024,2,0
10440,2024,3,0
10440,2024,4,0
10452,2024,1,0
10452,2024,2,0
10452,2024,3,0
10452,2024,4,0
10456,2024,1,0
10456,2024,2,0
10456,2024,3,0
10456,2024,4,0
10457,2024,1,0
10457,2024,2,0
10457,2024,3,0
10457,2024,4,0
10458,2024,1,0
10458,2024,2,0
10458,2024,3,0
10458,2024,4,0
10461,2024,1,0
10461,2024,2,0
10461,2024,3,0
10461,2024,4,0
10464,2024,1,0
10464,2024,2,0
10464,2024,3,0
10464,2024,4,0
10472,2024,1,0
10472,2024,2,0
10472,2024,3,0
10472,2024,4,0
10474,2024,1,0
10474,2024,2,0
10474,2024,3,0
10474,2024,4,0
10476,2024,1,0
10476,2024,2,0
10476,2024,3,0
10476,2024,4,0
10477,2024,1,0
10477,2024,2,0
10477,2024,3,0
10477,2024,4,0
10499,2024,1,1
10499,2024,2,1
10499,2024,3,0
10499,2024,4,0
10501,2024,1,0
10501,2024,2,0
10501,2024,3,0
10501,2024,4,0
10506,2024,1,0
10506,2024,2,0
10506,2024,3,0
10506,2024,4,0
10519,2024,1,0
10519,2024,2,0
10519,2024,3,0
10519,2024,4,0
10526,2024,1,0
10526,2024,2,0
10526,2024,3,0
10526,2024,4,0
10534,2024,1,0
10534,2024,2,0
10534,2024,3,0
10534,2024,4,0
10536,2024,1,0
10536,2024,2,0
10536,2024,3,0
10536,2024,4,0
10543,2024,1,0
10543,2024,2,0
10543,2024,3,0
10543,2024,4,0
10547,2024,1,0
10547,2024,2,0
10547,2024,3,0
10547,2024,4,0
10548,2024,1,0
10548,2024,2,0
10548,2024,3,0
10548,2024,4,0
10549,2024,1,0
10549,2024,2,0
10549,2024,3,0
10549,2024,4,0
10552,2024,1,0
10552,2024,2,0
10552,2024,3,0
10552,2024,4,0
10566,2024,1,0
10566,2024,2,0
10566,2024,3,0
10566,2024,4,0
10568,2024,1,0
10568,2024,2,0
10568,2024,3,0
10568,2024,4,0
10570,2024,1,0
10570,2024,2,0
10570,2024,3,0
10570,2024,4,0
10584,2024,1,0
10584,2024,2,0
10584,2024,3,0
10584,2024,4,0
10596,2024,1,0
10596,2024,2,0
10596,2024,3,0
10596,2024,4,0
10599,2024,1,0
10599,2024,2,0
10599,2024,3,0
10599,2024,4,0
10610,2024,1,0
10610,2024,2,0
10610,2024,3,0
10610,2024,4,0
10615,2024,1,0
10615,2024,2,0
10615,2024,3,0
10615,2024,4,0
10618,2024,1,0
10618,2024,2,0
10618,2024,3,0
10618,2024,4,0
10622,2024,1,0
10622,2024,2,0
10622,2024,3,0
10622,2024,4,0
10624,2024,1,0
10624,2024,2,0
10624,2024,3,0
10624,2024,4,0
10629,2024,1,0
10629,2024,2,0
10629,2024,3,0
10629,2024,4,0
10630,2024,1,0
10630,2024,2,0
10630,2024,3,0
10630,2024,4,0
10632,2024,1,0
10632,2024,2,0
10632,2024,3,0
10632,2024,4,0
10635,2024,1,0
10635,2024,2,0
10635,2024,3,0
10635,2024,4,0
10641,2024,1,0
10641,2024,2,0
10641,2024,3,0
10641,2024,4,0
10646,2024,1,0
10646,2024,2,0
10646,2024,3,0
10646,2024,4,0
10651,2024,1,0
10651,2024,2,0
10651,2024,3,0
10651,2024,4,0
10658,2024,1,0
10658,2024,2,0
10658,2024,3,0
10658,2024,4,0
10659,2024,1,0
10659,2024,2,0
10659,2024,3,0
10659,2024,4,0
10667,2024,1,0
10667,2024,2,0
10667,2024,3,0
10667,2024,4,0
10692,2024,1,0
10692,2024,2,0
10692,2024,3,0
10692,2024,4,0
10698,2024,1,0
10698,2024,2,0
10698,2024,3,0
10698,2024,4,0
10699,2024,1,0
10699,2024,2,0
10699,2024,3,0
10699,2024,4,0
10734,2024,1,0
10734,2024,2,0
10734,2024,3,0
10734,2024,4,0
10744,2024,1,0
10744,2024,2,0
10744,2024,3,0
10744,2024,4,0
10748,2024,1,0
10748,2024,2,0
10748,2024,3,0
10748,2024,4,0
10753,2024,1,0
10753,2024,2,0
10753,2024,3,0
10753,2024,4,0
10758,2024,1,0
10758,2024,2,0
10758,2024,3,0
10758,2024,4,0
10759,2024,1,0
10759,2024,2,0
10759,2024,3,0
10759,2024,4,0
10763,2024,1,0
10763,2024,2,0
10763,2024,3,0
10763,2024,4,0
10768,2024,1,0
10768,2024,2,0
10768,2024,3,0
10768,2024,4,0
10778,2024,1,0
10778,2024,2,0
10778,2024,3,0
10778,2024,4,0
10795,2024,1,0
10795,2024,2,0
10795,2024,3,0
10795,2024,4,0
10798,2024,1,0
10798,2024,2,0
10798,2024,3,0
10798,2024,4,0
10831,2024,1,0
10831,2024,2,0
10831,2024,3,0
10831,2024,4,0
10840,2024,1,0
10840,2024,2,0
10840,2024,3,0
10840,2024,4,0
10855,2024,1,0
10855,2024,2,0
10855,2024,3,0
10855,2024,4,0
10859,2024,1,0
10859,2024,2,0
10859,2024,3,0
10859,2024,4,0
10862,2024,1,0
10862,2024,2,0
10862,2024,3,0
10862,2024,4,0
10865,2024,1,0
10865,2024,2,0
10865,2024,3,0
10865,2024,4,0
10870,2024,1,0
10870,2024,2,0
10870,2024,3,0
10870,2024,4,0
10872,2024,1,0
10872,2024,2,0
10872,2024,3,0
10872,2024,4,0
10878,2024,1,0
10878,2024,2,0
10878,2024,3,0
10878,2024,4,0
10891,2024,1,0
10891,2024,2,0
10891,2024,3,0
10891,2024,4,0
10903,2024,1,0
10903,2024,2,0
10903,2024,3,0
10903,2024,4,0
10907,2024,1,0
10907,2024,2,0
10907,2024,3,0
10907,2024,4,0
10914,2024,1,0
10914,2024,2,0
10914,2024,3,0
10914,2024,4,0
10916,2024,1,0
10916,2024,2,0
10916,2024,3,0
10916,2024,4,0
10924,2024,1,0
10924,2024,2,0
10924,2024,3,0
10924,2024,4,0
10933,2024,1,0
10933,2024,2,0
10933,2024,3,0
10933,2024,4,0
10941,2024,1,0
10941,2024,2,0
10941,2024,3,0
10941,2024,4,0
10951,2024,1,0
10951,2024,2,0
10951,2024,3,0
10951,2024,4,0
10964,2024,1,0
10964,2024,2,0
10964,2024,3,0
10964,2024,4,0
10973,2024,1,0
10973,2024,2,0
10973,2024,3,0
10973,2024,4,0
10977,2024,1,0
10977,2024,2,0
10977,2024,3,0
10977,2024,4,0
10986,2024,1,0
10986,2024,2,0
10986,2024,3,0
10986,2024,4,0
10998,2024,1,0
10998,2024,2,0
10998,2024,3,0
10998,2024,4,0
10999,2024,1,0
10999,2024,2,0
10999,2024,3,0
10999,2024,4,0
11000,2024,1,0
11000,2024,2,0
11000,2024,3,0
11000,2024,4,0
11002,2024,1,0
11002,2024,2,0
11002,2024,3,0
11002,2024,4,0
11005,2024,1,0
11005,2024,2,0
11005,2024,3,0
11005,2024,4,0
11007,2024,1,0
11007,2024,2,0
11007,2024,3,0
11007,2024,4,0
11018,2024,1,0
11018,2024,2,0
11018,2024,3,0
11018,2024,4,0
11040,2024,1,0
11040,2024,2,0
11040,2024,3,0
11040,2024,4,0
11047,2024,1,0
11047,2024,2,0
11047,2024,3,0
11047,2024,4,0
11067,2024,1,0
11067,2024,2,0
11067,2024,3,0
11067,2024,4,0
11068,2024,1,0
11068,2024,2,0
11068,2024,3,0
11068,2024,4,0
11074,2024,1,0
11074,2024,2,0
11074,2024,3,0
11074,2024,4,0
11075,2024,1,0
11075,2024,2,0
11075,2024,3,0
11075,2024,4,0
11081,2024,1,0
11081,2024,2,0
11081,2024,3,0
11081,2024,4,0
11083,2024,1,0
11083,2024,2,0
11083,2024,3,0
11083,2024,4,0
11101,2024,1,1
11101,2024,2,1
11101,2024,3,0
11101,2024,4,0
11108,2024,1,0
11108,2024,2,0
11108,2024,3,0
11108,2024,4,0
11125,2024,1,0
11125,2024,2,0
11125,2024,3,0
11125,2024,4,0
11129,2024,1,1
11129,2024,2,1
11129,2024,3,0
11129,2024,4,1
11145,2024,1,0
11145,2024,2,0
11145,2024,3,0
11145,2024,4,0
11149,2024,1,0
11149,2024,2,0
11149,2024,3,0
11149,2024,4,0
11151,2024,1,0
11151,2024,2,0
11151,2024,3,0
11151,2024,4,0
11164,2024,1,0
11164,2024,2,0
11164,2024,3,0
11164,2024,4,0
11177,2024,1,0
11177,2024,2,0
11177,2024,3,0
11177,2024,4,0
11193,2024,1,0
11193,2024,2,0
11193,2024,3,0
11193,2024,4,0
11210,2024,1,0
11210,2024,2,0
11210,2024,3,0
11210,2024,4,0
11224,2024,1,0
11224,2024,2,0
11224,2024,3,0
11224,2024,4,0
11226,2024,1,0
11226,2024,2,0
11226,2024,3,0
11226,2024,4,0
11240,2024,1,0
11240,2024,2,0
11240,2024,3,0
11240,2024,4,0
11247,2024,1,0
11247,2024,2,0
11247,2024,3,0
11247,2024,4,0
11251,2024,1,0
11251,2024,2,0
11251,2024,3,0
11251,2024,4,0
11254,2024,1,0
11254,2024,2,0
11254,2024,3,0
11254,2024,4,0
11257,2024,1,0
11257,2024,2,0
11257,2024,3,0
11257,2024,4,0
11271,2024,1,0
11271,2024,2,0
11271,2024,3,0
11271,2024,4,0
11272,2024,1,0
11272,2024,2,0
11272,2024,3,0
11272,2024,4,0
11277,2024,1,0
11277,2024,2,0
11277,2024,3,0
11277,2024,4,0
11279,2024,1,0
11279,2024,2,0
11279,2024,3,0
11279,2024,4,0
11288,2024,1,0
11288,2024,2,0
11288,2024,3,0
11288,2024,4,0
11296,2024,1,0
11296,2024,2,0
11296,2024,3,0
11296,2024,4,0
11298,2024,1,0
11298,2024,2,0
11298,2024,3,0
11298,2024,4,0
11300,2024,1,0
11300,2024,2,0
11300,2024,3,0
11300,2024,4,0
11302,2024,1,0
11302,2024,2,0
11302,2024,3,0
11302,2024,4,0
11306,2024,1,0
11306,2024,2,0
11306,2024,3,0
11306,2024,4,0
11310,2024,1,0
11310,2024,2,0
11310,2024,3,0
11310,2024,4,0
11312,2024,1,0
11312,2024,2,0
11312,2024,3,0
11312,2024,4,0
11320,2024,1,0
11320,2024,2,0
11320,2024,3,0
11320,2024,4,0
11323,2024,1,0
11323,2024,2,0
11323,2024,3,0
11323,2024,4,0
11351,2024,1,0
11351,2024,2,0
11351,2024,3,0
11351,2024,4,0
11352,2024,1,0
11352,2024,2,0
11352,2024,3,0
11352,2024,4,0
11365,2024,1,0
11365,2024,2,0
11365,2024,3,0
11365,2024,4,0
11368,2024,1,0
11368,2024,2,0
11368,2024,3,0
11368,2024,4,0
11384,2024,1,0
11384,2024,2,0
11384,2024,3,0
11384,2024,4,0
11386,2024,1,0
11386,2024,2,0
11386,2024,3,0
11386,2024,4,0
11397,2024,1,0
11397,2024,2,0
11397,2024,3,0
11397,2024,4,0
11404,2024,1,0
11404,2024,2,0
11404,2024,3,0
11404,2024,4,0
11408,2024,1,0
11408,2024,2,0
11408,2024,3,0
11408,2024,4,0
11409,2024,1,0
11409,2024,2,0
11409,2024,3,0
11409,2024,4,0
11422,2024,1,0
11422,2024,2,0
11422,2024,3,0
11422,2024,4,0
11425,2024,1,0
11425,2024,2,0
11425,2024,3,0
11425,2024,4,0
11433,2024,1,0
11433,2024,2,0
11433,2024,3,0
11433,2024,4,0
11434,2024,1,0
11434,2024,2,0
11434,2024,3,0
11434,2024,4,0
11440,2024,1,0
11440,2024,2,0
11440,2024,3,0
11440,2024,4,0
11448,2024,1,0
11448,2024,2,0
11448,2024,3,0
11448,2024,4,0
11453,2024,1,0
11453,2024,2,0
11453,2024,3,0
11453,2024,4,0
11458,2024,1,0
11458,2024,2,0
11458,2024,3,0
11458,2024,4,0
11459,2024,1,0
11459,2024,2,0
11459,2024,3,0
11459,2024,4,0
11475,2024,1,0
11475,2024,2,0
11475,2024,3,0
11475,2024,4,0
11477,2024,1,0
11477,2024,2,0
11477,2024,3,0
11477,2024,4,0
11481,2024,1,0
11481,2024,2,0
11481,2024,3,0
11481,2024,4,0
11487,2024,1,0
11487,2024,2,0
11487,2024,3,0
11487,2024,4,0
11489,2024,1,0
11489,2024,2,0
11489,2024,3,0
11489,2024,4,0
11492,2024,1,0
11492,2024,2,0
11492,2024,3,0
11492,2024,4,0
11493,2024,1,0
11493,2024,2,0
11493,2024,3,0
11493,2024,4,0
11495,2024,1,0
11495,2024,2,0
11495,2024,3,0
11495,2024,4,0
11500,2024,1,0
11500,2024,2,0
11500,2024,3,0
11500,2024,4,0
11502,2024,1,0
11502,2024,2,0
11502,2024,3,0
11502,2024,4,0
11504,2024,1,0
11504,2024,2,0
11504,2024,3,0
11504,2024,4,0
11509,2024,1,0
11509,2024,2,0
11509,2024,3,0
11509,2024,4,0
11527,2024,1,0
11527,2024,2,0
11527,2024,3,0
11527,2024,4,0
11529,2024,1,0
11529,2024,2,0
11529,2024,3,0
11529,2024,4,0
11539,2024,1,0
11539,2024,2,0
11539,2024,3,0
11539,2024,4,0
11542,2024,1,0
11542,2024,2,0
11542,2024,3,0
11542,2024,4,0
11559,2024,1,0
11559,2024,2,0
11559,2024,3,0
11559,2024,4,0
11560,2024,1,0
11560,2024,2,0
11560,2024,3,0
11560,2024,4,0
11566,2024,1,0
11566,2024,2,0
11566,2024,3,0
11566,2024,4,0
11567,2024,1,0
11567,2024,2,0
11567,2024,3,0
11567,2024,4,0
11573,2024,1,0
11573,2024,2,0
11573,2024,3,0
11573,2024,4,0
11574,2024,1,0
11574,2024,2,0
11574,2024,3,0
11574,2024,4,0
11575,2024,1,0
11575,2024,2,0
11575,2024,3,0
11575,2024,4,0
11583,2024,1,0
11583,2024,2,0
11583,2024,3,0
11583,2024,4,0
11588,2024,1,0
11588,2024,2,0
11588,2024,3,0
11588,2024,4,0
11602,2024,1,0
11602,2024,2,0
11602,2024,3,0
11602,2024,4,0
11611,2024,1,0
11611,2024,2,0
11611,2024,3,0
11611,2024,4,0
11613,2024,1,0
11613,2024,2,0
11613,2024,3,0
11613,2024,4,0
11618,2024,1,0
11618,2024,2,0
11618,2024,3,0
11618,2024,4,0
11620,2024,1,0
11620,2024,2,0
11620,2024,3,0
11620,2024,4,0
11624,2024,1,0
11624,2024,2,0
11624,2024,3,0
11624,2024,4,0
11642,2024,1,0
11642,2024,2,0
11642,2024,3,0
11642,2024,4,0
11653,2024,1,0
11653,2024,2,0
11653,2024,3,0
11653,2024,4,0
11658,2024,1,0
11658,2024,2,0
11658,2024,3,0
11658,2024,4,0
11668,2024,1,0
11668,2024,2,0
11668,2024,3,0
11668,2024,4,0
11670,2024,1,0
11670,2024,2,0
11670,2024,3,0
11670,2024,4,0
11684,2024,1,0
11684,2024,2,0
11684,2024,3,0
11684,2024,4,0
11698,2024,1,0
11698,2024,2,0
11698,2024,3,0
11698,2024,4,0
11703,2024,1,0
11703,2024,2,0
11703,2024,3,0
11703,2024,4,0
11705,2024,1,0
11705,2024,2,0
11705,2024,3,0
11705,2024,4,0
11711,2024,1,0
11711,2024,2,0
11711,2024,3,0
11711,2024,4,0
11715,2024,1,0
11715,2024,2,0
11715,2024,3,0
11715,2024,4,0
11716,2024,1,0
11716,2024,2,0
11716,2024,3,0
11716,2024,4,0
11720,2024,1,0
11720,2024,2,0
11720,2024,3,0
11720,2024,4,0
11722,2024,1,0
11722,2024,2,0
11722,2024,3,0
11722,2024,4,0
11724,2024,1,0
11724,2024,2,0
11724,2024,3,0
11724,2024,4,0
11735,2024,1,0
11735,2024,2,0
11735,2024,3,0
11735,2024,4,0
11761,2024,1,0
11761,2024,2,0
11761,2024,3,0
11761,2024,4,0
11762,2024,1,0
11762,2024,2,0
11762,2024,3,0
11762,2024,4,0
11763,2024,1,0
11763,2024,2,0
11763,2024,3,0
11763,2024,4,0
11767,2024,1,0
11767,2024,2,0
11767,2024,3,0
11767,2024,4,0
11768,2024,1,0
11768,2024,2,0
11768,2024,3,0
11768,2024,4,0
11770,2024,1,0
11770,2024,2,0
11770,2024,3,0
11770,2024,4,0
11771,2024,1,0
11771,2024,2,0
11771,2024,3,0
11771,2024,4,0
11773,2024,1,0
11773,2024,2,0
11773,2024,3,0
11773,2024,4,0
11776,2024,1,0
11776,2024,2,0
11776,2024,3,0
11776,2024,4,0
11781,2024,1,0
11781,2024,2,0
11781,2024,3,0
11781,2024,4,0
11785,2024,1,0
11785,2024,2,0
11785,2024,3,0
11785,2024,4,0
11787,2024,1,0
11787,2024,2,0
11787,2024,3,0
11787,2024,4,0
11793,2024,1,0
11793,2024,2,0
11793,2024,3,0
11793,2024,4,0
11794,2024,1,0
11794,2024,2,0
11794,2024,3,0
11794,2024,4,0
11796,2024,1,0
11796,2024,2,0
11796,2024,3,0
11796,2024,4,0
11832,2024,1,0
11832,2024,2,0
11832,2024,3,0
11832,2024,4,0
11839,2024,1,0
11839,2024,2,0
11839,2024,3,0
11839,2024,4,0
11840,2024,1,0
11840,2024,2,0
11840,2024,3,0
11840,2024,4,0
11841,2024,1,0
11841,2024,2,0
11841,2024,3,0
11841,2024,4,0
11868,2024,1,0
11868,2024,2,0
11868,2024,3,0
11868,2024,4,0
11869,2024,1,0
11869,2024,2,0
11869,2024,3,0
11869,2024,4,0
11872,2024,1,0
11872,2024,2,0
11872,2024,3,0
11872,2024,4,0
11884,2024,1,0
11884,2024,2,0
11884,2024,3,0
11884,2024,4,0
11903,2024,1,0
11903,2024,2,0
11903,2024,3,0
11903,2024,4,0
11908,2024,1,0
11908,2024,2,0
11908,2024,3,0
11908,2024,4,0
11913,2024,1,0
11913,2024,2,0
11913,2024,3,0
11913,2024,4,0
11915,2024,1,0
11915,2024,2,0
11915,2024,3,0
11915,2024,4,0
11919,2024,1,0
11919,2024,2,0
11919,2024,3,0
11919,2024,4,0
11920,2024,1,0
11920,2024,2,0
11920,2024,3,0
11920,2024,4,0
11923,2024,1,0
11923,2024,2,0
11923,2024,3,0
11923,2024,4,0
11933,2024,1,0
11933,2024,2,0
11933,2024,3,0
11933,2024,4,0
11939,2024,1,0
11939,2024,2,0
11939,2024,3,0
11939,2024,4,0
11947,2024,1,0
11947,2024,2,0
11947,2024,3,0
11947,2024,4,0
11948,2024,1,0
11948,2024,2,0
11948,2024,3,0
11948,2024,4,0
11965,2024,1,0
11965,2024,2,0
11965,2024,3,0
11965,2024,4,0
11966,2024,1,0
11966,2024,2,0
11966,2024,3,0
11966,2024,4,0
11981,2024,1,0
11981,2024,2,0
11981,2024,3,0
11981,2024,4,0
11982,2024,1,0
11982,2024,2,0
11982,2024,3,0
11982,2024,4,0
11993,2024,1,0
11993,2024,2,0
11993,2024,3,0
11993,2024,4,0
12001,2024,1,0
12001,2024,2,0
12001,2024,3,0
12001,2024,4,0
12004,2024,1,0
12004,2024,2,0
12004,2024,3,0
12004,2024,4,0
12017,2024,1,0
12017,2024,2,0
12017,2024,3,0
12017,2024,4,0
12036,2024,1,0
12036,2024,2,0
12036,2024,3,0
12036,2024,4,0
12043,2024,1,0
12043,2024,2,0
12043,2024,3,0
12043,2024,4,0
12055,2024,1,0
12055,2024,2,0
12055,2024,3,0
12055,2024,4,0
12056,2024,1,0
12056,2024,2,0
12056,2024,3,0
12056,2024,4,0
12059,2024,1,0
12059,2024,2,0
12059,2024,3,0
12059,2024,4,0
12067,2024,1,0
12067,2024,2,0
12067,2024,3,0
12067,2024,4,0
12069,2024,1,0
12069,2024,2,0
12069,2024,3,0
12069,2024,4,0
12070,2024,1,0
12070,2024,2,0
12070,2024,3,0
12070,2024,4,0
12083,2024,1,0
12083,2024,2,0
12083,2024,3,0
12083,2024,4,0
12088,2024,1,0
12088,2024,2,0
12088,2024,3,0
12088,2024,4,0
12089,2024,1,0
12089,2024,2,0
12089,2024,3,0
12089,2024,4,0
12090,2024,1,0
12090,2024,2,0
12090,2024,3,0
12090,2024,4,0
12099,2024,1,0
12099,2024,2,0
12099,2024,3,0
12099,2024,4,0
12130,2024,1,0
12130,2024,2,0
12130,2024,3,0
12130,2024,4,0
12140,2024,1,0
12140,2024,2,0
12140,2024,3,0
12140,2024,4,0
12142,2024,1,0
12142,2024,2,0
12142,2024,3,0
12142,2024,4,0
12147,2024,1,0
12147,2024,2,0
12147,2024,3,0
12147,2024,4,0
12148,2024,1,0
12148,2024,2,0
12148,2024,3,0
12148,2024,4,0
12151,2024,1,0
12151,2024,2,0
12151,2024,3,0
12151,2024,4,0
12152,2024,1,0
12152,2024,2,0
12152,2024,3,0
12152,2024,4,0
12157,2024,1,0
12157,2024,2,0
12157,2024,3,0
12157,2024,4,0
12158,2024,1,0
12158,2024,2,0
12158,2024,3,0
12158,2024,4,0
12164,2024,1,0
12164,2024,2,0
12164,2024,3,0
12164,2024,4,0
12167,2024,1,0
12167,2024,2,0
12167,2024,3,0
12167,2024,4,0
12172,2024,1,0
12172,2024,2,0
12172,2024,3,0
12172,2024,4,0
12175,2024,1,0
12175,2024,2,0
12175,2024,3,0
12175,2024,4,0
12183,2024,1,0
12183,2024,2,0
12183,2024,3,0
12183,2024,4,0
12185,2024,1,0
12185,2024,2,0
12185,2024,3,0
12185,2024,4,0
12186,2024,1,0
12186,2024,2,0
12186,2024,3,0
12186,2024,4,0
12190,2024,1,0
12190,2024,2,0
12190,2024,3,0
12190,2024,4,0
12192,2024,1,0
12192,2024,2,0
12192,2024,3,0
12192,2024,4,0
12195,2024,1,0
12195,2024,2,0
12195,2024,3,0
12195,2024,4,0
12200,2024,1,0
12200,2024,2,0
12200,2024,3,0
12200,2024,4,0
12201,2024,1,0
12201,2024,2,0
12201,2024,3,0
12201,2024,4,0
12203,2024,1,0
12203,2024,2,0
12203,2024,3,0
12203,2024,4,0
12215,2024,1,0
12215,2024,2,0
12215,2024,3,0
12215,2024,4,0
12216,2024,1,0
12216,2024,2,0
12216,2024,3,0
12216,2024,4,0
12218,2024,1,0
12218,2024,2,0
12218,2024,3,0
12218,2024,4,0
12219,2024,1,0
12219,2024,2,0
12219,2024,3,0
12219,2024,4,0
12221,2024,1,0
12221,2024,2,0
12221,2024,3,0
12221,2024,4,0
12227,2024,1,0
12227,2024,2,0
12227,2024,3,0
12227,2024,4,0
12230,2024,1,0
12230,2024,2,0
12230,2024,3,0
12230,2024,4,0
12246,2024,1,0
12246,2024,2,0
12246,2024,3,0
12246,2024,4,0
12247,2024,1,0
12247,2024,2,0
12247,2024,3,0
12247,2024,4,0
12250,2024,1,0
12250,2024,2,0
12250,2024,3,0
12250,2024,4,0
12253,2024,1,0
12253,2024,2,0
12253,2024,3,0
12253,2024,4,0
12254,2024,1,0
12254,2024,2,0
12254,2024,3,0
12254,2024,4,0
12262,2024,1,0
12262,2024,2,0
12262,2024,3,0
12262,2024,4,0
12267,2024,1,0
12267,2024,2,0
12267,2024,3,0
12267,2024,4,0
12268,2024,1,0
12268,2024,2,0
12268,2024,3,0
12268,2024,4,0
12271,2024,1,0
12271,2024,2,0
12271,2024,3,0
12271,2024,4,0
12273,2024,1,0
12273,2024,2,0
12273,2024,3,0
12273,2024,4,0
12281,2024,1,0
12281,2024,2,0
12281,2024,3,0
12281,2024,4,0
12287,2024,1,0
12287,2024,2,0
12287,2024,3,0
12287,2024,4,0
12289,2024,1,0
12289,2024,2,0
12289,2024,3,0
12289,2024,4,0
12292,2024,1,0
12292,2024,2,0
12292,2024,3,0
12292,2024,4,0
12295,2024,1,0
12295,2024,2,0
12295,2024,3,0
12295,2024,4,0
12296,2024,1,0
12296,2024,2,0
12296,2024,3,0
12296,2024,4,0
12297,2024,1,0
12297,2024,2,0
12297,2024,3,0
12297,2024,4,0
12302,2024,1,0
12302,2024,2,0
12302,2024,3,0
12302,2024,4,0
12304,2024,1,0
12304,2024,2,0
12304,2024,3,0
12304,2024,4,0
12306,2024,1,0
12306,2024,2,0
12306,2024,3,0
12306,2024,4,0
12317,2024,1,0
12317,2024,2,0
12317,2024,3,0
12317,2024,4,0
12319,2024,1,0
12319,2024,2,0
12319,2024,3,0
12319,2024,4,0
12329,2024,1,0
12329,2024,2,0
12329,2024,3,0
12329,2024,4,0
12330,2024,1,0
12330,2024,2,0
12330,2024,3,0
12330,2024,4,0
12331,2024,1,0
12331,2024,2,0
12331,2024,3,0
12331,2024,4,0
12334,2024,1,0
12334,2024,2,0
12334,2024,3,0
12334,2024,4,0
12340,2024,1,0
12340,2024,2,0
12340,2024,3,0
12340,2024,4,0
12345,2024,1,0
12345,2024,2,0
12345,2024,3,0
12345,2024,4,0
12350,2024,1,0
12350,2024,2,0
12350,2024,3,0
12350,2024,4,0
12358,2024,1,0
12358,2024,2,0
12358,2024,3,0
12358,2024,4,0
12359,2024,1,0
12359,2024,2,0
12359,2024,3,0
12359,2024,4,0
12366,2024,1,0
12366,2024,2,0
12366,2024,3,0
12366,2024,4,0
12367,2024,1,0
12367,2024,2,0
12367,2024,3,0
12367,2024,4,0
12368,2024,1,0
12368,2024,2,0
12368,2024,3,0
12368,2024,4,0
12372,2024,1,0
12372,2024,2,0
12372,2024,3,0
12372,2024,4,0
12374,2024,1,0
12374,2024,2,0
12374,2024,3,0
12374,2024,4,0
12392,2024,1,0
12392,2024,2,0
12392,2024,3,0
12392,2024,4,0
12393,2024,1,0
12393,2024,2,0
12393,2024,3,0
12393,2024,4,0
12394,2024,1,0
12394,2024,2,0
12394,2024,3,0
12394,2024,4,0
12399,2024,1,0
12399,2024,2,0
12399,2024,3,0
12399,2024,4,0
12407,2024,1,0
12407,2024,2,0
12407,2024,3,0
12407,2024,4,0
12418,2024,1,0
12418,2024,2,0
12418,2024,3,0
12418,2024,4,0
12426,2024,1,0
12426,2024,2,0
12426,2024,3,0
12426,2024,4,0
12432,2024,1,0
12432,2024,2,0
12432,2024,3,0
12432,2024,4,0
12441,2024,1,0
12441,2024,2,0
12441,2024,3,0
12441,2024,4,0
12457,2024,1,0
12457,2024,2,0
12457,2024,3,0
12457,2024,4,0
12464,2024,1,0
12464,2024,2,0
12464,2024,3,0
12464,2024,4,0
12485,2024,1,0
12485,2024,2,0
12485,2024,3,0
12485,2024,4,0
12489,2024,1,0
12489,2024,2,0
12489,2024,3,0
12489,2024,4,0
12498,2024,1,0
12498,2024,2,0
12498,2024,3,0
12498,2024,4,0
12503,2024,1,0
12503,2024,2,0
12503,2024,3,0
12503,2024,4,0
12509,2024,1,0
12509,2024,2,0
12509,2024,3,0
12509,2024,4,0
12510,2024,1,0
12510,2024,2,0
12510,2024,3,0
12510,2024,4,0
12514,2024,1,0
12514,2024,2,0
12514,2024,3,0
12514,2024,4,0
12517,2024,1,0
12517,2024,2,0
12517,2024,3,0
12517,2024,4,0
12524,2024,1,0
12524,2024,2,0
12524,2024,3,0
12524,2024,4,0
12526,2024,1,0
12526,2024,2,0
12526,2024,3,0
12526,2024,4,0
12527,2024,1,0
12527,2024,2,0
12527,2024,3,0
12527,2024,4,0
12528,2024,1,0
12528,2024,2,0
12528,2024,3,0
12528,2024,4,0
12529,2024,1,0
12529,2024,2,0
12529,2024,3,0
12529,2024,4,0
12530,2024,1,0
12530,2024,2,0
12530,2024,3,0
12530,2024,4,0
12535,2024,1,0
12535,2024,2,0
12535,2024,3,0
12535,2024,4,0
12539,2024,1,0
12539,2024,2,0
12539,2024,3,0
12539,2024,4,0
12542,2024,1,0
12542,2024,2,0
12542,2024,3,0
12542,2024,4,0
12560,2024,1,0
12560,2024,2,0
12560,2024,3,0
12560,2024,4,0
12561,2024,1,0
12561,2024,2,0
12561,2024,3,0
12561,2024,4,0
12566,2024,1,0
12566,2024,2,0
12566,2024,3,0
12566,2024,4,0
12577,2024,1,0
12577,2024,2,0
12577,2024,3,0
12577,2024,4,0
12592,2024,1,0
12592,2024,2,0
12592,2024,3,0
12592,2024,4,0
12595,2024,1,0
12595,2024,2,0
12595,2024,3,0
12595,2024,4,0
12598,2024,1,0
12598,2024,2,0
12598,2024,3,0
12598,2024,4,0
12608,2024,1,0
12608,2024,2,0
12608,2024,3,0
12608,2024,4,0
12611,2024,1,0
12611,2024,2,0
12611,2024,3,0
12611,2024,4,0
12618,2024,1,0
12618,2024,2,0
12618,2024,3,0
12618,2024,4,0
12625,2024,1,0
12625,2024,2,0
12625,2024,3,0
12625,2024,4,0
12628,2024,1,0
12628,2024,2,0
12628,2024,3,0
12628,2024,4,0
12631,2024,1,0
12631,2024,2,0
12631,2024,3,0
12631,2024,4,0
12636,2024,1,0
12636,2024,2,0
12636,2024,3,0
12636,2024,4,0
12641,2024,1,0
12641,2024,2,0
12641,2024,3,0
12641,2024,4,0
12644,2024,1,0
12644,2024,2,0
12644,2024,3,0
12644,2024,4,0
12646,2024,1,0
12646,2024,2,0
12646,2024,3,0
12646,2024,4,0
12657,2024,1,0
12657,2024,2,0
12657,2024,3,0
12657,2024,4,0
12660,2024,1,0
12660,2024,2,0
12660,2024,3,0
12660,2024,4,0
12670,2024,1,0
12670,2024,2,0
12670,2024,3,0
12670,2024,4,0
12672,2024,1,0
12672,2024,2,0
12672,2024,3,0
12672,2024,4,0
12683,2024,1,0
12683,2024,2,0
12683,2024,3,0
12683,2024,4,0
12692,2024,1,0
12692,2024,2,0
12692,2024,3,0
12692,2024,4,0
12704,2024,1,0
12704,2024,2,0
12704,2024,3,0
12704,2024,4,0
12706,2024,1,0
12706,2024,2,0
12706,2024,3,0
12706,2024,4,0
12707,2024,1,0
12707,2024,2,0
12707,2024,3,0
12707,2024,4,0
12710,2024,1,0
12710,2024,2,0
12710,2024,3,0
12710,2024,4,0
12720,2024,1,0
12720,2024,2,0
12720,2024,3,0
12720,2024,4,0
12750,2024,1,0
12750,2024,2,0
12750,2024,3,0
12750,2024,4,0
12755,2024,1,0
12755,2024,2,0
12755,2024,3,0
12755,2024,4,0
12757,2024,1,0
12757,2024,2,0
12757,2024,3,0
12757,2024,4,0
12759,2024,1,0
12759,2024,2,0
12759,2024,3,0
12759,2024,4,0
12770,2024,1,0
12770,2024,2,0
12770,2024,3,0
12770,2024,4,0
12772,2024,1,0
12772,2024,2,0
12772,2024,3,0
12772,2024,4,0
12773,2024,1,0
12773,2024,2,0
12773,2024,3,0
12773,2024,4,0
12775,2024,1,0
12775,2024,2,0
12775,2024,3,0
12775,2024,4,0
12779,2024,1,0
12779,2024,2,0
12779,2024,3,0
12779,2024,4,0
12782,2024,1,0
12782,2024,2,0
12782,2024,3,0
12782,2024,4,0
12783,2024,1,0
12783,2024,2,0
12783,2024,3,0
12783,2024,4,0
12786,2024,1,0
12786,2024,2,0
12786,2024,3,0
12786,2024,4,0
12794,2024,1,0
12794,2024,2,0
12794,2024,3,0
12794,2024,4,0
12820,2024,1,0
12820,2024,2,0
12820,2024,3,0
12820,2024,4,0
12823,2024,1,0
12823,2024,2,0
12823,2024,3,0
12823,2024,4,0
12825,2024,1,0
12825,2024,2,0
12825,2024,3,0
12825,2024,4,0
12834,2024,1,0
12834,2024,2,0
12834,2024,3,0
12834,2024,4,0
12835,2024,1,0
12835,2024,2,0
12835,2024,3,0
12835,2024,4,0
12836,2024,1,0
12836,2024,2,0
12836,2024,3,0
12836,2024,4,0
12845,2024,1,0
12845,2024,2,0
12845,2024,3,0
12845,2024,4,0
12848,2024,1,0
12848,2024,2,0
12848,2024,3,0
12848,2024,4,0
12858,2024,1,0
12858,2024,2,0
12858,2024,3,0
12858,2024,4,0
12880,2024,1,0
12880,2024,2,0
12880,2024,3,0
12880,2024,4,0
12888,2024,1,0
12888,2024,2,0
12888,2024,3,0
12888,2024,4,0
12909,2024,1,0
12909,2024,2,0
12909,2024,3,0
12909,2024,4,0
12916,2024,1,0
12916,2024,2,0
12916,2024,3,0
12916,2024,4,0
12919,2024,1,0
12919,2024,2,0
12919,2024,3,0
12919,2024,4,0
12925,2024,1,0
12925,2024,2,0
12925,2024,3,0
12925,2024,4,0
12926,2024,1,0
12926,2024,2,0
12926,2024,3,0
12926,2024,4,0
12929,2024,1,0
12929,2024,2,0
12929,2024,3,0
12929,2024,4,0
12932,2024,1,0
12932,2024,2,0
12932,2024,3,0
12932,2024,4,0
12936,2024,1,0
12936,2024,2,0
12936,2024,3,0
12936,2024,4,0
12937,2024,1,0
12937,2024,2,0
12937,2024,3,0
12937,2024,4,0
12938,2024,1,0
12938,2024,2,0
12938,2024,3,0
12938,2024,4,0
12940,2024,1,0
12940,2024,2,0
12940,2024,3,0
12940,2024,4,0
12952,2024,1,0
12952,2024,2,0
12952,2024,3,0
12952,2024,4,0
12962,2024,1,0
12962,2024,2,0
12962,2024,3,0
12962,2024,4,0
12963,2024,1,0
12963,2024,2,0
12963,2024,3,0
12963,2024,4,0
12967,2024,1,0
12967,2024,2,0
12967,2024,3,0
12967,2024,4,0
12968,2024,1,0
12968,2024,2,0
12968,2024,3,0
12968,2024,4,0
12977,2024,1,0
12977,2024,2,0
12977,2024,3,0
12977,2024,4,0
12987,2024,1,0
12987,2024,2,0
12987,2024,3,0
12987,2024,4,0
12993,2024,1,0
12993,2024,2,0
12993,2024,3,0
12993,2024,4,0
12997,2024,1,0
12997,2024,2,0
12997,2024,3,0
12997,2024,4,0
13003,2024,1,0
13003,2024,2,0
13003,2024,3,0
13003,2024,4,0
13019,2024,1,0
13019,2024,2,0
13019,2024,3,0
13019,2024,4,0
13022,2024,1,0
13022,2024,2,0
13022,2024,3,0
13022,2024,4,0
13024,2024,1,0
13024,2024,2,0
13024,2024,3,0
13024,2024,4,0
13033,2024,1,0
13033,2024,2,0
13033,2024,3,0
13033,2024,4,0
13040,2024,1,0
13040,2024,2,0
13040,2024,3,0
13040,2024,4,0
13041,2024,1,0
13041,2024,2,0
13041,2024,3,0
13041,2024,4,0
13042,2024,1,0
13042,2024,2,0
13042,2024,3,0
13042,2024,4,0
13047,2024,1,0
13047,2024,2,0
13047,2024,3,0
13047,2024,4,0
13052,2024,1,0
13052,2024,2,0
13052,2024,3,0
13052,2024,4,0
13060,2024,1,0
13060,2024,2,0
13060,2024,3,0
13060,2024,4,0
13063,2024,1,0
13063,2024,2,0
13063,2024,3,0
13063,2024,4,0
13068,2024,1,0
13068,2024,2,0
13068,2024,3,0
13068,2024,4,0
13075,2024,1,0
13075,2024,2,0
13075,2024,3,0
13075,2024,4,0
13081,2024,1,0
13081,2024,2,0
13081,2024,3,0
13081,2024,4,0
13082,2024,1,0
13082,2024,2,0
13082,2024,3,0
13082,2024,4,0
13087,2024,1,0
13087,2024,2,0
13087,2024,3,0
13087,2024,4,0
13094,2024,1,0
13094,2024,2,0
13094,2024,3,0
13094,2024,4,0
13097,2024,1,0
13097,2024,2,0
13097,2024,3,0
13097,2024,4,0
13104,2024,1,0
13104,2024,2,0
13104,2024,3,0
13104,2024,4,0
13110,2024,1,0
13110,2024,2,0
13110,2024,3,0
13110,2024,4,0
13113,2024,1,0
13113,2024,2,0
13113,2024,3,0
13113,2024,4,0
13120,2024,1,0
13120,2024,2,0
13120,2024,3,0
13120,2024,4,0
13137,2024,1,0
13137,2024,2,0
13137,2024,3,0
13137,2024,4,0
13140,2024,1,0
13140,2024,2,0
13140,2024,3,0
13140,2024,4,0
13155,2024,1,0
13155,2024,2,0
13155,2024,3,0
13155,2024,4,0
13158,2024,1,0
13158,2024,2,0
13158,2024,3,0
13158,2024,4,0
13165,2024,1,0
13165,2024,2,0
13165,2024,3,0
13165,2024,4,0
13174,2024,1,0
13174,2024,2,0
13174,2024,3,0
13174,2024,4,0
13193,2024,1,0
13193,2024,2,0
13193,2024,3,0
13193,2024,4,0
13195,2024,1,0
13195,2024,2,0
13195,2024,3,0
13195,2024,4,0
13202,2024,1,0
13202,2024,2,0
13202,2024,3,0
13202,2024,4,0
13206,2024,1,0
13206,2024,2,0
13206,2024,3,0
13206,2024,4,0
13208,2024,1,0
13208,2024,2,0
13208,2024,3,0
13208,2024,4,0
13212,2024,1,0
13212,2024,2,0
13212,2024,3,0
13212,2024,4,0
13213,2024,1,0
13213,2024,2,0
13213,2024,3,0
13213,2024,4,0
13220,2024,1,0
13220,2024,2,0
13220,2024,3,0
13220,2024,4,0
13226,2024,1,0
13226,2024,2,0
13226,2024,3,0
13226,2024,4,0
13229,2024,1,0
13229,2024,2,0
13229,2024,3,0
13229,2024,4,0
13250,2024,1,0
13250,2024,2,0
13250,2024,3,0
13250,2024,4,0
13253,2024,1,0
13253,2024,2,0
13253,2024,3,0
13253,2024,4,0
13255,2024,1,0
13255,2024,2,0
13255,2024,3,0
13255,2024,4,0
13257,2024,1,0
13257,2024,2,0
13257,2024,3,0
13257,2024,4,0
13265,2024,1,0
13265,2024,2,0
13265,2024,3,0
13265,2024,4,0
13282,2024,1,0
13282,2024,2,0
13282,2024,3,0
13282,2024,4,0
13290,2024,1,0
13290,2024,2,0
13290,2024,3,0
13290,2024,4,0
13291,2024,1,0
13291,2024,2,0
13291,2024,3,0
13291,2024,4,0
13295,2024,1,0
13295,2024,2,0
13295,2024,3,0
13295,2024,4,0
13297,2024,1,0
13297,2024,2,0
13297,2024,3,0
13297,2024,4,0
13311,2024,1,0
13311,2024,2,0
13311,2024,3,0
13311,2024,4,0
13314,2024,1,0
13314,2024,2,0
13314,2024,3,0
13314,2024,4,0
13320,2024,1,0
13320,2024,2,0
13320,2024,3,0
13320,2024,4,0
13323,2024,1,0
13323,2024,2,0
13323,2024,3,0
13323,2024,4,0
13346,2024,1,0
13346,2024,2,0
13346,2024,3,0
13346,2024,4,0
13364,2024,1,0
13364,2024,2,0
13364,2024,3,0
13364,2024,4,0
13366,2024,1,0
13366,2024,2,0
13366,2024,3,0
13366,2024,4,0
13376,2024,1,0
13376,2024,2,0
13376,2024,3,0
13376,2024,4,0
13379,2024,1,0
13379,2024,2,0
13379,2024,3,0
13379,2024,4,0
13384,2024,1,0
13384,2024,2,0
13384,2024,3,0
13384,2024,4,0
13391,2024,1,0
13391,2024,2,0
13391,2024,3,0
13391,2024,4,0
13410,2024,1,0
13410,2024,2,0
13410,2024,3,0
13410,2024,4,0
13426,2024,1,0
13426,2024,2,0
13426,2024,3,0
13426,2024,4,0
13429,2024,1,0
13429,2024,2,0
13429,2024,3,0
13429,2024,4,0
13432,2024,1,0
13432,2024,2,0
13432,2024,3,0
13432,2024,4,0
13436,2024,1,0
13436,2024,2,0
13436,2024,3,0
13436,2024,4,0
13440,2024,1,0
13440,2024,2,0
13440,2024,3,0
13440,2024,4,0
13443,2024,1,0
13443,2024,2,0
13443,2024,3,0
13443,2024,4,0
13444,2024,1,0
13444,2024,2,0
13444,2024,3,0
13444,2024,4,0
13447,2024,1,0
13447,2024,2,0
13447,2024,3,0
13447,2024,4,0
13449,2024,1,0
13449,2024,2,0
13449,2024,3,0
13449,2024,4,0
13455,2024,1,0
13455,2024,2,0
13455,2024,3,0
13455,2024,4,0
13459,2024,1,0
13459,2024,2,0
13459,2024,3,0
13459,2024,4,0
13461,2024,1,0
13461,2024,2,0
13461,2024,3,0
13461,2024,4,0
13464,2024,1,0
13464,2024,2,0
13464,2024,3,0
13464,2024,4,0
13467,2024,1,0
13467,2024,2,0
13467,2024,3,0
13467,2024,4,0
13480,2024,1,0
13480,2024,2,0
13480,2024,3,0
13480,2024,4,0
13485,2024,1,0
13485,2024,2,0
13485,2024,3,0
13485,2024,4,0
13486,2024,1,0
13486,2024,2,0
13486,2024,3,0
13486,2024,4,0
13495,2024,1,0
13495,2024,2,0
13495,2024,3,0
13495,2024,4,0
13504,2024,1,0
13504,2024,2,0
13504,2024,3,0
13504,2024,4,0
13507,2024,1,0
13507,2024,2,0
13507,2024,3,0
13507,2024,4,0
13521,2024,1,0
13521,2024,2,0
13521,2024,3,0
13521,2024,4,0
13529,2024,1,0
13529,2024,2,0
13529,2024,3,0
13529,2024,4,0
13534,2024,1,0
13534,2024,2,0
13534,2024,3,0
13534,2024,4,0
13539,2024,1,0
13539,2024,2,0
13539,2024,3,0
13539,2024,4,0
13543,2024,1,0
13543,2024,2,0
13543,2024,3,0
13543,2024,4,0
13544,2024,1,0
13544,2024,2,0
13544,2024,3,0
13544,2024,4,0
13556,2024,1,0
13556,2024,2,0
13556,2024,3,0
13556,2024,4,0
13558,2024,1,0
13558,2024,2,0
13558,2024,3,0
13558,2024,4,0
13567,2024,1,0
13567,2024,2,0
13567,2024,3,0
13567,2024,4,0
13583,2024,1,0
13583,2024,2,0
13583,2024,3,0
13583,2024,4,0
13587,2024,1,0
13587,2024,2,0
13587,2024,3,0
13587,2024,4,0
13594,2024,1,0
13594,2024,2,0
13594,2024,3,0
13594,2024,4,0
13602,2024,1,0
13602,2024,2,0
13602,2024,3,0
13602,2024,4,0
13615,2024,1,0
13615,2024,2,0
13615,2024,3,0
13615,2024,4,0
13622,2024,1,0
13622,2024,2,0
13622,2024,3,0
13622,2024,4,0
13623,2024,1,0
13623,2024,2,0
13623,2024,3,0
13623,2024,4,0
13626,2024,1,0
13626,2024,2,0
13626,2024,3,0
13626,2024,4,0
13630,2024,1,0
13630,2024,2,0
13630,2024,3,0
13630,2024,4,0
13638,2024,1,0
13638,2024,2,0
13638,2024,3,0
13638,2024,4,0
13639,2024,1,0
13639,2024,2,0
13639,2024,3,0
13639,2024,4,0
13656,2024,1,0
13656,2024,2,0
13656,2024,3,0
13656,2024,4,0
13661,2024,1,0
13661,2024,2,0
13661,2024,3,0
13661,2024,4,0
13671,2024,1,0
13671,2024,2,0
13671,2024,3,0
13671,2024,4,0
13676,2024,1,0
13676,2024,2,0
13676,2024,3,0
13676,2024,4,0
13679,2024,1,0
13679,2024,2,0
13679,2024,3,0
13679,2024,4,0
13683,2024,1,0
13683,2024,2,0
13683,2024,3,0
13683,2024,4,0
13691,2024,1,0
13691,2024,2,0
13691,2024,3,0
13691,2024,4,0
13697,2024,1,0
13697,2024,2,0
13697,2024,3,0
13697,2024,4,0
13705,2024,1,0
13705,2024,2,0
13705,2024,3,0
13705,2024,4,0
13709,2024,1,0
13709,2024,2,0
13709,2024,3,0
13709,2024,4,0
13717,2024,1,0
13717,2024,2,0
13717,2024,3,0
13717,2024,4,0
13725,2024,1,0
13725,2024,2,0
13725,2024,3,0
13725,2024,4,0
13726,2024,1,0
13726,2024,2,0
13726,2024,3,0
13726,2024,4,0
13732,2024,1,0
13732,2024,2,0
13732,2024,3,0
13732,2024,4,0
13750,2024,1,0
13750,2024,2,0
13750,2024,3,0
13750,2024,4,0
13762,2024,1,0
13762,2024,2,0
13762,2024,3,0
13762,2024,4,0
13764,2024,1,0
13764,2024,2,0
13764,2024,3,0
13764,2024,4,0
13770,2024,1,0
13770,2024,2,0
13770,2024,3,0
13770,2024,4,0
13778,2024,1,0
13778,2024,2,0
13778,2024,3,0
13778,2024,4,0
13781,2024,1,0
13781,2024,2,0
13781,2024,3,0
13781,2024,4,0
13789,2024,1,0
13789,2024,2,0
13789,2024,3,0
13789,2024,4,0
13792,2024,1,0
13792,2024,2,0
13792,2024,3,0
13792,2024,4,0
13803,2024,1,0
13803,2024,2,0
13803,2024,3,0
13803,2024,4,0
13806,2024,1,0
13806,2024,2,0
13806,2024,3,0
13806,2024,4,0
13825,2024,1,0
13825,2024,2,0
13825,2024,3,0
13825,2024,4,0
13833,2024,1,0
13833,2024,2,0
13833,2024,3,0
13833,2024,4,0
13844,2024,1,0
13844,2024,2,0
13844,2024,3,0
13844,2024,4,0
13845,2024,1,0
13845,2024,2,0
13845,2024,3,0
13845,2024,4,0
13847,2024,1,0
13847,2024,2,0
13847,2024,3,0
13847,2024,4,0
13860,2024,1,0
13860,2024,2,0
13860,2024,3,0
13860,2024,4,0
13872,2024,1,0
13872,2024,2,0
13872,2024,3,0
13872,2024,4,0
13873,2024,1,0
13873,2024,2,0
13873,2024,3,0
13873,2024,4,0
13875,2024,1,0
13875,2024,2,0
13875,2024,3,0
13875,2024,4,0
13880,2024,1,0
13880,2024,2,0
13880,2024,3,0
13880,2024,4,0
13887,2024,1,0
13887,2024,2,0
13887,2024,3,0
13887,2024,4,0
13896,2024,1,0
13896,2024,2,0
13896,2024,3,0
13896,2024,4,0
13900,2024,1,0
13900,2024,2,0
13900,2024,3,0
13900,2024,4,0
13923,2024,1,0
13923,2024,2,0
13923,2024,3,0
13923,2024,4,0
13928,2024,1,0
13928,2024,2,0
13928,2024,3,0
13928,2024,4,0
13929,2024,1,0
13929,2024,2,0
13929,2024,3,0
13929,2024,4,0
13952,2024,1,0
13952,2024,2,0
13952,2024,3,0
13952,2024,4,0
13961,2024,1,0
13961,2024,2,0
13961,2024,3,0
13961,2024,4,0
13962,2024,1,0
13962,2024,2,0
13962,2024,3,0
13962,2024,4,0
13966,2024,1,0
13966,2024,2,0
13966,2024,3,0
13966,2024,4,0
13973,2024,1,0
13973,2024,2,0
13973,2024,3,0
13973,2024,4,0
13979,2024,1,0
13979,2024,2,1
13979,2024,3,0
13979,2024,4,0
13980,2024,1,0
13980,2024,2,0
13980,2024,3,0
13980,2024,4,0
13982,2024,1,0
13982,2024,2,0
13982,2024,3,0
13982,2024,4,0
13988,2024,1,0
13988,2024,2,0
13988,2024,3,0
13988,2024,4,0
13990,2024,1,0
13990,2024,2,0
13990,2024,3,0
13990,2024,4,0
13998,2024,1,0
13998,2024,2,0
13998,2024,3,0
13998,2024,4,0
14000,2024,1,0
14000,2024,2,0
14000,2024,3,0
14000,2024,4,0
14004,2024,1,0
14004,2024,2,0
14004,2024,3,0
14004,2024,4,0
14006,2024,1,0
14006,2024,2,0
14006,2024,3,0
14006,2024,4,0
14009,2024,1,0
14009,2024,2,0
14009,2024,3,0
14009,2024,4,0
14017,2024,1,0
14017,2024,2,0
14017,2024,3,0
14017,2024,4,0
14033,2024,1,0
14033,2024,2,0
14033,2024,3,0
14033,2024,4,0
14041,2024,1,0
14041,2024,2,0
14041,2024,3,0
14041,2024,4,0
14045,2024,1,0
14045,2024,2,0
14045,2024,3,0
14045,2024,4,0
14048,2024,1,0
14048,2024,2,0
14048,2024,3,0
14048,2024,4,0
14050,2024,1,0
14050,2024,2,0
14050,2024,3,0
14050,2024,4,0
14053,2024,1,0
14053,2024,2,0
14053,2024,3,0
14053,2024,4,0
14063,2024,1,0
14063,2024,2,0
14063,2024,3,0
14063,2024,4,0
14073,2024,1,0
14073,2024,2,0
14073,2024,3,0
14073,2024,4,0
14090,2024,1,0
14090,2024,2,0
14090,2024,3,0
14090,2024,4,0
14094,2024,1,0
14094,2024,2,0
14094,2024,3,0
14094,2024,4,0
14099,2024,1,0
14099,2024,2,0
14099,2024,3,0
14099,2024,4,0
14111,2024,1,0
14111,2024,2,0
14111,2024,3,0
14111,2024,4,0
14134,2024,1,0
14134,2024,2,0
14134,2024,3,0
14134,2024,4,0
14140,2024,1,0
14140,2024,2,0
14140,2024,3,0
14140,2024,4,0
14170,2024,1,0
14170,2024,2,0
14170,2024,3,0
14170,2024,4,0
14176,2024,1,0
14176,2024,2,0
14176,2024,3,0
14176,2024,4,0
14178,2024,1,0
14178,2024,2,0
14178,2024,3,0
14178,2024,4,0
14180,2024,1,0
14180,2024,2,0
14180,2024,3,0
14180,2024,4,0
14186,2024,1,0
14186,2024,2,0
14186,2024,3,0
14186,2024,4,0
14192,2024,1,0
14192,2024,2,0
14192,2024,3,0
14192,2024,4,0
14196,2024,1,0
14196,2024,2,0
14196,2024,3,0
14196,2024,4,0
14214,2024,1,0
14214,2024,2,0
14214,2024,3,0
14214,2024,4,0
14219,2024,1,0
14219,2024,2,0
14219,2024,3,0
14219,2024,4,0
14227,2024,1,0
14227,2024,2,0
14227,2024,3,0
14227,2024,4,0
14232,2024,1,0
14232,2024,2,0
14232,2024,3,0
14232,2024,4,0
14238,2024,1,0
14238,2024,2,0
14238,2024,3,0
14238,2024,4,0
14241,2024,1,0
14241,2024,2,0
14241,2024,3,0
14241,2024,4,0
14243,2024,1,0
14243,2024,2,0
14243,2024,3,0
14243,2024,4,0
14274,2024,1,0
14274,2024,2,0
14274,2024,3,0
14274,2024,4,0
14275,2024,1,0
14275,2024,2,0
14275,2024,3,0
14275,2024,4,0
14283,2024,1,0
14283,2024,2,0
14283,2024,3,0
14283,2024,4,0
14285,2024,1,0
14285,2024,2,0
14285,2024,3,0
14285,2024,4,0
14287,2024,1,0
14287,2024,2,0
14287,2024,3,0
14287,2024,4,0
14295,2024,1,0
14295,2024,2,0
14295,2024,3,0
14295,2024,4,0
14312,2024,1,0
14312,2024,2,0
14312,2024,3,0
14312,2024,4,0
14318,2024,1,0
14318,2024,2,0
14318,2024,3,0
14318,2024,4,0
14324,2024,1,0
14324,2024,2,0
14324,2024,3,0
14324,2024,4,0
14328,2024,1,0
14328,2024,2,0
14328,2024,3,0
14328,2024,4,0
14329,2024,1,0
14329,2024,2,0
14329,2024,3,0
14329,2024,4,0
14331,2024,1,0
14331,2024,2,0
14331,2024,3,0
14331,2024,4,0
14335,2024,1,0
14335,2024,2,0
14335,2024,3,0
14335,2024,4,0
14336,2024,1,0
14336,2024,2,0
14336,2024,3,0
14336,2024,4,0
14349,2024,1,0
14349,2024,2,0
14349,2024,3,0
14349,2024,4,0
14357,2024,1,0
14357,2024,2,0
14357,2024,3,0
14357,2024,4,0
14361,2024,1,0
14361,2024,2,0
14361,2024,3,0
14361,2024,4,0
14363,2024,1,0
14363,2024,2,0
14363,2024,3,0
14363,2024,4,0
14364,2024,1,0
14364,2024,2,0
14364,2024,3,0
14364,2024,4,0
14366,2024,1,0
14366,2024,2,0
14366,2024,3,0
14366,2024,4,0
14372,2024,1,0
14372,2024,2,0
14372,2024,3,0
14372,2024,4,0
14383,2024,1,0
14383,2024,2,0
14383,2024,3,0
14383,2024,4,0
14392,2024,1,0
14392,2024,2,0
14392,2024,3,0
14392,2024,4,0
14394,2024,1,0
14394,2024,2,0
14394,2024,3,0
14394,2024,4,0
14403,2024,1,0
14403,2024,2,0
14403,2024,3,0
14403,2024,4,0
14414,2024,1,0
14414,2024,2,0
14414,2024,3,0
14414,2024,4,0
14415,2024,1,0
14415,2024,2,0
14415,2024,3,0
14415,2024,4,0
14417,2024,1,0
14417,2024,2,0
14417,2024,3,0
14417,2024,4,0
14420,2024,1,0
14420,2024,2,0
14420,2024,3,0
14420,2024,4,0
14423,2024,1,0
14423,2024,2,0
14423,2024,3,0
14423,2024,4,0
14424,2024,1,0
14424,2024,2,0
14424,2024,3,0
14424,2024,4,0
14426,2024,1,0
14426,2024,2,0
14426,2024,3,0
14426,2024,4,0
14427,2024,1,0
14427,2024,2,0
14427,2024,3,0
14427,2024,4,0
14432,2024,1,0
14432,2024,2,0
14432,2024,3,0
14432,2024,4,0
14448,2024,1,0
14448,2024,2,0
14448,2024,3,0
14448,2024,4,0
14455,2024,1,0
14455,2024,2,0
14455,2024,3,0
14455,2024,4,0
14474,2024,1,0
14474,2024,2,0
14474,2024,3,0
14474,2024,4,0
14517,2024,1,0
14517,2024,2,0
14517,2024,3,0
14517,2024,4,0
14520,2024,1,0
14520,2024,2,0
14520,2024,3,0
14520,2024,4,0
14529,2024,1,0
14529,2024,2,0
14529,2024,3,0
14529,2024,4,0
14530,2024,1,0
14530,2024,2,0
14530,2024,3,0
14530,2024,4,0
14540,2024,1,0
14540,2024,2,0
14540,2024,3,0
14540,2024,4,0
14541,2024,1,0
14541,2024,2,0
14541,2024,3,0
14541,2024,4,0
14544,2024,1,0
14544,2024,2,0
14544,2024,3,0
14544,2024,4,0
14548,2024,1,0
14548,2024,2,0
14548,2024,3,0
14548,2024,4,0
14552,2024,1,0
14552,2024,2,0
14552,2024,3,0
14552,2024,4,0
14554,2024,1,0
14554,2024,2,0
14554,2024,3,0
14554,2024,4,0
14556,2024,1,0
14556,2024,2,0
14556,2024,3,0
14556,2024,4,0
14567,2024,1,0
14567,2024,2,0
14567,2024,3,0
14567,2024,4,0
14576,2024,1,0
14576,2024,2,0
14576,2024,3,0
14576,2024,4,0
14578,2024,1,0
14578,2024,2,0
14578,2024,3,0
14578,2024,4,0
14581,2024,1,0
14581,2024,2,0
14581,2024,3,0
14581,2024,4,0
14583,2024,1,0
14583,2024,2,0
14583,2024,3,0
14583,2024,4,0
14602,2024,1,0
14602,2024,2,0
14602,2024,3,0
14602,2024,4,0
14606,2024,1,0
14606,2024,2,0
14606,2024,3,0
14606,2024,4,0
14613,2024,1,0
14613,2024,2,0
14613,2024,3,0
14613,2024,4,0
14626,2024,1,0
14626,2024,2,0
14626,2024,3,0
14626,2024,4,0
14627,2024,1,0
14627,2024,2,0
14627,2024,3,0
14627,2024,4,0
14628,2024,1,0
14628,2024,2,0
14628,2024,3,0
14628,2024,4,0
14629,2024,1,0
14629,2024,2,0
14629,2024,3,0
14629,2024,4,0
14635,2024,1,0
14635,2024,2,0
14635,2024,3,0
14635,2024,4,0
14643,2024,1,0
14643,2024,2,0
14643,2024,3,0
14643,2024,4,0
14647,2024,1,0
14647,2024,2,0
14647,2024,3,0
14647,2024,4,0
14648,2024,1,0
14648,2024,2,0
14648,2024,3,0
14648,2024,4,0
14651,2024,1,0
14651,2024,2,0
14651,2024,3,0
14651,2024,4,0
14657,2024,1,0
14657,2024,2,0
14657,2024,3,0
14657,2024,4,0
14664,2024,1,0
14664,2024,2,0
14664,2024,3,0
14664,2024,4,0
14669,2024,1,0
14669,2024,2,0
14669,2024,3,0
14669,2024,4,0
14672,2024,1,0
14672,2024,2,0
14672,2024,3,0
14672,2024,4,0
14686,2024,1,0
14686,2024,2,0
14686,2024,3,0
14686,2024,4,0
14688,2024,1,0
14688,2024,2,0
14688,2024,3,0
14688,2024,4,0
14693,2024,1,0
14693,2024,2,0
14693,2024,3,0
14693,2024,4,0
14697,2024,1,0
14697,2024,2,0
14697,2024,3,0
14697,2024,4,0
14699,2024,1,0
14699,2024,2,0
14699,2024,3,0
14699,2024,4,0
14701,2024,1,0
14701,2024,2,0
14701,2024,3,0
14701,2024,4,0
14707,2024,1,0
14707,2024,2,0
14707,2024,3,0
14707,2024,4,0
14708,2024,1,0
14708,2024,2,0
14708,2024,3,0
14708,2024,4,0
14712,2024,1,0
14712,2024,2,0
14712,2024,3,0
14712,2024,4,0
14715,2024,1,0
14715,2024,2,0
14715,2024,3,0
14715,2024,4,0
14725,2024,1,0
14725,2024,2,0
14725,2024,3,0
14725,2024,4,0
14734,2024,1,0
14734,2024,2,0
14734,2024,3,0
14734,2024,4,0
14752,2024,1,0
14752,2024,2,0
14752,2024,3,0
14752,2024,4,0
14756,2024,1,0
14756,2024,2,0
14756,2024,3,0
14756,2024,4,0
14765,2024,1,0
14765,2024,2,0
14765,2024,3,0
14765,2024,4,0
14771,2024,1,0
14771,2024,2,0
14771,2024,3,0
14771,2024,4,0
14780,2024,1,0
14780,2024,2,0
14780,2024,3,0
14780,2024,4,0
14800,2024,1,0
14800,2024,2,0
14800,2024,3,0
14800,2024,4,0
14815,2024,1,0
14815,2024,2,0
14815,2024,3,0
14815,2024,4,0
14831,2024,1,0
14831,2024,2,0
14831,2024,3,0
14831,2024,4,0
14837,2024,1,0
14837,2024,2,0
14837,2024,3,0
14837,2024,4,0
14841,2024,1,0
14841,2024,2,0
14841,2024,3,0
14841,2024,4,0
14849,2024,1,0
14849,2024,2,0
14849,2024,3,0
14849,2024,4,0
14861,2024,1,0
14861,2024,2,0
14861,2024,3,0
14861,2024,4,0
14872,2024,1,0
14872,2024,2,0
14872,2024,3,0
14872,2024,4,0
14873,2024,1,0
14873,2024,2,0
14873,2024,3,0
14873,2024,4,0
14904,2024,1,0
14904,2024,2,0
14904,2024,3,0
14904,2024,4,0
14912,2024,1,0
14912,2024,2,0
14912,2024,3,0
14912,2024,4,0
14913,2024,1,0
14913,2024,2,0
14913,2024,3,0
14913,2024,4,0
14918,2024,1,0
14918,2024,2,0
14918,2024,3,0
14918,2024,4,0
14922,2024,1,0
14922,2024,2,0
14922,2024,3,0
14922,2024,4,0
14929,2024,1,0
14929,2024,2,0
14929,2024,3,0
14929,2024,4,0
14942,2024,1,0
14942,2024,2,0
14942,2024,3,0
14942,2024,4,0
14968,2024,1,0
14968,2024,2,0
14968,2024,3,0
14968,2024,4,0
14970,2024,1,0
14970,2024,2,0
14970,2024,3,0
14970,2024,4,0
14975,2024,1,0
14975,2024,2,0
14975,2024,3,0
14975,2024,4,0
14976,2024,1,0
14976,2024,2,0
14976,2024,3,0
14976,2024,4,0
14980,2024,1,0
14980,2024,2,0
14980,2024,3,0
14980,2024,4,0
14984,2024,1,0
14984,2024,2,0
14984,2024,3,0
14984,2024,4,0
14988,2024,1,0
14988,2024,2,0
14988,2024,3,0
14988,2024,4,0
14991,2024,1,0
14991,2024,2,0
14991,2024,3,0
14991,2024,4,0
15008,2024,1,0
15008,2024,2,0
15008,2024,3,0
15008,2024,4,0
15015,2024,1,0
15015,2024,2,0
15015,2024,3,0
15015,2024,4,0
15018,2024,1,0
15018,2024,2,0
15018,2024,3,0
15018,2024,4,0
15020,2024,1,0
15020,2024,2,0
15020,2024,3,0
15020,2024,4,0
15021,2024,1,0
15021,2024,2,0
15021,2024,3,0
15021,2024,4,0
15029,2024,1,0
15029,2024,2,0
15029,2024,3,0
15029,2024,4,0
15034,2024,1,0
15034,2024,2,0
15034,2024,3,0
15034,2024,4,0
15070,2024,1,0
15070,2024,2,0
15070,2024,3,0
15070,2024,4,0
15075,2024,1,0
15075,2024,2,0
15075,2024,3,0
15075,2024,4,0
15079,2024,1,0
15079,2024,2,0
15079,2024,3,0
15079,2024,4,0
15087,2024,1,0
15087,2024,2,0
15087,2024,3,0
15087,2024,4,0
15092,2024,1,0
15092,2024,2,0
15092,2024,3,0
15092,2024,4,0
15105,2024,1,0
15105,2024,2,0
15105,2024,3,0
15105,2024,4,0
15108,2024,1,0
15108,2024,2,0
15108,2024,3,0
15108,2024,4,0
15113,2024,1,0
15113,2024,2,0
15113,2024,3,0
15113,2024,4,0
15122,2024,1,0
15122,2024,2,0
15122,2024,3,0
15122,2024,4,0
15125,2024,1,0
15125,2024,2,0
15125,2024,3,0
15125,2024,4,0
15138,2024,1,0
15138,2024,2,0
15138,2024,3,0
15138,2024,4,0
15158,2024,1,0
15158,2024,2,0
15158,2024,3,0
15158,2024,4,0
15159,2024,1,0
15159,2024,2,0
15159,2024,3,0
15159,2024,4,0
15161,2024,1,0
15161,2024,2,0
15161,2024,3,0
15161,2024,4,0
15166,2024,1,0
15166,2024,2,0
15166,2024,3,0
15166,2024,4,0
15172,2024,1,0
15172,2024,2,0
15172,2024,3,0
15172,2024,4,0
15177,2024,1,0
15177,2024,2,0
15177,2024,3,0
15177,2024,4,0
15179,2024,1,0
15179,2024,2,0
15179,2024,3,0
15179,2024,4,0
15185,2024,1,0
15185,2024,2,0
15185,2024,3,0
15185,2024,4,0
15217,2024,1,0
15217,2024,2,0
15217,2024,3,0
15217,2024,4,0
15229,2024,1,0
15229,2024,2,0
15229,2024,3,0
15229,2024,4,0
15232,2024,1,0
15232,2024,2,0
15232,2024,3,0
15232,2024,4,0
15233,2024,1,0
15233,2024,2,0
15233,2024,3,0
15233,2024,4,0
15245,2024,1,0
15245,2024,2,0
15245,2024,3,0
15245,2024,4,0
15251,2024,1,0
15251,2024,2,0
15251,2024,3,0
15251,2024,4,0
15268,2024,1,0
15268,2024,2,0
15268,2024,3,0
15268,2024,4,0
15269,2024,1,0
15269,2024,2,0
15269,2024,3,0
15269,2024,4,0
15285,2024,1,0
15285,2024,2,0
15285,2024,3,0
15285,2024,4,0
15292,2024,1,0
15292,2024,2,0
15292,2024,3,0
15292,2024,4,0
15300,2024,1,0
15300,2024,2,0
15300,2024,3,0
15300,2024,4,0
15317,2024,1,0
15317,2024,2,0
15317,2024,3,0
15317,2024,4,0
15332,2024,1,0
15332,2024,2,0
15332,2024,3,0
15332,2024,4,0
15336,2024,1,0
15336,2024,2,0
15336,2024,3,0
15336,2024,4,0
15342,2024,1,0
15342,2024,2,0
15342,2024,3,0
15342,2024,4,0
15361,2024,1,0
15361,2024,2,0
15361,2024,3,0
15361,2024,4,0
15362,2024,1,0
15362,2024,2,0
15362,2024,3,0
15362,2024,4,0
15383,2024,1,0
15383,2024,2,0
15383,2024,3,0
15383,2024,4,0
15389,2024,1,0
15389,2024,2,0
15389,2024,3,0
15389,2024,4,0
15390,2024,1,0
15390,2024,2,0
15390,2024,3,0
15390,2024,4,0
15393,2024,1,0
15393,2024,2,0
15393,2024,3,0
15393,2024,4,0
15400,2024,1,0
15400,2024,2,0
15400,2024,3,0
15400,2024,4,0
15410,2024,1,0
15410,2024,2,0
15410,2024,3,0
15410,2024,4,0
15420,2024,1,0
15420,2024,2,0
15420,2024,3,0
15420,2024,4,0
15423,2024,1,0
15423,2024,2,0
15423,2024,3,0
15423,2024,4,0
15426,2024,1,0
15426,2024,2,0
15426,2024,3,0
15426,2024,4,0
15432,2024,1,0
15432,2024,2,0
15432,2024,3,0
15432,2024,4,0
15435,2024,1,0
15435,2024,2,0
15435,2024,3,0
15435,2024,4,0
15438,2024,1,0
15438,2024,2,0
15438,2024,3,0
15438,2024,4,0
15440,2024,1,0
15440,2024,2,0
15440,2024,3,0
15440,2024,4,0
15445,2024,1,0
15445,2024,2,0
15445,2024,3,0
15445,2024,4,0
15451,2024,1,0
15451,2024,2,0
15451,2024,3,0
15451,2024,4,0
15462,2024,1,0
15462,2024,2,0
15462,2024,3,0
15462,2024,4,0
15478,2024,1,0
15478,2024,2,0
15478,2024,3,0
15478,2024,4,0
15484,2024,1,0
15484,2024,2,0
15484,2024,3,0
15484,2024,4,0
15489,2024,1,0
15489,2024,2,0
15489,2024,3,0
15489,2024,4,0
15493,2024,1,0
15493,2024,2,0
15493,2024,3,0
15493,2024,4,0
15496,2024,1,0
15496,2024,2,0
15496,2024,3,0
15496,2024,4,0
15504,2024,1,0
15504,2024,2,0
15504,2024,3,0
15504,2024,4,0
15507,2024,1,0
15507,2024,2,0
15507,2024,3,0
15507,2024,4,0
15509,2024,1,0
15509,2024,2,0
15509,2024,3,0
15509,2024,4,0
15510,2024,1,0
15510,2024,2,0
15510,2024,3,0
15510,2024,4,0
15517,2024,1,0
15517,2024,2,0
15517,2024,3,0
15517,2024,4,0
15529,2024,1,0
15529,2024,2,0
15529,2024,3,0
15529,2024,4,0
15536,2024,1,0
15536,2024,2,0
15536,2024,3,0
15536,2024,4,0
15546,2024,1,0
15546,2024,2,0
15546,2024,3,0
15546,2024,4,0
15551,2024,1,0
15551,2024,2,0
15551,2024,3,0
15551,2024,4,0
15554,2024,1,0
15554,2024,2,0
15554,2024,3,0
15554,2024,4,0
15564,2024,1,0
15564,2024,2,0
15564,2024,3,0
15564,2024,4,0
15565,2024,1,0
15565,2024,2,0
15565,2024,3,0
15565,2024,4,0
15568,2024,1,0
15568,2024,2,0
15568,2024,3,0
15568,2024,4,0
15569,2024,1,0
15569,2024,2,0
15569,2024,3,0
15569,2024,4,0
15576,2024,1,0
15576,2024,2,0
15576,2024,3,0
15576,2024,4,0
15577,2024,1,0
15577,2024,2,0
15577,2024,3,0
15577,2024,4,0
15581,2024,1,0
15581,2024,2,0
15581,2024,3,0
15581,2024,4,0
15585,2024,1,0
15585,2024,2,0
15585,2024,3,0
15585,2024,4,0
15614,2024,1,0
15614,2024,2,0
15614,2024,3,0
15614,2024,4,0
15624,2024,1,0
15624,2024,2,0
15624,2024,3,0
15624,2024,4,0
15629,2024,1,0
15629,2024,2,0
15629,2024,3,0
15629,2024,4,0
15630,2024,1,0
15630,2024,2,0
15630,2024,3,0
15630,2024,4,0
15640,2024,1,0
15640,2024,2,0
15640,2024,3,0
15640,2024,4,0
15645,2024,1,0
15645,2024,2,0
15645,2024,3,0
15645,2024,4,0
15656,2024,1,0
15656,2024,2,0
15656,2024,3,0
15656,2024,4,0
15657,2024,1,0
15657,2024,2,0
15657,2024,3,0
15657,2024,4,0
15670,2024,1,0
15670,2024,2,0
15670,2024,3,0
15670,2024,4,0
15673,2024,1,0
15673,2024,2,0
15673,2024,3,0
15673,2024,4,0
15676,2024,1,0
15676,2024,2,0
15676,2024,3,0
15676,2024,4,0
15681,2024,1,0
15681,2024,2,0
15681,2024,3,0
15681,2024,4,0
15685,2024,1,0
15685,2024,2,0
15685,2024,3,0
15685,2024,4,0
15687,2024,1,0
15687,2024,2,0
15687,2024,3,0
15687,2024,4,0
15691,2024,1,0
15691,2024,2,0
15691,2024,3,0
15691,2024,4,0
15696,2024,1,0
15696,2024,2,0
15696,2024,3,0
15696,2024,4,0
15697,2024,1,0
15697,2024,2,0
15697,2024,3,0
15697,2024,4,0
15699,2024,1,0
15699,2024,2,0
15699,2024,3,0
15699,2024,4,0
15703,2024,1,0
15703,2024,2,0
15703,2024,3,0
15703,2024,4,0
15705,2024,1,0
15705,2024,2,0
15705,2024,3,0
15705,2024,4,0
15706,2024,1,0
15706,2024,2,0
15706,2024,3,0
15706,2024,4,0
15722,2024,1,0
15722,2024,2,0
15722,2024,3,0
15722,2024,4,0
15725,2024,1,0
15725,2024,2,0
15725,2024,3,0
15725,2024,4,0
15730,2024,1,0
15730,2024,2,0
15730,2024,3,0
15730,2024,4,0
15737,2024,1,0
15737,2024,2,0
15737,2024,3,0
15737,2024,4,0
15739,2024,1,0
15739,2024,2,0
15739,2024,3,0
15739,2024,4,0
15740,2024,1,0
15740,2024,2,0
15740,2024,3,0
15740,2024,4,0
15756,2024,1,0
15756,2024,2,0
15756,2024,3,0
15756,2024,4,0
15761,2024,1,0
15761,2024,2,0
15761,2024,3,0
15761,2024,4,0
15765,2024,1,0
15765,2024,2,0
15765,2024,3,0
15765,2024,4,0
15767,2024,1,0
15767,2024,2,0
15767,2024,3,0
15767,2024,4,0
15777,2024,1,0
15777,2024,2,0
15777,2024,3,0
15777,2024,4,0
15781,2024,1,0
15781,2024,2,0
15781,2024,3,0
15781,2024,4,0
15785,2024,1,0
15785,2024,2,0
15785,2024,3,0
15785,2024,4,0
15788,2024,1,0
15788,2024,2,0
15788,2024,3,0
15788,2024,4,0
15791,2024,1,0
15791,2024,2,0
15791,2024,3,0
15791,2024,4,0
15798,2024,1,0
15798,2024,2,0
15798,2024,3,0
15798,2024,4,0
15801,2024,1,0
15801,2024,2,0
15801,2024,3,0
15801,2024,4,0
15804,2024,1,0
15804,2024,2,0
15804,2024,3,0
15804,2024,4,0
15815,2024,1,0
15815,2024,2,0
15815,2024,3,0
15815,2024,4,0
15820,2024,1,0
15820,2024,2,0
15820,2024,3,0
15820,2024,4,0
15823,2024,1,0
15823,2024,2,0
15823,2024,3,0
15823,2024,4,0
15827,2024,1,0
15827,2024,2,0
15827,2024,3,0
15827,2024,4,0
15838,2024,1,0
15838,2024,2,0
15838,2024,3,0
15838,2024,4,0
15844,2024,1,0
15844,2024,2,0
15844,2024,3,0
15844,2024,4,0
15847,2024,1,0
15847,2024,2,0
15847,2024,3,0
15847,2024,4,0
15852,2024,1,0
15852,2024,2,0
15852,2024,3,0
15852,2024,4,0
15853,2024,1,0
15853,2024,2,0
15853,2024,3,0
15853,2024,4,0
15861,2024,1,0
15861,2024,2,0
15861,2024,3,0
15861,2024,4,0
15862,2024,1,0
15862,2024,2,0
15862,2024,3,0
15862,2024,4,0
15866,2024,1,0
15866,2024,2,0
15866,2024,3,0
15866,2024,4,0
15870,2024,1,0
15870,2024,2,0
15870,2024,3,0
15870,2024,4,0
15871,2024,1,0
15871,2024,2,0
15871,2024,3,0
15871,2024,4,0
15874,2024,1,0
15874,2024,2,0
15874,2024,3,0
15874,2024,4,0
15889,2024,1,0
15889,2024,2,0
15889,2024,3,0
15889,2024,4,0
15892,2024,1,0
15892,2024,2,0
15892,2024,3,0
15892,2024,4,0
15919,2024,1,0
15919,2024,2,0
15919,2024,3,0
15919,2024,4,0
15926,2024,1,0
15926,2024,2,0
15926,2024,3,0
15926,2024,4,0
15940,2024,1,0
15940,2024,2,0
15940,2024,3,0
15940,2024,4,0
15942,2024,1,0
15942,2024,2,0
15942,2024,3,0
15942,2024,4,0
15954,2024,1,0
15954,2024,2,0
15954,2024,3,0
15954,2024,4,0
15955,2024,1,0
15955,2024,2,0
15955,2024,3,0
15955,2024,4,0
15968,2024,1,0
15968,2024,2,0
15968,2024,3,0
15968,2024,4,0
15980,2024,1,0
15980,2024,2,0
15980,2024,3,0
15980,2024,4,0
15992,2024,1,0
15992,2024,2,0
15992,2024,3,0
15992,2024,4,0
15994,2024,1,0
15994,2024,2,0
15994,2024,3,0
15994,2024,4,0
15999,2024,1,0
15999,2024,2,0
15999,2024,3,0
15999,2024,4,0
16006,2024,1,0
16006,2024,2,0
16006,2024,3,0
16006,2024,4,0
16013,2024,1,0
16013,2024,2,0
16013,2024,3,0
16013,2024,4,0
16019,2024,1,0
16019,2024,2,0
16019,2024,3,0
16019,2024,4,0
16020,2024,1,0
16020,2024,2,0
16020,2024,3,0
16020,2024,4,0
16031,2024,1,0
16031,2024,2,0
16031,2024,3,0
16031,2024,4,0
16032,2024,1,0
16032,2024,2,0
16032,2024,3,0
16032,2024,4,0
16033,2024,1,0
16033,2024,2,0
16033,2024,3,0
16033,2024,4,0
16049,2024,1,0
16049,2024,2,0
16049,2024,3,0
16049,2024,4,0
16062,2024,1,0
16062,2024,2,0
16062,2024,3,0
16062,2024,4,0
16080,2024,1,0
16080,2024,2,0
16080,2024,3,0
16080,2024,4,0
16094,2024,1,0
16094,2024,2,0
16094,2024,3,0
16094,2024,4,0
16095,2024,1,0
16095,2024,2,0
16095,2024,3,0
16095,2024,4,0
16105,2024,1,0
16105,2024,2,0
16105,2024,3,0
16105,2024,4,0
16118,2024,1,0
16118,2024,2,0
16118,2024,3,0
16118,2024,4,0
16124,2024,1,0
16124,2024,2,0
16124,2024,3,0
16124,2024,4,0
16125,2024,1,0
16125,2024,2,0
16125,2024,3,0
16125,2024,4,0
16141,2024,1,0
16141,2024,2,0
16141,2024,3,0
16141,2024,4,0
16150,2024,1,0
16150,2024,2,0
16150,2024,3,0
16150,2024,4,0
16151,2024,1,0
16151,2024,2,0
16151,2024,3,0
16151,2024,4,0
16152,2024,1,0
16152,2024,2,0
16152,2024,3,0
16152,2024,4,0
16161,2024,1,0
16161,2024,2,0
16161,2024,3,0
16161,2024,4,0
16187,2024,1,0
16187,2024,2,0
16187,2024,3,0
16187,2024,4,0
16195,2024,1,0
16195,2024,2,0
16195,2024,3,0
16195,2024,4,0
16198,2024,1,0
16198,2024,2,0
16198,2024,3,0
16198,2024,4,0
16201,2024,1,0
16201,2024,2,0
16201,2024,3,0
16201,2024,4,0
16207,2024,1,0
16207,2024,2,0
16207,2024,3,0
16207,2024,4,0
16219,2024,1,0
16219,2024,2,0
16219,2024,3,0
16219,2024,4,0
16232,2024,1,0
16232,2024,2,0
16232,2024,3,0
16232,2024,4,0
16239,2024,1,0
16239,2024,2,0
16239,2024,3,0
16239,2024,4,0
16240,2024,1,0
16240,2024,2,0
16240,2024,3,0
16240,2024,4,0
16241,2024,1,0
16241,2024,2,0
16241,2024,3,0
16241,2024,4,0
16243,2024,1,0
16243,2024,2,0
16243,2024,3,0
16243,2024,4,0
16263,2024,1,0
16263,2024,2,0
16263,2024,3,0
16263,2024,4,0
16277,2024,1,0
16277,2024,2,0
16277,2024,3,0
16277,2024,4,0
16295,2024,1,0
16295,2024,2,0
16295,2024,3,0
16295,2024,4,0
16301,2024,1,0
16301,2024,2,0
16301,2024,3,0
16301,2024,4,0
16305,2024,1,0
16305,2024,2,0
16305,2024,3,0
16305,2024,4,0
16308,2024,1,0
16308,2024,2,0
16308,2024,3,0
16308,2024,4,0
16311,2024,1,0
16311,2024,2,0
16311,2024,3,0
16311,2024,4,0
16322,2024,1,0
16322,2024,2,0
16322,2024,3,0
16322,2024,4,0
16327,2024,1,0
16327,2024,2,0
16327,2024,3,0
16327,2024,4,0
16344,2024,1,0
16344,2024,2,0
16344,2024,3,0
16344,2024,4,0
16356,2024,1,0
16356,2024,2,0
16356,2024,3,0
16356,2024,4,0
16358,2024,1,0
16358,2024,2,0
16358,2024,3,0
16358,2024,4,0
16377,2024,1,0
16377,2024,2,0
16377,2024,3,0
16377,2024,4,0
16386,2024,1,0
16386,2024,2,0
16386,2024,3,0
16386,2024,4,0
16390,2024,1,0
16390,2024,2,0
16390,2024,3,0
16390,2024,4,0
16400,2024,1,0
16400,2024,2,0
16400,2024,3,0
16400,2024,4,0
16401,2024,1,0
16401,2024,2,0
16401,2024,3,0
16401,2024,4,0
16412,2024,1,0
16412,2024,2,0
16412,2024,3,0
16412,2024,4,0
16419,2024,1,0
16419,2024,2,0
16419,2024,3,0
16419,2024,4,0
16427,2024,1,0
16427,2024,2,0
16427,2024,3,0
16427,2024,4,0
16438,2024,1,0
16438,2024,2,0
16438,2024,3,0
16438,2024,4,0
16440,2024,1,0
16440,2024,2,0
16440,2024,3,0
16440,2024,4,0
16453,2024,1,0
16453,2024,2,0
16453,2024,3,0
16453,2024,4,0
16484,2024,1,0
16484,2024,2,0
16484,2024,3,0
16484,2024,4,0
16488,2024,1,0
16488,2024,2,0
16488,2024,3,0
16488,2024,4,0
16497,2024,1,0
16497,2024,2,0
16497,2024,3,0
16497,2024,4,0
16504,2024,1,0
16504,2024,2,0
16504,2024,3,0
16504,2024,4,0
16507,2024,1,0
16507,2024,2,0
16507,2024,3,0
16507,2024,4,0
16513,2024,1,0
16513,2024,2,0
16513,2024,3,0
16513,2024,4,0
16519,2024,1,0
16519,2024,2,0
16519,2024,3,0
16519,2024,4,0
16524,2024,1,0
16524,2024,2,0
16524,2024,3,0
16524,2024,4,0
16534,2024,1,0
16534,2024,2,0
16534,2024,3,0
16534,2024,4,0
16545,2024,1,0
16545,2024,2,0
16545,2024,3,0
16545,2024,4,0
16546,2024,1,0
16546,2024,2,0
16546,2024,3,0
16546,2024,4,0
16550,2024,1,0
16550,2024,2,0
16550,2024,3,0
16550,2024,4,0
16554,2024,1,0
16554,2024,2,0
16554,2024,3,0
16554,2024,4,0
16556,2024,1,0
16556,2024,2,0
16556,2024,3,0
16556,2024,4,0
16559,2024,1,0
16559,2024,2,0
16559,2024,3,0
16559,2024,4,0
16563,2024,1,0
16563,2024,2,0
16563,2024,3,0
16563,2024,4,0
16567,2024,1,0
16567,2024,2,0
16567,2024,3,0
16567,2024,4,0
16587,2024,1,0
16587,2024,2,0
16587,2024,3,0
16587,2024,4,0
16592,2024,1,0
16592,2024,2,0
16592,2024,3,0
16592,2024,4,0
16598,2024,1,0
16598,2024,2,0
16598,2024,3,0
16598,2024,4,0
16601,2024,1,0
16601,2024,2,0
16601,2024,3,0
16601,2024,4,0
16604,2024,1,0
16604,2024,2,0
16604,2024,3,0
16604,2024,4,0
16642,2024,1,0
16642,2024,2,0
16642,2024,3,0
16642,2024,4,0
16648,2024,1,0
16648,2024,2,0
16648,2024,3,0
16648,2024,4,0
16650,2024,1,0
16650,2024,2,0
16650,2024,3,0
16650,2024,4,0
16663,2024,1,0
16663,2024,2,0
16663,2024,3,0
16663,2024,4,0
16703,2024,1,0
16703,2024,2,0
16703,2024,3,0
16703,2024,4,0
16716,2024,1,0
16716,2024,2,0
16716,2024,3,0
16716,2024,4,0
16726,2024,1,0
16726,2024,2,0
16726,2024,3,0
16726,2024,4,0
16729,2024,1,0
16729,2024,2,0
16729,2024,3,0
16729,2024,4,0
16744,2024,1,0
16744,2024,2,0
16744,2024,3,0
16744,2024,4,0
16746,2024,1,0
16746,2024,2,0
16746,2024,3,0
16746,2024,4,0
16748,2024,1,0
16748,2024,2,0
16748,2024,3,0
16748,2024,4,0
16756,2024,1,0
16756,2024,2,0
16756,2024,3,0
16756,2024,4,0
16764,2024,1,0
16764,2024,2,0
16764,2024,3,0
16764,2024,4,0
16772,2024,1,0
16772,2024,2,0
16772,2024,3,0
16772,2024,4,0
16777,2024,1,0
16777,2024,2,0
16777,2024,3,0
16777,2024,4,0
16778,2024,1,0
16778,2024,2,0
16778,2024,3,0
16778,2024,4,0
16782,2024,1,0
16782,2024,2,0
16782,2024,3,0
16782,2024,4,0
16788,2024,1,0
16788,2024,2,0
16788,2024,3,0
16788,2024,4,0
16795,2024,1,0
16795,2024,2,0
16795,2024,3,0
16795,2024,4,0
16798,2024,1,0
16798,2024,2,0
16798,2024,3,0
16798,2024,4,0
16802,2024,1,0
16802,2024,2,0
16802,2024,3,0
16802,2024,4,0
16807,2024,1,0
16807,2024,2,0
16807,2024,3,0
16807,2024,4,0
16822,2024,1,0
16822,2024,2,0
16822,2024,3,0
16822,2024,4,0
16832,2024,1,0
16832,2024,2,0
16832,2024,3,0
16832,2024,4,0
16834,2024,1,0
16834,2024,2,0
16834,2024,3,0
16834,2024,4,0
16837,2024,1,0
16837,2024,2,0
16837,2024,3,0
16837,2024,4,0
16846,2024,1,0
16846,2024,2,0
16846,2024,3,0
16846,2024,4,0
16857,2024,1,0
16857,2024,2,0
16857,2024,3,0
16857,2024,4,0
16859,2024,1,0
16859,2024,2,0
16859,2024,3,0
16859,2024,4,0
16866,2024,1,0
16866,2024,2,0
16866,2024,3,0
16866,2024,4,0
16871,2024,1,0
16871,2024,2,0
16871,2024,3,0
16871,2024,4,0
16877,2024,1,0
16877,2024,2,0
16877,2024,3,0
16877,2024,4,0
16879,2024,1,0
16879,2024,2,0
16879,2024,3,0
16879,2024,4,0
16884,2024,1,0
16884,2024,2,0
16884,2024,3,0
16884,2024,4,0
16896,2024,1,0
16896,2024,2,0
16896,2024,3,0
16896,2024,4,0
16906,2024,1,0
16906,2024,2,0
16906,2024,3,0
16906,2024,4,0
16908,2024,1,0
16908,2024,2,0
16908,2024,3,0
16908,2024,4,0
16919,2024,1,0
16919,2024,2,0
16919,2024,3,0
16919,2024,4,0
16937,2024,1,0
16937,2024,2,0
16937,2024,3,0
16937,2024,4,0
16943,2024,1,0
16943,2024,2,0
16943,2024,3,0
16943,2024,4,0
16946,2024,1,0
16946,2024,2,0
16946,2024,3,0
16946,2024,4,0
16950,2024,1,0
16950,2024,2,0
16950,2024,3,0
16950,2024,4,0
16951,2024,1,0
16951,2024,2,0
16951,2024,3,0
16951,2024,4,0
16954,2024,1,0
16954,2024,2,0
16954,2024,3,0
16954,2024,4,0
16964,2024,1,0
16964,2024,2,0
16964,2024,3,0
16964,2024,4,0
16977,2024,1,0
16977,2024,2,0
16977,2024,3,0
16977,2024,4,0
16980,2024,1,0
16980,2024,2,0
16980,2024,3,0
16980,2024,4,0
16982,2024,1,0
16982,2024,2,0
16982,2024,3,0
16982,2024,4,0
16983,2024,1,0
16983,2024,2,0
16983,2024,3,0
16983,2024,4,0
16991,2024,1,0
16991,2024,2,0
16991,2024,3,0
16991,2024,4,0
16993,2024,1,0
16993,2024,2,0
16993,2024,3,0
16993,2024,4,0
16997,2024,1,0
16997,2024,2,0
16997,2024,3,0
16997,2024,4,0
17003,2024,1,0
17003,2024,2,0
17003,2024,3,0
17003,2024,4,0
17005,2024,1,0
17005,2024,2,0
17005,2024,3,0
17005,2024,4,0
17014,2024,1,0
17014,2024,2,0
17014,2024,3,0
17014,2024,4,0
17017,2024,1,0
17017,2024,2,0
17017,2024,3,0
17017,2024,4,0
17019,2024,1,0
17019,2024,2,0
17019,2024,3,0
17019,2024,4,0
17024,2024,1,0
17024,2024,2,0
17024,2024,3,0
17024,2024,4,0
17026,2024,1,0
17026,2024,2,0
17026,2024,3,0
17026,2024,4,0
17028,2024,1,0
17028,2024,2,0
17028,2024,3,0
17028,2024,4,0
17032,2024,1,0
17032,2024,2,0
17032,2024,3,0
17032,2024,4,0
17048,2024,1,0
17048,2024,2,0
17048,2024,3,0
17048,2024,4,0
17053,2024,1,0
17053,2024,2,0
17053,2024,3,0
17053,2024,4,0
17072,2024,1,0
17072,2024,2,0
17072,2024,3,0
17072,2024,4,0
17075,2024,1,0
17075,2024,2,0
17075,2024,3,0
17075,2024,4,0
17076,2024,1,0
17076,2024,2,0
17076,2024,3,0
17076,2024,4,0
17081,2024,1,0
17081,2024,2,0
17081,2024,3,0
17081,2024,4,0
17101,2024,1,0
17101,2024,2,0
17101,2024,3,0
17101,2024,4,0
17116,2024,1,0
17116,2024,2,0
17116,2024,3,0
17116,2024,4,0
17124,2024,1,0
17124,2024,2,0
17124,2024,3,0
17124,2024,4,0
17129,2024,1,0
17129,2024,2,0
17129,2024,3,0
17129,2024,4,0
17131,2024,1,0
17131,2024,2,0
17131,2024,3,0
17131,2024,4,0
17139,2024,1,0
17139,2024,2,0
17139,2024,3,0
17139,2024,4,0
17141,2024,1,0
17141,2024,2,0
17141,2024,3,0
17141,2024,4,0
17144,2024,1,0
17144,2024,2,0
17144,2024,3,0
17144,2024,4,0
17146,2024,1,0
17146,2024,2,0
17146,2024,3,0
17146,2024,4,0
17148,2024,1,0
17148,2024,2,0
17148,2024,3,0
17148,2024,4,0
17149,2024,1,0
17149,2024,2,0
17149,2024,3,0
17149,2024,4,0
17150,2024,1,0
17150,2024,2,0
17150,2024,3,0
17150,2024,4,0
17153,2024,1,0
17153,2024,2,0
17153,2024,3,0
17153,2024,4,0
17158,2024,1,0
17158,2024,2,0
17158,2024,3,0
17158,2024,4,0
17162,2024,1,0
17162,2024,2,0
17162,2024,3,0
17162,2024,4,0
17169,2024,1,0
17169,2024,2,0
17169,2024,3,0
17169,2024,4,0
17173,2024,1,0
17173,2024,2,0
17173,2024,3,0
17173,2024,4,0
17177,2024,1,0
17177,2024,2,0
17177,2024,3,0
17177,2024,4,0
17206,2024,1,0
17206,2024,2,0
17206,2024,3,0
17206,2024,4,0
17210,2024,1,0
17210,2024,2,0
17210,2024,3,0
17210,2024,4,0
17211,2024,1,0
17211,2024,2,0
17211,2024,3,0
17211,2024,4,0
17218,2024,1,0
17218,2024,2,0
17218,2024,3,0
17218,2024,4,0
17221,2024,1,0
17221,2024,2,0
17221,2024,3,0
17221,2024,4,0
17230,2024,1,0
17230,2024,2,0
17230,2024,3,0
17230,2024,4,0
17253,2024,1,0
17253,2024,2,0
17253,2024,3,0
17253,2024,4,0
17255,2024,1,0
17255,2024,2,0
17255,2024,3,0
17255,2024,4,0
17286,2024,1,0
17286,2024,2,0
17286,2024,3,0
17286,2024,4,0
17287,2024,1,0
17287,2024,2,0
17287,2024,3,0
17287,2024,4,0
17295,2024,1,0
17295,2024,2,0
17295,2024,3,0
17295,2024,4,0
17300,2024,1,0
17300,2024,2,0
17300,2024,3,0
17300,2024,4,0
17316,2024,1,0
17316,2024,2,0
17316,2024,3,0
17316,2024,4,0
17317,2024,1,0
17317,2024,2,0
17317,2024,3,0
17317,2024,4,0
17334,2024,1,0
17334,2024,2,0
17334,2024,3,0
17334,2024,4,0
17358,2024,1,0
17358,2024,2,0
17358,2024,3,0
17358,2024,4,0
17366,2024,1,0
17366,2024,2,0
17366,2024,3,0
17366,2024,4,0
17372,2024,1,0
17372,2024,2,0
17372,2024,3,0
17372,2024,4,0
17389,2024,1,0
17389,2024,2,0
17389,2024,3,0
17389,2024,4,0
17393,2024,1,0
17393,2024,2,0
17393,2024,3,0
17393,2024,4,0
17397,2024,1,0
17397,2024,2,0
17397,2024,3,0
17397,2024,4,0
17404,2024,1,0
17404,2024,2,0
17404,2024,3,0
17404,2024,4,0
17415,2024,1,0
17415,2024,2,0
17415,2024,3,0
17415,2024,4,0
17421,2024,1,0
17421,2024,2,0
17421,2024,3,0
17421,2024,4,0
17432,2024,1,0
17432,2024,2,0
17432,2024,3,0
17432,2024,4,0
17442,2024,1,0
17442,2024,2,0
17442,2024,3,0
17442,2024,4,0
17443,2024,1,0
17443,2024,2,0
17443,2024,3,0
17443,2024,4,0
17452,2024,1,0
17452,2024,2,0
17452,2024,3,0
17452,2024,4,0
17456,2024,1,0
17456,2024,2,0
17456,2024,3,0
17456,2024,4,0
17459,2024,1,0
17459,2024,2,0
17459,2024,3,0
17459,2024,4,0
17466,2024,1,0
17466,2024,2,0
17466,2024,3,0
17466,2024,4,0
17483,2024,1,0
17483,2024,2,0
17483,2024,3,0
17483,2024,4,0
17501,2024,1,0
17501,2024,2,0
17501,2024,3,0
17501,2024,4,0
17503,2024,1,0
17503,2024,2,0
17503,2024,3,0
17503,2024,4,0
17504,2024,1,0
17504,2024,2,0
17504,2024,3,0
17504,2024,4,0
17515,2024,1,0
17515,2024,2,0
17515,2024,3,0
17515,2024,4,0
17524,2024,1,0
17524,2024,2,0
17524,2024,3,0
17524,2024,4,0
17526,2024,1,0
17526,2024,2,0
17526,2024,3,0
17526,2024,4,0
17528,2024,1,0
17528,2024,2,0
17528,2024,3,0
17528,2024,4,0
17537,2024,1,0
17537,2024,2,0
17537,2024,3,0
17537,2024,4,0
17540,2024,1,0
17540,2024,2,0
17540,2024,3,0
17540,2024,4,0
17541,2024,1,0
17541,2024,2,0
17541,2024,3,0
17541,2024,4,0
17553,2024,1,0
17553,2024,2,0
17553,2024,3,0
17553,2024,4,0
17554,2024,1,0
17554,2024,2,0
17554,2024,3,0
17554,2024,4,0
17558,2024,1,0
17558,2024,2,0
17558,2024,3,0
17558,2024,4,0
17561,2024,1,0
17561,2024,2,0
17561,2024,3,0
17561,2024,4,0
17562,2024,1,0
17562,2024,2,0
17562,2024,3,0
17562,2024,4,0
17565,2024,1,0
17565,2024,2,0
17565,2024,3,0
17565,2024,4,0
17568,2024,1,0
17568,2024,2,0
17568,2024,3,0
17568,2024,4,0
17571,2024,1,0
17571,2024,2,0
17571,2024,3,0
17571,2024,4,0
17580,2024,1,0
17580,2024,2,0
17580,2024,3,0
17580,2024,4,0
17591,2024,1,0
17591,2024,2,0
17591,2024,3,0
17591,2024,4,0
17596,2024,1,0
17596,2024,2,0
17596,2024,3,0
17596,2024,4,0
17597,2024,1,0
17597,2024,2,0
17597,2024,3,0
17597,2024,4,0
17614,2024,1,0
17614,2024,2,0
17614,2024,3,0
17614,2024,4,0
17623,2024,1,0
17623,2024,2,0
17623,2024,3,0
17623,2024,4,0
17630,2024,1,0
17630,2024,2,0
17630,2024,3,0
17630,2024,4,0
17631,2024,1,0
17631,2024,2,0
17631,2024,3,0
17631,2024,4,0
17635,2024,1,0
17635,2024,2,0
17635,2024,3,0
17635,2024,4,0
17676,2024,1,0
17676,2024,2,0
17676,2024,3,0
17676,2024,4,0
17684,2024,1,0
17684,2024,2,0
17684,2024,3,0
17684,2024,4,0
17690,2024,1,0
17690,2024,2,0
17690,2024,3,0
17690,2024,4,0
17698,2024,1,0
17698,2024,2,0
17698,2024,3,0
17698,2024,4,0
17705,2024,1,0
17705,2024,2,0
17705,2024,3,0
17705,2024,4,0
17725,2024,1,0
17725,2024,2,0
17725,2024,3,0
17725,2024,4,0
17728,2024,1,0
17728,2024,2,0
17728,2024,3,0
17728,2024,4,0
17731,2024,1,0
17731,2024,2,0
17731,2024,3,0
17731,2024,4,0
17733,2024,1,0
17733,2024,2,0
17733,2024,3,0
17733,2024,4,0
17736,2024,1,0
17736,2024,2,0
17736,2024,3,0
17736,2024,4,0
17746,2024,1,0
17746,2024,2,0
17746,2024,3,0
17746,2024,4,0
17751,2024,1,0
17751,2024,2,0
17751,2024,3,0
17751,2024,4,0
17756,2024,1,0
17756,2024,2,0
17756,2024,3,0
17756,2024,4,0
17770,2024,1,1
17770,2024,2,1
17770,2024,3,0
17770,2024,4,0
17771,2024,1,0
17771,2024,2,0
17771,2024,3,0
17771,2024,4,0
17772,2024,1,0
17772,2024,2,0
17772,2024,3,0
17772,2024,4,0
17773,2024,1,0
17773,2024,2,0
17773,2024,3,0
17773,2024,4,0
17791,2024,1,0
17791,2024,2,0
17791,2024,3,0
17791,2024,4,0
17793,2024,1,0
17793,2024,2,0
17793,2024,3,0
17793,2024,4,0
17798,2024,1,0
17798,2024,2,0
17798,2024,3,0
17798,2024,4,0
17802,2024,1,0
17802,2024,2,0
17802,2024,3,0
17802,2024,4,0
17803,2024,1,0
17803,2024,2,0
17803,2024,3,0
17803,2024,4,0
17805,2024,1,0
17805,2024,2,0
17805,2024,3,0
17805,2024,4,0
17806,2024,1,0
17806,2024,2,0
17806,2024,3,0
17806,2024,4,0
17808,2024,1,0
17808,2024,2,0
17808,2024,3,0
17808,2024,4,0
17812,2024,1,0
17812,2024,2,0
17812,2024,3,0
17812,2024,4,0
17814,2024,1,0
17814,2024,2,0
17814,2024,3,0
17814,2024,4,0
17816,2024,1,0
17816,2024,2,0
17816,2024,3,0
17816,2024,4,0
17820,2024,1,0
17820,2024,2,0
17820,2024,3,0
17820,2024,4,0
17821,2024,1,0
17821,2024,2,0
17821,2024,3,0
17821,2024,4,0
17824,2024,1,0
17824,2024,2,0
17824,2024,3,0
17824,2024,4,0
17835,2024,1,0
17835,2024,2,0
17835,2024,3,0
17835,2024,4,0
17837,2024,1,0
17837,2024,2,0
17837,2024,3,0
17837,2024,4,0
17839,2024,1,0
17839,2024,2,0
17839,2024,3,0
17839,2024,4,0
17841,2024,1,0
17841,2024,2,0
17841,2024,3,0
17841,2024,4,0
17846,2024,1,0
17846,2024,2,0
17846,2024,3,0
17846,2024,4,0
17856,2024,1,0
17856,2024,2,0
17856,2024,3,0
17856,2024,4,0
17857,2024,1,0
17857,2024,2,0
17857,2024,3,0
17857,2024,4,0
17870,2024,1,0
17870,2024,2,0
17870,2024,3,0
17870,2024,4,0
17871,2024,1,0
17871,2024,2,0
17871,2024,3,0
17871,2024,4,0
17880,2024,1,0
17880,2024,2,0
17880,2024,3,0
17880,2024,4,0
17884,2024,1,0
17884,2024,2,0
17884,2024,3,0
17884,2024,4,0
17896,2024,1,0
17896,2024,2,0
17896,2024,3,0
17896,2024,4,0
17902,2024,1,0
17902,2024,2,0
17902,2024,3,0
17902,2024,4,0
17903,2024,1,0
17903,2024,2,0
17903,2024,3,0
17903,2024,4,0
17905,2024,1,0
17905,2024,2,0
17905,2024,3,0
17905,2024,4,0
17924,2024,1,0
17924,2024,2,0
17924,2024,3,0
17924,2024,4,0
17935,2024,1,0
17935,2024,2,0
17935,2024,3,0
17935,2024,4,0
17942,2024,1,0
17942,2024,2,0
17942,2024,3,0
17942,2024,4,0
17946,2024,1,0
17946,2024,2,0
17946,2024,3,0
17946,2024,4,0
17956,2024,1,0
17956,2024,2,0
17956,2024,3,0
17956,2024,4,0
17968,2024,1,0
17968,2024,2,0
17968,2024,3,0
17968,2024,4,0
17975,2024,1,0
17975,2024,2,0
17975,2024,3,0
17975,2024,4,0
17977,2024,1,0
17977,2024,2,0
17977,2024,3,0
17977,2024,4,0
17978,2024,1,0
17978,2024,2,0
17978,2024,3,0
17978,2024,4,0
17982,2024,1,0
17982,2024,2,0
17982,2024,3,0
17982,2024,4,0
17985,2024,1,0
17985,2024,2,0
17985,2024,3,0
17985,2024,4,0
17994,2024,1,0
17994,2024,2,0
17994,2024,3,0
17994,2024,4,0
17996,2024,1,0
17996,2024,2,0
17996,2024,3,0
17996,2024,4,0
18002,2024,1,0
18002,2024,2,0
18002,2024,3,0
18002,2024,4,0
18006,2024,1,0
18006,2024,2,0
18006,2024,3,0
18006,2024,4,0
18007,2024,1,0
18007,2024,2,0
18007,2024,3,0
18007,2024,4,0
18009,2024,1,0
18009,2024,2,0
18009,2024,3,0
18009,2024,4,0
18019,2024,1,0
18019,2024,2,0
18019,2024,3,0
18019,2024,4,0
18023,2024,1,0
18023,2024,2,0
18023,2024,3,0
18023,2024,4,0
18025,2024,1,0
18025,2024,2,0
18025,2024,3,0
18025,2024,4,0
18036,2024,1,0
18036,2024,2,0
18036,2024,3,0
18036,2024,4,0
18038,2024,1,0
18038,2024,2,0
18038,2024,3,0
18038,2024,4,0
18041,2024,1,0
18041,2024,2,0
18041,2024,3,0
18041,2024,4,0
18044,2024,1,0
18044,2024,2,0
18044,2024,3,0
18044,2024,4,0
18065,2024,1,0
18065,2024,2,0
18065,2024,3,0
18065,2024,4,0
18066,2024,1,0
18066,2024,2,0
18066,2024,3,0
18066,2024,4,0
18075,2024,1,0
18075,2024,2,0
18075,2024,3,0
18075,2024,4,0
18084,2024,1,0
18084,2024,2,0
18084,2024,3,0
18084,2024,4,0
18091,2024,1,0
18091,2024,2,0
18091,2024,3,0
18091,2024,4,0
18096,2024,1,0
18096,2024,2,0
18096,2024,3,0
18096,2024,4,0
18100,2024,1,0
18100,2024,2,0
18100,2024,3,0
18100,2024,4,0
18101,2024,1,0
18101,2024,2,0
18101,2024,3,0
18101,2024,4,0
18103,2024,1,0
18103,2024,2,0
18103,2024,3,0
18103,2024,4,0
18105,2024,1,1
18105,2024,2,1
18105,2024,3,0
18105,2024,4,0
18122,2024,1,0
18122,2024,2,0
18122,2024,3,0
18122,2024,4,0
18124,2024,1,0
18124,2024,2,0
18124,2024,3,0
18124,2024,4,0
18125,2024,1,0
18125,2024,2,0
18125,2024,3,0
18125,2024,4,0
18130,2024,1,0
18130,2024,2,0
18130,2024,3,0
18130,2024,4,0
18138,2024,1,0
18138,2024,2,0
18138,2024,3,0
18138,2024,4,0
18146,2024,1,0
18146,2024,2,0
18146,2024,3,0
18146,2024,4,0
18147,2024,1,0
18147,2024,2,0
18147,2024,3,0
18147,2024,4,0
18149,2024,1,0
18149,2024,2,0
18149,2024,3,0
18149,2024,4,0
18151,2024,1,0
18151,2024,2,0
18151,2024,3,0
18151,2024,4,0
18163,2024,1,0
18163,2024,2,0
18163,2024,3,0
18163,2024,4,0
18186,2024,1,0
18186,2024,2,0
18186,2024,3,0
18186,2024,4,0
18187,2024,1,0
18187,2024,2,0
18187,2024,3,0
18187,2024,4,0
18188,2024,1,0
18188,2024,2,0
18188,2024,3,0
18188,2024,4,0
18192,2024,1,0
18192,2024,2,0
18192,2024,3,0
18192,2024,4,0
18201,2024,1,0
18201,2024,2,0
18201,2024,3,0
18201,2024,4,0
18211,2024,1,0
18211,2024,2,0
18211,2024,3,0
18211,2024,4,0
18233,2024,1,0
18233,2024,2,0
18233,2024,3,0
18233,2024,4,0
18245,2024,1,0
18245,2024,2,0
18245,2024,3,0
18245,2024,4,0
18251,2024,1,0
18251,2024,2,0
18251,2024,3,0
18251,2024,4,0
18255,2024,1,0
18255,2024,2,0
18255,2024,3,0
18255,2024,4,0
18257,2024,1,0
18257,2024,2,0
18257,2024,3,0
18257,2024,4,0
18264,2024,1,0
18264,2024,2,0
18264,2024,3,0
18264,2024,4,0
18277,2024,1,0
18277,2024,2,0
18277,2024,3,0
18277,2024,4,0
18282,2024,1,0
18282,2024,2,0
18282,2024,3,0
18282,2024,4,0
18289,2024,1,0
18289,2024,2,0
18289,2024,3,0
18289,2024,4,0
18292,2024,1,0
18292,2024,2,0
18292,2024,3,0
18292,2024,4,0
18308,2024,1,0
18308,2024,2,0
18308,2024,3,0
18308,2024,4,0
18315,2024,1,0
18315,2024,2,0
18315,2024,3,0
18315,2024,4,0
18320,2024,1,0
18320,2024,2,0
18320,2024,3,0
18320,2024,4,0
18327,2024,1,0
18327,2024,2,0
18327,2024,3,0
18327,2024,4,0
18333,2024,1,0
18333,2024,2,0
18333,2024,3,0
18333,2024,4,0
18335,2024,1,0
18335,2024,2,0
18335,2024,3,0
18335,2024,4,0
18340,2024,1,0
18340,2024,2,0
18340,2024,3,0
18340,2024,4,0
18350,2024,1,0
18350,2024,2,0
18350,2024,3,0
18350,2024,4,0
18351,2024,1,0
18351,2024,2,0
18351,2024,3,0
18351,2024,4,0
18365,2024,1,0
18365,2024,2,0
18365,2024,3,0
18365,2024,4,0
18376,2024,1,0
18376,2024,2,0
18376,2024,3,0
18376,2024,4,0
18395,2024,1,0
18395,2024,2,0
18395,2024,3,0
18395,2024,4,0
18411,2024,1,0
18411,2024,2,0
18411,2024,3,0
18411,2024,4,0
18425,2024,1,0
18425,2024,2,0
18425,2024,3,0
18425,2024,4,0
18426,2024,1,0
18426,2024,2,0
18426,2024,3,0
18426,2024,4,0
18431,2024,1,0
18431,2024,2,0
18431,2024,3,0
18431,2024,4,0
18444,2024,1,0
18444,2024,2,0
18444,2024,3,0
18444,2024,4,0
18445,2024,1,0
18445,2024,2,0
18445,2024,3,0
18445,2024,4,0
18449,2024,1,0
18449,2024,2,0
18449,2024,3,0
18449,2024,4,0
18465,2024,1,0
18465,2024,2,0
18465,2024,3,0
18465,2024,4,0
18469,2024,1,0
18469,2024,2,0
18469,2024,3,0
18469,2024,4,0
18472,2024,1,0
18472,2024,2,0
18472,2024,3,0
18472,2024,4,0
18488,2024,1,0
18488,2024,2,0
18488,2024,3,0
18488,2024,4,0
18492,2024,1,0
18492,2024,2,0
18492,2024,3,0
18492,2024,4,0
18504,2024,1,0
18504,2024,2,0
18504,2024,3,0
18504,2024,4,0
18507,2024,1,0
18507,2024,2,0
18507,2024,3,0
18507,2024,4,0
18510,2024,1,0
18510,2024,2,0
18510,2024,3,0
18510,2024,4,0
18516,2024,1,0
18516,2024,2,0
18516,2024,3,0
18516,2024,4,0
18522,2024,1,0
18522,2024,2,0
18522,2024,3,0
18522,2024,4,0
18525,2024,1,0
18525,2024,2,0
18525,2024,3,0
18525,2024,4,0
18528,2024,1,0
18528,2024,2,0
18528,2024,3,0
18528,2024,4,0
18546,2024,1,0
18546,2024,2,0
18546,2024,3,0
18546,2024,4,0
18560,2024,1,0
18560,2024,2,0
18560,2024,3,0
18560,2024,4,0
18562,2024,1,0
18562,2024,2,0
18562,2024,3,0
18562,2024,4,0
18566,2024,1,0
18566,2024,2,0
18566,2024,3,0
18566,2024,4,0
18567,2024,1,0
18567,2024,2,0
18567,2024,3,0
18567,2024,4,0
18573,2024,1,0
18573,2024,2,0
18573,2024,3,0
18573,2024,4,0
18581,2024,1,0
18581,2024,2,0
18581,2024,3,0
18581,2024,4,0
18587,2024,1,0
18587,2024,2,0
18587,2024,3,0
18587,2024,4,0
18591,2024,1,0
18591,2024,2,0
18591,2024,3,0
18591,2024,4,0
18594,2024,1,0
18594,2024,2,0
18594,2024,3,0
18594,2024,4,0
18603,2024,1,0
18603,2024,2,0
18603,2024,3,0
18603,2024,4,0
18607,2024,1,0
18607,2024,2,0
18607,2024,3,0
18607,2024,4,0
18614,2024,1,0
18614,2024,2,0
18614,2024,3,0
18614,2024,4,0
18615,2024,1,0
18615,2024,2,0
18615,2024,3,0
18615,2024,4,0
18616,2024,1,0
18616,2024,2,0
18616,2024,3,0
18616,2024,4,0
18619,2024,1,0
18619,2024,2,0
18619,2024,3,0
18619,2024,4,0
18628,2024,1,0
18628,2024,2,0
18628,2024,3,0
18628,2024,4,0
18632,2024,1,0
18632,2024,2,0
18632,2024,3,0
18632,2024,4,0
18633,2024,1,0
18633,2024,2,0
18633,2024,3,0
18633,2024,4,0
18637,2024,1,0
18637,2024,2,0
18637,2024,3,0
18637,2024,4,0
18638,2024,1,0
18638,2024,2,0
18638,2024,3,0
18638,2024,4,0
18641,2024,1,1
18641,2024,2,1
18641,2024,3,0
18641,2024,4,0
18642,2024,1,0
18642,2024,2,0
18642,2024,3,0
18642,2024,4,0
18644,2024,1,0
18644,2024,2,0
18644,2024,3,0
18644,2024,4,0
18645,2024,1,0
18645,2024,2,0
18645,2024,3,0
18645,2024,4,0
18648,2024,1,0
18648,2024,2,0
18648,2024,3,0
18648,2024,4,0
18659,2024,1,0
18659,2024,2,0
18659,2024,3,0
18659,2024,4,0
18663,2024,1,0
18663,2024,2,0
18663,2024,3,0
18663,2024,4,0
18669,2024,1,0
18669,2024,2,0
18669,2024,3,0
18669,2024,4,0
18670,2024,1,0
18670,2024,2,0
18670,2024,3,0
18670,2024,4,0
18673,2024,1,0
18673,2024,2,0
18673,2024,3,0
18673,2024,4,0
18675,2024,1,0
18675,2024,2,0
18675,2024,3,0
18675,2024,4,0
18676,2024,1,0
18676,2024,2,0
18676,2024,3,0
18676,2024,4,0
18688,2024,1,0
18688,2024,2,0
18688,2024,3,0
18688,2024,4,0
18697,2024,1,0
18697,2024,2,0
18697,2024,3,0
18697,2024,4,0
18709,2024,1,0
18709,2024,2,0
18709,2024,3,0
18709,2024,4,0
18711,2024,1,0
18711,2024,2,0
18711,2024,3,0
18711,2024,4,0
18713,2024,1,0
18713,2024,2,0
18713,2024,3,0
18713,2024,4,0
18718,2024,1,0
18718,2024,2,0
18718,2024,3,0
18718,2024,4,0
18723,2024,1,0
18723,2024,2,0
18723,2024,3,0
18723,2024,4,0
18738,2024,1,0
18738,2024,2,0
18738,2024,3,0
18738,2024,4,0
18750,2024,1,0
18750,2024,2,0
18750,2024,3,0
18750,2024,4,0
18759,2024,1,0
18759,2024,2,0
18759,2024,3,0
18759,2024,4,0
18761,2024,1,0
18761,2024,2,0
18761,2024,3,0
18761,2024,4,0
18764,2024,1,0
18764,2024,2,0
18764,2024,3,0
18764,2024,4,0
18779,2024,1,0
18779,2024,2,0
18779,2024,3,0
18779,2024,4,0
18782,2024,1,0
18782,2024,2,0
18782,2024,3,0
18782,2024,4,0
18797,2024,1,0
18797,2024,2,0
18797,2024,3,0
18797,2024,4,0
18805,2024,1,0
18805,2024,2,0
18805,2024,3,0
18805,2024,4,0
18807,2024,1,0
18807,2024,2,0
18807,2024,3,0
18807,2024,4,0
18812,2024,1,0
18812,2024,2,0
18812,2024,3,0
18812,2024,4,0
18826,2024,1,0
18826,2024,2,0
18826,2024,3,0
18826,2024,4,0
18828,2024,1,0
18828,2024,2,0
18828,2024,3,0
18828,2024,4,0
18829,2024,1,0
18829,2024,2,0
18829,2024,3,0
18829,2024,4,0
18833,2024,1,0
18833,2024,2,0
18833,2024,3,0
18833,2024,4,0
18834,2024,1,0
18834,2024,2,0
18834,2024,3,0
18834,2024,4,0
18835,2024,1,0
18835,2024,2,0
18835,2024,3,0
18835,2024,4,0
18837,2024,1,0
18837,2024,2,0
18837,2024,3,0
18837,2024,4,0
18838,2024,1,0
18838,2024,2,0
18838,2024,3,0
18838,2024,4,0
18841,2024,1,0
18841,2024,2,0
18841,2024,3,0
18841,2024,4,0
18862,2024,1,0
18862,2024,2,0
18862,2024,3,0
18862,2024,4,0
18874,2024,1,0
18874,2024,2,0
18874,2024,3,0
18874,2024,4,0
18879,2024,1,0
18879,2024,2,0
18879,2024,3,0
18879,2024,4,0
18881,2024,1,0
18881,2024,2,0
18881,2024,3,0
18881,2024,4,0
18893,2024,1,0
18893,2024,2,0
18893,2024,3,0
18893,2024,4,0
18896,2024,1,0
18896,2024,2,0
18896,2024,3,0
18896,2024,4,0
18907,2024,1,0
18907,2024,2,0
18907,2024,3,0
18907,2024,4,0
18912,2024,1,0
18912,2024,2,0
18912,2024,3,0
18912,2024,4,0
18919,2024,1,0
18919,2024,2,0
18919,2024,3,0
18919,2024,4,0
18921,2024,1,0
18921,2024,2,0
18921,2024,3,0
18921,2024,4,0
18922,2024,1,0
18922,2024,2,0
18922,2024,3,0
18922,2024,4,0
18924,2024,1,0
18924,2024,2,0
18924,2024,3,0
18924,2024,4,0
18925,2024,1,0
18925,2024,2,0
18925,2024,3,0
18925,2024,4,0
18927,2024,1,0
18927,2024,2,0
18927,2024,3,0
18927,2024,4,0
18928,2024,1,0
18928,2024,2,0
18928,2024,3,0
18928,2024,4,0
18930,2024,1,0
18930,2024,2,0
18930,2024,3,0
18930,2024,4,0
18932,2024,1,0
18932,2024,2,0
18932,2024,3,0
18932,2024,4,0
18934,2024,1,0
18934,2024,2,0
18934,2024,3,0
18934,2024,4,0
18954,2024,1,0
18954,2024,2,0
18954,2024,3,0
18954,2024,4,0
18964,2024,1,0
18964,2024,2,0
18964,2024,3,0
18964,2024,4,0
18965,2024,1,0
18965,2024,2,0
18965,2024,3,0
18965,2024,4,0
18973,2024,1,0
18973,2024,2,0
18973,2024,3,0
18973,2024,4,0
18977,2024,1,0
18977,2024,2,0
18977,2024,3,0
18977,2024,4,0
18980,2024,1,0
18980,2024,2,0
18980,2024,3,0
18980,2024,4,0
18982,2024,1,0
18982,2024,2,0
18982,2024,3,0
18982,2024,4,0
18992,2024,1,0
18992,2024,2,0
18992,2024,3,0
18992,2024,4,0
19019,2024,1,0
19019,2024,2,0
19019,2024,3,0
19019,2024,4,0
19036,2024,1,0
19036,2024,2,0
19036,2024,3,0
19036,2024,4,0
19039,2024,1,0
19039,2024,2,0
19039,2024,3,0
19039,2024,4,0
19044,2024,1,0
19044,2024,2,0
19044,2024,3,0
19044,2024,4,0
19051,2024,1,0
19051,2024,2,0
19051,2024,3,0
19051,2024,4,0
19058,2024,1,0
19058,2024,2,0
19058,2024,3,0
19058,2024,4,0
19059,2024,1,0
19059,2024,2,0
19059,2024,3,0
19059,2024,4,0
19072,2024,1,0
19072,2024,2,0
19072,2024,3,0
19072,2024,4,0
19085,2024,1,0
19085,2024,2,0
19085,2024,3,0
19085,2024,4,0
19087,2024,1,0
19087,2024,2,0
19087,2024,3,0
19087,2024,4,0
19090,2024,1,0
19090,2024,2,0
19090,2024,3,0
19090,2024,4,0
19093,2024,1,0
19093,2024,2,0
19093,2024,3,0
19093,2024,4,0
19101,2024,1,0
19101,2024,2,0
19101,2024,3,0
19101,2024,4,0
19104,2024,1,0
19104,2024,2,0
19104,2024,3,0
19104,2024,4,0
19107,2024,1,0
19107,2024,2,0
19107,2024,3,0
19107,2024,4,0
19112,2024,1,0
19112,2024,2,0
19112,2024,3,0
19112,2024,4,0
19116,2024,1,0
19116,2024,2,0
19116,2024,3,0
19116,2024,4,0
19169,2024,1,0
19169,2024,2,0
19169,2024,3,0
19169,2024,4,0
19172,2024,1,0
19172,2024,2,0
19172,2024,3,0
19172,2024,4,0
19176,2024,1,0
19176,2024,2,0
19176,2024,3,0
19176,2024,4,0
19198,2024,1,0
19198,2024,2,0
19198,2024,3,0
19198,2024,4,0
19206,2024,1,0
19206,2024,2,0
19206,2024,3,0
19206,2024,4,0
19210,2024,1,0
19210,2024,2,0
19210,2024,3,0
19210,2024,4,0
19232,2024,1,0
19232,2024,2,0
19232,2024,3,0
19232,2024,4,0
19254,2024,1,0
19254,2024,2,0
19254,2024,3,0
19254,2024,4,0
19257,2024,1,0
19257,2024,2,0
19257,2024,3,0
19257,2024,4,0
19260,2024,1,0
19260,2024,2,0
19260,2024,3,0
19260,2024,4,0
19278,2024,1,0
19278,2024,2,0
19278,2024,3,0
19278,2024,4,0
19284,2024,1,0
19284,2024,2,0
19284,2024,3,0
19284,2024,4,0
19293,2024,1,0
19293,2024,2,0
19293,2024,3,0
19293,2024,4,0
19298,2024,1,0
19298,2024,2,0
19298,2024,3,0
19298,2024,4,0
19302,2024,1,0
19302,2024,2,0
19302,2024,3,0
19302,2024,4,0
19304,2024,1,0
19304,2024,2,0
19304,2024,3,0
19304,2024,4,0
19322,2024,1,0
19322,2024,2,0
19322,2024,3,0
19322,2024,4,0
19323,2024,1,0
19323,2024,2,0
19323,2024,3,0
19323,2024,4,0
19343,2024,1,0
19343,2024,2,0
19343,2024,3,0
19343,2024,4,0
19345,2024,1,0
19345,2024,2,0
19345,2024,3,0
19345,2024,4,0
19350,2024,1,0
19350,2024,2,0
19350,2024,3,0
19350,2024,4,0
19351,2024,1,0
19351,2024,2,0
19351,2024,3,0
19351,2024,4,0
19356,2024,1,0
19356,2024,2,0
19356,2024,3,0
19356,2024,4,0
19363,2024,1,0
19363,2024,2,0
19363,2024,3,0
19363,2024,4,0
19378,2024,1,0
19378,2024,2,0
19378,2024,3,0
19378,2024,4,0
19383,2024,1,0
19383,2024,2,0
19383,2024,3,0
19383,2024,4,0
19389,2024,1,0
19389,2024,2,0
19389,2024,3,0
19389,2024,4,0
19391,2024,1,0
19391,2024,2,0
19391,2024,3,0
19391,2024,4,0
19392,2024,1,0
19392,2024,2,0
19392,2024,3,0
19392,2024,4,0
19405,2024,1,0
19405,2024,2,0
19405,2024,3,0
19405,2024,4,0
19408,2024,1,0
19408,2024,2,0
19408,2024,3,0
19408,2024,4,0
19418,2024,1,0
19418,2024,2,0
19418,2024,3,0
19418,2024,4,0
19431,2024,1,0
19431,2024,2,0
19431,2024,3,0
19431,2024,4,0
19435,2024,1,0
19435,2024,2,0
19435,2024,3,0
19435,2024,4,0
19436,2024,1,0
19436,2024,2,0
19436,2024,3,0
19436,2024,4,0
19439,2024,1,0
19439,2024,2,0
19439,2024,3,0
19439,2024,4,0
19445,2024,1,0
19445,2024,2,0
19445,2024,3,0
19445,2024,4,0
19456,2024,1,0
19456,2024,2,0
19456,2024,3,0
19456,2024,4,0
19458,2024,1,0
19458,2024,2,0
19458,2024,3,0
19458,2024,4,0
19467,2024,1,0
19467,2024,2,0
19467,2024,3,0
19467,2024,4,0
19471,2024,1,0
19471,2024,2,0
19471,2024,3,0
19471,2024,4,0
19477,2024,1,0
19477,2024,2,0
19477,2024,3,0
19477,2024,4,0
19482,2024,1,0
19482,2024,2,0
19482,2024,3,0
19482,2024,4,0
19487,2024,1,0
19487,2024,2,0
19487,2024,3,0
19487,2024,4,0
19491,2024,1,0
19491,2024,2,0
19491,2024,3,0
19491,2024,4,0
19492,2024,1,0
19492,2024,2,0
19492,2024,3,0
19492,2024,4,0
19495,2024,1,0
19495,2024,2,0
19495,2024,3,0
19495,2024,4,0
19499,2024,1,0
19499,2024,2,0
19499,2024,3,0
19499,2024,4,0
19503,2024,1,0
19503,2024,2,0
19503,2024,3,0
19503,2024,4,0
19508,2024,1,0
19508,2024,2,0
19508,2024,3,0
19508,2024,4,0
19526,2024,1,0
19526,2024,2,0
19526,2024,3,0
19526,2024,4,0
19540,2024,1,0
19540,2024,2,0
19540,2024,3,0
19540,2024,4,0
19549,2024,1,0
19549,2024,2,0
19549,2024,3,0
19549,2024,4,0
19552,2024,1,0
19552,2024,2,0
19552,2024,3,0
19552,2024,4,0
19555,2024,1,0
19555,2024,2,0
19555,2024,3,0
19555,2024,4,0
19556,2024,1,0
19556,2024,2,0
19556,2024,3,0
19556,2024,4,0
19557,2024,1,0
19557,2024,2,0
19557,2024,3,0
19557,2024,4,0
19558,2024,1,0
19558,2024,2,0
19558,2024,3,0
19558,2024,4,0
19576,2024,1,0
19576,2024,2,0
19576,2024,3,0
19576,2024,4,0
19578,2024,1,0
19578,2024,2,0
19578,2024,3,0
19578,2024,4,0
19581,2024,1,0
19581,2024,2,0
19581,2024,3,0
19581,2024,4,0
19582,2024,1,1
19582,2024,2,1
19582,2024,3,0
19582,2024,4,1
19586,2024,1,0
19586,2024,2,0
19586,2024,3,0
19586,2024,4,0
19591,2024,1,0
19591,2024,2,0
19591,2024,3,0
19591,2024,4,0
19605,2024,1,0
19605,2024,2,0
19605,2024,3,0
19605,2024,4,0
19615,2024,1,0
19615,2024,2,0
19615,2024,3,0
19615,2024,4,0
19636,2024,1,0
19636,2024,2,0
19636,2024,3,0
19636,2024,4,0
19646,2024,1,0
19646,2024,2,0
19646,2024,3,0
19646,2024,4,0
19659,2024,1,0
19659,2024,2,0
19659,2024,3,0
19659,2024,4,0
19662,2024,1,0
19662,2024,2,0
19662,2024,3,0
19662,2024,4,0
19680,2024,1,0
19680,2024,2,0
19680,2024,3,0
19680,2024,4,0
19699,2024,1,0
19699,2024,2,0
19699,2024,3,0
19699,2024,4,0
19701,2024,1,0
19701,2024,2,0
19701,2024,3,0
19701,2024,4,0
19708,2024,1,0
19708,2024,2,0
19708,2024,3,0
19708,2024,4,0
19722,2024,1,0
19722,2024,2,0
19722,2024,3,0
19722,2024,4,0
19723,2024,1,0
19723,2024,2,0
19723,2024,3,0
19723,2024,4,0
19728,2024,1,0
19728,2024,2,0
19728,2024,3,0
19728,2024,4,0
19745,2024,1,0
19745,2024,2,0
19745,2024,3,0
19745,2024,4,0
19746,2024,1,0
19746,2024,2,0
19746,2024,3,0
19746,2024,4,0
19747,2024,1,0
19747,2024,2,0
19747,2024,3,0
19747,2024,4,0
19756,2024,1,0
19756,2024,2,0
19756,2024,3,0
19756,2024,4,0
19759,2024,1,0
19759,2024,2,0
19759,2024,3,0
19759,2024,4,0
19768,2024,1,0
19768,2024,2,0
19768,2024,3,0
19768,2024,4,0
19773,2024,1,0
19773,2024,2,0
19773,2024,3,0
19773,2024,4,0
19775,2024,1,0
19775,2024,2,0
19775,2024,3,0
19775,2024,4,0
19777,2024,1,0
19777,2024,2,0
19777,2024,3,0
19777,2024,4,0
19783,2024,1,1
19783,2024,2,1
19783,2024,3,0
19783,2024,4,0
19784,2024,1,0
19784,2024,2,0
19784,2024,3,0
19784,2024,4,0
19786,2024,1,0
19786,2024,2,0
19786,2024,3,0
19786,2024,4,0
19792,2024,1,0
19792,2024,2,0
19792,2024,3,0
19792,2024,4,0
19815,2024,1,0
19815,2024,2,0
19815,2024,3,0
19815,2024,4,0
19821,2024,1,0
19821,2024,2,0
19821,2024,3,0
19821,2024,4,0
19823,2024,1,0
19823,2024,2,0
19823,2024,3,0
19823,2024,4,0
19824,2024,1,0
19824,2024,2,0
19824,2024,3,0
19824,2024,4,0
19849,2024,1,0
19849,2024,2,0
19849,2024,3,0
19849,2024,4,0
19856,2024,1,0
19856,2024,2,0
19856,2024,3,0
19856,2024,4,0
19895,2024,1,0
19895,2024,2,0
19895,2024,3,0
19895,2024,4,0
19913,2024,1,0
19913,2024,2,0
19913,2024,3,0
19913,2024,4,0
19921,2024,1,0
19921,2024,2,0
19921,2024,3,0
19921,2024,4,0
19925,2024,1,0
19925,2024,2,0
19925,2024,3,0
19925,2024,4,0
19945,2024,1,0
19945,2024,2,0
19945,2024,3,0
19945,2024,4,0
19947,2024,1,0
19947,2024,2,0
19947,2024,3,0
19947,2024,4,0
19958,2024,1,0
19958,2024,2,0
19958,2024,3,0
19958,2024,4,0
19971,2024,1,0
19971,2024,2,0
19971,2024,3,0
19971,2024,4,0
19973,2024,1,0
19973,2024,2,0
19973,2024,3,0
19973,2024,4,0
19986,2024,1,0
19986,2024,2,0
19986,2024,3,0
19986,2024,4,0
19990,2024,1,0
19990,2024,2,0
19990,2024,3,0
19990,2024,4,0
22005,2024,1,0
22005,2024,2,0
22005,2024,3,0
22005,2024,4,0
22043,2024,1,0
22043,2024,2,0
22043,2024,3,0
22043,2024,4,0
25008,2024,1,0
25008,2024,2,0
25008,2024,3,0
25008,2024,4,0
25023,2024,1,0
25023,2024,2,0
25023,2024,3,0
25023,2024,4,0
25025,2024,1,0
25025,2024,2,0
25025,2024,3,0
25025,2024,4,0
25050,2024,1,0
25050,2024,2,0
25050,2024,3,0
25050,2024,4,0
25053,2024,1,0
25053,2024,2,0
25053,2024,3,0
25053,2024,4,0
25071,2024,1,0
25071,2024,2,0
25071,2024,3,0
25071,2024,4,0
25074,2024,1,0
25074,2024,2,0
25074,2024,3,0
25074,2024,4,0
25076,2024,1,0
25076,2024,2,0
25076,2024,3,0
25076,2024,4,0
25083,2024,1,0
25083,2024,2,0
25083,2024,3,0
25083,2024,4,0
25088,2024,1,0
25088,2024,2,0
25088,2024,3,0
25088,2024,4,0
25095,2024,1,0
25095,2024,2,0
25095,2024,3,0
25095,2024,4,0
25108,2024,1,0
25108,2024,2,0
25108,2024,3,0
25108,2024,4,0
25120,2024,1,0
25120,2024,2,0
25120,2024,3,0
25120,2024,4,0
25121,2024,1,0
25121,2024,2,0
25121,2024,3,0
25121,2024,4,0
25136,2024,1,0
25136,2024,2,0
25136,2024,3,0
25136,2024,4,0
25143,2024,1,0
25143,2024,2,0
25143,2024,3,0
25143,2024,4,0
25146,2024,1,0
25146,2024,2,0
25146,2024,3,0
25146,2024,4,0
25154,2024,1,0
25154,2024,2,0
25154,2024,3,0
25154,2024,4,0
25162,2024,1,0
25162,2024,2,0
25162,2024,3,0
25162,2024,4,0
25165,2024,1,0
25165,2024,2,0
25165,2024,3,0
25165,2024,4,0
25170,2024,1,0
25170,2024,2,0
25170,2024,3,0
25170,2024,4,0
25174,2024,1,0
25174,2024,2,0
25174,2024,3,0
25174,2024,4,0
25183,2024,1,0
25183,2024,2,0
25183,2024,3,0
25183,2024,4,0
25193,2024,1,0
25193,2024,2,0
25193,2024,3,0
25193,2024,4,0
25201,2024,1,0
25201,2024,2,0
25201,2024,3,0
25201,2024,4,0
25213,2024,1,0
25213,2024,2,0
25213,2024,3,0
25213,2024,4,0
25215,2024,1,0
25215,2024,2,0
25215,2024,3,0
25215,2024,4,0
25217,2024,1,0
25217,2024,2,0
25217,2024,3,0
25217,2024,4,0
25226,2024,1,0
25226,2024,2,0
25226,2024,3,0
25226,2024,4,0
25232,2024,1,0
25232,2024,2,0
25232,2024,3,0
25232,2024,4,0
25242,2024,1,0
25242,2024,2,0
25242,2024,3,0
25242,2024,4,0
25247,2024,1,0
25247,2024,2,0
25247,2024,3,0
25247,2024,4,0
25266,2024,1,0
25266,2024,2,0
25266,2024,3,0
25266,2024,4,0
25268,2024,1,0
25268,2024,2,0
25268,2024,3,0
25268,2024,4,0
25270,2024,1,0
25270,2024,2,0
25270,2024,3,0
25270,2024,4,0
25273,2024,1,0
25273,2024,2,0
25273,2024,3,0
25273,2024,4,0
25276,2024,1,0
25276,2024,2,0
25276,2024,3,0
25276,2024,4,0
25278,2024,1,1
25278,2024,2,1
25278,2024,3,0
25278,2024,4,0
25288,2024,1,0
25288,2024,2,0
25288,2024,3,0
25288,2024,4,0
25301,2024,1,0
25301,2024,2,0
25301,2024,3,0
25301,2024,4,0
25313,2024,1,0
25313,2024,2,0
25313,2024,3,0
25313,2024,4,0
25317,2024,1,0
25317,2024,2,0
25317,2024,3,0
25317,2024,4,0
25318,2024,1,0
25318,2024,2,0
25318,2024,3,0
25318,2024,4,0
25321,2024,1,0
25321,2024,2,0
25321,2024,3,0
25321,2024,4,0
25323,2024,1,0
25323,2024,2,0
25323,2024,3,0
25323,2024,4,0
25325,2024,1,0
25325,2024,2,0
25325,2024,3,0
25325,2024,4,0
25337,2024,1,0
25337,2024,2,0
25337,2024,3,0
25337,2024,4,0
25341,2024,1,0
25341,2024,2,0
25341,2024,3,0
25341,2024,4,0
25343,2024,1,0
25343,2024,2,0
25343,2024,3,0
25343,2024,4,0
25344,2024,1,0
25344,2024,2,0
25344,2024,3,0
25344,2024,4,0
25346,2024,1,0
25346,2024,2,0
25346,2024,3,0
25346,2024,4,0
25353,2024,1,0
25353,2024,2,0
25353,2024,3,0
25353,2024,4,0
25358,2024,1,0
25358,2024,2,0
25358,2024,3,0
25358,2024,4,0
25365,2024,1,0
25365,2024,2,0
25365,2024,3,0
25365,2024,4,0
25370,2024,1,0
25370,2024,2,0
25370,2024,3,0
25370,2024,4,0
25372,2024,1,0
25372,2024,2,0
25372,2024,3,0
25372,2024,4,0
25373,2024,1,0
25373,2024,2,0
25373,2024,3,0
25373,2024,4,0
25378,2024,1,0
25378,2024,2,0
25378,2024,3,0
25378,2024,4,0
25380,2024,1,0
25380,2024,2,0
25380,2024,3,0
25380,2024,4,0
25390,2024,1,0
25390,2024,2,0
25390,2024,3,0
25390,2024,4,0
25431,2024,1,0
25431,2024,2,0
25431,2024,3,0
25431,2024,4,0
25462,2024,1,0
25462,2024,2,0
25462,2024,3,0
25462,2024,4,0
25473,2024,1,0
25473,2024,2,0
25473,2024,3,0
25473,2024,4,0
25492,2024,1,0
25492,2024,2,0
25492,2024,3,0
25492,2024,4,0
25497,2024,1,0
25497,2024,2,0
25497,2024,3,0
25497,2024,4,0
25499,2024,1,0
25499,2024,2,0
25499,2024,3,0
25499,2024,4,0
25503,2024,1,0
25503,2024,2,0
25503,2024,3,0
25503,2024,4,0
25507,2024,1,0
25507,2024,2,0
25507,2024,3,0
25507,2024,4,0
25524,2024,1,0
25524,2024,2,0
25524,2024,3,0
25524,2024,4,0
25529,2024,1,0
25529,2024,2,0
25529,2024,3,0
25529,2024,4,0
25534,2024,1,0
25534,2024,2,0
25534,2024,3,0
25534,2024,4,0
25548,2024,1,0
25548,2024,2,0
25548,2024,3,0
25548,2024,4,0
25550,2024,1,0
25550,2024,2,0
25550,2024,3,0
25550,2024,4,0
25553,2024,1,0
25553,2024,2,0
25553,2024,3,0
25553,2024,4,0
25566,2024,1,0
25566,2024,2,0
25566,2024,3,0
25566,2024,4,0
25570,2024,1,0
25570,2024,2,0
25570,2024,3,0
25570,2024,4,0
25573,2024,1,0
25573,2024,2,0
25573,2024,3,0
25573,2024,4,0
25579,2024,1,0
25579,2024,2,0
25579,2024,3,0
25579,2024,4,0
25581,2024,1,0
25581,2024,2,0
25581,2024,3,0
25581,2024,4,0
25587,2024,1,0
25587,2024,2,0
25587,2024,3,0
25587,2024,4,0
25592,2024,1,0
25592,2024,2,0
25592,2024,3,0
25592,2024,4,0
25601,2024,1,0
25601,2024,2,0
25601,2024,3,0
25601,2024,4,0
25630,2024,1,0
25630,2024,2,0
25630,2024,3,0
25630,2024,4,0
25640,2024,1,0
25640,2024,2,0
25640,2024,3,0
25640,2024,4,0
25645,2024,1,0
25645,2024,2,0
25645,2024,3,0
25645,2024,4,0
25648,2024,1,0
25648,2024,2,0
25648,2024,3,0
25648,2024,4,0
25667,2024,1,0
25667,2024,2,0
25667,2024,3,0
25667,2024,4,0
25669,2024,1,0
25669,2024,2,0
25669,2024,3,0
25669,2024,4,0
25677,2024,1,0
25677,2024,2,0
25677,2024,3,0
25677,2024,4,0
25679,2024,1,0
25679,2024,2,0
25679,2024,3,0
25679,2024,4,0
25693,2024,1,0
25693,2024,2,0
25693,2024,3,0
25693,2024,4,0
25695,2024,1,0
25695,2024,2,0
25695,2024,3,0
25695,2024,4,0
25697,2024,1,0
25697,2024,2,0
25697,2024,3,0
25697,2024,4,0
25721,2024,1,0
25721,2024,2,0
25721,2024,3,0
25721,2024,4,0
25735,2024,1,0
25735,2024,2,0
25735,2024,3,0
25735,2024,4,0
25736,2024,1,0
25736,2024,2,0
25736,2024,3,0
25736,2024,4,0
25742,2024,1,0
25742,2024,2,0
25742,2024,3,0
25742,2024,4,0
25769,2024,1,0
25769,2024,2,0
25769,2024,3,0
25769,2024,4,0
25772,2024,1,0
25772,2024,2,0
25772,2024,3,0
25772,2024,4,0
25774,2024,1,1
25774,2024,2,1
25774,2024,3,0
25774,2024,4,0
25783,2024,1,0
25783,2024,2,0
25783,2024,3,0
25783,2024,4,0
25791,2024,1,0
25791,2024,2,0
25791,2024,3,0
25791,2024,4,0
25793,2024,1,0
25793,2024,2,0
25793,2024,3,0
25793,2024,4,0
25796,2024,1,0
25796,2024,2,0
25796,2024,3,0
25796,2024,4,0
25800,2024,1,0
25800,2024,2,0
25800,2024,3,0
25800,2024,4,0
25801,2024,1,0
25801,2024,2,0
25801,2024,3,0
25801,2024,4,0
25804,2024,1,0
25804,2024,2,0
25804,2024,3,0
25804,2024,4,0
25813,2024,1,0
25813,2024,2,0
25813,2024,3,0
25813,2024,4,0
25824,2024,1,0
25824,2024,2,0
25824,2024,3,0
25824,2024,4,0
25825,2024,1,0
25825,2024,2,0
25825,2024,3,0
25825,2024,4,0
25841,2024,1,0
25841,2024,2,0
25841,2024,3,0
25841,2024,4,0
25845,2024,1,0
25845,2024,2,0
25845,2024,3,0
25845,2024,4,0
25861,2024,1,0
25861,2024,2,0
25861,2024,3,0
25861,2024,4,0
25862,2024,1,0
25862,2024,2,0
25862,2024,3,0
25862,2024,4,0
25867,2024,1,0
25867,2024,2,0
25867,2024,3,0
25867,2024,4,0
25870,2024,1,0
25870,2024,2,0
25870,2024,3,0
25870,2024,4,0
25879,2024,1,0
25879,2024,2,0
25879,2024,3,0
25879,2024,4,0
25883,2024,1,0
25883,2024,2,0
25883,2024,3,0
25883,2024,4,0
25886,2024,1,0
25886,2024,2,0
25886,2024,3,0
25886,2024,4,0
25887,2024,1,0
25887,2024,2,0
25887,2024,3,0
25887,2024,4,0
25889,2024,1,0
25889,2024,2,0
25889,2024,3,0
25889,2024,4,0
25890,2024,1,0
25890,2024,2,0
25890,2024,3,0
25890,2024,4,0
25891,2024,1,0
25891,2024,2,0
25891,2024,3,0
25891,2024,4,0
25912,2024,1,0
25912,2024,2,0
25912,2024,3,0
25912,2024,4,0
25916,2024,1,0
25916,2024,2,0
25916,2024,3,0
25916,2024,4,0
25925,2024,1,0
25925,2024,2,0
25925,2024,3,0
25925,2024,4,0
25944,2024,1,0
25944,2024,2,0
25944,2024,3,0
25944,2024,4,0
25950,2024,1,0
25950,2024,2,0
25950,2024,3,0
25950,2024,4,0
25953,2024,1,0
25953,2024,2,0
25953,2024,3,0
25953,2024,4,0
25955,2024,1,0
25955,2024,2,0
25955,2024,3,0
25955,2024,4,0
25960,2024,1,0
25960,2024,2,0
25960,2024,3,0
25960,2024,4,0
25961,2024,1,0
25961,2024,2,0
25961,2024,3,0
25961,2024,4,0
25979,2024,1,0
25979,2024,2,0
25979,2024,3,0
25979,2024,4,0
25981,2024,1,0
25981,2024,2,0
25981,2024,3,0
25981,2024,4,0
25990,2024,1,0
25990,2024,2,0
25990,2024,3,0
25990,2024,4,0
25996,2024,1,0
25996,2024,2,0
25996,2024,3,0
25996,2024,4,0
26001,2024,1,0
26001,2024,2,0
26001,2024,3,0
26001,2024,4,0
26032,2024,1,1
26032,2024,2,1
26032,2024,3,0
26032,2024,4,1
26033,2024,1,0
26033,2024,2,0
26033,2024,3,0
26033,2024,4,0
26036,2024,1,0
26036,2024,2,0
26036,2024,3,0
26036,2024,4,0
26037,2024,1,0
26037,2024,2,0
26037,2024,3,0
26037,2024,4,0
26048,2024,1,0
26048,2024,2,0
26048,2024,3,0
26048,2024,4,0
26049,2024,1,0
26049,2024,2,0
26049,2024,3,0
26049,2024,4,0
26052,2024,1,0
26052,2024,2,0
26052,2024,3,0
26052,2024,4,0
26055,2024,1,0
26055,2024,2,0
26055,2024,3,0
26055,2024,4,0
26063,2024,1,0
26063,2024,2,0
26063,2024,3,0
26063,2024,4,0
26075,2024,1,0
26075,2024,2,0
26075,2024,3,0
26075,2024,4,0
26077,2024,1,0
26077,2024,2,0
26077,2024,3,0
26077,2024,4,0
26080,2024,1,0
26080,2024,2,0
26080,2024,3,0
26080,2024,4,0
26086,2024,1,0
26086,2024,2,0
26086,2024,3,0
26086,2024,4,0
26094,2024,1,0
26094,2024,2,0
26094,2024,3,0
26094,2024,4,0
26107,2024,1,0
26107,2024,2,0
26107,2024,3,0
26107,2024,4,0
26109,2024,1,0
26109,2024,2,0
26109,2024,3,0
26109,2024,4,0
26110,2024,1,0
26110,2024,2,0
26110,2024,3,0
26110,2024,4,0
26111,2024,1,0
26111,2024,2,0
26111,2024,3,0
26111,2024,4,0
26116,2024,1,0
26116,2024,2,0
26116,2024,3,0
26116,2024,4,0
26125,2024,1,0
26125,2024,2,0
26125,2024,3,0
26125,2024,4,0
26126,2024,1,0
26126,2024,2,0
26126,2024,3,0
26126,2024,4,0
26127,2024,1,0
26127,2024,2,0
26127,2024,3,0
26127,2024,4,0
26130,2024,1,0
26130,2024,2,0
26130,2024,3,0
26130,2024,4,0
26149,2024,1,0
26149,2024,2,0
26149,2024,3,0
26149,2024,4,0
26151,2024,1,0
26151,2024,2,0
26151,2024,3,0
26151,2024,4,0
26154,2024,1,0
26154,2024,2,0
26154,2024,3,0
26154,2024,4,0
26159,2024,1,0
26159,2024,2,0
26159,2024,3,0
26159,2024,4,0
26172,2024,1,0
26172,2024,2,0
26172,2024,3,0
26172,2024,4,0
26175,2024,1,0
26175,2024,2,0
26175,2024,3,0
26175,2024,4,0
26180,2024,1,0
26180,2024,2,0
26180,2024,3,0
26180,2024,4,0
26183,2024,1,0
26183,2024,2,0
26183,2024,3,0
26183,2024,4,0
26190,2024,1,0
26190,2024,2,0
26190,2024,3,0
26190,2024,4,0
26203,2024,1,0
26203,2024,2,0
26203,2024,3,0
26203,2024,4,0
26204,2024,1,0
26204,2024,2,0
26204,2024,3,0
26204,2024,4,0
26206,2024,1,0
26206,2024,2,0
26206,2024,3,0
26206,2024,4,0
26215,2024,1,0
26215,2024,2,0
26215,2024,3,0
26215,2024,4,0
26230,2024,1,0
26230,2024,2,0
26230,2024,3,0
26230,2024,4,0
26239,2024,1,0
26239,2024,2,0
26239,2024,3,0
26239,2024,4,0
26269,2024,1,0
26269,2024,2,0
26269,2024,3,0
26269,2024,4,0
26289,2024,1,0
26289,2024,2,0
26289,2024,3,0
26289,2024,4,0
26311,2024,1,1
26311,2024,2,1
26311,2024,3,0
26311,2024,4,0
26313,2024,1,0
26313,2024,2,0
26313,2024,3,0
26313,2024,4,0
26321,2024,1,0
26321,2024,2,0
26321,2024,3,0
26321,2024,4,0
26330,2024,1,0
26330,2024,2,0
26330,2024,3,0
26330,2024,4,0
26348,2024,1,0
26348,2024,2,0
26348,2024,3,0
26348,2024,4,0
26361,2024,1,0
26361,2024,2,0
26361,2024,3,0
26361,2024,4,0
26363,2024,1,0
26363,2024,2,0
26363,2024,3,0
26363,2024,4,0
26367,2024,1,0
26367,2024,2,0
26367,2024,3,0
26367,2024,4,0
26370,2024,1,0
26370,2024,2,0
26370,2024,3,0
26370,2024,4,0
26380,2024,1,0
26380,2024,2,0
26380,2024,3,0
26380,2024,4,0
26401,2024,1,0
26401,2024,2,0
26401,2024,3,0
26401,2024,4,0
26414,2024,1,0
26414,2024,2,0
26414,2024,3,0
26414,2024,4,0
26417,2024,1,0
26417,2024,2,0
26417,2024,3,0
26417,2024,4,0
26418,2024,1,0
26418,2024,2,0
26418,2024,3,0
26418,2024,4,0
26422,2024,1,0
26422,2024,2,0
26422,2024,3,0
26422,2024,4,0
26423,2024,1,0
26423,2024,2,0
26423,2024,3,0
26423,2024,4,0
26443,2024,1,0
26443,2024,2,0
26443,2024,3,0
26443,2024,4,0
26446,2024,1,0
26446,2024,2,0
26446,2024,3,0
26446,2024,4,0
26447,2024,1,0
26447,2024,2,0
26447,2024,3,0
26447,2024,4,0
26450,2024,1,0
26450,2024,2,0
26450,2024,3,0
26450,2024,4,0
26452,2024,1,0
26452,2024,2,0
26452,2024,3,0
26452,2024,4,0
26457,2024,1,0
26457,2024,2,0
26457,2024,3,0
26457,2024,4,0
26462,2024,1,0
26462,2024,2,0
26462,2024,3,0
26462,2024,4,0
26468,2024,1,0
26468,2024,2,0
26468,2024,3,0
26468,2024,4,0
26469,2024,1,0
26469,2024,2,0
26469,2024,3,0
26469,2024,4,0
26487,2024,1,0
26487,2024,2,0
26487,2024,3,0
26487,2024,4,0
26504,2024,1,0
26504,2024,2,0
26504,2024,3,0
26504,2024,4,0
26531,2024,1,0
26531,2024,2,0
26531,2024,3,0
26531,2024,4,0
26544,2024,1,0
26544,2024,2,0
26544,2024,3,0
26544,2024,4,0
26547,2024,1,0
26547,2024,2,0
26547,2024,3,0
26547,2024,4,0
26555,2024,1,0
26555,2024,2,0
26555,2024,3,0
26555,2024,4,0
26556,2024,1,0
26556,2024,2,0
26556,2024,3,0
26556,2024,4,0
26561,2024,1,0
26561,2024,2,0
26561,2024,3,0
26561,2024,4,0
26563,2024,1,0
26563,2024,2,0
26563,2024,3,0
26563,2024,4,0
26567,2024,1,0
26567,2024,2,0
26567,2024,3,0
26567,2024,4,0
26568,2024,1,0
26568,2024,2,0
26568,2024,3,0
26568,2024,4,0
26570,2024,1,0
26570,2024,2,0
26570,2024,3,0
26570,2024,4,0
26572,2024,1,0
26572,2024,2,0
26572,2024,3,0
26572,2024,4,0
26577,2024,1,0
26577,2024,2,0
26577,2024,3,0
26577,2024,4,0
26578,2024,1,0
26578,2024,2,0
26578,2024,3,0
26578,2024,4,0
26593,2024,1,0
26593,2024,2,0
26593,2024,3,0
26593,2024,4,0
26634,2024,1,0
26634,2024,2,0
26634,2024,3,0
26634,2024,4,0
26646,2024,1,0
26646,2024,2,0
26646,2024,3,0
26646,2024,4,0
26650,2024,1,0
26650,2024,2,0
26650,2024,3,0
26650,2024,4,0
26653,2024,1,0
26653,2024,2,0
26653,2024,3,0
26653,2024,4,0
26654,2024,1,0
26654,2024,2,0
26654,2024,3,0
26654,2024,4,0
26657,2024,1,0
26657,2024,2,0
26657,2024,3,0
26657,2024,4,0
26658,2024,1,0
26658,2024,2,0
26658,2024,3,0
26658,2024,4,0
26660,2024,1,0
26660,2024,2,0
26660,2024,3,0
26660,2024,4,0
26662,2024,1,0
26662,2024,2,0
26662,2024,3,0
26662,2024,4,0
26664,2024,1,0
26664,2024,2,0
26664,2024,3,0
26664,2024,4,0
26666,2024,1,0
26666,2024,2,0
26666,2024,3,0
26666,2024,4,0
26667,2024,1,0
26667,2024,2,0
26667,2024,3,0
26667,2024,4,0
26674,2024,1,0
26674,2024,2,0
26674,2024,3,0
26674,2024,4,0
26680,2024,1,0
26680,2024,2,0
26680,2024,3,0
26680,2024,4,0
26684,2024,1,0
26684,2024,2,0
26684,2024,3,0
26684,2024,4,0
26693,2024,1,0
26693,2024,2,0
26693,2024,3,0
26693,2024,4,0
26703,2024,1,0
26703,2024,2,0
26703,2024,3,0
26703,2024,4,0
26706,2024,1,0
26706,2024,2,0
26706,2024,3,0
26706,2024,4,0
26716,2024,1,0
26716,2024,2,0
26716,2024,3,0
26716,2024,4,0
26719,2024,1,0
26719,2024,2,0
26719,2024,3,0
26719,2024,4,0
26720,2024,1,0
26720,2024,2,0
26720,2024,3,0
26720,2024,4,0
26721,2024,1,0
26721,2024,2,0
26721,2024,3,0
26721,2024,4,0
26735,2024,1,0
26735,2024,2,0
26735,2024,3,0
26735,2024,4,0
26743,2024,1,0
26743,2024,2,0
26743,2024,3,0
26743,2024,4,0
26750,2024,1,0
26750,2024,2,0
26750,2024,3,0
26750,2024,4,0
26752,2024,1,0
26752,2024,2,0
26752,2024,3,0
26752,2024,4,0
26757,2024,1,0
26757,2024,2,0
26757,2024,3,0
26757,2024,4,0
26760,2024,1,0
26760,2024,2,0
26760,2024,3,0
26760,2024,4,0
26761,2024,1,0
26761,2024,2,0
26761,2024,3,0
26761,2024,4,0
26762,2024,1,0
26762,2024,2,0
26762,2024,3,0
26762,2024,4,0
26766,2024,1,0
26766,2024,2,0
26766,2024,3,0
26766,2024,4,0
26767,2024,1,0
26767,2024,2,0
26767,2024,3,0
26767,2024,4,0
26769,2024,1,0
26769,2024,2,0
26769,2024,3,0
26769,2024,4,0
26770,2024,1,0
26770,2024,2,0
26770,2024,3,0
26770,2024,4,0
26771,2024,1,1
26771,2024,2,1
26771,2024,3,0
26771,2024,4,0
26772,2024,1,0
26772,2024,2,0
26772,2024,3,0
26772,2024,4,0
26780,2024,1,0
26780,2024,2,0
26780,2024,3,0
26780,2024,4,0
26809,2024,1,0
26809,2024,2,0
26809,2024,3,0
26809,2024,4,0
26813,2024,1,0
26813,2024,2,0
26813,2024,3,0
26813,2024,4,0
26816,2024,1,0
26816,2024,2,0
26816,2024,3,0
26816,2024,4,0
26840,2024,1,0
26840,2024,2,0
26840,2024,3,0
26840,2024,4,0
26852,2024,1,0
26852,2024,2,0
26852,2024,3,0
26852,2024,4,0
26853,2024,1,0
26853,2024,2,0
26853,2024,3,0
26853,2024,4,0
26862,2024,1,1
26862,2024,2,1
26862,2024,3,0
26862,2024,4,0
26866,2024,1,0
26866,2024,2,0
26866,2024,3,0
26866,2024,4,0
26875,2024,1,0
26875,2024,2,0
26875,2024,3,0
26875,2024,4,0
26893,2024,1,0
26893,2024,2,0
26893,2024,3,0
26893,2024,4,0
26901,2024,1,0
26901,2024,2,0
26901,2024,3,0
26901,2024,4,0
26905,2024,1,0
26905,2024,2,0
26905,2024,3,0
26905,2024,4,0
26915,2024,1,0
26915,2024,2,0
26915,2024,3,0
26915,2024,4,0
26947,2024,1,0
26947,2024,2,0
26947,2024,3,0
26947,2024,4,0
26952,2024,1,0
26952,2024,2,0
26952,2024,3,0
26952,2024,4,0
26970,2024,1,0
26970,2024,2,0
26970,2024,3,0
26970,2024,4,0
26971,2024,1,0
26971,2024,2,0
26971,2024,3,0
26971,2024,4,0
26975,2024,1,0
26975,2024,2,0
26975,2024,3,0
26975,2024,4,0
26976,2024,1,0
26976,2024,2,0
26976,2024,3,0
26976,2024,4,0
26979,2024,1,0
26979,2024,2,0
26979,2024,3,0
26979,2024,4,0
26980,2024,1,0
26980,2024,2,0
26980,2024,3,0
26980,2024,4,0
26982,2024,1,0
26982,2024,2,0
26982,2024,3,0
26982,2024,4,0
26984,2024,1,0
26984,2024,2,0
26984,2024,3,0
26984,2024,4,0
26987,2024,1,0
26987,2024,2,0
26987,2024,3,0
26987,2024,4,0
26995,2024,1,0
26995,2024,2,0
26995,2024,3,0
26995,2024,4,0
26998,2024,1,0
26998,2024,2,0
26998,2024,3,0
26998,2024,4,0
27001,2024,1,0
27001,2024,2,0
27001,2024,3,0
27001,2024,4,0
27004,2024,1,0
27004,2024,2,0
27004,2024,3,0
27004,2024,4,0
27006,2024,1,0
27006,2024,2,0
27006,2024,3,0
27006,2024,4,0
27010,2024,1,0
27010,2024,2,0
27010,2024,3,0
27010,2024,4,0
27024,2024,1,0
27024,2024,2,0
27024,2024,3,0
27024,2024,4,0
27035,2024,1,0
27035,2024,2,0
27035,2024,3,0
27035,2024,4,0
27037,2024,1,0
27037,2024,2,0
27037,2024,3,0
27037,2024,4,0
27042,2024,1,0
27042,2024,2,0
27042,2024,3,0
27042,2024,4,0
27043,2024,1,0
27043,2024,2,0
27043,2024,3,0
27043,2024,4,0
27049,2024,1,0
27049,2024,2,0
27049,2024,3,0
27049,2024,4,0
27063,2024,1,0
27063,2024,2,0
27063,2024,3,0
27063,2024,4,0
27072,2024,1,0
27072,2024,2,0
27072,2024,3,0
27072,2024,4,0
27078,2024,1,1
27078,2024,2,1
27078,2024,3,0
27078,2024,4,0
27081,2024,1,0
27081,2024,2,0
27081,2024,3,0
27081,2024,4,0
27082,2024,1,0
27082,2024,2,0
27082,2024,3,0
27082,2024,4,0
27091,2024,1,0
27091,2024,2,0
27091,2024,3,0
27091,2024,4,0
27096,2024,1,0
27096,2024,2,0
27096,2024,3,0
27096,2024,4,0
28008,2024,1,0
28008,2024,2,0
28008,2024,3,0
28008,2024,4,0
28011,2024,1,0
28011,2024,2,0
28011,2024,3,0
28011,2024,4,0
28021,2024,1,0
28021,2024,2,0
28021,2024,3,0
28021,2024,4,0
28024,2024,1,0
28024,2024,2,0
28024,2024,3,0
28024,2024,4,0
28034,2024,1,1
28034,2024,2,1
28034,2024,3,1
28034,2024,4,1
28035,2024,1,0
28035,2024,2,0
28035,2024,3,0
28035,2024,4,0
28050,2024,1,0
28050,2024,2,0
28050,2024,3,0
28050,2024,4,0
28053,2024,1,0
28053,2024,2,0
28053,2024,3,0
28053,2024,4,0
28059,2024,1,0
28059,2024,2,0
28059,2024,3,0
28059,2024,4,0
28063,2024,1,0
28063,2024,2,0
28063,2024,3,0
28063,2024,4,0
28067,2024,1,0
28067,2024,2,0
28067,2024,3,0
28067,2024,4,0
28078,2024,1,0
28078,2024,2,0
28078,2024,3,0
28078,2024,4,0
28090,2024,1,0
28090,2024,2,0
28090,2024,3,0
28090,2024,4,0
28094,2024,1,0
28094,2024,2,0
28094,2024,3,0
28094,2024,4,0
28098,2024,1,0
28098,2024,2,0
28098,2024,3,0
28098,2024,4,0
28105,2024,1,0
28105,2024,2,0
28105,2024,3,0
28105,2024,4,0
28115,2024,1,0
28115,2024,2,0
28115,2024,3,0
28115,2024,4,0
28119,2024,1,0
28119,2024,2,0
28119,2024,3,0
28119,2024,4,0
28122,2024,1,0
28122,2024,2,0
28122,2024,3,0
28122,2024,4,0
28124,2024,1,0
28124,2024,2,0
28124,2024,3,0
28124,2024,4,0
28127,2024,1,0
28127,2024,2,0
28127,2024,3,0
28127,2024,4,0
28132,2024,1,0
28132,2024,2,0
28132,2024,3,0
28132,2024,4,0
28144,2024,1,0
28144,2024,2,0
28144,2024,3,0
28144,2024,4,0
28145,2024,1,0
28145,2024,2,0
28145,2024,3,0
28145,2024,4,0
28152,2024,1,0
28152,2024,2,0
28152,2024,3,0
28152,2024,4,0
28153,2024,1,0
28153,2024,2,0
28153,2024,3,0
28153,2024,4,0
28157,2024,1,0
28157,2024,2,0
28157,2024,3,0
28157,2024,4,0
28159,2024,1,0
28159,2024,2,0
28159,2024,3,0
28159,2024,4,0
28160,2024,1,0
28160,2024,2,0
28160,2024,3,0
28160,2024,4,0
28161,2024,1,0
28161,2024,2,0
28161,2024,3,0
28161,2024,4,0
28163,2024,1,0
28163,2024,2,0
28163,2024,3,0
28163,2024,4,0
28168,2024,1,0
28168,2024,2,0
28168,2024,3,0
28168,2024,4,0
28171,2024,1,0
28171,2024,2,0
28171,2024,3,0
28171,2024,4,0
28172,2024,1,0
28172,2024,2,0
28172,2024,3,0
28172,2024,4,0
28175,2024,1,0
28175,2024,2,0
28175,2024,3,0
28175,2024,4,0
28178,2024,1,0
28178,2024,2,0
28178,2024,3,0
28178,2024,4,0
28184,2024,1,0
28184,2024,2,0
28184,2024,3,0
28184,2024,4,0
28193,2024,1,0
28193,2024,2,0
28193,2024,3,0
28193,2024,4,0
28195,2024,1,0
28195,2024,2,0
28195,2024,3,0
28195,2024,4,0
28197,2024,1,0
28197,2024,2,0
28197,2024,3,0
28197,2024,4,0
28198,2024,1,0
28198,2024,2,0
28198,2024,3,0
28198,2024,4,0
28208,2024,1,0
28208,2024,2,0
28208,2024,3,0
28208,2024,4,0
28218,2024,1,0
28218,2024,2,0
28218,2024,3,0
28218,2024,4,0
28226,2024,1,0
28226,2024,2,0
28226,2024,3,0
28226,2024,4,0
28229,2024,1,0
28229,2024,2,0
28229,2024,3,0
28229,2024,4,0
28237,2024,1,0
28237,2024,2,0
28237,2024,3,0
28237,2024,4,0
28259,2024,1,0
28259,2024,2,0
28259,2024,3,0
28259,2024,4,0
28268,2024,1,0
28268,2024,2,0
28268,2024,3,0
28268,2024,4,0
28271,2024,1,0
28271,2024,2,0
28271,2024,3,0
28271,2024,4,0
28285,2024,1,0
28285,2024,2,0
28285,2024,3,0
28285,2024,4,0
28304,2024,1,0
28304,2024,2,0
28304,2024,3,0
28304,2024,4,0
28319,2024,1,0
28319,2024,2,0
28319,2024,3,0
28319,2024,4,0
28321,2024,1,0
28321,2024,2,0
28321,2024,3,0
28321,2024,4,0
28323,2024,1,0
28323,2024,2,0
28323,2024,3,0
28323,2024,4,0
28331,2024,1,0
28331,2024,2,0
28331,2024,3,0
28331,2024,4,0
28339,2024,1,0
28339,2024,2,0
28339,2024,3,0
28339,2024,4,0
28341,2024,1,0
28341,2024,2,0
28341,2024,3,0
28341,2024,4,0
28342,2024,1,0
28342,2024,2,0
28342,2024,3,0
28342,2024,4,0
28344,2024,1,0
28344,2024,2,0
28344,2024,3,0
28344,2024,4,0
28346,2024,1,0
28346,2024,2,0
28346,2024,3,0
28346,2024,4,0
28349,2024,1,0
28349,2024,2,0
28349,2024,3,0
28349,2024,4,0
28354,2024,1,0
28354,2024,2,0
28354,2024,3,0
28354,2024,4,0
28356,2024,1,0
28356,2024,2,0
28356,2024,3,0
28356,2024,4,0
28359,2024,1,0
28359,2024,2,0
28359,2024,3,0
28359,2024,4,0
28360,2024,1,0
28360,2024,2,0
28360,2024,3,0
28360,2024,4,0
28362,2024,1,0
28362,2024,2,0
28362,2024,3,0
28362,2024,4,0
28365,2024,1,0
28365,2024,2,0
28365,2024,3,0
28365,2024,4,0
28373,2024,1,0
28373,2024,2,0
28373,2024,3,0
28373,2024,4,0
28390,2024,1,0
28390,2024,2,0
28390,2024,3,0
28390,2024,4,0
28393,2024,1,0
28393,2024,2,0
28393,2024,3,0
28393,2024,4,0
28415,2024,1,0
28415,2024,2,0
28415,2024,3,0
28415,2024,4,0
28450,2024,1,0
28450,2024,2,0
28450,2024,3,0
28450,2024,4,0
28454,2024,1,0
28454,2024,2,0
28454,2024,3,0
28454,2024,4,0
28478,2024,1,0
28478,2024,2,0
28478,2024,3,0
28478,2024,4,0
28480,2024,1,0
28480,2024,2,0
28480,2024,3,0
28480,2024,4,0
28483,2024,1,0
28483,2024,2,0
28483,2024,3,0
28483,2024,4,0
28484,2024,1,0
28484,2024,2,0
28484,2024,3,0
28484,2024,4,0
28489,2024,1,0
28489,2024,2,0
28489,2024,3,0
28489,2024,4,0
28492,2024,1,0
28492,2024,2,0
28492,2024,3,0
28492,2024,4,0
28493,2024,1,0
28493,2024,2,0
28493,2024,3,0
28493,2024,4,0
28496,2024,1,0
28496,2024,2,0
28496,2024,3,0
28496,2024,4,0
28507,2024,1,0
28507,2024,2,0
28507,2024,3,0
28507,2024,4,0
28508,2024,1,0
28508,2024,2,0
28508,2024,3,0
28508,2024,4,0
28512,2024,1,0
28512,2024,2,0
28512,2024,3,0
28512,2024,4,0
28516,2024,1,0
28516,2024,2,0
28516,2024,3,0
28516,2024,4,0
28520,2024,1,0
28520,2024,2,0
28520,2024,3,0
28520,2024,4,0
28543,2024,1,0
28543,2024,2,0
28543,2024,3,0
28543,2024,4,0
28548,2024,1,0
28548,2024,2,0
28548,2024,3,0
28548,2024,4,0
28549,2024,1,0
28549,2024,2,0
28549,2024,3,0
28549,2024,4,0
28553,2024,1,0
28553,2024,2,0
28553,2024,3,0
28553,2024,4,0
28555,2024,1,0
28555,2024,2,0
28555,2024,3,0
28555,2024,4,0
28561,2024,1,0
28561,2024,2,0
28561,2024,3,0
28561,2024,4,0
28566,2024,1,0
28566,2024,2,0
28566,2024,3,0
28566,2024,4,0
28581,2024,1,0
28581,2024,2,0
28581,2024,3,0
28581,2024,4,0
28585,2024,1,0
28585,2024,2,0
28585,2024,3,0
28585,2024,4,0
28586,2024,1,0
28586,2024,2,0
28586,2024,3,0
28586,2024,4,0
28597,2024,1,0
28597,2024,2,0
28597,2024,3,0
28597,2024,4,0
28600,2024,1,0
28600,2024,2,0
28600,2024,3,0
28600,2024,4,0
28619,2024,1,0
28619,2024,2,0
28619,2024,3,0
28619,2024,4,0
28623,2024,1,0
28623,2024,2,0
28623,2024,3,0
28623,2024,4,0
28627,2024,1,0
28627,2024,2,0
28627,2024,3,0
28627,2024,4,0
28630,2024,1,0
28630,2024,2,0
28630,2024,3,0
28630,2024,4,0
28637,2024,1,0
28637,2024,2,0
28637,2024,3,0
28637,2024,4,0
28638,2024,1,0
28638,2024,2,0
28638,2024,3,0
28638,2024,4,0
28649,2024,1,0
28649,2024,2,0
28649,2024,3,0
28649,2024,4,0
28653,2024,1,0
28653,2024,2,0
28653,2024,3,0
28653,2024,4,0
28654,2024,1,0
28654,2024,2,0
28654,2024,3,0
28654,2024,4,0
28669,2024,1,0
28669,2024,2,0
28669,2024,3,0
28669,2024,4,0
28679,2024,1,0
28679,2024,2,0
28679,2024,3,0
28679,2024,4,0
28684,2024,1,0
28684,2024,2,0
28684,2024,3,0
28684,2024,4,0
28693,2024,1,0
28693,2024,2,0
28693,2024,3,0
28693,2024,4,0
28697,2024,1,0
28697,2024,2,0
28697,2024,3,0
28697,2024,4,0
28703,2024,1,0
28703,2024,2,0
28703,2024,3,0
28703,2024,4,0
28707,2024,1,0
28707,2024,2,0
28707,2024,3,0
28707,2024,4,0
28721,2024,1,0
28721,2024,2,0
28721,2024,3,0
28721,2024,4,0
28723,2024,1,0
28723,2024,2,0
28723,2024,3,0
28723,2024,4,0
28733,2024,1,0
28733,2024,2,0
28733,2024,3,0
28733,2024,4,0
28744,2024,1,0
28744,2024,2,0
28744,2024,3,0
28744,2024,4,0
28745,2024,1,0
28745,2024,2,0
28745,2024,3,0
28745,2024,4,0
28747,2024,1,0
28747,2024,2,0
28747,2024,3,0
28747,2024,4,0
28749,2024,1,0
28749,2024,2,0
28749,2024,3,0
28749,2024,4,0
28752,2024,1,0
28752,2024,2,0
28752,2024,3,0
28752,2024,4,0
28755,2024,1,0
28755,2024,2,0
28755,2024,3,0
28755,2024,4,0
28756,2024,1,0
28756,2024,2,0
28756,2024,3,0
28756,2024,4,0
28775,2024,1,0
28775,2024,2,0
28775,2024,3,0
28775,2024,4,0
28780,2024,1,0
28780,2024,2,0
28780,2024,3,0
28780,2024,4,0
28809,2024,1,0
28809,2024,2,0
28809,2024,3,0
28809,2024,4,0
28823,2024,1,0
28823,2024,2,0
28823,2024,3,0
28823,2024,4,0
28832,2024,1,0
28832,2024,2,0
28832,2024,3,0
28832,2024,4,0
28833,2024,1,0
28833,2024,2,0
28833,2024,3,0
28833,2024,4,0
28840,2024,1,0
28840,2024,2,0
28840,2024,3,0
28840,2024,4,0
28857,2024,1,0
28857,2024,2,0
28857,2024,3,0
28857,2024,4,0
28859,2024,1,0
28859,2024,2,0
28859,2024,3,0
28859,2024,4,0
28860,2024,1,0
28860,2024,2,0
28860,2024,3,0
28860,2024,4,0
28872,2024,1,0
28872,2024,2,0
28872,2024,3,0
28872,2024,4,0
28878,2024,1,0
28878,2024,2,0
28878,2024,3,0
28878,2024,4,0
28882,2024,1,0
28882,2024,2,0
28882,2024,3,0
28882,2024,4,0
28884,2024,1,0
28884,2024,2,0
28884,2024,3,0
28884,2024,4,0
28906,2024,1,0
28906,2024,2,0
28906,2024,3,0
28906,2024,4,0
28911,2024,1,0
28911,2024,2,0
28911,2024,3,0
28911,2024,4,0
28932,2024,1,0
28932,2024,2,0
28932,2024,3,0
28932,2024,4,0
28938,2024,1,0
28938,2024,2,0
28938,2024,3,0
28938,2024,4,0
28949,2024,1,0
28949,2024,2,0
28949,2024,3,0
28949,2024,4,0
28955,2024,1,0
28955,2024,2,0
28955,2024,3,0
28955,2024,4,0
28963,2024,1,0
28963,2024,2,0
28963,2024,3,0
28963,2024,4,0
28967,2024,1,0
28967,2024,2,0
28967,2024,3,0
28967,2024,4,0
28968,2024,1,0
28968,2024,2,0
28968,2024,3,0
28968,2024,4,0
28977,2024,1,0
28977,2024,2,0
28977,2024,3,0
28977,2024,4,0
29003,2024,1,0
29003,2024,2,0
29003,2024,3,0
29003,2024,4,0
29028,2024,1,0
29028,2024,2,0
29028,2024,3,0
29028,2024,4,0
29029,2024,1,0
29029,2024,2,0
29029,2024,3,0
29029,2024,4,0
29031,2024,1,0
29031,2024,2,0
29031,2024,3,0
29031,2024,4,0
29038,2024,1,0
29038,2024,2,0
29038,2024,3,0
29038,2024,4,0
29044,2024,1,0
29044,2024,2,0
29044,2024,3,0
29044,2024,4,0
29057,2024,1,0
29057,2024,2,0
29057,2024,3,0
29057,2024,4,0
29063,2024,1,0
29063,2024,2,0
29063,2024,3,0
29063,2024,4,0
29070,2024,1,0
29070,2024,2,0
29070,2024,3,0
29070,2024,4,0
29077,2024,1,0
29077,2024,2,0
29077,2024,3,0
29077,2024,4,0
29084,2024,1,0
29084,2024,2,0
29084,2024,3,0
29084,2024,4,0
29090,2024,1,0
29090,2024,2,0
29090,2024,3,0
29090,2024,4,0
29103,2024,1,0
29103,2024,2,0
29103,2024,3,0
29103,2024,4,0
29106,2024,1,0
29106,2024,2,0
29106,2024,3,0
29106,2024,4,0
29127,2024,1,0
29127,2024,2,0
29127,2024,3,0
29127,2024,4,0
29129,2024,1,0
29129,2024,2,0
29129,2024,3,0
29129,2024,4,0
29132,2024,1,0
29132,2024,2,0
29132,2024,3,0
29132,2024,4,0
29161,2024,1,0
29161,2024,2,0
29161,2024,3,0
29161,2024,4,0
29194,2024,1,0
29194,2024,2,0
29194,2024,3,0
29194,2024,4,0
29201,2024,1,0
29201,2024,2,0
29201,2024,3,0
29201,2024,4,0
29202,2024,1,0
29202,2024,2,0
29202,2024,3,0
29202,2024,4,0
29221,2024,1,0
29221,2024,2,0
29221,2024,3,0
29221,2024,4,0
29228,2024,1,0
29228,2024,2,0
29228,2024,3,0
29228,2024,4,0
29231,2024,1,0
29231,2024,2,0
29231,2024,3,0
29231,2024,4,0
29241,2024,1,0
29241,2024,2,0
29241,2024,3,0
29241,2024,4,0
29249,2024,1,0
29249,2024,2,0
29249,2024,3,0
29249,2024,4,0
29252,2024,1,0
29252,2024,2,0
29252,2024,3,0
29252,2024,4,0
29256,2024,1,0
29256,2024,2,0
29256,2024,3,0
29256,2024,4,0
29267,2024,1,0
29267,2024,2,0
29267,2024,3,0
29267,2024,4,0
29270,2024,1,0
29270,2024,2,0
29270,2024,3,0
29270,2024,4,0
29272,2024,1,0
29272,2024,2,0
29272,2024,3,0
29272,2024,4,0
29276,2024,1,0
29276,2024,2,0
29276,2024,3,0
29276,2024,4,0
29277,2024,1,0
29277,2024,2,0
29277,2024,3,0
29277,2024,4,0
29281,2024,1,0
29281,2024,2,0
29281,2024,3,0
29281,2024,4,0
29284,2024,1,1
29284,2024,2,1
29284,2024,3,0
29284,2024,4,0
29287,2024,1,0
29287,2024,2,0
29287,2024,3,0
29287,2024,4,0
29288,2024,1,0
29288,2024,2,0
29288,2024,3,0
29288,2024,4,0
29289,2024,1,0
29289,2024,2,0
29289,2024,3,0
29289,2024,4,0
29296,2024,1,0
29296,2024,2,0
29296,2024,3,0
29296,2024,4,0
29305,2024,1,0
29305,2024,2,0
29305,2024,3,0
29305,2024,4,0
29308,2024,1,0
29308,2024,2,0
29308,2024,3,0
29308,2024,4,0
29321,2024,1,0
29321,2024,2,0
29321,2024,3,0
29321,2024,4,0
29322,2024,1,0
29322,2024,2,0
29322,2024,3,0
29322,2024,4,0
29323,2024,1,0
29323,2024,2,0
29323,2024,3,0
29323,2024,4,0
29327,2024,1,0
29327,2024,2,0
29327,2024,3,0
29327,2024,4,0
29331,2024,1,0
29331,2024,2,0
29331,2024,3,0
29331,2024,4,0
29332,2024,1,0
29332,2024,2,0
29332,2024,3,0
29332,2024,4,0
29333,2024,1,0
29333,2024,2,0
29333,2024,3,0
29333,2024,4,0
29343,2024,1,0
29343,2024,2,0
29343,2024,3,0
29343,2024,4,0
29362,2024,1,0
29362,2024,2,0
29362,2024,3,0
29362,2024,4,0
29366,2024,1,0
29366,2024,2,0
29366,2024,3,0
29366,2024,4,0
29375,2024,1,0
29375,2024,2,0
29375,2024,3,0
29375,2024,4,0
29379,2024,1,0
29379,2024,2,0
29379,2024,3,0
29379,2024,4,0
29390,2024,1,0
29390,2024,2,0
29390,2024,3,0
29390,2024,4,0
29397,2024,1,0
29397,2024,2,0
29397,2024,3,0
29397,2024,4,0
29400,2024,1,0
29400,2024,2,0
29400,2024,3,0
29400,2024,4,0
29407,2024,1,0
29407,2024,2,0
29407,2024,3,0
29407,2024,4,0
29416,2024,1,0
29416,2024,2,0
29416,2024,3,0
29416,2024,4,0
29423,2024,1,0
29423,2024,2,0
29423,2024,3,0
29423,2024,4,0
29432,2024,1,0
29432,2024,2,0
29432,2024,3,0
29432,2024,4,0
29440,2024,1,0
29440,2024,2,0
29440,2024,3,0
29440,2024,4,0
29502,2024,1,0
29502,2024,2,0
29502,2024,3,0
29502,2024,4,0
29507,2024,1,0
29507,2024,2,0
29507,2024,3,0
29507,2024,4,0
29519,2024,1,0
29519,2024,2,0
29519,2024,3,0
29519,2024,4,0
29526,2024,1,0
29526,2024,2,0
29526,2024,3,0
29526,2024,4,0
29530,2024,1,0
29530,2024,2,0
29530,2024,3,0
29530,2024,4,0
29533,2024,1,0
29533,2024,2,0
29533,2024,3,0
29533,2024,4,0
29545,2024,1,0
29545,2024,2,0
29545,2024,3,0
29545,2024,4,0
29555,2024,1,0
29555,2024,2,0
29555,2024,3,0
29555,2024,4,0
29556,2024,1,0
29556,2024,2,0
29556,2024,3,0
29556,2024,4,0
29558,2024,1,0
29558,2024,2,0
29558,2024,3,0
29558,2024,4,0
29559,2024,1,0
29559,2024,2,0
29559,2024,3,0
29559,2024,4,0
29560,2024,1,0
29560,2024,2,0
29560,2024,3,0
29560,2024,4,0
29563,2024,1,1
29563,2024,2,1
29563,2024,3,0
29563,2024,4,0
29565,2024,1,0
29565,2024,2,0
29565,2024,3,0
29565,2024,4,0
29576,2024,1,0
29576,2024,2,0
29576,2024,3,0
29576,2024,4,0
29580,2024,1,0
29580,2024,2,0
29580,2024,3,0
29580,2024,4,0
29589,2024,1,0
29589,2024,2,0
29589,2024,3,0
29589,2024,4,0
29604,2024,1,0
29604,2024,2,0
29604,2024,3,0
29604,2024,4,0
29609,2024,1,0
29609,2024,2,0
29609,2024,3,0
29609,2024,4,0
29611,2024,1,0
29611,2024,2,0
29611,2024,3,0
29611,2024,4,0
29624,2024,1,0
29624,2024,2,0
29624,2024,3,0
29624,2024,4,0
29642,2024,1,0
29642,2024,2,0
29642,2024,3,0
29642,2024,4,0
29660,2024,1,0
29660,2024,2,0
29660,2024,3,0
29660,2024,4,0
29702,2024,1,0
29702,2024,2,0
29702,2024,3,0
29702,2024,4,0
29710,2024,1,0
29710,2024,2,0
29710,2024,3,0
29710,2024,4,0
29726,2024,1,0
29726,2024,2,0
29726,2024,3,0
29726,2024,4,0
29734,2024,1,0
29734,2024,2,0
29734,2024,3,0
29734,2024,4,0
29737,2024,1,0
29737,2024,2,0
29737,2024,3,0
29737,2024,4,0
29754,2024,1,0
29754,2024,2,0
29754,2024,3,0
29754,2024,4,0
29757,2024,1,0
29757,2024,2,0
29757,2024,3,0
29757,2024,4,0
29760,2024,1,0
29760,2024,2,0
29760,2024,3,0
29760,2024,4,0
29765,2024,1,0
29765,2024,2,0
29765,2024,3,0
29765,2024,4,0
29769,2024,1,0
29769,2024,2,0
29769,2024,3,0
29769,2024,4,0
29777,2024,1,0
29777,2024,2,0
29777,2024,3,0
29777,2024,4,0
29779,2024,1,0
29779,2024,2,0
29779,2024,3,0
29779,2024,4,0
29783,2024,1,0
29783,2024,2,0
29783,2024,3,0
29783,2024,4,0
29798,2024,1,0
29798,2024,2,0
29798,2024,3,0
29798,2024,4,0
29801,2024,1,0
29801,2024,2,0
29801,2024,3,0
29801,2024,4,0
29806,2024,1,0
29806,2024,2,0
29806,2024,3,0
29806,2024,4,0
29807,2024,1,0
29807,2024,2,0
29807,2024,3,0
29807,2024,4,0
29827,2024,1,0
29827,2024,2,0
29827,2024,3,0
29827,2024,4,0
29836,2024,1,0
29836,2024,2,0
29836,2024,3,0
29836,2024,4,0
29842,2024,1,0
29842,2024,2,0
29842,2024,3,0
29842,2024,4,0
29849,2024,1,0
29849,2024,2,0
29849,2024,3,0
29849,2024,4,0
29853,2024,1,0
29853,2024,2,0
29853,2024,3,0
29853,2024,4,0
29858,2024,1,0
29858,2024,2,0
29858,2024,3,0
29858,2024,4,0
29875,2024,1,0
29875,2024,2,0
29875,2024,3,0
29875,2024,4,0
29884,2024,1,0
29884,2024,2,0
29884,2024,3,0
29884,2024,4,0
29899,2024,1,0
29899,2024,2,0
29899,2024,3,0
29899,2024,4,0
29902,2024,1,0
29902,2024,2,0
29902,2024,3,0
29902,2024,4,0
29916,2024,1,0
29916,2024,2,0
29916,2024,3,0
29916,2024,4,0
29917,2024,1,0
29917,2024,2,0
29917,2024,3,0
29917,2024,4,0
29945,2024,1,0
29945,2024,2,0
29945,2024,3,0
29945,2024,4,0
29959,2024,1,0
29959,2024,2,0
29959,2024,3,0
29959,2024,4,0
29960,2024,1,0
29960,2024,2,0
29960,2024,3,0
29960,2024,4,0
29963,2024,1,0
29963,2024,2,0
29963,2024,3,0
29963,2024,4,0
29966,2024,1,1
29966,2024,2,1
29966,2024,3,0
29966,2024,4,0
29972,2024,1,0
29972,2024,2,0
29972,2024,3,0
29972,2024,4,0
29977,2024,1,0
29977,2024,2,0
29977,2024,3,0
29977,2024,4,0
29996,2024,1,0
29996,2024,2,0
29996,2024,3,0
29996,2024,4,0
29997,2024,1,0
29997,2024,2,0
29997,2024,3,0
29997,2024,4,0
30007,2024,1,0
30007,2024,2,0
30007,2024,3,0
30007,2024,4,0
30008,2024,1,0
30008,2024,2,0
30008,2024,3,0
30008,2024,4,0
30019,2024,1,0
30019,2024,2,0
30019,2024,3,0
30019,2024,4,0
30033,2024,1,0
30033,2024,2,0
30033,2024,3,0
30033,2024,4,0
30038,2024,1,0
30038,2024,2,0
30038,2024,3,0
30038,2024,4,0
30058,2024,1,0
30058,2024,2,0
30058,2024,3,0
30058,2024,4,0
30070,2024,1,0
30070,2024,2,0
30070,2024,3,0
30070,2024,4,0
30071,2024,1,0
30071,2024,2,0
30071,2024,3,0
30071,2024,4,0
30079,2024,1,0
30079,2024,2,0
30079,2024,3,0
30079,2024,4,0
30080,2024,1,0
30080,2024,2,0
30080,2024,3,0
30080,2024,4,0
30082,2024,1,0
30082,2024,2,0
30082,2024,3,0
30082,2024,4,0
30092,2024,1,0
30092,2024,2,0
30092,2024,3,0
30092,2024,4,0
30096,2024,1,0
30096,2024,2,0
30096,2024,3,0
30096,2024,4,0
30126,2024,1,0
30126,2024,2,0
30126,2024,3,0
30126,2024,4,0
30131,2024,1,0
30131,2024,2,0
30131,2024,3,0
30131,2024,4,0
30135,2024,1,0
30135,2024,2,0
30135,2024,3,0
30135,2024,4,0
30139,2024,1,0
30139,2024,2,0
30139,2024,3,0
30139,2024,4,0
30142,2024,1,0
30142,2024,2,0
30142,2024,3,0
30142,2024,4,0
30150,2024,1,0
30150,2024,2,0
30150,2024,3,0
30150,2024,4,0
30151,2024,1,0
30151,2024,2,0
30151,2024,3,0
30151,2024,4,0
30166,2024,1,0
30166,2024,2,0
30166,2024,3,0
30166,2024,4,0
30169,2024,1,0
30169,2024,2,0
30169,2024,3,0
30169,2024,4,0
30177,2024,1,0
30177,2024,2,0
30177,2024,3,0
30177,2024,4,0
30188,2024,1,0
30188,2024,2,0
30188,2024,3,0
30188,2024,4,0
30193,2024,1,0
30193,2024,2,0
30193,2024,3,0
30193,2024,4,0
30199,2024,1,0
30199,2024,2,0
30199,2024,3,0
30199,2024,4,0
30206,2024,1,0
30206,2024,2,0
30206,2024,3,0
30206,2024,4,0
30213,2024,1,0
30213,2024,2,0
30213,2024,3,0
30213,2024,4,0
30214,2024,1,0
30214,2024,2,0
30214,2024,3,0
30214,2024,4,0
30220,2024,1,0
30220,2024,2,0
30220,2024,3,0
30220,2024,4,0
30222,2024,1,0
30222,2024,2,0
30222,2024,3,0
30222,2024,4,0
30225,2024,1,0
30225,2024,2,0
30225,2024,3,0
30225,2024,4,0
30252,2024,1,0
30252,2024,2,0
30252,2024,3,0
30252,2024,4,0
30256,2024,1,0
30256,2024,2,0
30256,2024,3,0
30256,2024,4,0
30264,2024,1,0
30264,2024,2,0
30264,2024,3,0
30264,2024,4,0
30273,2024,1,0
30273,2024,2,0
30273,2024,3,0
30273,2024,4,0
30276,2024,1,0
30276,2024,2,0
30276,2024,3,0
30276,2024,4,0
30284,2024,1,0
30284,2024,2,0
30284,2024,3,0
30284,2024,4,0
30320,2024,1,0
30320,2024,2,0
30320,2024,3,0
30320,2024,4,0
30328,2024,1,0
30328,2024,2,0
30328,2024,3,0
30328,2024,4,0
30336,2024,1,0
30336,2024,2,0
30336,2024,3,0
30336,2024,4,0
30345,2024,1,0
30345,2024,2,0
30345,2024,3,0
30345,2024,4,0
30376,2024,1,0
30376,2024,2,0
30376,2024,3,0
30376,2024,4,0
30380,2024,1,0
30380,2024,2,0
30380,2024,3,0
30380,2024,4,0
30390,2024,1,0
30390,2024,2,0
30390,2024,3,0
30390,2024,4,0
30396,2024,1,0
30396,2024,2,0
30396,2024,3,0
30396,2024,4,0
30416,2024,1,0
30416,2024,2,0
30416,2024,3,0
30416,2024,4,0
30418,2024,1,0
30418,2024,2,0
30418,2024,3,0
30418,2024,4,0
30428,2024,1,0
30428,2024,2,0
30428,2024,3,0
30428,2024,4,0
30440,2024,1,0
30440,2024,2,0
30440,2024,3,0
30440,2024,4,0
30451,2024,1,0
30451,2024,2,0
30451,2024,3,0
30451,2024,4,0
30463,2024,1,0
30463,2024,2,0
30463,2024,3,0
30463,2024,4,0
30464,2024,1,0
30464,2024,2,0
30464,2024,3,0
30464,2024,4,0
30465,2024,1,0
30465,2024,2,0
30465,2024,3,0
30465,2024,4,0
30471,2024,1,0
30471,2024,2,0
30471,2024,3,0
30471,2024,4,0
30472,2024,1,0
30472,2024,2,0
30472,2024,3,0
30472,2024,4,0
30473,2024,1,0
30473,2024,2,0
30473,2024,3,0
30473,2024,4,0
30476,2024,1,0
30476,2024,2,0
30476,2024,3,0
30476,2024,4,0
30477,2024,1,0
30477,2024,2,0
30477,2024,3,0
30477,2024,4,0
30480,2024,1,0
30480,2024,2,0
30480,2024,3,0
30480,2024,4,0
30481,2024,1,0
30481,2024,2,0
30481,2024,3,0
30481,2024,4,0
30482,2024,1,0
30482,2024,2,0
30482,2024,3,0
30482,2024,4,0
30483,2024,1,0
30483,2024,2,0
30483,2024,3,0
30483,2024,4,0
30485,2024,1,0
30485,2024,2,0
30485,2024,3,0
30485,2024,4,0
30498,2024,1,0
30498,2024,2,0
30498,2024,3,0
30498,2024,4,0
30502,2024,1,0
30502,2024,2,0
30502,2024,3,0
30502,2024,4,0
30508,2024,1,0
30508,2024,2,0
30508,2024,3,0
30508,2024,4,0
30513,2024,1,0
30513,2024,2,0
30513,2024,3,0
30513,2024,4,0
30518,2024,1,0
30518,2024,2,0
30518,2024,3,0
30518,2024,4,0
30520,2024,1,0
30520,2024,2,0
30520,2024,3,0
30520,2024,4,0
30560,2024,1,0
30560,2024,2,0
30560,2024,3,0
30560,2024,4,0
30571,2024,1,0
30571,2024,2,0
30571,2024,3,0
30571,2024,4,0
30576,2024,1,0
30576,2024,2,0
30576,2024,3,0
30576,2024,4,0
30577,2024,1,0
30577,2024,2,0
30577,2024,3,0
30577,2024,4,0
30591,2024,1,0
30591,2024,2,0
30591,2024,3,0
30591,2024,4,0
30606,2024,1,0
30606,2024,2,0
30606,2024,3,0
30606,2024,4,0
30607,2024,1,0
30607,2024,2,0
30607,2024,3,0
30607,2024,4,0
30614,2024,1,0
30614,2024,2,0
30614,2024,3,0
30614,2024,4,0
30620,2024,1,0
30620,2024,2,0
30620,2024,3,0
30620,2024,4,0
30632,2024,1,0
30632,2024,2,0
30632,2024,3,0
30632,2024,4,0
30636,2024,1,0
30636,2024,2,0
30636,2024,3,0
30636,2024,4,0
30638,2024,1,0
30638,2024,2,0
30638,2024,3,0
30638,2024,4,0
30653,2024,1,0
30653,2024,2,0
30653,2024,3,0
30653,2024,4,0
30659,2024,1,0
30659,2024,2,0
30659,2024,3,0
30659,2024,4,0
30663,2024,1,0
30663,2024,2,0
30663,2024,3,0
30663,2024,4,0
30670,2024,1,0
30670,2024,2,0
30670,2024,3,0
30670,2024,4,0
30672,2024,1,0
30672,2024,2,0
30672,2024,3,0
30672,2024,4,0
30679,2024,1,0
30679,2024,2,0
30679,2024,3,0
30679,2024,4,0
30681,2024,1,0
30681,2024,2,0
30681,2024,3,0
30681,2024,4,0
30686,2024,1,0
30686,2024,2,0
30686,2024,3,0
30686,2024,4,0
30695,2024,1,0
30695,2024,2,0
30695,2024,3,0
30695,2024,4,0
30704,2024,1,0
30704,2024,2,0
30704,2024,3,0
30704,2024,4,0
30708,2024,1,0
30708,2024,2,0
30708,2024,3,0
30708,2024,4,0
30717,2024,1,0
30717,2024,2,0
30717,2024,3,0
30717,2024,4,0
30721,2024,1,0
30721,2024,2,0
30721,2024,3,0
30721,2024,4,0
30725,2024,1,0
30725,2024,2,0
30725,2024,3,0
30725,2024,4,0
30726,2024,1,0
30726,2024,2,0
30726,2024,3,0
30726,2024,4,0
30732,2024,1,0
30732,2024,2,0
30732,2024,3,0
30732,2024,4,0
30734,2024,1,0
30734,2024,2,0
30734,2024,3,0
30734,2024,4,0
30736,2024,1,0
30736,2024,2,0
30736,2024,3,0
30736,2024,4,0
30738,2024,1,0
30738,2024,2,0
30738,2024,3,0
30738,2024,4,0
30745,2024,1,0
30745,2024,2,0
30745,2024,3,0
30745,2024,4,0
30747,2024,1,0
30747,2024,2,0
30747,2024,3,0
30747,2024,4,0
30755,2024,1,0
30755,2024,2,0
30755,2024,3,0
30755,2024,4,0
30770,2024,1,0
30770,2024,2,0
30770,2024,3,0
30770,2024,4,0
30782,2024,1,0
30782,2024,2,0
30782,2024,3,0
30782,2024,4,0
30789,2024,1,0
30789,2024,2,0
30789,2024,3,0
30789,2024,4,0
30807,2024,1,0
30807,2024,2,0
30807,2024,3,0
30807,2024,4,0
30814,2024,1,0
30814,2024,2,0
30814,2024,3,0
30814,2024,4,0
30820,2024,1,0
30820,2024,2,0
30820,2024,3,0
30820,2024,4,0
30823,2024,1,0
30823,2024,2,0
30823,2024,3,0
30823,2024,4,0
30840,2024,1,0
30840,2024,2,0
30840,2024,3,0
30840,2024,4,0
30857,2024,1,0
30857,2024,2,0
30857,2024,3,0
30857,2024,4,0
30870,2024,1,0
30870,2024,2,0
30870,2024,3,0
30870,2024,4,0
30871,2024,1,0
30871,2024,2,0
30871,2024,3,0
30871,2024,4,0
30873,2024,1,0
30873,2024,2,0
30873,2024,3,0
30873,2024,4,0
30877,2024,1,0
30877,2024,2,0
30877,2024,3,0
30877,2024,4,0
30879,2024,1,0
30879,2024,2,0
30879,2024,3,0
30879,2024,4,0
30881,2024,1,0
30881,2024,2,0
30881,2024,3,0
30881,2024,4,0
30888,2024,1,0
30888,2024,2,0
30888,2024,3,0
30888,2024,4,0
30890,2024,1,0
30890,2024,2,0
30890,2024,3,0
30890,2024,4,0
30891,2024,1,0
30891,2024,2,0
30891,2024,3,0
30891,2024,4,0
30898,2024,1,0
30898,2024,2,0
30898,2024,3,0
30898,2024,4,0
30899,2024,1,0
30899,2024,2,0
30899,2024,3,0
30899,2024,4,0
30900,2024,1,0
30900,2024,2,0
30900,2024,3,0
30900,2024,4,0
30901,2024,1,0
30901,2024,2,0
30901,2024,3,0
30901,2024,4,0
30910,2024,1,0
30910,2024,2,0
30910,2024,3,0
30910,2024,4,0
30915,2024,1,0
30915,2024,2,0
30915,2024,3,0
30915,2024,4,0
30922,2024,1,0
30922,2024,2,0
30922,2024,3,0
30922,2024,4,0
30927,2024,1,0
30927,2024,2,0
30927,2024,3,0
30927,2024,4,0
30931,2024,1,0
30931,2024,2,0
30931,2024,3,0
30931,2024,4,0
30946,2024,1,0
30946,2024,2,0
30946,2024,3,0
30946,2024,4,0
30951,2024,1,0
30951,2024,2,0
30951,2024,3,0
30951,2024,4,0
30954,2024,1,0
30954,2024,2,0
30954,2024,3,0
30954,2024,4,0
30956,2024,1,0
30956,2024,2,0
30956,2024,3,0
30956,2024,4,0
30957,2024,1,0
30957,2024,2,0
30957,2024,3,0
30957,2024,4,0
30961,2024,1,0
30961,2024,2,0
30961,2024,3,0
30961,2024,4,0
30962,2024,1,0
30962,2024,2,0
30962,2024,3,0
30962,2024,4,0
30964,2024,1,0
30964,2024,2,0
30964,2024,3,0
30964,2024,4,0
30975,2024,1,0
30975,2024,2,0
30975,2024,3,0
30975,2024,4,0
31000,2024,1,0
31000,2024,2,0
31000,2024,3,0
31000,2024,4,0
31005,2024,1,0
31005,2024,2,0
31005,2024,3,0
31005,2024,4,0
31007,2024,1,0
31007,2024,2,0
31007,2024,3,0
31007,2024,4,0
31009,2024,1,0
31009,2024,2,0
31009,2024,3,0
31009,2024,4,0
31010,2024,1,0
31010,2024,2,0
31010,2024,3,0
31010,2024,4,0
31023,2024,1,0
31023,2024,2,0
31023,2024,3,0
31023,2024,4,0
31026,2024,1,0
31026,2024,2,0
31026,2024,3,0
31026,2024,4,0
31033,2024,1,0
31033,2024,2,0
31033,2024,3,0
31033,2024,4,0
31036,2024,1,0
31036,2024,2,0
31036,2024,3,0
31036,2024,4,0
31047,2024,1,0
31047,2024,2,0
31047,2024,3,0
31047,2024,4,0
31049,2024,1,0
31049,2024,2,0
31049,2024,3,0
31049,2024,4,0
31053,2024,1,0
31053,2024,2,0
31053,2024,3,0
31053,2024,4,0
31075,2024,1,0
31075,2024,2,0
31075,2024,3,0
31075,2024,4,0
31080,2024,1,0
31080,2024,2,0
31080,2024,3,0
31080,2024,4,0
31089,2024,1,0
31089,2024,2,0
31089,2024,3,0
31089,2024,4,0
31092,2024,1,0
31092,2024,2,0
31092,2024,3,0
31092,2024,4,0
31095,2024,1,0
31095,2024,2,0
31095,2024,3,0
31095,2024,4,0
31099,2024,1,0
31099,2024,2,0
31099,2024,3,0
31099,2024,4,0
31109,2024,1,0
31109,2024,2,0
31109,2024,3,0
31109,2024,4,0
31116,2024,1,0
31116,2024,2,0
31116,2024,3,0
31116,2024,4,0
31117,2024,1,0
31117,2024,2,1
31117,2024,3,0
31117,2024,4,0
31123,2024,1,0
31123,2024,2,0
31123,2024,3,0
31123,2024,4,0
31146,2024,1,0
31146,2024,2,0
31146,2024,3,0
31146,2024,4,0
31151,2024,1,0
31151,2024,2,0
31151,2024,3,0
31151,2024,4,0
31157,2024,1,0
31157,2024,2,0
31157,2024,3,0
31157,2024,4,0
31164,2024,1,0
31164,2024,2,0
31164,2024,3,0
31164,2024,4,0
31166,2024,1,0
31166,2024,2,0
31166,2024,3,0
31166,2024,4,0
31174,2024,1,0
31174,2024,2,0
31174,2024,3,0
31174,2024,4,0
31176,2024,1,0
31176,2024,2,0
31176,2024,3,0
31176,2024,4,0
31189,2024,1,0
31189,2024,2,0
31189,2024,3,0
31189,2024,4,0
31205,2024,1,0
31205,2024,2,0
31205,2024,3,0
31205,2024,4,0
31207,2024,1,0
31207,2024,2,0
31207,2024,3,0
31207,2024,4,0
31211,2024,1,0
31211,2024,2,0
31211,2024,3,0
31211,2024,4,0
31212,2024,1,0
31212,2024,2,0
31212,2024,3,0
31212,2024,4,0
31214,2024,1,0
31214,2024,2,0
31214,2024,3,0
31214,2024,4,0
31230,2024,1,0
31230,2024,2,0
31230,2024,3,0
31230,2024,4,0
31234,2024,1,0
31234,2024,2,0
31234,2024,3,0
31234,2024,4,0
31249,2024,1,0
31249,2024,2,0
31249,2024,3,0
31249,2024,4,0
31267,2024,1,0
31267,2024,2,0
31267,2024,3,0
31267,2024,4,0
31272,2024,1,0
31272,2024,2,0
31272,2024,3,0
31272,2024,4,0
31276,2024,1,0
31276,2024,2,0
31276,2024,3,0
31276,2024,4,0
31288,2024,1,0
31288,2024,2,0
31288,2024,3,0
31288,2024,4,0
31299,2024,1,0
31299,2024,2,0
31299,2024,3,0
31299,2024,4,0
31305,2024,1,0
31305,2024,2,0
31305,2024,3,0
31305,2024,4,0
31318,2024,1,0
31318,2024,2,0
31318,2024,3,0
31318,2024,4,0
31321,2024,1,0
31321,2024,2,0
31321,2024,3,0
31321,2024,4,0
31327,2024,1,0
31327,2024,2,0
31327,2024,3,0
31327,2024,4,0
31334,2024,1,0
31334,2024,2,0
31334,2024,3,0
31334,2024,4,0
31337,2024,1,0
31337,2024,2,0
31337,2024,3,0
31337,2024,4,0
31340,2024,1,0
31340,2024,2,0
31340,2024,3,0
31340,2024,4,0
31352,2024,1,0
31352,2024,2,0
31352,2024,3,0
31352,2024,4,0
31358,2024,1,0
31358,2024,2,0
31358,2024,3,0
31358,2024,4,0
31370,2024,1,0
31370,2024,2,0
31370,2024,3,0
31370,2024,4,0
31371,2024,1,0
31371,2024,2,0
31371,2024,3,0
31371,2024,4,0
31374,2024,1,0
31374,2024,2,0
31374,2024,3,0
31374,2024,4,0
31377,2024,1,0
31377,2024,2,0
31377,2024,3,0
31377,2024,4,0
31385,2024,1,1
31385,2024,2,1
31385,2024,3,0
31385,2024,4,1
31394,2024,1,0
31394,2024,2,0
31394,2024,3,0
31394,2024,4,0
31397,2024,1,0
31397,2024,2,0
31397,2024,3,0
31397,2024,4,0
31403,2024,1,0
31403,2024,2,0
31403,2024,3,0
31403,2024,4,0
31406,2024,1,0
31406,2024,2,0
31406,2024,3,0
31406,2024,4,0
31413,2024,1,0
31413,2024,2,0
31413,2024,3,0
31413,2024,4,0
31426,2024,1,0
31426,2024,2,0
31426,2024,3,0
31426,2024,4,0
31438,2024,1,0
31438,2024,2,0
31438,2024,3,0
31438,2024,4,0
31439,2024,1,0
31439,2024,2,0
31439,2024,3,0
31439,2024,4,0
31443,2024,1,0
31443,2024,2,0
31443,2024,3,0
31443,2024,4,0
31447,2024,1,0
31447,2024,2,0
31447,2024,3,0
31447,2024,4,0
31452,2024,1,0
31452,2024,2,0
31452,2024,3,0
31452,2024,4,0
31453,2024,1,0
31453,2024,2,0
31453,2024,3,0
31453,2024,4,0
31467,2024,1,0
31467,2024,2,0
31467,2024,3,0
31467,2024,4,0
31479,2024,1,0
31479,2024,2,0
31479,2024,3,0
31479,2024,4,0
31484,2024,1,0
31484,2024,2,0
31484,2024,3,0
31484,2024,4,0
31491,2024,1,0
31491,2024,2,0
31491,2024,3,0
31491,2024,4,0
31500,2024,1,0
31500,2024,2,0
31500,2024,3,0
31500,2024,4,0
31504,2024,1,0
31504,2024,2,0
31504,2024,3,0
31504,2024,4,0
31510,2024,1,0
31510,2024,2,0
31510,2024,3,0
31510,2024,4,0
31515,2024,1,0
31515,2024,2,0
31515,2024,3,0
31515,2024,4,0
31526,2024,1,0
31526,2024,2,0
31526,2024,3,0
31526,2024,4,0
31532,2024,1,0
31532,2024,2,0
31532,2024,3,0
31532,2024,4,0
31541,2024,1,0
31541,2024,2,0
31541,2024,3,0
31541,2024,4,0
31542,2024,1,0
31542,2024,2,0
31542,2024,3,0
31542,2024,4,0
31545,2024,1,0
31545,2024,2,0
31545,2024,3,0
31545,2024,4,0
31548,2024,1,0
31548,2024,2,0
31548,2024,3,0
31548,2024,4,0
31553,2024,1,0
31553,2024,2,0
31553,2024,3,0
31553,2024,4,0
31560,2024,1,0
31560,2024,2,0
31560,2024,3,0
31560,2024,4,0
31561,2024,1,0
31561,2024,2,0
31561,2024,3,0
31561,2024,4,0
31562,2024,1,0
31562,2024,2,0
31562,2024,3,0
31562,2024,4,0
31565,2024,1,0
31565,2024,2,0
31565,2024,3,0
31565,2024,4,0
31606,2024,1,0
31606,2024,2,0
31606,2024,3,0
31606,2024,4,0
31611,2024,1,0
31611,2024,2,0
31611,2024,3,0
31611,2024,4,0
31615,2024,1,0
31615,2024,2,0
31615,2024,3,0
31615,2024,4,0
31624,2024,1,0
31624,2024,2,0
31624,2024,3,0
31624,2024,4,0
31627,2024,1,0
31627,2024,2,0
31627,2024,3,0
31627,2024,4,0
31633,2024,1,0
31633,2024,2,0
31633,2024,3,0
31633,2024,4,0
31634,2024,1,0
31634,2024,2,0
31634,2024,3,0
31634,2024,4,0
31643,2024,1,0
31643,2024,2,0
31643,2024,3,0
31643,2024,4,0
31645,2024,1,0
31645,2024,2,0
31645,2024,3,0
31645,2024,4,0
31649,2024,1,0
31649,2024,2,0
31649,2024,3,0
31649,2024,4,0
31662,2024,1,0
31662,2024,2,0
31662,2024,3,0
31662,2024,4,0
31669,2024,1,0
31669,2024,2,0
31669,2024,3,0
31669,2024,4,0
31670,2024,1,0
31670,2024,2,0
31670,2024,3,0
31670,2024,4,0
31671,2024,1,0
31671,2024,2,0
31671,2024,3,0
31671,2024,4,0
31682,2024,1,0
31682,2024,2,0
31682,2024,3,0
31682,2024,4,0
31685,2024,1,0
31685,2024,2,0
31685,2024,3,0
31685,2024,4,0
31688,2024,1,0
31688,2024,2,0
31688,2024,3,0
31688,2024,4,0
31697,2024,1,0
31697,2024,2,0
31697,2024,3,0
31697,2024,4,0
31704,2024,1,0
31704,2024,2,0
31704,2024,3,0
31704,2024,4,0
31705,2024,1,0
31705,2024,2,0
31705,2024,3,0
31705,2024,4,0
31723,2024,1,0
31723,2024,2,0
31723,2024,3,0
31723,2024,4,0
31725,2024,1,0
31725,2024,2,0
31725,2024,3,0
31725,2024,4,0
31727,2024,1,0
31727,2024,2,0
31727,2024,3,0
31727,2024,4,0
31731,2024,1,0
31731,2024,2,0
31731,2024,3,0
31731,2024,4,0
31736,2024,1,0
31736,2024,2,0
31736,2024,3,0
31736,2024,4,0
31738,2024,1,0
31738,2024,2,0
31738,2024,3,0
31738,2024,4,0
31741,2024,1,0
31741,2024,2,0
31741,2024,3,0
31741,2024,4,0
31745,2024,1,0
31745,2024,2,0
31745,2024,3,0
31745,2024,4,0
31747,2024,1,0
31747,2024,2,0
31747,2024,3,0
31747,2024,4,0
31752,2024,1,0
31752,2024,2,0
31752,2024,3,0
31752,2024,4,0
31757,2024,1,0
31757,2024,2,0
31757,2024,3,0
31757,2024,4,0
31760,2024,1,0
31760,2024,2,0
31760,2024,3,0
31760,2024,4,0
31778,2024,1,0
31778,2024,2,0
31778,2024,3,0
31778,2024,4,0
31779,2024,1,0
31779,2024,2,0
31779,2024,3,0
31779,2024,4,0
31782,2024,1,0
31782,2024,2,0
31782,2024,3,0
31782,2024,4,0
31788,2024,1,0
31788,2024,2,0
31788,2024,3,0
31788,2024,4,0
31790,2024,1,0
31790,2024,2,0
31790,2024,3,0
31790,2024,4,0
31791,2024,1,0
31791,2024,2,0
31791,2024,3,0
31791,2024,4,0
31799,2024,1,0
31799,2024,2,0
31799,2024,3,0
31799,2024,4,0
31813,2024,1,0
31813,2024,2,0
31813,2024,3,0
31813,2024,4,0
31814,2024,1,0
31814,2024,2,0
31814,2024,3,0
31814,2024,4,0
31827,2024,1,0
31827,2024,2,0
31827,2024,3,0
31827,2024,4,0
31830,2024,1,0
31830,2024,2,0
31830,2024,3,0
31830,2024,4,0
31834,2024,1,0
31834,2024,2,0
31834,2024,3,0
31834,2024,4,0
31841,2024,1,0
31841,2024,2,0
31841,2024,3,0
31841,2024,4,0
31860,2024,1,0
31860,2024,2,0
31860,2024,3,0
31860,2024,4,0
31861,2024,1,0
31861,2024,2,0
31861,2024,3,0
31861,2024,4,0
31862,2024,1,0
31862,2024,2,0
31862,2024,3,0
31862,2024,4,0
31863,2024,1,0
31863,2024,2,0
31863,2024,3,0
31863,2024,4,0
31868,2024,1,0
31868,2024,2,0
31868,2024,3,0
31868,2024,4,0
31869,2024,1,0
31869,2024,2,0
31869,2024,3,0
31869,2024,4,0
31874,2024,1,0
31874,2024,2,0
31874,2024,3,0
31874,2024,4,0
31879,2024,1,0
31879,2024,2,0
31879,2024,3,0
31879,2024,4,0
31884,2024,1,0
31884,2024,2,0
31884,2024,3,0
31884,2024,4,0
31886,2024,1,0
31886,2024,2,0
31886,2024,3,0
31886,2024,4,0
31887,2024,1,0
31887,2024,2,0
31887,2024,3,0
31887,2024,4,0
31902,2024,1,0
31902,2024,2,0
31902,2024,3,0
31902,2024,4,0
31906,2024,1,0
31906,2024,2,0
31906,2024,3,0
31906,2024,4,0
31928,2024,1,0
31928,2024,2,0
31928,2024,3,0
31928,2024,4,0
31930,2024,1,0
31930,2024,2,0
31930,2024,3,0
31930,2024,4,0
31931,2024,1,0
31931,2024,2,0
31931,2024,3,0
31931,2024,4,0
31933,2024,1,0
31933,2024,2,0
31933,2024,3,0
31933,2024,4,0
31934,2024,1,0
31934,2024,2,0
31934,2024,3,0
31934,2024,4,0
31941,2024,1,0
31941,2024,2,0
31941,2024,3,0
31941,2024,4,0
31943,2024,1,0
31943,2024,2,0
31943,2024,3,0
31943,2024,4,0
31944,2024,1,0
31944,2024,2,0
31944,2024,3,0
31944,2024,4,0
31962,2024,1,0
31962,2024,2,0
31962,2024,3,0
31962,2024,4,0
31965,2024,1,0
31965,2024,2,0
31965,2024,3,0
31965,2024,4,0
31969,2024,1,0
31969,2024,2,0
31969,2024,3,0
31969,2024,4,0
31970,2024,1,0
31970,2024,2,0
31970,2024,3,0
31970,2024,4,0
31972,2024,1,0
31972,2024,2,0
31972,2024,3,0
31972,2024,4,0
31984,2024,1,0
31984,2024,2,0
31984,2024,3,0
31984,2024,4,0
31987,2024,1,0
31987,2024,2,0
31987,2024,3,0
31987,2024,4,0
31988,2024,1,0
31988,2024,2,0
31988,2024,3,0
31988,2024,4,0
31991,2024,1,0
31991,2024,2,0
31991,2024,3,0
31991,2024,4,0
31994,2024,1,0
31994,2024,2,0
31994,2024,3,0
31994,2024,4,0
31998,2024,1,0
31998,2024,2,0
31998,2024,3,0
31998,2024,4,0
32005,2024,1,0
32005,2024,2,0
32005,2024,3,0
32005,2024,4,0
32013,2024,1,0
32013,2024,2,0
32013,2024,3,0
32013,2024,4,0
32034,2024,1,0
32034,2024,2,0
32034,2024,3,0
32034,2024,4,0
32066,2024,1,0
32066,2024,2,0
32066,2024,3,0
32066,2024,4,0
32069,2024,1,0
32069,2024,2,0
32069,2024,3,0
32069,2024,4,0
32074,2024,1,0
32074,2024,2,0
32074,2024,3,0
32074,2024,4,0
32085,2024,1,0
32085,2024,2,0
32085,2024,3,0
32085,2024,4,0
32086,2024,1,0
32086,2024,2,0
32086,2024,3,0
32086,2024,4,0
32097,2024,1,0
32097,2024,2,0
32097,2024,3,0
32097,2024,4,0
32105,2024,1,0
32105,2024,2,0
32105,2024,3,0
32105,2024,4,0
32107,2024,1,0
32107,2024,2,0
32107,2024,3,0
32107,2024,4,0
32118,2024,1,0
32118,2024,2,0
32118,2024,3,0
32118,2024,4,0
32124,2024,1,0
32124,2024,2,0
32124,2024,3,0
32124,2024,4,0
32129,2024,1,0
32129,2024,2,0
32129,2024,3,0
32129,2024,4,0
32155,2024,1,0
32155,2024,2,0
32155,2024,3,0
32155,2024,4,0
32183,2024,1,0
32183,2024,2,0
32183,2024,3,0
32183,2024,4,0
32193,2024,1,0
32193,2024,2,0
32193,2024,3,0
32193,2024,4,0
32200,2024,1,0
32200,2024,2,0
32200,2024,3,0
32200,2024,4,0
32202,2024,1,0
32202,2024,2,0
32202,2024,3,0
32202,2024,4,0
32227,2024,1,0
32227,2024,2,0
32227,2024,3,0
32227,2024,4,0
32245,2024,1,0
32245,2024,2,0
32245,2024,3,0
32245,2024,4,0
32246,2024,1,0
32246,2024,2,0
32246,2024,3,0
32246,2024,4,0
32256,2024,1,0
32256,2024,2,0
32256,2024,3,0
32256,2024,4,0
32257,2024,1,0
32257,2024,2,0
32257,2024,3,0
32257,2024,4,0
32260,2024,1,0
32260,2024,2,0
32260,2024,3,0
32260,2024,4,0
32261,2024,1,0
32261,2024,2,0
32261,2024,3,0
32261,2024,4,0
32268,2024,1,0
32268,2024,2,0
32268,2024,3,0
32268,2024,4,0
32278,2024,1,0
32278,2024,2,0
32278,2024,3,0
32278,2024,4,0
32280,2024,1,0
32280,2024,2,0
32280,2024,3,0
32280,2024,4,0
32287,2024,1,0
32287,2024,2,0
32287,2024,3,0
32287,2024,4,0
32308,2024,1,0
32308,2024,2,0
32308,2024,3,0
32308,2024,4,0
32314,2024,1,0
32314,2024,2,0
32314,2024,3,0
32314,2024,4,0
32342,2024,1,0
32342,2024,2,0
32342,2024,3,0
32342,2024,4,0
32378,2024,1,0
32378,2024,2,0
32378,2024,3,0
32378,2024,4,0
32385,2024,1,0
32385,2024,2,0
32385,2024,3,0
32385,2024,4,0
32386,2024,1,0
32386,2024,2,0
32386,2024,3,0
32386,2024,4,0
32409,2024,1,0
32409,2024,2,0
32409,2024,3,0
32409,2024,4,0
32413,2024,1,0
32413,2024,2,0
32413,2024,3,0
32413,2024,4,0
32415,2024,1,0
32415,2024,2,0
32415,2024,3,0
32415,2024,4,0
32425,2024,1,0
32425,2024,2,0
32425,2024,3,0
32425,2024,4,0
32428,2024,1,0
32428,2024,2,0
32428,2024,3,0
32428,2024,4,0
32434,2024,1,0
32434,2024,2,0
32434,2024,3,0
32434,2024,4,0
32448,2024,1,0
32448,2024,2,0
32448,2024,3,0
32448,2024,4,0
32454,2024,1,0
32454,2024,2,0
32454,2024,3,0
32454,2024,4,0
32463,2024,1,0
32463,2024,2,0
32463,2024,3,0
32463,2024,4,0
32465,2024,1,0
32465,2024,2,0
32465,2024,3,0
32465,2024,4,0
32468,2024,1,0
32468,2024,2,0
32468,2024,3,0
32468,2024,4,0
32472,2024,1,0
32472,2024,2,0
32472,2024,3,0
32472,2024,4,0
32479,2024,1,0
32479,2024,2,0
32479,2024,3,0
32479,2024,4,0
32480,2024,1,0
32480,2024,2,0
32480,2024,3,0
32480,2024,4,0
32483,2024,1,0
32483,2024,2,0
32483,2024,3,0
32483,2024,4,0
32486,2024,1,0
32486,2024,2,0
32486,2024,3,0
32486,2024,4,0
32488,2024,1,0
32488,2024,2,0
32488,2024,3,0
32488,2024,4,0
32501,2024,1,0
32501,2024,2,0
32501,2024,3,0
32501,2024,4,0
32507,2024,1,0
32507,2024,2,0
32507,2024,3,0
32507,2024,4,0
32510,2024,1,0
32510,2024,2,0
32510,2024,3,0
32510,2024,4,0
32513,2024,1,0
32513,2024,2,0
32513,2024,3,0
32513,2024,4,0
32519,2024,1,0
32519,2024,2,0
32519,2024,3,0
32519,2024,4,0
32526,2024,1,0
32526,2024,2,0
32526,2024,3,0
32526,2024,4,0
32527,2024,1,0
32527,2024,2,0
32527,2024,3,0
32527,2024,4,0
32533,2024,1,0
32533,2024,2,0
32533,2024,3,0
32533,2024,4,0
32541,2024,1,0
32541,2024,2,0
32541,2024,3,0
32541,2024,4,0
32542,2024,1,0
32542,2024,2,0
32542,2024,3,0
32542,2024,4,0
32548,2024,1,0
32548,2024,2,0
32548,2024,3,0
32548,2024,4,0
32550,2024,1,0
32550,2024,2,0
32550,2024,3,0
32550,2024,4,0
32561,2024,1,0
32561,2024,2,0
32561,2024,3,0
32561,2024,4,0
32569,2024,1,0
32569,2024,2,0
32569,2024,3,0
32569,2024,4,0
32579,2024,1,0
32579,2024,2,0
32579,2024,3,0
32579,2024,4,0
32581,2024,1,0
32581,2024,2,0
32581,2024,3,0
32581,2024,4,0
32598,2024,1,0
32598,2024,2,0
32598,2024,3,0
32598,2024,4,0
32607,2024,1,0
32607,2024,2,0
32607,2024,3,0
32607,2024,4,0
32626,2024,1,0
32626,2024,2,0
32626,2024,3,0
32626,2024,4,0
32636,2024,1,0
32636,2024,2,0
32636,2024,3,0
32636,2024,4,0
32643,2024,1,0
32643,2024,2,0
32643,2024,3,0
32643,2024,4,0
32661,2024,1,0
32661,2024,2,0
32661,2024,3,0
32661,2024,4,0
32667,2024,1,0
32667,2024,2,0
32667,2024,3,0
32667,2024,4,0
32676,2024,1,0
32676,2024,2,0
32676,2024,3,0
32676,2024,4,0
32685,2024,1,0
32685,2024,2,0
32685,2024,3,0
32685,2024,4,0
32688,2024,1,0
32688,2024,2,0
32688,2024,3,0
32688,2024,4,0
32705,2024,1,0
32705,2024,2,0
32705,2024,3,0
32705,2024,4,0
32719,2024,1,0
32719,2024,2,0
32719,2024,3,0
32719,2024,4,0
32723,2024,1,0
32723,2024,2,0
32723,2024,3,0
32723,2024,4,0
32729,2024,1,0
32729,2024,2,0
32729,2024,3,0
32729,2024,4,0
32751,2024,1,0
32751,2024,2,0
32751,2024,3,0
32751,2024,4,0
32754,2024,1,0
32754,2024,2,0
32754,2024,3,0
32754,2024,4,0
32780,2024,1,0
32780,2024,2,0
32780,2024,3,0
32780,2024,4,0
32789,2024,1,0
32789,2024,2,0
32789,2024,3,0
32789,2024,4,0
32793,2024,1,0
32793,2024,2,0
32793,2024,3,0
32793,2024,4,0
32801,2024,1,0
32801,2024,2,0
32801,2024,3,0
32801,2024,4,0
32809,2024,1,0
32809,2024,2,0
32809,2024,3,0
32809,2024,4,0
32814,2024,1,0
32814,2024,2,0
32814,2024,3,0
32814,2024,4,0
32822,2024,1,0
32822,2024,2,0
32822,2024,3,0
32822,2024,4,0
32824,2024,1,0
32824,2024,2,0
32824,2024,3,0
32824,2024,4,0
32839,2024,1,0
32839,2024,2,0
32839,2024,3,0
32839,2024,4,0
32840,2024,1,0
32840,2024,2,0
32840,2024,3,0
32840,2024,4,0
32847,2024,1,0
32847,2024,2,0
32847,2024,3,0
32847,2024,4,0
32853,2024,1,0
32853,2024,2,0
32853,2024,3,0
32853,2024,4,0
32854,2024,1,0
32854,2024,2,0
32854,2024,3,0
32854,2024,4,0
32856,2024,1,0
32856,2024,2,0
32856,2024,3,0
32856,2024,4,0
32857,2024,1,1
32857,2024,2,1
32857,2024,3,0
32857,2024,4,0
32858,2024,1,0
32858,2024,2,0
32858,2024,3,0
32858,2024,4,0
32863,2024,1,0
32863,2024,2,0
32863,2024,3,0
32863,2024,4,0
32864,2024,1,0
32864,2024,2,0
32864,2024,3,0
32864,2024,4,0
32868,2024,1,0
32868,2024,2,0
32868,2024,3,0
32868,2024,4,0
32883,2024,1,0
32883,2024,2,0
32883,2024,3,0
32883,2024,4,0
32885,2024,1,0
32885,2024,2,0
32885,2024,3,0
32885,2024,4,0
32891,2024,1,0
32891,2024,2,0
32891,2024,3,0
32891,2024,4,0
32896,2024,1,0
32896,2024,2,0
32896,2024,3,0
32896,2024,4,0
32899,2024,1,0
32899,2024,2,0
32899,2024,3,0
32899,2024,4,0
32903,2024,1,0
32903,2024,2,0
32903,2024,3,0
32903,2024,4,0
32908,2024,1,0
32908,2024,2,0
32908,2024,3,0
32908,2024,4,0
32917,2024,1,0
32917,2024,2,0
32917,2024,3,0
32917,2024,4,0
32920,2024,1,0
32920,2024,2,0
32920,2024,3,0
32920,2024,4,0
32930,2024,1,0
32930,2024,2,0
32930,2024,3,0
32930,2024,4,0
32944,2024,1,0
32944,2024,2,0
32944,2024,3,0
32944,2024,4,0
32947,2024,1,0
32947,2024,2,0
32947,2024,3,0
32947,2024,4,0
32949,2024,1,0
32949,2024,2,0
32949,2024,3,0
32949,2024,4,0
32952,2024,1,0
32952,2024,2,0
32952,2024,3,0
32952,2024,4,0
32969,2024,1,0
32969,2024,2,0
32969,2024,3,0
32969,2024,4,0
32984,2024,1,0
32984,2024,2,0
32984,2024,3,0
32984,2024,4,0
32993,2024,1,0
32993,2024,2,0
32993,2024,3,0
32993,2024,4,0
34006,2024,1,0
34006,2024,2,0
34006,2024,3,0
34006,2024,4,0
34008,2024,1,0
34008,2024,2,0
34008,2024,3,0
34008,2024,4,0
34014,2024,1,0
34014,2024,2,0
34014,2024,3,0
34014,2024,4,0
34015,2024,1,0
34015,2024,2,0
34015,2024,3,0
34015,2024,4,0
34023,2024,1,0
34023,2024,2,0
34023,2024,3,0
34023,2024,4,0
34029,2024,1,0
34029,2024,2,0
34029,2024,3,0
34029,2024,4,0
34034,2024,1,0
34034,2024,2,0
34034,2024,3,0
34034,2024,4,0
34035,2024,1,0
34035,2024,2,0
34035,2024,3,0
34035,2024,4,0
34040,2024,1,0
34040,2024,2,0
34040,2024,3,0
34040,2024,4,0
34046,2024,1,0
34046,2024,2,0
34046,2024,3,0
34046,2024,4,0
34052,2024,1,0
34052,2024,2,0
34052,2024,3,0
34052,2024,4,0
34060,2024,1,0
34060,2024,2,0
34060,2024,3,0
34060,2024,4,0
34066,2024,1,0
34066,2024,2,0
34066,2024,3,0
34066,2024,4,0
34077,2024,1,0
34077,2024,2,0
34077,2024,3,0
34077,2024,4,0
34098,2024,1,0
34098,2024,2,0
34098,2024,3,0
34098,2024,4,0
34101,2024,1,0
34101,2024,2,0
34101,2024,3,0
34101,2024,4,0
34104,2024,1,0
34104,2024,2,0
34104,2024,3,0
34104,2024,4,0
34113,2024,1,0
34113,2024,2,0
34113,2024,3,0
34113,2024,4,0
34120,2024,1,0
34120,2024,2,0
34120,2024,3,0
34120,2024,4,0
34125,2024,1,0
34125,2024,2,0
34125,2024,3,0
34125,2024,4,0
34126,2024,1,0
34126,2024,2,0
34126,2024,3,0
34126,2024,4,0
34133,2024,1,0
34133,2024,2,0
34133,2024,3,0
34133,2024,4,0
34136,2024,1,0
34136,2024,2,0
34136,2024,3,0
34136,2024,4,0
34142,2024,1,0
34142,2024,2,0
34142,2024,3,0
34142,2024,4,0
34145,2024,1,0
34145,2024,2,0
34145,2024,3,0
34145,2024,4,0
34152,2024,1,0
34152,2024,2,0
34152,2024,3,0
34152,2024,4,0
34189,2024,1,0
34189,2024,2,0
34189,2024,3,0
34189,2024,4,0
34198,2024,1,0
34198,2024,2,0
34198,2024,3,0
34198,2024,4,0
34206,2024,1,0
34206,2024,2,0
34206,2024,3,0
34206,2024,4,0
34209,2024,1,0
34209,2024,2,0
34209,2024,3,0
34209,2024,4,0
34214,2024,1,0
34214,2024,2,0
34214,2024,3,0
34214,2024,4,0
34215,2024,1,0
34215,2024,2,0
34215,2024,3,0
34215,2024,4,0
34219,2024,1,0
34219,2024,2,0
34219,2024,3,0
34219,2024,4,0
34235,2024,1,0
34235,2024,2,0
34235,2024,3,0
34235,2024,4,0
34263,2024,1,0
34263,2024,2,0
34263,2024,3,0
34263,2024,4,0
34264,2024,1,0
34264,2024,2,0
34264,2024,3,0
34264,2024,4,0
34270,2024,1,0
34270,2024,2,0
34270,2024,3,0
34270,2024,4,0
34271,2024,1,0
34271,2024,2,0
34271,2024,3,0
34271,2024,4,0
34274,2024,1,0
34274,2024,2,0
34274,2024,3,0
34274,2024,4,0
34292,2024,1,0
34292,2024,2,0
34292,2024,3,0
34292,2024,4,0
34297,2024,1,0
34297,2024,2,0
34297,2024,3,0
34297,2024,4,0
34301,2024,1,0
34301,2024,2,0
34301,2024,3,0
34301,2024,4,0
34305,2024,1,0
34305,2024,2,0
34305,2024,3,0
34305,2024,4,0
34311,2024,1,0
34311,2024,2,0
34311,2024,3,0
34311,2024,4,0
34325,2024,1,0
34325,2024,2,0
34325,2024,3,0
34325,2024,4,0
34334,2024,1,0
34334,2024,2,0
34334,2024,3,0
34334,2024,4,0
34335,2024,1,0
34335,2024,2,0
34335,2024,3,0
34335,2024,4,0
34340,2024,1,0
34340,2024,2,0
34340,2024,3,0
34340,2024,4,0
34345,2024,1,0
34345,2024,2,0
34345,2024,3,0
34345,2024,4,0
34346,2024,1,0
34346,2024,2,0
34346,2024,3,0
34346,2024,4,0
34348,2024,1,0
34348,2024,2,0
34348,2024,3,0
34348,2024,4,0
34351,2024,1,0
34351,2024,2,0
34351,2024,3,0
34351,2024,4,0
34354,2024,1,0
34354,2024,2,0
34354,2024,3,0
34354,2024,4,0
34356,2024,1,0
34356,2024,2,0
34356,2024,3,0
34356,2024,4,0
34361,2024,1,0
34361,2024,2,0
34361,2024,3,0
34361,2024,4,0
34367,2024,1,0
34367,2024,2,0
34367,2024,3,0
34367,2024,4,0
34375,2024,1,0
34375,2024,2,0
34375,2024,3,0
34375,2024,4,0
34377,2024,1,0
34377,2024,2,0
34377,2024,3,0
34377,2024,4,0
34378,2024,1,0
34378,2024,2,0
34378,2024,3,0
34378,2024,4,0
34386,2024,1,0
34386,2024,2,0
34386,2024,3,0
34386,2024,4,0
34392,2024,1,0
34392,2024,2,0
34392,2024,3,0
34392,2024,4,0
34424,2024,1,0
34424,2024,2,0
34424,2024,3,0
34424,2024,4,0
34436,2024,1,0
34436,2024,2,0
34436,2024,3,0
34436,2024,4,0
34438,2024,1,0
34438,2024,2,0
34438,2024,3,0
34438,2024,4,0
34445,2024,1,0
34445,2024,2,0
34445,2024,3,0
34445,2024,4,0
34458,2024,1,0
34458,2024,2,0
34458,2024,3,0
34458,2024,4,0
34465,2024,1,0
34465,2024,2,0
34465,2024,3,0
34465,2024,4,0
34482,2024,1,0
34482,2024,2,0
34482,2024,3,0
34482,2024,4,0
34485,2024,1,0
34485,2024,2,0
34485,2024,3,0
34485,2024,4,0
34487,2024,1,0
34487,2024,2,0
34487,2024,3,0
34487,2024,4,0
34491,2024,1,0
34491,2024,2,0
34491,2024,3,0
34491,2024,4,0
34509,2024,1,0
34509,2024,2,0
34509,2024,3,0
34509,2024,4,0
34513,2024,1,0
34513,2024,2,0
34513,2024,3,0
34513,2024,4,0
34517,2024,1,0
34517,2024,2,0
34517,2024,3,0
34517,2024,4,0
34522,2024,1,0
34522,2024,2,0
34522,2024,3,0
34522,2024,4,0
34523,2024,1,0
34523,2024,2,0
34523,2024,3,0
34523,2024,4,0
34546,2024,1,0
34546,2024,2,0
34546,2024,3,0
34546,2024,4,0
34549,2024,1,0
34549,2024,2,0
34549,2024,3,0
34549,2024,4,0
34556,2024,1,0
34556,2024,2,0
34556,2024,3,0
34556,2024,4,0
34558,2024,1,0
34558,2024,2,0
34558,2024,3,0
34558,2024,4,0
34560,2024,1,0
34560,2024,2,0
34560,2024,3,0
34560,2024,4,0
34566,2024,1,0
34566,2024,2,0
34566,2024,3,0
34566,2024,4,0
34569,2024,1,0
34569,2024,2,0
34569,2024,3,0
34569,2024,4,0
34582,2024,1,0
34582,2024,2,0
34582,2024,3,0
34582,2024,4,0
34584,2024,1,0
34584,2024,2,0
34584,2024,3,0
34584,2024,4,0
34592,2024,1,0
34592,2024,2,0
34592,2024,3,0
34592,2024,4,0
34597,2024,1,0
34597,2024,2,0
34597,2024,3,0
34597,2024,4,0
34629,2024,1,0
34629,2024,2,0
34629,2024,3,0
34629,2024,4,0
34643,2024,1,0
34643,2024,2,0
34643,2024,3,0
34643,2024,4,0
34659,2024,1,0
34659,2024,2,0
34659,2024,3,0
34659,2024,4,0
34666,2024,1,0
34666,2024,2,0
34666,2024,3,0
34666,2024,4,0
34673,2024,1,0
34673,2024,2,0
34673,2024,3,0
34673,2024,4,0
34675,2024,1,0
34675,2024,2,0
34675,2024,3,0
34675,2024,4,0
34683,2024,1,0
34683,2024,2,0
34683,2024,3,0
34683,2024,4,0
34690,2024,1,0
34690,2024,2,0
34690,2024,3,0
34690,2024,4,0
34691,2024,1,0
34691,2024,2,0
34691,2024,3,0
34691,2024,4,0
34708,2024,1,0
34708,2024,2,0
34708,2024,3,0
34708,2024,4,0
34714,2024,1,0
34714,2024,2,0
34714,2024,3,0
34714,2024,4,0
34724,2024,1,0
34724,2024,2,0
34724,2024,3,0
34724,2024,4,0
34726,2024,1,0
34726,2024,2,0
34726,2024,3,0
34726,2024,4,0
34728,2024,1,0
34728,2024,2,0
34728,2024,3,0
34728,2024,4,0
34734,2024,1,0
34734,2024,2,0
34734,2024,3,0
34734,2024,4,0
34737,2024,1,0
34737,2024,2,0
34737,2024,3,0
34737,2024,4,0
34738,2024,1,0
34738,2024,2,0
34738,2024,3,0
34738,2024,4,0
34764,2024,1,0
34764,2024,2,0
34764,2024,3,0
34764,2024,4,0
34772,2024,1,0
34772,2024,2,0
34772,2024,3,0
34772,2024,4,0
34774,2024,1,0
34774,2024,2,0
34774,2024,3,0
34774,2024,4,0
34782,2024,1,0
34782,2024,2,0
34782,2024,3,0
34782,2024,4,0
34783,2024,1,0
34783,2024,2,0
34783,2024,3,0
34783,2024,4,0
34786,2024,1,0
34786,2024,2,0
34786,2024,3,0
34786,2024,4,0
34788,2024,1,0
34788,2024,2,0
34788,2024,3,0
34788,2024,4,0
34796,2024,1,0
34796,2024,2,0
34796,2024,3,0
34796,2024,4,0
34802,2024,1,0
34802,2024,2,0
34802,2024,3,0
34802,2024,4,0
34808,2024,1,0
34808,2024,2,0
34808,2024,3,0
34808,2024,4,0
34819,2024,1,0
34819,2024,2,0
34819,2024,3,0
34819,2024,4,0
34834,2024,1,0
34834,2024,2,0
34834,2024,3,0
34834,2024,4,0
34835,2024,1,0
34835,2024,2,0
34835,2024,3,0
34835,2024,4,0
34837,2024,1,0
34837,2024,2,0
34837,2024,3,0
34837,2024,4,0
34838,2024,1,0
34838,2024,2,0
34838,2024,3,0
34838,2024,4,0
34846,2024,1,0
34846,2024,2,0
34846,2024,3,0
34846,2024,4,0
34852,2024,1,0
34852,2024,2,0
34852,2024,3,0
34852,2024,4,0
34861,2024,1,0
34861,2024,2,0
34861,2024,3,0
34861,2024,4,0
34884,2024,1,0
34884,2024,2,0
34884,2024,3,0
34884,2024,4,0
34889,2024,1,0
34889,2024,2,0
34889,2024,3,0
34889,2024,4,0
34901,2024,1,0
34901,2024,2,0
34901,2024,3,0
34901,2024,4,0
34902,2024,1,0
34902,2024,2,0
34902,2024,3,0
34902,2024,4,0
34908,2024,1,0
34908,2024,2,0
34908,2024,3,0
34908,2024,4,0
34910,2024,1,0
34910,2024,2,0
34910,2024,3,0
34910,2024,4,0
34920,2024,1,0
34920,2024,2,0
34920,2024,3,0
34920,2024,4,0
34921,2024,1,0
34921,2024,2,0
34921,2024,3,0
34921,2024,4,0
34930,2024,1,0
34930,2024,2,0
34930,2024,3,0
34930,2024,4,0
34931,2024,1,0
34931,2024,2,0
34931,2024,3,0
34931,2024,4,0
34932,2024,1,0
34932,2024,2,0
34932,2024,3,0
34932,2024,4,0
34936,2024,1,0
34936,2024,2,0
34936,2024,3,0
34936,2024,4,0
34939,2024,1,0
34939,2024,2,0
34939,2024,3,0
34939,2024,4,0
34956,2024,1,0
34956,2024,2,0
34956,2024,3,0
34956,2024,4,0
34958,2024,1,0
34958,2024,2,0
34958,2024,3,0
34958,2024,4,0
34975,2024,1,0
34975,2024,2,0
34975,2024,3,0
34975,2024,4,0
34979,2024,1,0
34979,2024,2,0
34979,2024,3,0
34979,2024,4,0
34984,2024,1,0
34984,2024,2,0
34984,2024,3,0
34984,2024,4,0
34990,2024,1,0
34990,2024,2,0
34990,2024,3,0
34990,2024,4,0
35000,2024,1,0
35000,2024,2,0
35000,2024,3,0
35000,2024,4,0
35004,2024,1,0
35004,2024,2,0
35004,2024,3,0
35004,2024,4,0
35007,2024,1,0
35007,2024,2,0
35007,2024,3,0
35007,2024,4,0
35010,2024,1,0
35010,2024,2,0
35010,2024,3,0
35010,2024,4,0
35012,2024,1,0
35012,2024,2,0
35012,2024,3,0
35012,2024,4,0
35013,2024,1,0
35013,2024,2,0
35013,2024,3,0
35013,2024,4,0
35029,2024,1,0
35029,2024,2,0
35029,2024,3,0
35029,2024,4,0
35037,2024,1,0
35037,2024,2,0
35037,2024,3,0
35037,2024,4,0
35039,2024,1,0
35039,2024,2,0
35039,2024,3,0
35039,2024,4,0
35051,2024,1,0
35051,2024,2,0
35051,2024,3,0
35051,2024,4,0
35059,2024,1,0
35059,2024,2,0
35059,2024,3,0
35059,2024,4,0
35064,2024,1,0
35064,2024,2,0
35064,2024,3,0
35064,2024,4,0
35069,2024,1,0
35069,2024,2,0
35069,2024,3,0
35069,2024,4,0
35084,2024,1,0
35084,2024,2,0
35084,2024,3,0
35084,2024,4,0
35088,2024,1,0
35088,2024,2,0
35088,2024,3,0
35088,2024,4,0
35113,2024,1,0
35113,2024,2,0
35113,2024,3,0
35113,2024,4,0
35125,2024,1,0
35125,2024,2,0
35125,2024,3,0
35125,2024,4,0
35126,2024,1,0
35126,2024,2,0
35126,2024,3,0
35126,2024,4,0
35127,2024,1,0
35127,2024,2,0
35127,2024,3,0
35127,2024,4,0
35137,2024,1,0
35137,2024,2,0
35137,2024,3,0
35137,2024,4,0
35141,2024,1,0
35141,2024,2,0
35141,2024,3,0
35141,2024,4,0
35157,2024,1,0
35157,2024,2,0
35157,2024,3,0
35157,2024,4,0
35158,2024,1,0
35158,2024,2,0
35158,2024,3,0
35158,2024,4,0
35159,2024,1,0
35159,2024,2,0
35159,2024,3,0
35159,2024,4,0
35168,2024,1,0
35168,2024,2,0
35168,2024,3,0
35168,2024,4,0
35170,2024,1,0
35170,2024,2,0
35170,2024,3,0
35170,2024,4,0
35172,2024,1,0
35172,2024,2,0
35172,2024,3,0
35172,2024,4,0
35181,2024,1,0
35181,2024,2,0
35181,2024,3,0
35181,2024,4,0
35186,2024,1,0
35186,2024,2,0
35186,2024,3,0
35186,2024,4,0
35188,2024,1,0
35188,2024,2,0
35188,2024,3,0
35188,2024,4,0
35191,2024,1,0
35191,2024,2,0
35191,2024,3,0
35191,2024,4,0
35209,2024,1,0
35209,2024,2,0
35209,2024,3,0
35209,2024,4,0
35211,2024,1,0
35211,2024,2,0
35211,2024,3,0
35211,2024,4,0
35214,2024,1,0
35214,2024,2,0
35214,2024,3,0
35214,2024,4,0
35230,2024,1,0
35230,2024,2,0
35230,2024,3,0
35230,2024,4,0
35251,2024,1,0
35251,2024,2,0
35251,2024,3,0
35251,2024,4,0
35268,2024,1,0
35268,2024,2,0
35268,2024,3,0
35268,2024,4,0
35271,2024,1,0
35271,2024,2,0
35271,2024,3,0
35271,2024,4,0
35275,2024,1,0
35275,2024,2,0
35275,2024,3,0
35275,2024,4,0
35278,2024,1,0
35278,2024,2,0
35278,2024,3,0
35278,2024,4,0
35300,2024,1,0
35300,2024,2,0
35300,2024,3,0
35300,2024,4,0
35313,2024,1,0
35313,2024,2,0
35313,2024,3,0
35313,2024,4,0
35323,2024,1,0
35323,2024,2,0
35323,2024,3,0
35323,2024,4,0
35329,2024,1,0
35329,2024,2,0
35329,2024,3,0
35329,2024,4,0
35339,2024,1,0
35339,2024,2,0
35339,2024,3,0
35339,2024,4,0
35344,2024,1,0
35344,2024,2,0
35344,2024,3,0
35344,2024,4,0
35356,2024,1,0
35356,2024,2,0
35356,2024,3,0
35356,2024,4,0
35366,2024,1,0
35366,2024,2,0
35366,2024,3,0
35366,2024,4,0
35367,2024,1,0
35367,2024,2,0
35367,2024,3,0
35367,2024,4,0
35370,2024,1,0
35370,2024,2,0
35370,2024,3,0
35370,2024,4,0
35372,2024,1,0
35372,2024,2,0
35372,2024,3,0
35372,2024,4,0
35374,2024,1,0
35374,2024,2,0
35374,2024,3,0
35374,2024,4,0
35375,2024,1,0
35375,2024,2,0
35375,2024,3,0
35375,2024,4,0
35385,2024,1,0
35385,2024,2,0
35385,2024,3,0
35385,2024,4,0
35387,2024,1,0
35387,2024,2,0
35387,2024,3,0
35387,2024,4,0
35404,2024,1,0
35404,2024,2,0
35404,2024,3,0
35404,2024,4,0
35413,2024,1,0
35413,2024,2,0
35413,2024,3,0
35413,2024,4,0
35414,2024,1,0
35414,2024,2,0
35414,2024,3,0
35414,2024,4,0
35416,2024,1,0
35416,2024,2,0
35416,2024,3,0
35416,2024,4,0
35426,2024,1,0
35426,2024,2,0
35426,2024,3,0
35426,2024,4,0
35429,2024,1,0
35429,2024,2,0
35429,2024,3,0
35429,2024,4,0
35431,2024,1,0
35431,2024,2,0
35431,2024,3,0
35431,2024,4,0
35434,2024,1,0
35434,2024,2,0
35434,2024,3,0
35434,2024,4,0
35437,2024,1,0
35437,2024,2,0
35437,2024,3,0
35437,2024,4,0
35439,2024,1,0
35439,2024,2,0
35439,2024,3,0
35439,2024,4,0
35440,2024,1,0
35440,2024,2,0
35440,2024,3,0
35440,2024,4,0
35458,2024,1,0
35458,2024,2,0
35458,2024,3,0
35458,2024,4,0
35462,2024,1,0
35462,2024,2,0
35462,2024,3,0
35462,2024,4,0
35477,2024,1,0
35477,2024,2,0
35477,2024,3,0
35477,2024,4,0
35479,2024,1,0
35479,2024,2,0
35479,2024,3,0
35479,2024,4,0
35480,2024,1,0
35480,2024,2,0
35480,2024,3,0
35480,2024,4,0
35493,2024,1,0
35493,2024,2,0
35493,2024,3,0
35493,2024,4,0
35515,2024,1,0
35515,2024,2,0
35515,2024,3,0
35515,2024,4,0
35516,2024,1,0
35516,2024,2,0
35516,2024,3,0
35516,2024,4,0
35519,2024,1,0
35519,2024,2,0
35519,2024,3,0
35519,2024,4,0
35523,2024,1,0
35523,2024,2,0
35523,2024,3,0
35523,2024,4,0
35530,2024,1,0
35530,2024,2,0
35530,2024,3,0
35530,2024,4,0
35550,2024,1,0
35550,2024,2,0
35550,2024,3,0
35550,2024,4,0
35551,2024,1,0
35551,2024,2,0
35551,2024,3,0
35551,2024,4,0
35557,2024,1,0
35557,2024,2,0
35557,2024,3,0
35557,2024,4,0
35558,2024,1,0
35558,2024,2,0
35558,2024,3,0
35558,2024,4,0
35560,2024,1,0
35560,2024,2,0
35560,2024,3,0
35560,2024,4,0
35564,2024,1,0
35564,2024,2,0
35564,2024,3,0
35564,2024,4,0
35567,2024,1,0
35567,2024,2,0
35567,2024,3,0
35567,2024,4,0
35569,2024,1,0
35569,2024,2,0
35569,2024,3,0
35569,2024,4,0
35581,2024,1,0
35581,2024,2,0
35581,2024,3,0
35581,2024,4,0
35586,2024,1,0
35586,2024,2,0
35586,2024,3,0
35586,2024,4,0
35590,2024,1,0
35590,2024,2,0
35590,2024,3,0
35590,2024,4,0
35597,2024,1,0
35597,2024,2,0
35597,2024,3,0
35597,2024,4,0
35598,2024,1,0
35598,2024,2,0
35598,2024,3,0
35598,2024,4,0
35599,2024,1,0
35599,2024,2,0
35599,2024,3,0
35599,2024,4,0
35605,2024,1,0
35605,2024,2,0
35605,2024,3,0
35605,2024,4,0
35637,2024,1,0
35637,2024,2,0
35637,2024,3,0
35637,2024,4,0
35640,2024,1,0
35640,2024,2,0
35640,2024,3,0
35640,2024,4,0
35647,2024,1,0
35647,2024,2,0
35647,2024,3,0
35647,2024,4,0
35649,2024,1,0
35649,2024,2,0
35649,2024,3,0
35649,2024,4,0
35676,2024,1,0
35676,2024,2,0
35676,2024,3,0
35676,2024,4,0
35677,2024,1,0
35677,2024,2,0
35677,2024,3,0
35677,2024,4,0
35681,2024,1,0
35681,2024,2,0
35681,2024,3,0
35681,2024,4,0
35692,2024,1,0
35692,2024,2,0
35692,2024,3,0
35692,2024,4,0
35693,2024,1,0
35693,2024,2,0
35693,2024,3,0
35693,2024,4,0
35698,2024,1,0
35698,2024,2,0
35698,2024,3,0
35698,2024,4,0
35701,2024,1,0
35701,2024,2,0
35701,2024,3,0
35701,2024,4,0
35707,2024,1,0
35707,2024,2,0
35707,2024,3,0
35707,2024,4,0
35729,2024,1,0
35729,2024,2,0
35729,2024,3,0
35729,2024,4,0
35739,2024,1,0
35739,2024,2,0
35739,2024,3,0
35739,2024,4,0
35743,2024,1,0
35743,2024,2,0
35743,2024,3,0
35743,2024,4,0
35747,2024,1,0
35747,2024,2,0
35747,2024,3,0
35747,2024,4,0
35749,2024,1,0
35749,2024,2,0
35749,2024,3,0
35749,2024,4,0
35752,2024,1,0
35752,2024,2,0
35752,2024,3,0
35752,2024,4,0
35757,2024,1,0
35757,2024,2,0
35757,2024,3,0
35757,2024,4,0
35764,2024,1,0
35764,2024,2,0
35764,2024,3,0
35764,2024,4,0
35770,2024,1,0
35770,2024,2,0
35770,2024,3,0
35770,2024,4,0
35774,2024,1,0
35774,2024,2,0
35774,2024,3,0
35774,2024,4,0
35785,2024,1,0
35785,2024,2,0
35785,2024,3,0
35785,2024,4,0
35800,2024,1,0
35800,2024,2,0
35800,2024,3,0
35800,2024,4,0
35806,2024,1,0
35806,2024,2,0
35806,2024,3,0
35806,2024,4,0
35807,2024,1,0
35807,2024,2,0
35807,2024,3,0
35807,2024,4,0
35816,2024,1,0
35816,2024,2,0
35816,2024,3,0
35816,2024,4,0
35818,2024,1,0
35818,2024,2,0
35818,2024,3,0
35818,2024,4,0
35827,2024,1,0
35827,2024,2,0
35827,2024,3,0
35827,2024,4,0
35860,2024,1,0
35860,2024,2,0
35860,2024,3,0
35860,2024,4,0
35865,2024,1,0
35865,2024,2,0
35865,2024,3,0
35865,2024,4,0
35870,2024,1,0
35870,2024,2,0
35870,2024,3,0
35870,2024,4,0
35872,2024,1,0
35872,2024,2,0
35872,2024,3,0
35872,2024,4,0
35873,2024,1,0
35873,2024,2,0
35873,2024,3,0
35873,2024,4,0
35874,2024,1,0
35874,2024,2,0
35874,2024,3,0
35874,2024,4,0
35878,2024,1,0
35878,2024,2,0
35878,2024,3,0
35878,2024,4,0
35882,2024,1,0
35882,2024,2,0
35882,2024,3,0
35882,2024,4,0
35883,2024,1,0
35883,2024,2,0
35883,2024,3,0
35883,2024,4,0
35884,2024,1,0
35884,2024,2,0
35884,2024,3,0
35884,2024,4,0
35885,2024,1,0
35885,2024,2,0
35885,2024,3,0
35885,2024,4,0
35892,2024,1,0
35892,2024,2,0
35892,2024,3,0
35892,2024,4,0
35897,2024,1,0
35897,2024,2,0
35897,2024,3,0
35897,2024,4,0
35899,2024,1,0
35899,2024,2,0
35899,2024,3,0
35899,2024,4,0
35903,2024,1,0
35903,2024,2,0
35903,2024,3,0
35903,2024,4,0
35920,2024,1,0
35920,2024,2,0
35920,2024,3,0
35920,2024,4,0
35924,2024,1,0
35924,2024,2,0
35924,2024,3,0
35924,2024,4,0
35936,2024,1,0
35936,2024,2,0
35936,2024,3,0
35936,2024,4,0
35951,2024,1,0
35951,2024,2,0
35951,2024,3,0
35951,2024,4,0
35959,2024,1,0
35959,2024,2,0
35959,2024,3,0
35959,2024,4,0
35962,2024,1,0
35962,2024,2,0
35962,2024,3,0
35962,2024,4,0
35970,2024,1,0
35970,2024,2,0
35970,2024,3,0
35970,2024,4,0
35975,2024,1,0
35975,2024,2,0
35975,2024,3,0
35975,2024,4,0
35982,2024,1,0
35982,2024,2,0
35982,2024,3,0
35982,2024,4,0
35983,2024,1,0
35983,2024,2,0
35983,2024,3,0
35983,2024,4,0
35995,2024,1,0
35995,2024,2,0
35995,2024,3,0
35995,2024,4,0
36008,2024,1,0
36008,2024,2,0
36008,2024,3,0
36008,2024,4,0
36011,2024,1,0
36011,2024,2,0
36011,2024,3,0
36011,2024,4,0
36018,2024,1,0
36018,2024,2,0
36018,2024,3,0
36018,2024,4,0
36019,2024,1,0
36019,2024,2,0
36019,2024,3,0
36019,2024,4,0
36038,2024,1,0
36038,2024,2,0
36038,2024,3,0
36038,2024,4,0
36040,2024,1,0
36040,2024,2,0
36040,2024,3,0
36040,2024,4,0
36056,2024,1,0
36056,2024,2,0
36056,2024,3,0
36056,2024,4,0
36061,2024,1,0
36061,2024,2,0
36061,2024,3,0
36061,2024,4,0
36064,2024,1,0
36064,2024,2,0
36064,2024,3,0
36064,2024,4,0
36081,2024,1,0
36081,2024,2,0
36081,2024,3,0
36081,2024,4,0
36100,2024,1,0
36100,2024,2,0
36100,2024,3,0
36100,2024,4,0
36102,2024,1,0
36102,2024,2,0
36102,2024,3,0
36102,2024,4,0
36104,2024,1,0
36104,2024,2,0
36104,2024,3,0
36104,2024,4,0
36110,2024,1,0
36110,2024,2,0
36110,2024,3,0
36110,2024,4,0
36129,2024,1,0
36129,2024,2,0
36129,2024,3,0
36129,2024,4,0
36134,2024,1,0
36134,2024,2,0
36134,2024,3,0
36134,2024,4,0
36138,2024,1,0
36138,2024,2,0
36138,2024,3,0
36138,2024,4,0
36156,2024,1,0
36156,2024,2,0
36156,2024,3,0
36156,2024,4,0
36158,2024,1,0
36158,2024,2,0
36158,2024,3,0
36158,2024,4,0
36159,2024,1,0
36159,2024,2,0
36159,2024,3,0
36159,2024,4,0
36183,2024,1,0
36183,2024,2,0
36183,2024,3,0
36183,2024,4,0
36185,2024,1,0
36185,2024,2,0
36185,2024,3,0
36185,2024,4,0
36190,2024,1,0
36190,2024,2,0
36190,2024,3,0
36190,2024,4,0
36204,2024,1,0
36204,2024,2,0
36204,2024,3,0
36204,2024,4,0
36214,2024,1,0
36214,2024,2,0
36214,2024,3,0
36214,2024,4,0
36216,2024,1,0
36216,2024,2,0
36216,2024,3,0
36216,2024,4,0
36224,2024,1,0
36224,2024,2,0
36224,2024,3,0
36224,2024,4,0
36235,2024,1,0
36235,2024,2,0
36235,2024,3,0
36235,2024,4,0
36240,2024,1,0
36240,2024,2,0
36240,2024,3,0
36240,2024,4,0
36249,2024,1,0
36249,2024,2,0
36249,2024,3,0
36249,2024,4,0
36250,2024,1,0
36250,2024,2,0
36250,2024,3,0
36250,2024,4,0
36260,2024,1,0
36260,2024,2,0
36260,2024,3,0
36260,2024,4,0
36261,2024,1,0
36261,2024,2,0
36261,2024,3,0
36261,2024,4,0
36265,2024,1,0
36265,2024,2,0
36265,2024,3,0
36265,2024,4,0
36271,2024,1,0
36271,2024,2,0
36271,2024,3,0
36271,2024,4,0
36273,2024,1,0
36273,2024,2,0
36273,2024,3,0
36273,2024,4,0
36275,2024,1,0
36275,2024,2,0
36275,2024,3,0
36275,2024,4,0
36279,2024,1,0
36279,2024,2,0
36279,2024,3,0
36279,2024,4,0
36284,2024,1,0
36284,2024,2,0
36284,2024,3,0
36284,2024,4,0
36292,2024,1,0
36292,2024,2,0
36292,2024,3,0
36292,2024,4,0
36305,2024,1,0
36305,2024,2,0
36305,2024,3,0
36305,2024,4,0
36317,2024,1,1
36317,2024,2,1
36317,2024,3,0
36317,2024,4,0
36328,2024,1,0
36328,2024,2,0
36328,2024,3,0
36328,2024,4,0
36336,2024,1,0
36336,2024,2,0
36336,2024,3,0
36336,2024,4,0
36348,2024,1,0
36348,2024,2,0
36348,2024,3,0
36348,2024,4,0
36350,2024,1,0
36350,2024,2,0
36350,2024,3,0
36350,2024,4,0
36352,2024,1,0
36352,2024,2,0
36352,2024,3,0
36352,2024,4,0
36353,2024,1,0
36353,2024,2,0
36353,2024,3,0
36353,2024,4,0
36356,2024,1,0
36356,2024,2,0
36356,2024,3,0
36356,2024,4,0
36358,2024,1,0
36358,2024,2,0
36358,2024,3,0
36358,2024,4,0
36364,2024,1,0
36364,2024,2,0
36364,2024,3,0
36364,2024,4,0
36370,2024,1,0
36370,2024,2,0
36370,2024,3,0
36370,2024,4,0
36371,2024,1,0
36371,2024,2,0
36371,2024,3,0
36371,2024,4,0
36389,2024,1,0
36389,2024,2,0
36389,2024,3,0
36389,2024,4,0
36391,2024,1,0
36391,2024,2,0
36391,2024,3,0
36391,2024,4,0
36425,2024,1,0
36425,2024,2,0
36425,2024,3,0
36425,2024,4,0
36439,2024,1,0
36439,2024,2,0
36439,2024,3,0
36439,2024,4,0
36440,2024,1,0
36440,2024,2,0
36440,2024,3,0
36440,2024,4,0
36445,2024,1,0
36445,2024,2,0
36445,2024,3,0
36445,2024,4,0
36449,2024,1,0
36449,2024,2,0
36449,2024,3,0
36449,2024,4,0
36450,2024,1,0
36450,2024,2,0
36450,2024,3,0
36450,2024,4,0
36453,2024,1,0
36453,2024,2,0
36453,2024,3,0
36453,2024,4,0
36459,2024,1,0
36459,2024,2,0
36459,2024,3,0
36459,2024,4,0
36479,2024,1,0
36479,2024,2,0
36479,2024,3,0
36479,2024,4,0
36480,2024,1,0
36480,2024,2,0
36480,2024,3,0
36480,2024,4,0
36496,2024,1,0
36496,2024,2,0
36496,2024,3,0
36496,2024,4,0
36522,2024,1,0
36522,2024,2,0
36522,2024,3,0
36522,2024,4,0
36525,2024,1,0
36525,2024,2,0
36525,2024,3,0
36525,2024,4,0
36543,2024,1,0
36543,2024,2,0
36543,2024,3,0
36543,2024,4,0
36545,2024,1,0
36545,2024,2,0
36545,2024,3,0
36545,2024,4,0
36574,2024,1,0
36574,2024,2,0
36574,2024,3,0
36574,2024,4,0
36593,2024,1,0
36593,2024,2,0
36593,2024,3,0
36593,2024,4,0
36597,2024,1,0
36597,2024,2,0
36597,2024,3,0
36597,2024,4,0
36617,2024,1,0
36617,2024,2,0
36617,2024,3,0
36617,2024,4,0
36619,2024,1,0
36619,2024,2,0
36619,2024,3,0
36619,2024,4,0
36631,2024,1,0
36631,2024,2,0
36631,2024,3,0
36631,2024,4,0
36637,2024,1,0
36637,2024,2,0
36637,2024,3,0
36637,2024,4,0
36639,2024,1,0
36639,2024,2,0
36639,2024,3,0
36639,2024,4,0
36640,2024,1,0
36640,2024,2,0
36640,2024,3,0
36640,2024,4,0
36646,2024,1,0
36646,2024,2,0
36646,2024,3,0
36646,2024,4,0
36668,2024,1,0
36668,2024,2,0
36668,2024,3,0
36668,2024,4,0
36671,2024,1,0
36671,2024,2,0
36671,2024,3,0
36671,2024,4,0
36691,2024,1,0
36691,2024,2,0
36691,2024,3,0
36691,2024,4,0
36693,2024,1,0
36693,2024,2,0
36693,2024,3,0
36693,2024,4,0
36699,2024,1,0
36699,2024,2,0
36699,2024,3,0
36699,2024,4,0
36711,2024,1,0
36711,2024,2,0
36711,2024,3,0
36711,2024,4,0
36746,2024,1,0
36746,2024,2,0
36746,2024,3,0
36746,2024,4,0
36750,2024,1,0
36750,2024,2,0
36750,2024,3,0
36750,2024,4,0
36760,2024,1,0
36760,2024,2,0
36760,2024,3,0
36760,2024,4,0
36761,2024,1,0
36761,2024,2,0
36761,2024,3,0
36761,2024,4,0
36764,2024,1,0
36764,2024,2,0
36764,2024,3,0
36764,2024,4,0
36784,2024,1,0
36784,2024,2,0
36784,2024,3,0
36784,2024,4,0
36793,2024,1,0
36793,2024,2,0
36793,2024,3,0
36793,2024,4,0
36794,2024,1,0
36794,2024,2,0
36794,2024,3,0
36794,2024,4,0
36803,2024,1,1
36803,2024,2,1
36803,2024,3,0
36803,2024,4,0
36809,2024,1,0
36809,2024,2,0
36809,2024,3,0
36809,2024,4,0
36812,2024,1,0
36812,2024,2,0
36812,2024,3,0
36812,2024,4,0
36813,2024,1,0
36813,2024,2,0
36813,2024,3,0
36813,2024,4,0
36814,2024,1,0
36814,2024,2,0
36814,2024,3,0
36814,2024,4,0
36822,2024,1,0
36822,2024,2,0
36822,2024,3,0
36822,2024,4,0
36825,2024,1,0
36825,2024,2,0
36825,2024,3,0
36825,2024,4,0
36831,2024,1,0
36831,2024,2,0
36831,2024,3,0
36831,2024,4,0
36844,2024,1,0
36844,2024,2,0
36844,2024,3,0
36844,2024,4,0
36858,2024,1,0
36858,2024,2,0
36858,2024,3,0
36858,2024,4,0
36863,2024,1,0
36863,2024,2,0
36863,2024,3,0
36863,2024,4,0
36864,2024,1,0
36864,2024,2,0
36864,2024,3,0
36864,2024,4,0
36873,2024,1,0
36873,2024,2,0
36873,2024,3,0
36873,2024,4,0
36902,2024,1,0
36902,2024,2,0
36902,2024,3,0
36902,2024,4,0
36907,2024,1,0
36907,2024,2,0
36907,2024,3,0
36907,2024,4,0
36908,2024,1,0
36908,2024,2,0
36908,2024,3,0
36908,2024,4,0
36924,2024,1,0
36924,2024,2,0
36924,2024,3,0
36924,2024,4,0
36938,2024,1,0
36938,2024,2,0
36938,2024,3,0
36938,2024,4,0
36942,2024,1,0
36942,2024,2,0
36942,2024,3,0
36942,2024,4,0
36950,2024,1,0
36950,2024,2,0
36950,2024,3,0
36950,2024,4,0
36968,2024,1,0
36968,2024,2,0
36968,2024,3,0
36968,2024,4,0
36973,2024,1,0
36973,2024,2,0
36973,2024,3,0
36973,2024,4,0
36975,2024,1,0
36975,2024,2,0
36975,2024,3,0
36975,2024,4,0
36976,2024,1,0
36976,2024,2,0
36976,2024,3,0
36976,2024,4,0
36978,2024,1,0
36978,2024,2,0
36978,2024,3,0
36978,2024,4,0
36996,2024,1,0
36996,2024,2,0
36996,2024,3,0
36996,2024,4,0
37009,2024,1,0
37009,2024,2,0
37009,2024,3,0
37009,2024,4,0
37014,2024,1,0
37014,2024,2,0
37014,2024,3,0
37014,2024,4,0
37029,2024,1,0
37029,2024,2,0
37029,2024,3,0
37029,2024,4,0
37032,2024,1,0
37032,2024,2,0
37032,2024,3,0
37032,2024,4,0
37036,2024,1,0
37036,2024,2,0
37036,2024,3,0
37036,2024,4,0
37053,2024,1,0
37053,2024,2,0
37053,2024,3,0
37053,2024,4,0
37054,2024,1,0
37054,2024,2,0
37054,2024,3,0
37054,2024,4,0
37061,2024,1,0
37061,2024,2,0
37061,2024,3,0
37061,2024,4,0
37062,2024,1,0
37062,2024,2,0
37062,2024,3,0
37062,2024,4,0
37069,2024,1,0
37069,2024,2,0
37069,2024,3,0
37069,2024,4,0
37077,2024,1,0
37077,2024,2,0
37077,2024,3,0
37077,2024,4,0
37082,2024,1,0
37082,2024,2,0
37082,2024,3,0
37082,2024,4,0
37095,2024,1,0
37095,2024,2,0
37095,2024,3,0
37095,2024,4,0
37100,2024,1,0
37100,2024,2,0
37100,2024,3,0
37100,2024,4,0
37109,2024,1,0
37109,2024,2,0
37109,2024,3,0
37109,2024,4,0
37112,2024,1,0
37112,2024,2,0
37112,2024,3,0
37112,2024,4,0
37119,2024,1,0
37119,2024,2,0
37119,2024,3,0
37119,2024,4,0
37138,2024,1,0
37138,2024,2,0
37138,2024,3,0
37138,2024,4,0
37146,2024,1,0
37146,2024,2,0
37146,2024,3,0
37146,2024,4,0
37175,2024,1,0
37175,2024,2,0
37175,2024,3,0
37175,2024,4,0
37191,2024,1,0
37191,2024,2,0
37191,2024,3,0
37191,2024,4,0
37192,2024,1,0
37192,2024,2,0
37192,2024,3,0
37192,2024,4,0
37197,2024,1,0
37197,2024,2,0
37197,2024,3,0
37197,2024,4,0
37198,2024,1,0
37198,2024,2,0
37198,2024,3,0
37198,2024,4,0
37203,2024,1,0
37203,2024,2,0
37203,2024,3,0
37203,2024,4,0
37215,2024,1,0
37215,2024,2,0
37215,2024,3,0
37215,2024,4,0
37232,2024,1,0
37232,2024,2,0
37232,2024,3,0
37232,2024,4,0
37233,2024,1,0
37233,2024,2,0
37233,2024,3,0
37233,2024,4,0
37281,2024,1,0
37281,2024,2,0
37281,2024,3,0
37281,2024,4,0
37290,2024,1,0
37290,2024,2,0
37290,2024,3,0
37290,2024,4,0
37295,2024,1,0
37295,2024,2,0
37295,2024,3,0
37295,2024,4,0
37302,2024,1,0
37302,2024,2,0
37302,2024,3,0
37302,2024,4,0
37304,2024,1,0
37304,2024,2,0
37304,2024,3,0
37304,2024,4,0
37308,2024,1,0
37308,2024,2,0
37308,2024,3,0
37308,2024,4,0
37321,2024,1,0
37321,2024,2,0
37321,2024,3,0
37321,2024,4,0
37324,2024,1,0
37324,2024,2,0
37324,2024,3,0
37324,2024,4,0
37326,2024,1,0
37326,2024,2,0
37326,2024,3,0
37326,2024,4,0
37342,2024,1,0
37342,2024,2,0
37342,2024,3,0
37342,2024,4,0
37351,2024,1,0
37351,2024,2,0
37351,2024,3,0
37351,2024,4,0
37358,2024,1,0
37358,2024,2,0
37358,2024,3,0
37358,2024,4,0
37371,2024,1,0
37371,2024,2,0
37371,2024,3,0
37371,2024,4,0
37375,2024,1,0
37375,2024,2,0
37375,2024,3,0
37375,2024,4,0
37388,2024,1,0
37388,2024,2,0
37388,2024,3,0
37388,2024,4,0
37395,2024,1,0
37395,2024,2,0
37395,2024,3,0
37395,2024,4,0
37402,2024,1,0
37402,2024,2,0
37402,2024,3,0
37402,2024,4,0
37404,2024,1,0
37404,2024,2,0
37404,2024,3,0
37404,2024,4,0
37405,2024,1,0
37405,2024,2,0
37405,2024,3,0
37405,2024,4,0
37409,2024,1,0
37409,2024,2,0
37409,2024,3,0
37409,2024,4,0
37414,2024,1,0
37414,2024,2,0
37414,2024,3,0
37414,2024,4,0
37437,2024,1,0
37437,2024,2,0
37437,2024,3,0
37437,2024,4,0
37443,2024,1,0
37443,2024,2,0
37443,2024,3,0
37443,2024,4,0
37448,2024,1,0
37448,2024,2,0
37448,2024,3,0
37448,2024,4,0
37450,2024,1,0
37450,2024,2,0
37450,2024,3,0
37450,2024,4,0
37457,2024,1,0
37457,2024,2,0
37457,2024,3,0
37457,2024,4,0
37462,2024,1,0
37462,2024,2,0
37462,2024,3,0
37462,2024,4,0
37476,2024,1,0
37476,2024,2,0
37476,2024,3,0
37476,2024,4,0
37480,2024,1,0
37480,2024,2,0
37480,2024,3,0
37480,2024,4,0
37486,2024,1,0
37486,2024,2,0
37486,2024,3,0
37486,2024,4,0
37491,2024,1,0
37491,2024,2,0
37491,2024,3,0
37491,2024,4,0
37495,2024,1,0
37495,2024,2,0
37495,2024,3,0
37495,2024,4,0
37518,2024,1,0
37518,2024,2,0
37518,2024,3,0
37518,2024,4,0
37522,2024,1,0
37522,2024,2,0
37522,2024,3,0
37522,2024,4,0
37526,2024,1,0
37526,2024,2,0
37526,2024,3,0
37526,2024,4,0
37536,2024,1,0
37536,2024,2,0
37536,2024,3,0
37536,2024,4,0
37539,2024,1,0
37539,2024,2,0
37539,2024,3,0
37539,2024,4,0
37554,2024,1,0
37554,2024,2,0
37554,2024,3,0
37554,2024,4,0
37565,2024,1,0
37565,2024,2,0
37565,2024,3,0
37565,2024,4,0
37568,2024,1,0
37568,2024,2,0
37568,2024,3,0
37568,2024,4,0
37574,2024,1,0
37574,2024,2,0
37574,2024,3,0
37574,2024,4,0
37579,2024,1,0
37579,2024,2,0
37579,2024,3,0
37579,2024,4,0
37594,2024,1,0
37594,2024,2,0
37594,2024,3,0
37594,2024,4,0
37598,2024,1,0
37598,2024,2,0
37598,2024,3,0
37598,2024,4,0
37610,2024,1,0
37610,2024,2,0
37610,2024,3,0
37610,2024,4,0
37647,2024,1,0
37647,2024,2,0
37647,2024,3,0
37647,2024,4,0
37652,2024,1,0
37652,2024,2,0
37652,2024,3,0
37652,2024,4,0
37671,2024,1,0
37671,2024,2,0
37671,2024,3,0
37671,2024,4,0
37677,2024,1,0
37677,2024,2,0
37677,2024,3,0
37677,2024,4,0
37678,2024,1,0
37678,2024,2,0
37678,2024,3,0
37678,2024,4,0
37685,2024,1,0
37685,2024,2,0
37685,2024,3,0
37685,2024,4,0
37691,2024,1,0
37691,2024,2,0
37691,2024,3,0
37691,2024,4,0
37695,2024,1,0
37695,2024,2,0
37695,2024,3,0
37695,2024,4,0
37700,2024,1,0
37700,2024,2,0
37700,2024,3,0
37700,2024,4,0
37701,2024,1,0
37701,2024,2,0
37701,2024,3,0
37701,2024,4,0
37713,2024,1,0
37713,2024,2,0
37713,2024,3,0
37713,2024,4,0
37724,2024,1,0
37724,2024,2,0
37724,2024,3,0
37724,2024,4,0
37728,2024,1,0
37728,2024,2,0
37728,2024,3,0
37728,2024,4,0
37742,2024,1,0
37742,2024,2,0
37742,2024,3,0
37742,2024,4,0
37752,2024,1,0
37752,2024,2,0
37752,2024,3,0
37752,2024,4,0
37766,2024,1,0
37766,2024,2,0
37766,2024,3,0
37766,2024,4,0
37780,2024,1,0
37780,2024,2,0
37780,2024,3,0
37780,2024,4,0
37781,2024,1,0
37781,2024,2,0
37781,2024,3,0
37781,2024,4,0
37789,2024,1,0
37789,2024,2,0
37789,2024,3,0
37789,2024,4,0
37814,2024,1,0
37814,2024,2,0
37814,2024,3,0
37814,2024,4,0
37815,2024,1,0
37815,2024,2,0
37815,2024,3,0
37815,2024,4,0
37819,2024,1,0
37819,2024,2,0
37819,2024,3,0
37819,2024,4,0
37832,2024,1,0
37832,2024,2,0
37832,2024,3,0
37832,2024,4,0
37851,2024,1,0
37851,2024,2,0
37851,2024,3,0
37851,2024,4,0
37852,2024,1,0
37852,2024,2,0
37852,2024,3,0
37852,2024,4,0
37873,2024,1,0
37873,2024,2,0
37873,2024,3,0
37873,2024,4,0
37888,2024,1,0
37888,2024,2,0
37888,2024,3,0
37888,2024,4,0
37896,2024,1,0
37896,2024,2,0
37896,2024,3,0
37896,2024,4,0
37897,2024,1,0
37897,2024,2,0
37897,2024,3,0
37897,2024,4,0
37903,2024,1,0
37903,2024,2,0
37903,2024,3,0
37903,2024,4,0
37906,2024,1,0
37906,2024,2,0
37906,2024,3,0
37906,2024,4,0
37911,2024,1,0
37911,2024,2,0
37911,2024,3,0
37911,2024,4,0
37914,2024,1,0
37914,2024,2,0
37914,2024,3,0
37914,2024,4,0
37923,2024,1,0
37923,2024,2,0
37923,2024,3,0
37923,2024,4,0
37931,2024,1,0
37931,2024,2,0
37931,2024,3,0
37931,2024,4,0
37941,2024,1,0
37941,2024,2,0
37941,2024,3,0
37941,2024,4,0
37943,2024,1,0
37943,2024,2,0
37943,2024,3,0
37943,2024,4,0
37950,2024,1,0
37950,2024,2,0
37950,2024,3,0
37950,2024,4,0
37964,2024,1,0
37964,2024,2,0
37964,2024,3,0
37964,2024,4,0
37990,2024,1,0
37990,2024,2,0
37990,2024,3,0
37990,2024,4,0
37997,2024,1,0
37997,2024,2,0
37997,2024,3,0
37997,2024,4,0
38007,2024,1,0
38007,2024,2,0
38007,2024,3,0
38007,2024,4,0
38016,2024,1,0
38016,2024,2,0
38016,2024,3,0
38016,2024,4,0
38032,2024,1,0
38032,2024,2,0
38032,2024,3,0
38032,2024,4,0
38041,2024,1,0
38041,2024,2,0
38041,2024,3,0
38041,2024,4,0
38043,2024,1,0
38043,2024,2,0
38043,2024,3,0
38043,2024,4,0
38047,2024,1,0
38047,2024,2,0
38047,2024,3,0
38047,2024,4,0
38055,2024,1,0
38055,2024,2,0
38055,2024,3,0
38055,2024,4,0
38059,2024,1,0
38059,2024,2,0
38059,2024,3,0
38059,2024,4,0
38080,2024,1,0
38080,2024,2,0
38080,2024,3,0
38080,2024,4,0
38086,2024,1,0
38086,2024,2,0
38086,2024,3,0
38086,2024,4,0
38096,2024,1,0
38096,2024,2,0
38096,2024,3,0
38096,2024,4,0
38107,2024,1,0
38107,2024,2,0
38107,2024,3,0
38107,2024,4,0
38113,2024,1,0
38113,2024,2,0
38113,2024,3,0
38113,2024,4,0
38138,2024,1,0
38138,2024,2,0
38138,2024,3,0
38138,2024,4,0
38151,2024,1,0
38151,2024,2,0
38151,2024,3,0
38151,2024,4,0
38152,2024,1,0
38152,2024,2,0
38152,2024,3,0
38152,2024,4,0
38155,2024,1,0
38155,2024,2,0
38155,2024,3,0
38155,2024,4,0
38172,2024,1,0
38172,2024,2,0
38172,2024,3,0
38172,2024,4,0
38173,2024,1,0
38173,2024,2,0
38173,2024,3,0
38173,2024,4,0
38185,2024,1,0
38185,2024,2,0
38185,2024,3,0
38185,2024,4,0
38189,2024,1,0
38189,2024,2,0
38189,2024,3,0
38189,2024,4,0
38200,2024,1,0
38200,2024,2,0
38200,2024,3,0
38200,2024,4,0
38209,2024,1,0
38209,2024,2,0
38209,2024,3,0
38209,2024,4,0
38212,2024,1,0
38212,2024,2,0
38212,2024,3,0
38212,2024,4,0
38215,2024,1,0
38215,2024,2,0
38215,2024,3,0
38215,2024,4,0
38217,2024,1,0
38217,2024,2,0
38217,2024,3,0
38217,2024,4,0
38225,2024,1,0
38225,2024,2,0
38225,2024,3,0
38225,2024,4,0
38239,2024,1,0
38239,2024,2,0
38239,2024,3,0
38239,2024,4,0
38255,2024,1,0
38255,2024,2,0
38255,2024,3,0
38255,2024,4,0
38260,2024,1,0
38260,2024,2,0
38260,2024,3,0
38260,2024,4,0
38274,2024,1,0
38274,2024,2,0
38274,2024,3,0
38274,2024,4,0
38286,2024,1,0
38286,2024,2,0
38286,2024,3,0
38286,2024,4,0
38291,2024,1,0
38291,2024,2,0
38291,2024,3,0
38291,2024,4,0
38293,2024,1,0
38293,2024,2,0
38293,2024,3,0
38293,2024,4,0
38295,2024,1,0
38295,2024,2,0
38295,2024,3,0
38295,2024,4,0
38298,2024,1,0
38298,2024,2,0
38298,2024,3,0
38298,2024,4,0
38305,2024,1,0
38305,2024,2,0
38305,2024,3,0
38305,2024,4,0
38339,2024,1,0
38339,2024,2,0
38339,2024,3,0
38339,2024,4,0
38342,2024,1,0
38342,2024,2,0
38342,2024,3,0
38342,2024,4,0
38346,2024,1,0
38346,2024,2,0
38346,2024,3,0
38346,2024,4,0
38349,2024,1,0
38349,2024,2,0
38349,2024,3,0
38349,2024,4,0
38350,2024,1,0
38350,2024,2,0
38350,2024,3,0
38350,2024,4,0
38361,2024,1,0
38361,2024,2,0
38361,2024,3,0
38361,2024,4,0
38373,2024,1,0
38373,2024,2,0
38373,2024,3,0
38373,2024,4,0
38385,2024,1,0
38385,2024,2,0
38385,2024,3,0
38385,2024,4,0
38386,2024,1,0
38386,2024,2,0
38386,2024,3,0
38386,2024,4,0
38415,2024,1,0
38415,2024,2,0
38415,2024,3,0
38415,2024,4,0
38439,2024,1,0
38439,2024,2,0
38439,2024,3,0
38439,2024,4,0
38442,2024,1,0
38442,2024,2,0
38442,2024,3,0
38442,2024,4,0
38446,2024,1,0
38446,2024,2,0
38446,2024,3,0
38446,2024,4,0
38451,2024,1,0
38451,2024,2,0
38451,2024,3,0
38451,2024,4,0
38455,2024,1,0
38455,2024,2,0
38455,2024,3,0
38455,2024,4,0
38458,2024,1,0
38458,2024,2,0
38458,2024,3,0
38458,2024,4,0
38465,2024,1,0
38465,2024,2,0
38465,2024,3,0
38465,2024,4,0
38473,2024,1,0
38473,2024,2,0
38473,2024,3,0
38473,2024,4,0
38481,2024,1,0
38481,2024,2,0
38481,2024,3,0
38481,2024,4,0
38491,2024,1,0
38491,2024,2,0
38491,2024,3,0
38491,2024,4,0
38495,2024,1,0
38495,2024,2,0
38495,2024,3,0
38495,2024,4,0
38501,2024,1,0
38501,2024,2,0
38501,2024,3,0
38501,2024,4,0
38507,2024,1,0
38507,2024,2,0
38507,2024,3,0
38507,2024,4,0
38513,2024,1,0
38513,2024,2,0
38513,2024,3,0
38513,2024,4,0
38516,2024,1,0
38516,2024,2,0
38516,2024,3,0
38516,2024,4,0
38517,2024,1,0
38517,2024,2,0
38517,2024,3,0
38517,2024,4,0
38525,2024,1,0
38525,2024,2,0
38525,2024,3,0
38525,2024,4,0
38534,2024,1,0
38534,2024,2,0
38534,2024,3,0
38534,2024,4,0
38537,2024,1,0
38537,2024,2,0
38537,2024,3,0
38537,2024,4,0
38548,2024,1,0
38548,2024,2,0
38548,2024,3,0
38548,2024,4,0
38561,2024,1,0
38561,2024,2,0
38561,2024,3,0
38561,2024,4,0
38564,2024,1,0
38564,2024,2,0
38564,2024,3,0
38564,2024,4,0
38569,2024,1,0
38569,2024,2,0
38569,2024,3,0
38569,2024,4,0
38584,2024,1,0
38584,2024,2,0
38584,2024,3,0
38584,2024,4,0
38600,2024,1,0
38600,2024,2,0
38600,2024,3,0
38600,2024,4,0
38641,2024,1,0
38641,2024,2,0
38641,2024,3,0
38641,2024,4,0
38644,2024,1,0
38644,2024,2,0
38644,2024,3,0
38644,2024,4,0
38650,2024,1,0
38650,2024,2,0
38650,2024,3,0
38650,2024,4,0
38654,2024,1,0
38654,2024,2,0
38654,2024,3,0
38654,2024,4,0
38664,2024,1,0
38664,2024,2,0
38664,2024,3,0
38664,2024,4,0
38671,2024,1,0
38671,2024,2,0
38671,2024,3,0
38671,2024,4,0
38676,2024,1,0
38676,2024,2,0
38676,2024,3,0
38676,2024,4,0
38678,2024,1,0
38678,2024,2,0
38678,2024,3,0
38678,2024,4,0
38691,2024,1,0
38691,2024,2,0
38691,2024,3,0
38691,2024,4,0
38696,2024,1,0
38696,2024,2,0
38696,2024,3,0
38696,2024,4,0
38703,2024,1,0
38703,2024,2,0
38703,2024,3,0
38703,2024,4,0
38704,2024,1,0
38704,2024,2,0
38704,2024,3,0
38704,2024,4,0
38710,2024,1,0
38710,2024,2,0
38710,2024,3,0
38710,2024,4,0
38723,2024,1,0
38723,2024,2,0
38723,2024,3,0
38723,2024,4,0
38730,2024,1,1
38730,2024,2,1
38730,2024,3,0
38730,2024,4,0
38732,2024,1,1
38732,2024,2,1
38732,2024,3,0
38732,2024,4,0
38740,2024,1,0
38740,2024,2,0
38740,2024,3,0
38740,2024,4,0
38747,2024,1,0
38747,2024,2,0
38747,2024,3,0
38747,2024,4,0
38748,2024,1,0
38748,2024,2,0
38748,2024,3,0
38748,2024,4,0
38754,2024,1,0
38754,2024,2,0
38754,2024,3,0
38754,2024,4,0
38779,2024,1,0
38779,2024,2,0
38779,2024,3,0
38779,2024,4,0
38790,2024,1,0
38790,2024,2,0
38790,2024,3,0
38790,2024,4,0
38794,2024,1,0
38794,2024,2,0
38794,2024,3,0
38794,2024,4,0
38797,2024,1,0
38797,2024,2,0
38797,2024,3,0
38797,2024,4,0
38800,2024,1,0
38800,2024,2,0
38800,2024,3,0
38800,2024,4,0
38805,2024,1,0
38805,2024,2,0
38805,2024,3,0
38805,2024,4,0
38816,2024,1,0
38816,2024,2,0
38816,2024,3,0
38816,2024,4,0
38830,2024,1,0
38830,2024,2,0
38830,2024,3,0
38830,2024,4,0
38869,2024,1,0
38869,2024,2,0
38869,2024,3,0
38869,2024,4,0
38890,2024,1,0
38890,2024,2,0
38890,2024,3,0
38890,2024,4,0
38893,2024,1,0
38893,2024,2,0
38893,2024,3,0
38893,2024,4,0
38906,2024,1,0
38906,2024,2,0
38906,2024,3,0
38906,2024,4,0
38910,2024,1,0
38910,2024,2,0
38910,2024,3,0
38910,2024,4,0
38914,2024,1,0
38914,2024,2,0
38914,2024,3,0
38914,2024,4,0
38918,2024,1,0
38918,2024,2,0
38918,2024,3,0
38918,2024,4,0
38922,2024,1,0
38922,2024,2,0
38922,2024,3,0
38922,2024,4,0
38925,2024,1,0
38925,2024,2,0
38925,2024,3,0
38925,2024,4,0
38926,2024,1,0
38926,2024,2,0
38926,2024,3,0
38926,2024,4,0
38929,2024,1,0
38929,2024,2,0
38929,2024,3,0
38929,2024,4,0
38941,2024,1,0
38941,2024,2,0
38941,2024,3,0
38941,2024,4,0
38948,2024,1,0
38948,2024,2,0
38948,2024,3,0
38948,2024,4,0
38970,2024,1,0
38970,2024,2,0
38970,2024,3,0
38970,2024,4,0
38975,2024,1,0
38975,2024,2,0
38975,2024,3,0
38975,2024,4,0
38976,2024,1,0
38976,2024,2,0
38976,2024,3,0
38976,2024,4,0
38978,2024,1,0
38978,2024,2,0
38978,2024,3,0
38978,2024,4,0
38981,2024,1,0
38981,2024,2,0
38981,2024,3,0
38981,2024,4,0
39002,2024,1,0
39002,2024,2,0
39002,2024,3,0
39002,2024,4,0
39007,2024,1,0
39007,2024,2,0
39007,2024,3,0
39007,2024,4,0
39008,2024,1,0
39008,2024,2,0
39008,2024,3,0
39008,2024,4,0
39023,2024,1,0
39023,2024,2,0
39023,2024,3,0
39023,2024,4,0
39029,2024,1,0
39029,2024,2,0
39029,2024,3,0
39029,2024,4,0
39030,2024,1,0
39030,2024,2,0
39030,2024,3,0
39030,2024,4,0
39031,2024,1,0
39031,2024,2,0
39031,2024,3,0
39031,2024,4,0
39032,2024,1,0
39032,2024,2,0
39032,2024,3,0
39032,2024,4,0
39045,2024,1,0
39045,2024,2,0
39045,2024,3,0
39045,2024,4,0
39046,2024,1,0
39046,2024,2,0
39046,2024,3,0
39046,2024,4,0
39050,2024,1,0
39050,2024,2,0
39050,2024,3,0
39050,2024,4,0
39055,2024,1,0
39055,2024,2,0
39055,2024,3,0
39055,2024,4,0
39058,2024,1,0
39058,2024,2,0
39058,2024,3,0
39058,2024,4,0
39077,2024,1,0
39077,2024,2,0
39077,2024,3,0
39077,2024,4,0
39080,2024,1,0
39080,2024,2,0
39080,2024,3,0
39080,2024,4,0
39094,2024,1,0
39094,2024,2,0
39094,2024,3,0
39094,2024,4,0
39096,2024,1,0
39096,2024,2,0
39096,2024,3,0
39096,2024,4,0
39107,2024,1,0
39107,2024,2,0
39107,2024,3,0
39107,2024,4,0
39142,2024,1,0
39142,2024,2,0
39142,2024,3,0
39142,2024,4,0
39166,2024,1,0
39166,2024,2,0
39166,2024,3,0
39166,2024,4,0
39173,2024,1,0
39173,2024,2,0
39173,2024,3,0
39173,2024,4,0
39188,2024,1,0
39188,2024,2,0
39188,2024,3,0
39188,2024,4,0
39193,2024,1,0
39193,2024,2,0
39193,2024,3,0
39193,2024,4,0
39199,2024,1,0
39199,2024,2,0
39199,2024,3,0
39199,2024,4,0
39205,2024,1,0
39205,2024,2,0
39205,2024,3,0
39205,2024,4,0
39212,2024,1,0
39212,2024,2,0
39212,2024,3,0
39212,2024,4,0
39250,2024,1,0
39250,2024,2,0
39250,2024,3,0
39250,2024,4,0
39257,2024,1,0
39257,2024,2,0
39257,2024,3,0
39257,2024,4,0
39276,2024,1,0
39276,2024,2,0
39276,2024,3,0
39276,2024,4,0
39277,2024,1,0
39277,2024,2,0
39277,2024,3,0
39277,2024,4,0
39290,2024,1,0
39290,2024,2,0
39290,2024,3,0
39290,2024,4,0
39292,2024,1,0
39292,2024,2,0
39292,2024,3,0
39292,2024,4,0
39296,2024,1,0
39296,2024,2,0
39296,2024,3,0
39296,2024,4,0
39302,2024,1,0
39302,2024,2,0
39302,2024,3,0
39302,2024,4,0
39306,2024,1,0
39306,2024,2,0
39306,2024,3,0
39306,2024,4,0
39308,2024,1,0
39308,2024,2,0
39308,2024,3,0
39308,2024,4,0
39309,2024,1,0
39309,2024,2,0
39309,2024,3,0
39309,2024,4,0
39311,2024,1,0
39311,2024,2,0
39311,2024,3,0
39311,2024,4,0
39320,2024,1,0
39320,2024,2,0
39320,2024,3,0
39320,2024,4,0
39323,2024,1,0
39323,2024,2,0
39323,2024,3,0
39323,2024,4,0
39351,2024,1,0
39351,2024,2,0
39351,2024,3,0
39351,2024,4,0
39361,2024,1,0
39361,2024,2,0
39361,2024,3,0
39361,2024,4,0
39377,2024,1,0
39377,2024,2,0
39377,2024,3,0
39377,2024,4,0
39397,2024,1,0
39397,2024,2,0
39397,2024,3,0
39397,2024,4,0
39427,2024,1,0
39427,2024,2,0
39427,2024,3,0
39427,2024,4,0
39431,2024,1,0
39431,2024,2,0
39431,2024,3,0
39431,2024,4,0
39438,2024,1,0
39438,2024,2,0
39438,2024,3,0
39438,2024,4,0
39440,2024,1,0
39440,2024,2,0
39440,2024,3,0
39440,2024,4,0
39445,2024,1,0
39445,2024,2,0
39445,2024,3,0
39445,2024,4,0
39461,2024,1,0
39461,2024,2,0
39461,2024,3,0
39461,2024,4,0
39465,2024,1,0
39465,2024,2,0
39465,2024,3,0
39465,2024,4,0
39479,2024,1,0
39479,2024,2,0
39479,2024,3,0
39479,2024,4,0
39486,2024,1,0
39486,2024,2,0
39486,2024,3,0
39486,2024,4,0
39503,2024,1,0
39503,2024,2,0
39503,2024,3,0
39503,2024,4,0
39505,2024,1,0
39505,2024,2,0
39505,2024,3,0
39505,2024,4,0
39517,2024,1,0
39517,2024,2,0
39517,2024,3,0
39517,2024,4,0
39518,2024,1,0
39518,2024,2,0
39518,2024,3,0
39518,2024,4,0
39521,2024,1,0
39521,2024,2,0
39521,2024,3,0
39521,2024,4,0
39533,2024,1,0
39533,2024,2,0
39533,2024,3,0
39533,2024,4,0
39539,2024,1,0
39539,2024,2,0
39539,2024,3,0
39539,2024,4,0
39541,2024,1,0
39541,2024,2,0
39541,2024,3,0
39541,2024,4,0
39560,2024,1,0
39560,2024,2,0
39560,2024,3,0
39560,2024,4,0
39581,2024,1,0
39581,2024,2,0
39581,2024,3,0
39581,2024,4,0
39584,2024,1,0
39584,2024,2,0
39584,2024,3,0
39584,2024,4,0
39604,2024,1,0
39604,2024,2,0
39604,2024,3,0
39604,2024,4,0
39619,2024,1,0
39619,2024,2,0
39619,2024,3,0
39619,2024,4,0
39622,2024,1,0
39622,2024,2,0
39622,2024,3,0
39622,2024,4,0
39636,2024,1,0
39636,2024,2,0
39636,2024,3,0
39636,2024,4,0
39638,2024,1,0
39638,2024,2,0
39638,2024,3,0
39638,2024,4,0
39653,2024,1,0
39653,2024,2,0
39653,2024,3,0
39653,2024,4,0
39662,2024,1,0
39662,2024,2,0
39662,2024,3,0
39662,2024,4,0
39670,2024,1,0
39670,2024,2,0
39670,2024,3,0
39670,2024,4,0
39738,2024,1,0
39738,2024,2,0
39738,2024,3,0
39738,2024,4,0
39744,2024,1,0
39744,2024,2,0
39744,2024,3,0
39744,2024,4,0
39765,2024,1,0
39765,2024,2,0
39765,2024,3,0
39765,2024,4,0
39772,2024,1,0
39772,2024,2,0
39772,2024,3,0
39772,2024,4,0
39777,2024,1,0
39777,2024,2,0
39777,2024,3,0
39777,2024,4,0
39786,2024,1,0
39786,2024,2,0
39786,2024,3,0
39786,2024,4,0
39802,2024,1,0
39802,2024,2,0
39802,2024,3,0
39802,2024,4,0
39811,2024,1,0
39811,2024,2,0
39811,2024,3,0
39811,2024,4,0
39815,2024,1,0
39815,2024,2,0
39815,2024,3,0
39815,2024,4,0
39818,2024,1,0
39818,2024,2,0
39818,2024,3,0
39818,2024,4,0
39898,2024,1,0
39898,2024,2,0
39898,2024,3,0
39898,2024,4,0
39906,2024,1,0
39906,2024,2,0
39906,2024,3,0
39906,2024,4,0
39911,2024,1,0
39911,2024,2,0
39911,2024,3,0
39911,2024,4,0
39913,2024,1,0
39913,2024,2,0
39913,2024,3,0
39913,2024,4,0
39915,2024,1,0
39915,2024,2,0
39915,2024,3,0
39915,2024,4,0
39924,2024,1,0
39924,2024,2,0
39924,2024,3,0
39924,2024,4,0
39925,2024,1,0
39925,2024,2,0
39925,2024,3,0
39925,2024,4,0
39948,2024,1,0
39948,2024,2,0
39948,2024,3,0
39948,2024,4,0
39964,2024,1,0
39964,2024,2,0
39964,2024,3,0
39964,2024,4,0
39995,2024,1,0
39995,2024,2,0
39995,2024,3,0
39995,2024,4,0
40010,2024,1,0
40010,2024,2,0
40010,2024,3,0
40010,2024,4,0
40015,2024,1,0
40015,2024,2,0
40015,2024,3,0
40015,2024,4,0
40036,2024,1,0
40036,2024,2,0
40036,2024,3,0
40036,2024,4,0
40045,2024,1,0
40045,2024,2,0
40045,2024,3,0
40045,2024,4,0
40089,2024,1,0
40089,2024,2,0
40089,2024,3,0
40089,2024,4,0
40134,2024,1,0
40134,2024,2,0
40134,2024,3,0
40134,2024,4,0
40138,2024,1,0
40138,2024,2,0
40138,2024,3,0
40138,2024,4,0
40141,2024,1,0
40141,2024,2,0
40141,2024,3,0
40141,2024,4,0
40144,2024,1,0
40144,2024,2,0
40144,2024,3,0
40144,2024,4,0
40167,2024,1,0
40167,2024,2,0
40167,2024,3,0
40167,2024,4,0
40169,2024,1,0
40169,2024,2,0
40169,2024,3,0
40169,2024,4,0
40178,2024,1,0
40178,2024,2,0
40178,2024,3,0
40178,2024,4,0
40179,2024,1,0
40179,2024,2,0
40179,2024,3,0
40179,2024,4,0
40189,2024,1,0
40189,2024,2,0
40189,2024,3,0
40189,2024,4,0
40199,2024,1,0
40199,2024,2,0
40199,2024,3,0
40199,2024,4,0
40222,2024,1,0
40222,2024,2,0
40222,2024,3,0
40222,2024,4,0
40231,2024,1,0
40231,2024,2,0
40231,2024,3,0
40231,2024,4,0
40277,2024,1,0
40277,2024,2,0
40277,2024,3,0
40277,2024,4,0
40284,2024,1,0
40284,2024,2,0
40284,2024,3,0
40284,2024,4,0
40285,2024,1,0
40285,2024,2,0
40285,2024,3,0
40285,2024,4,0
40292,2024,1,0
40292,2024,2,0
40292,2024,3,0
40292,2024,4,0
40368,2024,1,0
40368,2024,2,0
40368,2024,3,0
40368,2024,4,0
40374,2024,1,0
40374,2024,2,0
40374,2024,3,0
40374,2024,4,0
40393,2024,1,0
40393,2024,2,0
40393,2024,3,0
40393,2024,4,0
40418,2024,1,0
40418,2024,2,0
40418,2024,3,0
40418,2024,4,0
40430,2024,1,0
40430,2024,2,0
40430,2024,3,0
40430,2024,4,0
40437,2024,1,0
40437,2024,2,0
40437,2024,3,0
40437,2024,4,0
40443,2024,1,0
40443,2024,2,0
40443,2024,3,0
40443,2024,4,0
40446,2024,1,0
40446,2024,2,0
40446,2024,3,0
40446,2024,4,0
40466,2024,1,0
40466,2024,2,0
40466,2024,3,0
40466,2024,4,0
40468,2024,1,0
40468,2024,2,0
40468,2024,3,0
40468,2024,4,0
40478,2024,1,0
40478,2024,2,0
40478,2024,3,0
40478,2024,4,0
40507,2024,1,0
40507,2024,2,0
40507,2024,3,0
40507,2024,4,0
40515,2024,1,0
40515,2024,2,0
40515,2024,3,0
40515,2024,4,0
40546,2024,1,0
40546,2024,2,0
40546,2024,3,0
40546,2024,4,0
40549,2024,1,0
40549,2024,2,0
40549,2024,3,0
40549,2024,4,0
40568,2024,1,0
40568,2024,2,0
40568,2024,3,0
40568,2024,4,0
40579,2024,1,0
40579,2024,2,0
40579,2024,3,0
40579,2024,4,0
40609,2024,1,0
40609,2024,2,0
40609,2024,3,0
40609,2024,4,0
40659,2024,1,1
40659,2024,2,1
40659,2024,3,0
40659,2024,4,0
40670,2024,1,0
40670,2024,2,0
40670,2024,3,0
40670,2024,4,0
40676,2024,1,0
40676,2024,2,0
40676,2024,3,0
40676,2024,4,0
40683,2024,1,0
40683,2024,2,0
40683,2024,3,0
40683,2024,4,0
40704,2024,1,0
40704,2024,2,0
40704,2024,3,0
40704,2024,4,0
40707,2024,1,0
40707,2024,2,0
40707,2024,3,0
40707,2024,4,0
40764,2024,1,0
40764,2024,2,0
40764,2024,3,0
40764,2024,4,0
40779,2024,1,0
40779,2024,2,0
40779,2024,3,0
40779,2024,4,0
40782,2024,1,0
40782,2024,2,0
40782,2024,3,0
40782,2024,4,0
40791,2024,1,0
40791,2024,2,0
40791,2024,3,0
40791,2024,4,0
40796,2024,1,0
40796,2024,2,0
40796,2024,3,0
40796,2024,4,0
40804,2024,1,0
40804,2024,2,0
40804,2024,3,0
40804,2024,4,0
40841,2024,1,0
40841,2024,2,0
40841,2024,3,0
40841,2024,4,0
40864,2024,1,0
40864,2024,2,0
40864,2024,3,0
40864,2024,4,0
40876,2024,1,0
40876,2024,2,0
40876,2024,3,0
40876,2024,4,0
40901,2024,1,0
40901,2024,2,0
40901,2024,3,0
40901,2024,4,0
40904,2024,1,0
40904,2024,2,0
40904,2024,3,0
40904,2024,4,0
40927,2024,1,0
40927,2024,2,0
40927,2024,3,0
40927,2024,4,0
40934,2024,1,0
40934,2024,2,0
40934,2024,3,0
40934,2024,4,0
40940,2024,1,0
40940,2024,2,0
40940,2024,3,0
40940,2024,4,0
40959,2024,1,0
40959,2024,2,0
40959,2024,3,0
40959,2024,4,0
40965,2024,1,0
40965,2024,2,0
40965,2024,3,0
40965,2024,4,0
41041,2024,1,0
41041,2024,2,0
41041,2024,3,0
41041,2024,4,0
41071,2024,1,0
41071,2024,2,0
41071,2024,3,0
41071,2024,4,0
41113,2024,1,0
41113,2024,2,0
41113,2024,3,0
41113,2024,4,0
41222,2024,1,0
41222,2024,2,0
41222,2024,3,0
41222,2024,4,0
41225,2024,1,0
41225,2024,2,0
41225,2024,3,0
41225,2024,4,0
41258,2024,1,0
41258,2024,2,0
41258,2024,3,0
41258,2024,4,0
41265,2024,1,0
41265,2024,2,0
41265,2024,3,0
41265,2024,4,0
41266,2024,1,0
41266,2024,2,0
41266,2024,3,0
41266,2024,4,0
41268,2024,1,0
41268,2024,2,0
41268,2024,3,0
41268,2024,4,0
41274,2024,1,0
41274,2024,2,0
41274,2024,3,0
41274,2024,4,0
41316,2024,1,0
41316,2024,2,0
41316,2024,3,0
41316,2024,4,0
41332,2024,1,0
41332,2024,2,0
41332,2024,3,0
41332,2024,4,0
41336,2024,1,0
41336,2024,2,0
41336,2024,3,0
41336,2024,4,0
41362,2024,1,0
41362,2024,2,0
41362,2024,3,0
41362,2024,4,0
41391,2024,1,0
41391,2024,2,0
41391,2024,3,0
41391,2024,4,0
41415,2024,1,0
41415,2024,2,0
41415,2024,3,0
41415,2024,4,0
41431,2024,1,0
41431,2024,2,0
41431,2024,3,0
41431,2024,4,0
41434,2024,1,0
41434,2024,2,0
41434,2024,3,0
41434,2024,4,0
41464,2024,1,0
41464,2024,2,0
41464,2024,3,0
41464,2024,4,0
41481,2024,1,0
41481,2024,2,0
41481,2024,3,0
41481,2024,4,0
41485,2024,1,0
41485,2024,2,0
41485,2024,3,0
41485,2024,4,0
41501,2024,1,0
41501,2024,2,0
41501,2024,3,0
41501,2024,4,0
41524,2024,1,0
41524,2024,2,0
41524,2024,3,0
41524,2024,4,0
41555,2024,1,0
41555,2024,2,0
41555,2024,3,0
41555,2024,4,0
41600,2024,1,0
41600,2024,2,0
41600,2024,3,0
41600,2024,4,0
41614,2024,1,0
41614,2024,2,0
41614,2024,3,0
41614,2024,4,0
41722,2024,1,1
41722,2024,2,1
41722,2024,3,0
41722,2024,4,0
41828,2024,1,0
41828,2024,2,0
41828,2024,3,0
41828,2024,4,0
41870,2024,1,0
41870,2024,2,0
41870,2024,3,0
41870,2024,4,0
41887,2024,1,0
41887,2024,2,0
41887,2024,3,0
41887,2024,4,0
41898,2024,1,0
41898,2024,2,0
41898,2024,3,0
41898,2024,4,0
41933,2024,1,0
41933,2024,2,0
41933,2024,3,0
41933,2024,4,0
42056,2024,1,0
42056,2024,2,0
42056,2024,3,0
42056,2024,4,0
42077,2024,1,0
42077,2024,2,0
42077,2024,3,0
42077,2024,4,0
42091,2024,1,0
42091,2024,2,0
42091,2024,3,0
42091,2024,4,0
42128,2024,1,0
42128,2024,2,0
42128,2024,3,0
42128,2024,4,0
42154,2024,1,0
42154,2024,2,0
42154,2024,3,0
42154,2024,4,0
42175,2024,1,0
42175,2024,2,0
42175,2024,3,0
42175,2024,4,0
42235,2024,1,0
42235,2024,2,0
42235,2024,3,0
42235,2024,4,0
42242,2024,1,0
42242,2024,2,0
42242,2024,3,0
42242,2024,4,0
42282,2024,1,0
42282,2024,2,0
42282,2024,3,0
42282,2024,4,0
42329,2024,1,0
42329,2024,2,0
42329,2024,3,0
42329,2024,4,0
42332,2024,1,0
42332,2024,2,0
42332,2024,3,0
42332,2024,4,0
42335,2024,1,0
42335,2024,2,0
42335,2024,3,0
42335,2024,4,0
42394,2024,1,0
42394,2024,2,0
42394,2024,3,0
42394,2024,4,0
42402,2024,1,0
42402,2024,2,0
42402,2024,3,0
42402,2024,4,0
42436,2024,1,0
42436,2024,2,0
42436,2024,3,0
42436,2024,4,0
42440,2024,1,0
42440,2024,2,0
42440,2024,3,0
42440,2024,4,0
42446,2024,1,0
42446,2024,2,0
42446,2024,3,0
42446,2024,4,0
42449,2024,1,0
42449,2024,2,0
42449,2024,3,0
42449,2024,4,0
42469,2024,1,0
42469,2024,2,0
42469,2024,3,0
42469,2024,4,0
42489,2024,1,0
42489,2024,2,0
42489,2024,3,0
42489,2024,4,0
42493,2024,1,0
42493,2024,2,0
42493,2024,3,0
42493,2024,4,0
42532,2024,1,0
42532,2024,2,0
42532,2024,3,0
42532,2024,4,0
42623,2024,1,0
42623,2024,2,0
42623,2024,3,0
42623,2024,4,0
42634,2024,1,0
42634,2024,2,0
42634,2024,3,0
42634,2024,4,0
42642,2024,1,0
42642,2024,2,0
42642,2024,3,0
42642,2024,4,0
42737,2024,1,0
42737,2024,2,0
42737,2024,3,0
42737,2024,4,0
42836,2024,1,0
42836,2024,2,0
42836,2024,3,0
42836,2024,4,0
42944,2024,1,0
42944,2024,2,0
42944,2024,3,0
42944,2024,4,0
51038,2024,1,0
51038,2024,2,0
51038,2024,3,0
51038,2024,4,0
